sample_id,outer_fold,true_label,score_active,optimized_threshold,predicted_label
749826,1,1,0.009868552911958617,0.0028971834326353093,1
887464,1,1,0.0008292956640956413,0.0028971834326353093,0
976363,1,1,0.030723848597092467,0.0028971834326353093,1
2212050,1,1,0.005564770958057637,0.0028971834326353093,1
3236240,1,1,0.00017863982353547494,0.0028971834326353093,0
3238191,1,1,0.021483339208092925,0.0028971834326353093,1
3672,1,0,0.0003655888868023106,0.0028971834326353093,0
4030,1,0,0.0006368418961228499,0.0028971834326353093,0
4495,1,0,0.0014631664476213897,0.0028971834326353093,0
5319,1,0,0.010898870582079166,0.0028971834326353093,1
11378,1,0,0.0018206113752191506,0.0028971834326353093,0
12492,1,0,0.00024392172455727133,0.0028971834326353093,0
18283,1,0,9.512620283005658e-05,0.0028971834326353093,0
22783,1,0,0.003545145640886251,0.0028971834326353093,1
25590,1,0,0.0008288163318383179,0.0028971834326353093,0
31898,1,0,0.0005445325598014267,0.0028971834326353093,0
38727,1,0,0.00048144392279325226,0.0028971834326353093,0
44093,1,0,0.00048760186913901927,0.0028971834326353093,0
54739,1,0,0.00037157007199300443,0.0028971834326353093,0
64049,1,0,0.0003307596874608733,0.0028971834326353093,0
65549,1,0,0.0009523533471831247,0.0028971834326353093,0
65768,1,0,0.00012729586303322665,0.0028971834326353093,0
66068,1,0,6.571727811021606e-05,0.0028971834326353093,0
66259,1,0,0.0006436400053616865,0.0028971834326353093,0
70652,1,0,9.045589882660914e-05,0.0028971834326353093,0
73239,1,0,0.0004618905195445757,0.0028971834326353093,0
73324,1,0,0.001663026540390465,0.0028971834326353093,0
78416,1,0,3.561699443809234e-05,0.0028971834326353093,0
79418,1,0,1.4447745213780684e-06,0.0028971834326353093,0
92387,1,0,6.800716641480506e-05,0.0028971834326353093,0
96863,1,0,0.0008268783887528281,0.0028971834326353093,0
98348,1,0,0.00010501250556045147,0.0028971834326353093,0
100195,1,0,0.0002514990204780647,0.0028971834326353093,0
101991,1,0,0.0011473665991057784,0.0028971834326353093,0
120054,1,0,0.00026796542470985447,0.0028971834326353093,0
132771,1,0,0.0001145300026884522,0.0028971834326353093,0
136944,1,0,0.009362617732778477,0.0028971834326353093,1
147001,1,0,0.0012324429385996852,0.0028971834326353093,0
151393,1,0,0.00027832850729855293,0.0028971834326353093,0
169117,1,0,0.0008232191052332071,0.0028971834326353093,0
197774,1,0,2.676895267447291e-05,0.0028971834326353093,0
198956,1,0,0.003766329878115607,0.0028971834326353093,1
202020,1,0,0.001766279064748109,0.0028971834326353093,0
206184,1,0,0.0008550389046906314,0.0028971834326353093,0
207582,1,0,0.00018768242539177828,0.0028971834326353093,0
217791,1,0,0.0005022327188502093,0.0028971834326353093,0
223566,1,0,0.00045274631469757113,0.0028971834326353093,0
226793,1,0,0.00047800678586042654,0.0028971834326353093,0
228632,1,0,0.00011632682487626991,0.0028971834326353093,0
234612,1,0,0.0014478026758851191,0.0028971834326353093,0
239202,1,0,0.0019311576543686398,0.0028971834326353093,0
259998,1,0,0.00890456167322314,0.0028971834326353093,1
270782,1,0,0.0006842082610641786,0.0028971834326353093,0
307028,1,0,0.0003460157823827866,0.0028971834326353093,0
307230,1,0,0.001687542805411266,0.0028971834326353093,0
310139,1,0,0.0025059356427644254,0.0028971834326353093,0
318084,1,0,0.00022457254378128173,0.0028971834326353093,0
320165,1,0,8.7243443359143e-05,0.0028971834326353093,0
336252,1,0,0.0007667967420464946,0.0028971834326353093,0
337779,1,0,0.0001548923520561624,0.0028971834326353093,0
345843,1,0,0.0003102253611528667,0.0028971834326353093,0
375912,1,0,0.0003852151562725493,0.0028971834326353093,0
384428,1,0,0.003411004617100623,0.0028971834326353093,1
403034,1,0,7.727396636245984e-05,0.0028971834326353093,0
441344,1,0,0.00014396501210513473,0.0028971834326353093,0
459731,1,0,0.0003480582345614032,0.0028971834326353093,0
459770,1,0,0.00017245019322515508,0.0028971834326353093,0
517858,1,0,0.0005370247180207986,0.0028971834326353093,0
531921,1,0,0.0004507005978019978,0.0028971834326353093,0
532723,1,0,0.010317311368820331,0.0028971834326353093,1
540689,1,0,0.0010467250826277532,0.0028971834326353093,0
549134,1,0,0.00040766447610968387,0.0028971834326353093,0
559421,1,0,0.00031305657295406113,0.0028971834326353093,0
562753,1,0,0.0015326950941221998,0.0028971834326353093,0
564729,1,0,0.0006830967489281412,0.0028971834326353093,0
565816,1,0,0.0011018381979944602,0.0028971834326353093,0
566023,1,0,0.00039357338107594655,0.0028971834326353093,0
566392,1,0,0.0002447441352662543,0.0028971834326353093,0
568025,1,0,3.4970625437236695e-05,0.0028971834326353093,0
570287,1,0,0.0036137845776450872,0.0028971834326353093,1
573742,1,0,0.0033368852375082257,0.0028971834326353093,1
574261,1,0,0.0005815220225835952,0.0028971834326353093,0
576969,1,0,0.0012329503560107179,0.0028971834326353093,0
577561,1,0,0.0017396571484630601,0.0028971834326353093,0
579089,1,0,2.468404892555241e-05,0.0028971834326353093,0
579610,1,0,0.0008954650465441663,0.0028971834326353093,0
580214,1,0,0.00027001602502110155,0.0028971834326353093,0
585566,1,0,0.0013279263436597134,0.0028971834326353093,0
588017,1,0,0.00011820050164115483,0.0028971834326353093,0
590148,1,0,0.00030653533812769563,0.0028971834326353093,0
590957,1,0,0.0002558407150315472,0.0028971834326353093,0
595568,1,0,0.001280226568609794,0.0028971834326353093,0
596805,1,0,0.0007178871010557835,0.0028971834326353093,0
596935,1,0,0.0007204661255035291,0.0028971834326353093,0
598097,1,0,0.0033148608178157593,0.0028971834326353093,1
601673,1,0,0.0007097897652043248,0.0028971834326353093,0
604704,1,0,0.00016835992598963093,0.0028971834326353093,0
606904,1,0,0.003739116755655969,0.0028971834326353093,1
607443,1,0,4.519884783291593e-05,0.0028971834326353093,0
611070,1,0,0.00029602982255362006,0.0028971834326353093,0
611222,1,0,0.03118418869710351,0.0028971834326353093,1
614000,1,0,5.183255327740059e-05,0.0028971834326353093,0
619837,1,0,0.016484373647367077,0.0028971834326353093,1
623828,1,0,7.305236005271469e-06,0.0028971834326353093,0
626045,1,0,0.00752642583492242,0.0028971834326353093,1
628238,1,0,0.0021022698598626407,0.0028971834326353093,0
629427,1,0,0.004208983869531321,0.0028971834326353093,1
630454,1,0,0.0015141465652884398,0.0028971834326353093,0
644406,1,0,0.00025171436804491014,0.0028971834326353093,0
644407,1,0,7.290918771991179e-05,0.0028971834326353093,0
644444,1,0,0.0005765668058938596,0.0028971834326353093,0
644476,1,0,0.000685391688577612,0.0028971834326353093,0
644519,1,0,0.0014214475965910914,0.0028971834326353093,0
644561,1,0,0.0009335140437707536,0.0028971834326353093,0
644568,1,0,0.0004755455939451724,0.0028971834326353093,0
644599,1,0,6.462442064758001e-06,0.0028971834326353093,0
644611,1,0,0.0020550952916512503,0.0028971834326353093,0
644634,1,0,0.0008112207158797984,0.0028971834326353093,0
644658,1,0,0.00011121691875461817,0.0028971834326353093,0
644660,1,0,0.000660123250501943,0.0028971834326353093,0
644663,1,0,0.0013072781999953103,0.0028971834326353093,0
644704,1,0,0.0003879512511583763,0.0028971834326353093,0
644707,1,0,0.0009575254309510057,0.0028971834326353093,0
644715,1,0,0.0004431503782711331,0.0028971834326353093,0
644737,1,0,0.0001096394989459942,0.0028971834326353093,0
644783,1,0,4.0998859696650554e-05,0.0028971834326353093,0
644821,1,0,6.207998064770913e-05,0.0028971834326353093,0
644839,1,0,0.0006869613950160712,0.0028971834326353093,0
644868,1,0,4.3468886131898597e-05,0.0028971834326353093,0
644888,1,0,0.0002708218509900767,0.0028971834326353093,0
644889,1,0,0.0013913520527431128,0.0028971834326353093,0
644907,1,0,2.7539701130421538e-05,0.0028971834326353093,0
644911,1,0,0.000889006289425295,0.0028971834326353093,0
644913,1,0,0.0010852357386790632,0.0028971834326353093,0
644920,1,0,3.21861970761061e-05,0.0028971834326353093,0
644923,1,0,0.00024832442899206964,0.0028971834326353093,0
644950,1,0,0.0010423403367631407,0.0028971834326353093,0
644966,1,0,6.55939895965281e-06,0.0028971834326353093,0
644968,1,0,0.0020451416716663734,0.0028971834326353093,0
645035,1,0,0.000269183296648786,0.0028971834326353093,0
645036,1,0,0.00041613869741944054,0.0028971834326353093,0
645051,1,0,1.9741171259411684e-05,0.0028971834326353093,0
645067,1,0,0.0010713423623895193,0.0028971834326353093,0
645101,1,0,0.00010522076214614722,0.0028971834326353093,0
645147,1,0,0.0011694390356683571,0.0028971834326353093,0
645212,1,0,0.00013316778815795145,0.0028971834326353093,0
645221,1,0,3.110205719403222e-05,0.0028971834326353093,0
645244,1,0,0.0016866058241513375,0.0028971834326353093,0
645249,1,0,0.002937468116620982,0.0028971834326353093,1
645252,1,0,0.0004258773975924601,0.0028971834326353093,0
645267,1,0,0.001795049448787297,0.0028971834326353093,0
645271,1,0,0.0005016954657955548,0.0028971834326353093,0
645283,1,0,0.0009038419723963591,0.0028971834326353093,0
645318,1,0,0.00019130635029156821,0.0028971834326353093,0
645387,1,0,0.00015359490868948507,0.0028971834326353093,0
645395,1,0,0.001204189458063459,0.0028971834326353093,0
645400,1,0,4.385978347337812e-05,0.0028971834326353093,0
645415,1,0,0.000511990214955848,0.0028971834326353093,0
645417,1,0,0.0001873073378055905,0.0028971834326353093,0
645445,1,0,0.003699371631557053,0.0028971834326353093,1
645508,1,0,0.0011492532490186597,0.0028971834326353093,0
645514,1,0,0.0005331294068346079,0.0028971834326353093,0
645520,1,0,0.0014371363713606515,0.0028971834326353093,0
645550,1,0,0.0003916925708725076,0.0028971834326353093,0
645555,1,0,0.006367767323756724,0.0028971834326353093,1
645612,1,0,3.382048113584883e-05,0.0028971834326353093,0
645613,1,0,0.00017709269949142112,0.0028971834326353093,0
645661,1,0,0.0003613010014255889,0.0028971834326353093,0
645677,1,0,0.00021492105752475687,0.0028971834326353093,0
645726,1,0,8.815428981123601e-05,0.0028971834326353093,0
645739,1,0,8.65177788037731e-05,0.0028971834326353093,0
645757,1,0,0.00019705909321951007,0.0028971834326353093,0
645772,1,0,6.537340461735922e-05,0.0028971834326353093,0
645789,1,0,0.002514723698804473,0.0028971834326353093,0
645857,1,0,0.0004438381613364175,0.0028971834326353093,0
645874,1,0,0.0004471608516914638,0.0028971834326353093,0
645880,1,0,5.827547950225035e-05,0.0028971834326353093,0
645887,1,0,0.0002907979480533728,0.0028971834326353093,0
645898,1,0,0.0021899642509398656,0.0028971834326353093,0
645914,1,0,0.0009275933141290083,0.0028971834326353093,0
645921,1,0,0.000262323653558248,0.0028971834326353093,0
645925,1,0,0.0008717950775915692,0.0028971834326353093,0
645962,1,0,0.01809652964213801,0.0028971834326353093,1
645964,1,0,7.138371158763085e-06,0.0028971834326353093,0
645986,1,0,0.0007510061094885299,0.0028971834326353093,0
645990,1,0,3.8599851962526556e-05,0.0028971834326353093,0
645999,1,0,5.889709847363847e-05,0.0028971834326353093,0
646006,1,0,9.532505761433274e-05,0.0028971834326353093,0
646014,1,0,0.0010135553286617718,0.0028971834326353093,0
646033,1,0,2.96735662413945e-05,0.0028971834326353093,0
646109,1,0,0.0002534958700910769,0.0028971834326353093,0
646112,1,0,9.805196964230659e-05,0.0028971834326353093,0
646114,1,0,2.0779330448063968e-05,0.0028971834326353093,0
646139,1,0,0.0018185517779668039,0.0028971834326353093,0
646158,1,0,0.0004346995461550006,0.0028971834326353093,0
646159,1,0,0.0004913137373034249,0.0028971834326353093,0
646163,1,0,0.006088577943734077,0.0028971834326353093,1
646169,1,0,7.569427564671992e-05,0.0028971834326353093,0
646175,1,0,5.1944636473118204e-05,0.0028971834326353093,0
646208,1,0,0.006824466828294639,0.0028971834326353093,1
646209,1,0,0.0001325606095705158,0.0028971834326353093,0
646216,1,0,7.115540119936295e-05,0.0028971834326353093,0
646267,1,0,0.0012163742530920316,0.0028971834326353093,0
646268,1,0,2.13948926074451e-05,0.0028971834326353093,0
646283,1,0,0.005261824655428931,0.0028971834326353093,1
646300,1,0,3.6567914727848904e-05,0.0028971834326353093,0
646307,1,0,0.0017026550146044903,0.0028971834326353093,0
646318,1,0,0.0003829484139637302,0.0028971834326353093,0
646343,1,0,0.003962999035181201,0.0028971834326353093,1
646354,1,0,0.00018193530839291194,0.0028971834326353093,0
646376,1,0,0.000628941367950807,0.0028971834326353093,0
646414,1,0,0.00023420409139507137,0.0028971834326353093,0
646417,1,0,0.0005883454112773784,0.0028971834326353093,0
646423,1,0,0.0007831589378210014,0.0028971834326353093,0
646428,1,0,9.114011172787469e-05,0.0028971834326353093,0
646431,1,0,6.54213315220473e-05,0.0028971834326353093,0
646456,1,0,0.0006492792659940646,0.0028971834326353093,0
646462,1,0,0.00016748301957647573,0.0028971834326353093,0
646486,1,0,2.0539152653981518e-05,0.0028971834326353093,0
646490,1,0,0.00013387912109340939,0.0028971834326353093,0
646507,1,0,6.723825418752707e-05,0.0028971834326353093,0
646524,1,0,0.00042651393112927324,0.0028971834326353093,0
646539,1,0,0.00034798927456318126,0.0028971834326353093,0
646580,1,0,0.0015894507096131626,0.0028971834326353093,0
646615,1,0,0.0030313823233638643,0.0028971834326353093,1
646671,1,0,0.0030556415966072953,0.0028971834326353093,1
646692,1,0,6.128065277922321e-05,0.0028971834326353093,0
646730,1,0,0.002474573327838364,0.0028971834326353093,0
646774,1,0,0.00033357738746928826,0.0028971834326353093,0
646787,1,0,7.260113297911492e-05,0.0028971834326353093,0
646827,1,0,0.0017730391604735278,0.0028971834326353093,0
646838,1,0,3.135192468526617e-05,0.0028971834326353093,0
646842,1,0,0.003291208334875968,0.0028971834326353093,1
646862,1,0,0.0037083974930733625,0.0028971834326353093,1
646865,1,0,0.00031364554447138376,0.0028971834326353093,0
646883,1,0,6.206345063909403e-05,0.0028971834326353093,0
646901,1,0,0.0011396325757351195,0.0028971834326353093,0
646906,1,0,0.0016868923746153354,0.0028971834326353093,0
646907,1,0,0.00011046856502486653,0.0028971834326353093,0
646941,1,0,0.00041758906274385005,0.0028971834326353093,0
646946,1,0,0.00012484001561894844,0.0028971834326353093,0
646948,1,0,0.0005754421162733149,0.0028971834326353093,0
646956,1,0,1.3253248915345687e-05,0.0028971834326353093,0
646997,1,0,0.0005423588496975418,0.0028971834326353093,0
647007,1,0,9.827788722204166e-05,0.0028971834326353093,0
647085,1,0,2.183213016074808e-05,0.0028971834326353093,0
647106,1,0,0.0013038434987151088,0.0028971834326353093,0
647122,1,0,0.00010814540281263182,0.0028971834326353093,0
647123,1,0,0.0002908805012475302,0.0028971834326353093,0
647129,1,0,0.006651406197631977,0.0028971834326353093,1
647177,1,0,0.0014646021975678806,0.0028971834326353093,0
647210,1,0,0.00018027579220288934,0.0028971834326353093,0
647238,1,0,0.0002482546990442411,0.0028971834326353093,0
647244,1,0,0.0002898314050485654,0.0028971834326353093,0
647257,1,0,0.0018426358455789814,0.0028971834326353093,0
647274,1,0,0.00020000618792314742,0.0028971834326353093,0
647317,1,0,0.001326001835891543,0.0028971834326353093,0
647334,1,0,0.0008168064575079285,0.0028971834326353093,0
647347,1,0,0.014789430408370063,0.0028971834326353093,1
647484,1,0,0.011173865229876618,0.0028971834326353093,1
647502,1,0,0.0003838494707774794,0.0028971834326353093,0
647597,1,0,0.0006657220129005008,0.0028971834326353093,0
647603,1,0,0.0001553667240051012,0.0028971834326353093,0
647654,1,0,0.0003697476813121716,0.0028971834326353093,0
647658,1,0,0.0007864617509659282,0.0028971834326353093,0
647680,1,0,0.004867324600863237,0.0028971834326353093,1
647708,1,0,0.007217564282993105,0.0028971834326353093,1
647713,1,0,0.0021587595147088937,0.0028971834326353093,0
647714,1,0,0.0010281954079486523,0.0028971834326353093,0
647718,1,0,0.0015843164822023146,0.0028971834326353093,0
647726,1,0,0.0005612543958543343,0.0028971834326353093,0
647728,1,0,5.397176495058343e-05,0.0028971834326353093,0
647748,1,0,0.00013832111651936605,0.0028971834326353093,0
647797,1,0,0.005230879524033048,0.0028971834326353093,1
647805,1,0,2.062387760493776e-05,0.0028971834326353093,0
647852,1,0,9.664425953205891e-05,0.0028971834326353093,0
647866,1,0,0.004692382614521995,0.0028971834326353093,1
647870,1,0,0.0006226993809278625,0.0028971834326353093,0
647885,1,0,0.0009401079950313293,0.0028971834326353093,0
647888,1,0,0.004048566492638659,0.0028971834326353093,1
647922,1,0,0.010118478974272063,0.0028971834326353093,1
647938,1,0,0.00020092772188156388,0.0028971834326353093,0
647939,1,0,0.0025912706665386347,0.0028971834326353093,0
647958,1,0,7.463298787414601e-05,0.0028971834326353093,0
647960,1,0,0.0002586756556547067,0.0028971834326353093,0
647966,1,0,0.0006586417097668327,0.0028971834326353093,0
647971,1,0,8.078083839800766e-05,0.0028971834326353093,0
647977,1,0,0.0018606782563979616,0.0028971834326353093,0
648005,1,0,0.00013168605505036094,0.0028971834326353093,0
648009,1,0,1.4316486899554236e-05,0.0028971834326353093,0
648063,1,0,0.0004283237871073816,0.0028971834326353093,0
648065,1,0,0.0003500541590003841,0.0028971834326353093,0
648072,1,0,0.00015802364622223921,0.0028971834326353093,0
648115,1,0,0.0003010275721866642,0.0028971834326353093,0
648127,1,0,0.00041365854540513215,0.0028971834326353093,0
648128,1,0,0.00033663699178792037,0.0028971834326353093,0
648154,1,0,0.03304877852406842,0.0028971834326353093,1
648155,1,0,0.0005631272455456489,0.0028971834326353093,0
648173,1,0,0.0005468496514681113,0.0028971834326353093,0
648180,1,0,0.0006733497234112828,0.0028971834326353093,0
648202,1,0,0.0036908679189795604,0.0028971834326353093,1
648205,1,0,0.0007640481516862746,0.0028971834326353093,0
648206,1,0,0.0011219200038938863,0.0028971834326353093,0
648296,1,0,0.0007580464626569884,0.0028971834326353093,0
648322,1,0,0.0011730564155321968,0.0028971834326353093,0
648418,1,0,0.0003553581004512648,0.0028971834326353093,0
648428,1,0,0.00016199067095308686,0.0028971834326353093,0
648447,1,0,9.057957017944355e-05,0.0028971834326353093,0
648482,1,0,6.294570985863046e-05,0.0028971834326353093,0
648490,1,0,0.0008771113057723989,0.0028971834326353093,0
648522,1,0,0.0001639593927604996,0.0028971834326353093,0
648549,1,0,0.0002720511350793437,0.0028971834326353093,0
648637,1,0,0.0007925189575758168,0.0028971834326353093,0
648667,1,0,4.7825986776017055e-05,0.0028971834326353093,0
648717,1,0,0.004479134044529112,0.0028971834326353093,1
648728,1,0,0.0019881532247058445,0.0028971834326353093,0
648733,1,0,0.00039111065447155086,0.0028971834326353093,0
648746,1,0,5.014554373958496e-05,0.0028971834326353093,0
648773,1,0,0.0008837283353520591,0.0028971834326353093,0
648839,1,0,0.00047440474925882154,0.0028971834326353093,0
648874,1,0,0.00010277569623638395,0.0028971834326353093,0
648876,1,0,0.00013993817141788186,0.0028971834326353093,0
648951,1,0,0.000336060203580207,0.0028971834326353093,0
648957,1,0,0.0023747766048086765,0.0028971834326353093,0
648959,1,0,0.007208991879384844,0.0028971834326353093,1
648962,1,0,3.810480167828467e-05,0.0028971834326353093,0
648972,1,0,4.460884659266483e-05,0.0028971834326353093,0
648973,1,0,0.00018115175471021585,0.0028971834326353093,0
648979,1,0,0.000218084444033581,0.0028971834326353093,0
648981,1,0,0.0001082499424280987,0.0028971834326353093,0
649033,1,0,2.711258863111639e-05,0.0028971834326353093,0
649045,1,0,0.0018077279886160283,0.0028971834326353093,0
649048,1,0,0.001433125685196351,0.0028971834326353093,0
649072,1,0,0.00037259105601412354,0.0028971834326353093,0
649099,1,0,0.027054291350978282,0.0028971834326353093,1
649146,1,0,0.0010663949858546432,0.0028971834326353093,0
649154,1,0,0.00150031160341574,0.0028971834326353093,0
649202,1,0,0.000959120480444483,0.0028971834326353093,0
649210,1,0,0.0016106713548971158,0.0028971834326353093,0
649220,1,0,8.918022623217416e-05,0.0028971834326353093,0
649229,1,0,0.0011741908683516277,0.0028971834326353093,0
649254,1,0,8.524602585860687e-06,0.0028971834326353093,0
649270,1,0,0.0020338877087925328,0.0028971834326353093,0
649272,1,0,0.002348870982558363,0.0028971834326353093,0
649277,1,0,0.004677163611713905,0.0028971834326353093,1
649283,1,0,0.008804092177987324,0.0028971834326353093,1
649284,1,0,0.0013102508845428552,0.0028971834326353093,0
649290,1,0,0.0014341781310087984,0.0028971834326353093,0
649331,1,0,0.0011106489525682525,0.0028971834326353093,0
649340,1,0,0.00037393188298199024,0.0028971834326353093,0
649404,1,0,0.005578653189701379,0.0028971834326353093,1
649406,1,0,0.00013190223946972333,0.0028971834326353093,0
649414,1,0,0.0003923722166765552,0.0028971834326353093,0
649442,1,0,0.0013613586083176803,0.0028971834326353093,0
649491,1,0,3.7441596398453114e-05,0.0028971834326353093,0
649550,1,0,0.00031146068585100165,0.0028971834326353093,0
649558,1,0,0.0008461095752290587,0.0028971834326353093,0
649571,1,0,0.001360423486832851,0.0028971834326353093,0
649648,1,0,7.479469574394667e-05,0.0028971834326353093,0
649655,1,0,0.0031446667223999553,0.0028971834326353093,1
649661,1,0,0.0001798860884706973,0.0028971834326353093,0
649687,1,0,0.00159400107406777,0.0028971834326353093,0
649713,1,0,0.0006745910238601684,0.0028971834326353093,0
649733,1,0,0.0017795507409931078,0.0028971834326353093,0
649744,1,0,0.0010684731743736248,0.0028971834326353093,0
649757,1,0,0.026874651891284414,0.0028971834326353093,1
649791,1,0,0.0017242290584238956,0.0028971834326353093,0
649846,1,0,0.0026088023789368744,0.0028971834326353093,0
649851,1,0,0.00062193938432114,0.0028971834326353093,0
649857,1,0,0.0003464717497624288,0.0028971834326353093,0
649880,1,0,0.001580431619420728,0.0028971834326353093,0
649981,1,0,7.089689665409442e-05,0.0028971834326353093,0
650017,1,0,0.00129838462812145,0.0028971834326353093,0
650093,1,0,8.260105999519378e-05,0.0028971834326353093,0
650101,1,0,0.002751024473102487,0.0028971834326353093,0
650104,1,0,0.0003498917692174633,0.0028971834326353093,0
650116,1,0,0.0008196173750247228,0.0028971834326353093,0
650133,1,0,0.005520318583840598,0.0028971834326353093,1
650150,1,0,0.0020908129917279646,0.0028971834326353093,0
650161,1,0,0.00032895902551593955,0.0028971834326353093,0
650173,1,0,0.002962556832953232,0.0028971834326353093,1
650209,1,0,0.000527307763735474,0.0028971834326353093,0
650224,1,0,0.0001044191598669083,0.0028971834326353093,0
650232,1,0,0.0020904184915352883,0.0028971834326353093,0
650238,1,0,9.056422865641297e-05,0.0028971834326353093,0
650255,1,0,7.061096702135457e-05,0.0028971834326353093,0
650313,1,0,0.00012702715474990456,0.0028971834326353093,0
650319,1,0,0.0038878518416175538,0.0028971834326353093,1
650354,1,0,0.0013504854831025836,0.0028971834326353093,0
650374,1,0,0.00017026368935217263,0.0028971834326353093,0
650441,1,0,0.00026011564200560504,0.0028971834326353093,0
650486,1,0,0.0010307777502183712,0.0028971834326353093,0
650491,1,0,0.0007931769327923726,0.0028971834326353093,0
650498,1,0,0.0006128506845871807,0.0028971834326353093,0
650583,1,0,0.0001729064647982729,0.0028971834326353093,0
650641,1,0,0.00017672173641160028,0.0028971834326353093,0
650645,1,0,0.0007821015558978569,0.0028971834326353093,0
650650,1,0,0.0003715292971026148,0.0028971834326353093,0
650673,1,0,0.0009547716428875788,0.0028971834326353093,0
650684,1,0,0.0003011548163044233,0.0028971834326353093,0
650695,1,0,0.001402259690027668,0.0028971834326353093,0
650716,1,0,0.0016754261778622198,0.0028971834326353093,0
650759,1,0,0.00010044375371311478,0.0028971834326353093,0
650823,1,0,0.0020921100888987715,0.0028971834326353093,0
650824,1,0,0.00041334571771866566,0.0028971834326353093,0
650829,1,0,0.0017416733281379034,0.0028971834326353093,0
650839,1,0,0.00025376701211672533,0.0028971834326353093,0
650874,1,0,0.00019697300531320043,0.0028971834326353093,0
650904,1,0,0.00016279876978380378,0.0028971834326353093,0
650908,1,0,5.722411614784469e-05,0.0028971834326353093,0
651000,1,0,7.954276537262115e-05,0.0028971834326353093,0
651018,1,0,6.723593332242537e-05,0.0028971834326353093,0
651020,1,0,0.00010992873185312308,0.0028971834326353093,0
651052,1,0,0.0014612902746490007,0.0028971834326353093,0
651061,1,0,0.00014659504430300152,0.0028971834326353093,0
651072,1,0,4.345409120229467e-05,0.0028971834326353093,0
651119,1,0,6.363210792843517e-05,0.0028971834326353093,0
651131,1,0,0.0003190126510508764,0.0028971834326353093,0
651142,1,0,0.00012550322683962744,0.0028971834326353093,0
651143,1,0,0.0011637231739143046,0.0028971834326353093,0
651156,1,0,0.0021711890937229786,0.0028971834326353093,0
651189,1,0,3.7598609821146733e-05,0.0028971834326353093,0
651192,1,0,0.0007049389278870364,0.0028971834326353093,0
651203,1,0,7.181341376111134e-05,0.0028971834326353093,0
651213,1,0,1.381978113673483e-05,0.0028971834326353093,0
651224,1,0,2.79560180605328e-05,0.0028971834326353093,0
651231,1,0,3.2329301713527455e-05,0.0028971834326353093,0
651234,1,0,3.135813086389507e-05,0.0028971834326353093,0
651253,1,0,0.0003960674817344773,0.0028971834326353093,0
651276,1,0,0.0008975872683979945,0.0028971834326353093,0
651334,1,0,0.00022732374889065633,0.0028971834326353093,0
651335,1,0,0.0003137300093477916,0.0028971834326353093,0
651370,1,0,0.003469478771066656,0.0028971834326353093,1
651375,1,0,0.0005698512365067105,0.0028971834326353093,0
651389,1,0,0.0006399026353795077,0.0028971834326353093,0
651433,1,0,0.0020571650176780336,0.0028971834326353093,0
651444,1,0,0.000262225179168086,0.0028971834326353093,0
651456,1,0,0.0001413302581914685,0.0028971834326353093,0
651463,1,0,0.00038609229709406754,0.0028971834326353093,0
651474,1,0,0.0008886482623117706,0.0028971834326353093,0
651487,1,0,0.0002773758226377291,0.0028971834326353093,0
651489,1,0,4.1138407856601124e-05,0.0028971834326353093,0
651498,1,0,0.00018477850995131249,0.0028971834326353093,0
651536,1,0,0.00017828951186475635,0.0028971834326353093,0
651654,1,0,5.789578012150057e-05,0.0028971834326353093,0
651679,1,0,4.8428467122634306e-05,0.0028971834326353093,0
651685,1,0,0.0006607586184578095,0.0028971834326353093,0
651707,1,0,0.00010635497213047264,0.0028971834326353093,0
651725,1,0,0.000958654669591978,0.0028971834326353093,0
651733,1,0,0.0002914542290141567,0.0028971834326353093,0
651742,1,0,0.00010126702893187765,0.0028971834326353093,0
651780,1,0,0.004523570737947974,0.0028971834326353093,1
651807,1,0,0.0021461591384592804,0.0028971834326353093,0
651812,1,0,0.0007242150349200266,0.0028971834326353093,0
651833,1,0,0.0015569123610896685,0.0028971834326353093,0
651877,1,0,0.0006299774681849154,0.0028971834326353093,0
651915,1,0,0.0007952227225985584,0.0028971834326353093,0
651974,1,0,0.0006340575558110904,0.0028971834326353093,0
651980,1,0,0.001020700726149642,0.0028971834326353093,0
652024,1,0,0.002361729047890847,0.0028971834326353093,0
652028,1,0,0.00010391824916705169,0.0028971834326353093,0
652032,1,0,0.00023696752275455263,0.0028971834326353093,0
652088,1,0,0.0006704850217760508,0.0028971834326353093,0
652091,1,0,0.0031834578439831973,0.0028971834326353093,1
652139,1,0,0.000746292276084543,0.0028971834326353093,0
652141,1,0,7.652067608317103e-05,0.0028971834326353093,0
652230,1,0,0.0014933130462973312,0.0028971834326353093,0
652245,1,0,0.00340658699586874,0.0028971834326353093,1
652304,1,0,7.528169504545732e-05,0.0028971834326353093,0
652317,1,0,7.548650454709467e-05,0.0028971834326353093,0
652320,1,0,0.0009252211582569222,0.0028971834326353093,0
652324,1,0,9.943108225486342e-05,0.0028971834326353093,0
652363,1,0,0.00031231761521375293,0.0028971834326353093,0
652387,1,0,0.0016798636321155396,0.0028971834326353093,0
652400,1,0,0.0005708929943080363,0.0028971834326353093,0
652414,1,0,0.0002485954314815294,0.0028971834326353093,0
652462,1,0,0.0028106742196907833,0.0028971834326353093,0
652482,1,0,7.394383369944431e-05,0.0028971834326353093,0
652486,1,0,0.00017534538327483324,0.0028971834326353093,0
652501,1,0,9.851763391866919e-05,0.0028971834326353093,0
652507,1,0,0.0005143561578027057,0.0028971834326353093,0
652523,1,0,0.0002469892166080731,0.0028971834326353093,0
652577,1,0,0.00017515446168154324,0.0028971834326353093,0
652611,1,0,0.0004072714135863436,0.0028971834326353093,0
652613,1,0,0.0008038236635537566,0.0028971834326353093,0
652622,1,0,0.0003386934691939538,0.0028971834326353093,0
652629,1,0,0.00018462211944438253,0.0028971834326353093,0
652631,1,0,0.00014878226684596956,0.0028971834326353093,0
652673,1,0,7.044422010879301e-05,0.0028971834326353093,0
652808,1,0,0.0015407508187671565,0.0028971834326353093,0
652824,1,0,0.000667897839520746,0.0028971834326353093,0
652848,1,0,0.00015819407987965507,0.0028971834326353093,0
652876,1,0,0.0013161805479004385,0.0028971834326353093,0
652879,1,0,0.0002100909460620377,0.0028971834326353093,0
652957,1,0,0.005508716820243343,0.0028971834326353093,1
652992,1,0,6.820410679531639e-05,0.0028971834326353093,0
653061,1,0,9.24175222717077e-05,0.0028971834326353093,0
653069,1,0,0.00015396881187099642,0.0028971834326353093,0
653088,1,0,0.005104296955110853,0.0028971834326353093,1
653097,1,0,0.001253400867595174,0.0028971834326353093,0
653117,1,0,0.0007868754514585865,0.0028971834326353093,0
653137,1,0,0.0029051452141531644,0.0028971834326353093,1
653140,1,0,0.011201623073662214,0.0028971834326353093,1
653144,1,0,0.000209413765083164,0.0028971834326353093,0
653171,1,0,0.0006061062109456923,0.0028971834326353093,0
653184,1,0,0.00013309990047305034,0.0028971834326353093,0
653215,1,0,0.00031548184742698985,0.0028971834326353093,0
653237,1,0,0.000507690783945993,0.0028971834326353093,0
653272,1,0,0.0004197803320830753,0.0028971834326353093,0
653285,1,0,9.026250532488461e-05,0.0028971834326353093,0
653310,1,0,0.0005046984555337866,0.0028971834326353093,0
653314,1,0,0.0006082763914408768,0.0028971834326353093,0
653326,1,0,0.0031790469304082206,0.0028971834326353093,1
653332,1,0,0.00015080776118915563,0.0028971834326353093,0
653334,1,0,0.00014307880246515554,0.0028971834326353093,0
653346,1,0,0.0017209616474861652,0.0028971834326353093,0
653356,1,0,3.016421724293163e-05,0.0028971834326353093,0
653429,1,0,0.0002594746174889077,0.0028971834326353093,0
653442,1,0,6.872075831996461e-05,0.0028971834326353093,0
653447,1,0,0.00035320643930427764,0.0028971834326353093,0
653491,1,0,0.000919133191096746,0.0028971834326353093,0
653493,1,0,0.00043823141907102,0.0028971834326353093,0
653519,1,0,0.00018251010567163232,0.0028971834326353093,0
653526,1,0,0.00047131984103671623,0.0028971834326353093,0
653535,1,0,0.0006774630778849129,0.0028971834326353093,0
653552,1,0,0.0003545297283010219,0.0028971834326353093,0
653570,1,0,0.00018764570744451113,0.0028971834326353093,0
653572,1,0,0.0024977220724445156,0.0028971834326353093,0
653591,1,0,0.00015009779340197262,0.0028971834326353093,0
653601,1,0,0.0005560648109239195,0.0028971834326353093,0
653602,1,0,0.003506795732036988,0.0028971834326353093,1
653610,1,0,0.0005467106035754651,0.0028971834326353093,0
653653,1,0,5.2661516031179284e-05,0.0028971834326353093,0
653666,1,0,0.00014726089762463694,0.0028971834326353093,0
653738,1,0,0.0002164540018090492,0.0028971834326353093,0
653781,1,0,0.00023049522847652253,0.0028971834326353093,0
653789,1,0,0.0006153616211709534,0.0028971834326353093,0
653795,1,0,9.58927917332297e-05,0.0028971834326353093,0
653861,1,0,4.696564738166398e-05,0.0028971834326353093,0
653871,1,0,4.2808823679651273e-05,0.0028971834326353093,0
653892,1,0,0.0002628656561857443,0.0028971834326353093,0
653922,1,0,0.0003507647960046968,0.0028971834326353093,0
653928,1,0,0.0003678036993799024,0.0028971834326353093,0
653934,1,0,0.0024220795793622614,0.0028971834326353093,0
653942,1,0,5.0165563272386224e-05,0.0028971834326353093,0
653949,1,0,0.00035367184652982726,0.0028971834326353093,0
653951,1,0,0.0023515257418196835,0.0028971834326353093,0
653961,1,0,0.00019139666242741943,0.0028971834326353093,0
653982,1,0,0.0004168784721162708,0.0028971834326353093,0
654032,1,0,0.08374058888086025,0.0028971834326353093,1
654051,1,0,3.079188306163718e-05,0.0028971834326353093,0
654099,1,0,0.00023013022415448468,0.0028971834326353093,0
654100,1,0,7.42464876458003e-05,0.0028971834326353093,0
654101,1,0,0.00015497575389380273,0.0028971834326353093,0
654112,1,0,0.0004625456731220833,0.0028971834326353093,0
654121,1,0,0.010507690960962645,0.0028971834326353093,1
654122,1,0,0.0002986049614884216,0.0028971834326353093,0
654225,1,0,0.023030390501383516,0.0028971834326353093,1
654239,1,0,9.055687902546746e-05,0.0028971834326353093,0
654258,1,0,0.00046642910020974255,0.0028971834326353093,0
654293,1,0,0.0002474403953481083,0.0028971834326353093,0
654322,1,0,0.0002555452429589407,0.0028971834326353093,0
654328,1,0,0.00202010341167504,0.0028971834326353093,0
654330,1,0,3.028402802095913e-05,0.0028971834326353093,0
654352,1,0,0.0007163723320553262,0.0028971834326353093,0
654353,1,0,0.00015407155757287633,0.0028971834326353093,0
654415,1,0,0.0016629284587503469,0.0028971834326353093,0
654427,1,0,0.03340169354202389,0.0028971834326353093,1
654444,1,0,9.414182716582511e-05,0.0028971834326353093,0
654455,1,0,0.0003532832379317937,0.0028971834326353093,0
654456,1,0,0.0001502122267536277,0.0028971834326353093,0
654469,1,0,0.0035325778176904373,0.0028971834326353093,1
654479,1,0,0.0017946031829149422,0.0028971834326353093,0
654524,1,0,3.5998339944823264e-05,0.0028971834326353093,0
654529,1,0,4.1806036185008405e-05,0.0028971834326353093,0
654568,1,0,0.0003876431857410365,0.0028971834326353093,0
654571,1,0,0.004103054285200275,0.0028971834326353093,1
654599,1,0,0.002762606257287917,0.0028971834326353093,0
654603,1,0,0.0005908456437984119,0.0028971834326353093,0
654637,1,0,0.0016694534765293258,0.0028971834326353093,0
654667,1,0,0.0009241120033630935,0.0028971834326353093,0
654705,1,0,0.0001521653929853234,0.0028971834326353093,0
654773,1,0,9.217397509194085e-05,0.0028971834326353093,0
654799,1,0,7.38007446297012e-05,0.0028971834326353093,0
654820,1,0,0.002244334226300239,0.0028971834326353093,0
654821,1,0,0.00027516441660992163,0.0028971834326353093,0
654830,1,0,0.0013110329736792728,0.0028971834326353093,0
654838,1,0,0.0001677388767269783,0.0028971834326353093,0
654850,1,0,0.010254717968062006,0.0028971834326353093,1
654870,1,0,0.0018084506898324556,0.0028971834326353093,0
654896,1,0,0.005780790363251768,0.0028971834326353093,1
654913,1,0,0.0016263589332034401,0.0028971834326353093,0
654922,1,0,0.0009003375647708381,0.0028971834326353093,0
654986,1,0,0.001055154325197839,0.0028971834326353093,0
655013,1,0,0.004411024169594136,0.0028971834326353093,1
655034,1,0,0.0001277300969316772,0.0028971834326353093,0
655058,1,0,0.0004466760272771404,0.0028971834326353093,0
655109,1,0,0.0001413038283035072,0.0028971834326353093,0
655143,1,0,1.3167724403249408e-05,0.0028971834326353093,0
655179,1,0,0.0006478000705966119,0.0028971834326353093,0
655182,1,0,0.001367226352470637,0.0028971834326353093,0
655184,1,0,0.00011423551802722748,0.0028971834326353093,0
655216,1,0,8.592616410043073e-05,0.0028971834326353093,0
655245,1,0,1.0011584197969606e-05,0.0028971834326353093,0
655257,1,0,0.002253924377229157,0.0028971834326353093,0
655289,1,0,6.578715476989736e-05,0.0028971834326353093,0
655296,1,0,0.007175024350187133,0.0028971834326353093,1
655372,1,0,0.0010504373338102578,0.0028971834326353093,0
655407,1,0,0.0005442547030698754,0.0028971834326353093,0
655420,1,0,4.1414461682637704e-05,0.0028971834326353093,0
655437,1,0,0.00019122349978074155,0.0028971834326353093,0
655462,1,0,7.906912069879121e-05,0.0028971834326353093,0
655549,1,0,0.00716183833653317,0.0028971834326353093,1
655557,1,0,9.740391022016838e-05,0.0028971834326353093,0
655563,1,0,0.0003654471013808327,0.0028971834326353093,0
655565,1,0,1.7823706234558473e-05,0.0028971834326353093,0
655590,1,0,0.0003619843030249778,0.0028971834326353093,0
655647,1,0,9.338937023926698e-05,0.0028971834326353093,0
655649,1,0,0.0006997646895199437,0.0028971834326353093,0
655659,1,0,0.0006782455378369791,0.0028971834326353093,0
655661,1,0,0.001666197957443572,0.0028971834326353093,0
655668,1,0,0.0035880429798069713,0.0028971834326353093,1
655679,1,0,0.01023848980027115,0.0028971834326353093,1
655690,1,0,0.0008132081867243774,0.0028971834326353093,0
655698,1,0,0.002043867395084335,0.0028971834326353093,0
655738,1,0,0.00013508802810599662,0.0028971834326353093,0
655760,1,0,0.00022111872078796896,0.0028971834326353093,0
655762,1,0,0.00046456554687108646,0.0028971834326353093,0
655779,1,0,0.0016133513238086245,0.0028971834326353093,0
655786,1,0,0.0005948746807851922,0.0028971834326353093,0
655797,1,0,0.00019893587924505523,0.0028971834326353093,0
655804,1,0,0.008147559061439503,0.0028971834326353093,1
655810,1,0,0.0001806509232917761,0.0028971834326353093,0
655850,1,0,7.250257960009877e-05,0.0028971834326353093,0
655858,1,0,0.0006559203042225086,0.0028971834326353093,0
655875,1,0,0.0017824502824057092,0.0028971834326353093,0
655893,1,0,0.000414016699937411,0.0028971834326353093,0
655919,1,0,0.00020777387025855892,0.0028971834326353093,0
655946,1,0,0.00027933323612722003,0.0028971834326353093,0
655990,1,0,0.00013000218402768208,0.0028971834326353093,0
656025,1,0,0.0019772966473848596,0.0028971834326353093,0
656031,1,0,0.0002493909185789595,0.0028971834326353093,0
656040,1,0,0.0431333001269665,0.0028971834326353093,1
656100,1,0,0.0007387112552231984,0.0028971834326353093,0
656109,1,0,0.00011581459318270116,0.0028971834326353093,0
656110,1,0,0.0003096474244512727,0.0028971834326353093,0
656122,1,0,0.00014697092907765895,0.0028971834326353093,0
656197,1,0,6.341264359358284e-05,0.0028971834326353093,0
656208,1,0,0.0012960545932092006,0.0028971834326353093,0
656215,1,0,0.0001806723571290737,0.0028971834326353093,0
656221,1,0,0.0029035959297957787,0.0028971834326353093,1
656224,1,0,0.0020573147604826926,0.0028971834326353093,0
656230,1,0,0.010361607226610088,0.0028971834326353093,1
656231,1,0,0.01168559055948014,0.0028971834326353093,1
656248,1,0,0.0003406279612703426,0.0028971834326353093,0
656252,1,0,0.00024207405053172353,0.0028971834326353093,0
656265,1,0,0.022001367073377878,0.0028971834326353093,1
656269,1,0,6.957873343281058e-05,0.0028971834326353093,0
656289,1,0,0.022022912621781347,0.0028971834326353093,1
656292,1,0,0.00011229382669065437,0.0028971834326353093,0
656293,1,0,0.0002789263889537168,0.0028971834326353093,0
656305,1,0,0.00010049127784523103,0.0028971834326353093,0
656322,1,0,7.019954276865814e-05,0.0028971834326353093,0
656323,1,0,0.0007310780246375726,0.0028971834326353093,0
656332,1,0,0.0005786414298194467,0.0028971834326353093,0
656358,1,0,0.00019317637868875,0.0028971834326353093,0
656369,1,0,0.00010349352483607627,0.0028971834326353093,0
656379,1,0,0.000999866763409392,0.0028971834326353093,0
657302,1,0,0.0013848578993540406,0.0028971834326353093,0
657346,1,0,8.986434196925148e-05,0.0028971834326353093,0
657462,1,0,0.006296282350540688,0.0028971834326353093,1
657593,1,0,0.0014351311168173484,0.0028971834326353093,0
657675,1,0,0.011320969047032958,0.0028971834326353093,1
657699,1,0,0.0030055355529118523,0.0028971834326353093,1
657752,1,0,0.010390470614145024,0.0028971834326353093,1
657765,1,0,0.003234026896693937,0.0028971834326353093,1
657796,1,0,8.693789441911806e-05,0.0028971834326353093,0
657801,1,0,0.01619950196312919,0.0028971834326353093,1
657819,1,0,0.0004883119037282403,0.0028971834326353093,0
657896,1,0,6.434308399133638e-05,0.0028971834326353093,0
657909,1,0,0.002296200361405861,0.0028971834326353093,0
657930,1,0,0.0010213466031259646,0.0028971834326353093,0
657960,1,0,2.260185352296403e-05,0.0028971834326353093,0
658030,1,0,0.0017424792283079844,0.0028971834326353093,0
658130,1,0,0.00016736352628991222,0.0028971834326353093,0
658222,1,0,0.0006706017599367354,0.0028971834326353093,0
658246,1,0,0.00012385727643375144,0.0028971834326353093,0
658266,1,0,0.0004966343068022595,0.0028971834326353093,0
658277,1,0,6.537701154726562e-05,0.0028971834326353093,0
658323,1,0,0.0022364655480471237,0.0028971834326353093,0
658356,1,0,0.0016086980738069666,0.0028971834326353093,0
658362,1,0,0.0011029573276848123,0.0028971834326353093,0
658395,1,0,0.00014285654022574678,0.0028971834326353093,0
658412,1,0,0.0027376497165775017,0.0028971834326353093,0
658450,1,0,1.9451782127557127e-05,0.0028971834326353093,0
658468,1,0,5.317434330156237e-05,0.0028971834326353093,0
658480,1,0,0.0005050330963295154,0.0028971834326353093,0
658541,1,0,0.0001428699193037133,0.0028971834326353093,0
658594,1,0,0.0010310929019404478,0.0028971834326353093,0
658600,1,0,6.739052771068978e-05,0.0028971834326353093,0
658627,1,0,0.00014056301756451103,0.0028971834326353093,0
658677,1,0,0.00016526889270720727,0.0028971834326353093,0
658779,1,0,0.00153746941526064,0.0028971834326353093,0
658807,1,0,0.0014882629664325873,0.0028971834326353093,0
658808,1,0,0.005286717176684921,0.0028971834326353093,1
658919,1,0,5.321313718228898e-05,0.0028971834326353093,0
658932,1,0,2.5558672400313236e-05,0.0028971834326353093,0
658939,1,0,0.0010531671090354055,0.0028971834326353093,0
658963,1,0,0.00029568594276913003,0.0028971834326353093,0
658992,1,0,0.0010266566909711205,0.0028971834326353093,0
659035,1,0,5.659647789522485e-05,0.0028971834326353093,0
659101,1,0,0.0008072970398806694,0.0028971834326353093,0
659110,1,0,0.0005588852796631188,0.0028971834326353093,0
659168,1,0,0.019203344259359923,0.0028971834326353093,1
659300,1,0,0.000887605255711207,0.0028971834326353093,0
659320,1,0,0.00014464297378312716,0.0028971834326353093,0
659358,1,0,6.582608204992679e-05,0.0028971834326353093,0
659430,1,0,0.00039815627881853774,0.0028971834326353093,0
659438,1,0,0.0005282976820806225,0.0028971834326353093,0
659500,1,0,0.00016710182065456192,0.0028971834326353093,0
659507,1,0,0.007465076294204334,0.0028971834326353093,1
659551,1,0,0.0006240947884549145,0.0028971834326353093,0
659604,1,0,0.0010018688969614914,0.0028971834326353093,0
659611,1,0,0.0038033368095163264,0.0028971834326353093,1
659635,1,0,0.0005748733419470708,0.0028971834326353093,0
659637,1,0,0.0014616353668420324,0.0028971834326353093,0
659640,1,0,0.002125745993591373,0.0028971834326353093,0
659719,1,0,0.0002601435927732208,0.0028971834326353093,0
659772,1,0,6.0886104449814066e-05,0.0028971834326353093,0
659853,1,0,5.720001224478441e-05,0.0028971834326353093,0
659877,1,0,0.0001453806722315593,0.0028971834326353093,0
659900,1,0,0.0003752102377829243,0.0028971834326353093,0
659997,1,0,0.0010057262273014346,0.0028971834326353093,0
660078,1,0,0.0001185192112403432,0.0028971834326353093,0
660182,1,0,0.0002037048918970718,0.0028971834326353093,0
660188,1,0,5.175753440703727e-05,0.0028971834326353093,0
660197,1,0,0.000134554937206155,0.0028971834326353093,0
660228,1,0,0.0009775868416116021,0.0028971834326353093,0
660255,1,0,0.00015749214938012585,0.0028971834326353093,0
660260,1,0,0.0007292574234724864,0.0028971834326353093,0
660382,1,0,1.547707603223359e-05,0.0028971834326353093,0
660440,1,0,0.006856785609103254,0.0028971834326353093,1
660491,1,0,6.537710285750005e-05,0.0028971834326353093,0
660560,1,0,0.0006696273612831748,0.0028971834326353093,0
660574,1,0,0.003901850401579015,0.0028971834326353093,1
660592,1,0,0.000661645366898574,0.0028971834326353093,0
660677,1,0,0.00014808199510360888,0.0028971834326353093,0
660693,1,0,0.00015352109479647912,0.0028971834326353093,0
660696,1,0,0.0018978749652309639,0.0028971834326353093,0
660717,1,0,0.0005411414090964709,0.0028971834326353093,0
660720,1,0,6.445403536323246e-05,0.0028971834326353093,0
660772,1,0,8.136475768760495e-05,0.0028971834326353093,0
660808,1,0,0.0009057203087334472,0.0028971834326353093,0
660883,1,0,3.9663862217310817e-05,0.0028971834326353093,0
660932,1,0,8.57194518565592e-05,0.0028971834326353093,0
660968,1,0,0.0001606842511858457,0.0028971834326353093,0
660994,1,0,1.403979226115929e-05,0.0028971834326353093,0
661030,1,0,0.013099899733709829,0.0028971834326353093,1
661201,1,0,0.0003197809608915585,0.0028971834326353093,0
661246,1,0,0.014453067496453082,0.0028971834326353093,1
661248,1,0,0.00023591638113550518,0.0028971834326353093,0
661295,1,0,0.00047689480133737,0.0028971834326353093,0
661318,1,0,0.0006955304272771549,0.0028971834326353093,0
661329,1,0,0.0009117344169317557,0.0028971834326353093,0
661351,1,0,0.00010150246389393423,0.0028971834326353093,0
661408,1,0,0.0012521252119037172,0.0028971834326353093,0
661469,1,0,0.000832402811146872,0.0028971834326353093,0
661495,1,0,7.476500426157363e-05,0.0028971834326353093,0
661498,1,0,0.02390348548293724,0.0028971834326353093,1
661513,1,0,0.0027892205204652133,0.0028971834326353093,0
661545,1,0,0.0030207082111787095,0.0028971834326353093,1
661577,1,0,0.0003669027056470784,0.0028971834326353093,0
661593,1,0,0.00015622786237070796,0.0028971834326353093,0
661599,1,0,0.0022557577167376355,0.0028971834326353093,0
661660,1,0,5.02936977603988e-05,0.0028971834326353093,0
661689,1,0,0.005327102388195489,0.0028971834326353093,1
661742,1,0,0.00023747855158058094,0.0028971834326353093,0
661771,1,0,3.6684239003958615e-05,0.0028971834326353093,0
661863,1,0,0.0010766565480555725,0.0028971834326353093,0
661924,1,0,0.0001531733142605461,0.0028971834326353093,0
661965,1,0,0.00041927185976936804,0.0028971834326353093,0
661982,1,0,0.0001714554268323456,0.0028971834326353093,0
662006,1,0,0.0005405474031875461,0.0028971834326353093,0
662029,1,0,0.0004903499120227047,0.0028971834326353093,0
662083,1,0,4.759708150412638e-05,0.0028971834326353093,0
662113,1,0,0.000152538042331812,0.0028971834326353093,0
662131,1,0,0.0008122605272462597,0.0028971834326353093,0
662185,1,0,0.003848845360052407,0.0028971834326353093,1
662306,1,0,0.008482752274372658,0.0028971834326353093,1
662386,1,0,0.0009603004190933056,0.0028971834326353093,0
662400,1,0,0.00018825970715109408,0.0028971834326353093,0
662417,1,0,0.0001650289901450295,0.0028971834326353093,0
662422,1,0,0.0016542828146483982,0.0028971834326353093,0
662459,1,0,0.006513645235047135,0.0028971834326353093,1
662563,1,0,0.00493827342227849,0.0028971834326353093,1
662627,1,0,0.0004626551637153544,0.0028971834326353093,0
662646,1,0,0.0002926766774643627,0.0028971834326353093,0
662796,1,0,2.8065924948137552e-05,0.0028971834326353093,0
662826,1,0,0.0019013446951521643,0.0028971834326353093,0
662838,1,0,0.0004536909036544697,0.0028971834326353093,0
662867,1,0,0.00010800952255847968,0.0028971834326353093,0
662895,1,0,0.00161518237951023,0.0028971834326353093,0
662905,1,0,0.003601272511175677,0.0028971834326353093,1
662943,1,0,0.0006201497686574207,0.0028971834326353093,0
663048,1,0,0.0005246197579511411,0.0028971834326353093,0
663081,1,0,0.0013200818427990023,0.0028971834326353093,0
663115,1,0,0.0006636984538269092,0.0028971834326353093,0
663133,1,0,0.00070866152969699,0.0028971834326353093,0
663144,1,0,0.0007716326039340678,0.0028971834326353093,0
663162,1,0,0.00116524314108291,0.0028971834326353093,0
663165,1,0,0.00012817895986050573,0.0028971834326353093,0
663178,1,0,0.0007354795189194729,0.0028971834326353093,0
663374,1,0,0.00036170485724543,0.0028971834326353093,0
663378,1,0,0.00041954427011340023,0.0028971834326353093,0
663410,1,0,0.00022739796388527024,0.0028971834326353093,0
663457,1,0,0.0016132987856184932,0.0028971834326353093,0
663467,1,0,0.0001755104606032094,0.0028971834326353093,0
663486,1,0,6.397832272539917e-05,0.0028971834326353093,0
663507,1,0,0.001350189361292185,0.0028971834326353093,0
663541,1,0,0.0003094288951440374,0.0028971834326353093,0
663545,1,0,0.0004099746622598473,0.0028971834326353093,0
663561,1,0,0.0002656297878229927,0.0028971834326353093,0
663615,1,0,1.9668982394114423e-05,0.0028971834326353093,0
663622,1,0,0.0015016551883586765,0.0028971834326353093,0
663661,1,0,0.0003414316817631329,0.0028971834326353093,0
663690,1,0,0.000699270349396782,0.0028971834326353093,0
663704,1,0,0.0002817787416107641,0.0028971834326353093,0
663715,1,0,0.00029556970613311935,0.0028971834326353093,0
663731,1,0,0.004319646914236371,0.0028971834326353093,1
663746,1,0,0.000110599468348829,0.0028971834326353093,0
663844,1,0,0.0070083050006784255,0.0028971834326353093,1
663898,1,0,0.0010082488530143853,0.0028971834326353093,0
663902,1,0,1.795988824120221e-05,0.0028971834326353093,0
663905,1,0,8.98521428943685e-05,0.0028971834326353093,0
663932,1,0,0.00011464333798845514,0.0028971834326353093,0
663962,1,0,0.005399363879205784,0.0028971834326353093,1
664006,1,0,0.0004055581246563505,0.0028971834326353093,0
664015,1,0,0.00026189910625242196,0.0028971834326353093,0
664060,1,0,0.0006633488993511974,0.0028971834326353093,0
664110,1,0,1.6208484733052855e-05,0.0028971834326353093,0
664144,1,0,9.3477807131902e-05,0.0028971834326353093,0
664150,1,0,0.0001602946419366819,0.0028971834326353093,0
664152,1,0,0.00018756127414411568,0.0028971834326353093,0
664207,1,0,0.0004806356061595879,0.0028971834326353093,0
664215,1,0,0.00012748593512085384,0.0028971834326353093,0
664218,1,0,0.00114317452158157,0.0028971834326353093,0
664233,1,0,0.0002221215074747519,0.0028971834326353093,0
664237,1,0,0.00037888424143227035,0.0028971834326353093,0
664243,1,0,0.002981999455872207,0.0028971834326353093,1
664438,1,0,0.0007321501142024754,0.0028971834326353093,0
664443,1,0,0.0019687123380258183,0.0028971834326353093,0
664457,1,0,0.0003326951228630351,0.0028971834326353093,0
664509,1,0,0.0004912520034949741,0.0028971834326353093,0
664512,1,0,0.000722283076489735,0.0028971834326353093,0
664516,1,0,3.0190320459910334e-05,0.0028971834326353093,0
664536,1,0,6.335920830929869e-05,0.0028971834326353093,0
664584,1,0,0.00023910106100733888,0.0028971834326353093,0
664592,1,0,0.00032122148612535054,0.0028971834326353093,0
664594,1,0,6.444646392668956e-05,0.0028971834326353093,0
664623,1,0,0.026859478916960878,0.0028971834326353093,1
664652,1,0,2.463449916157051e-05,0.0028971834326353093,0
664673,1,0,0.0001785622791827825,0.0028971834326353093,0
664677,1,0,0.0002439187843416221,0.0028971834326353093,0
664738,1,0,2.0603280233658712e-05,0.0028971834326353093,0
664755,1,0,0.00015055694557362094,0.0028971834326353093,0
664793,1,0,0.00012188203851784764,0.0028971834326353093,0
664825,1,0,7.537683060516987e-05,0.0028971834326353093,0
664864,1,0,9.419604398145273e-05,0.0028971834326353093,0
664887,1,0,0.00010870316613203298,0.0028971834326353093,0
664892,1,0,6.021576798369183e-05,0.0028971834326353093,0
664911,1,0,0.00016371781029680434,0.0028971834326353093,0
664961,1,0,0.0034376174556309995,0.0028971834326353093,1
664968,1,0,0.004954127503926869,0.0028971834326353093,1
664999,1,0,0.00012757601825558843,0.0028971834326353093,0
665034,1,0,0.0022782139474972663,0.0028971834326353093,0
665060,1,0,0.0023202414748679234,0.0028971834326353093,0
665068,1,0,0.0048248992514251295,0.0028971834326353093,1
665070,1,0,0.004453838252771621,0.0028971834326353093,1
665085,1,0,0.004085984402954449,0.0028971834326353093,1
665111,1,0,0.000319615883214587,0.0028971834326353093,0
665120,1,0,0.00021162243219529755,0.0028971834326353093,0
665195,1,0,0.0021220199272896415,0.0028971834326353093,0
665217,1,0,0.0014659958247969559,0.0028971834326353093,0
665227,1,0,0.00024322107420221616,0.0028971834326353093,0
665236,1,0,0.00018318188267396195,0.0028971834326353093,0
665244,1,0,0.0002452534207894763,0.0028971834326353093,0
665249,1,0,0.0015086353373653025,0.0028971834326353093,0
665287,1,0,0.00486781172466271,0.0028971834326353093,1
665303,1,0,0.003037088634867078,0.0028971834326353093,1
665312,1,0,0.0003822490822729407,0.0028971834326353093,0
665361,1,0,4.838300924883437e-05,0.0028971834326353093,0
665378,1,0,0.002009097693462083,0.0028971834326353093,0
665400,1,0,0.00046290254699472215,0.0028971834326353093,0
665402,1,0,0.0004530629620920891,0.0028971834326353093,0
665416,1,0,0.000955915834017306,0.0028971834326353093,0
665427,1,0,0.0033878562164079825,0.0028971834326353093,1
665429,1,0,0.013802243679991692,0.0028971834326353093,1
665444,1,0,0.0025591027661439844,0.0028971834326353093,0
665465,1,0,0.007529943252550563,0.0028971834326353093,1
665478,1,0,7.313764367019966e-05,0.0028971834326353093,0
665484,1,0,0.00032456179650249825,0.0028971834326353093,0
665500,1,0,0.000125353424232364,0.0028971834326353093,0
665503,1,0,4.8606641791794305e-05,0.0028971834326353093,0
665511,1,0,0.0005808803591567153,0.0028971834326353093,0
665532,1,0,0.0016947458850369165,0.0028971834326353093,0
665558,1,0,0.0003167218772354313,0.0028971834326353093,0
665597,1,0,3.951301698769766e-05,0.0028971834326353093,0
665612,1,0,0.008974872831278093,0.0028971834326353093,1
665633,1,0,0.001245111879368271,0.0028971834326353093,0
665635,1,0,0.0005187912159716688,0.0028971834326353093,0
665649,1,0,6.135704262626714e-05,0.0028971834326353093,0
665659,1,0,0.0003585007109031148,0.0028971834326353093,0
665660,1,0,0.0001968337568845151,0.0028971834326353093,0
665696,1,0,0.0012699685192170344,0.0028971834326353093,0
665699,1,0,0.0006787757356821601,0.0028971834326353093,0
665700,1,0,0.001006647282858634,0.0028971834326353093,0
665711,1,0,0.0006867787507772402,0.0028971834326353093,0
665715,1,0,0.0021309227088779537,0.0028971834326353093,0
665730,1,0,0.00032426024624412816,0.0028971834326353093,0
665803,1,0,6.872147655594691e-05,0.0028971834326353093,0
665884,1,0,0.008225803657011093,0.0028971834326353093,1
665890,1,0,0.00025909908358171885,0.0028971834326353093,0
665896,1,0,5.8504544445806365e-05,0.0028971834326353093,0
665904,1,0,0.0012147443959149378,0.0028971834326353093,0
665906,1,0,0.0008505648219178251,0.0028971834326353093,0
665918,1,0,0.0002709505117459871,0.0028971834326353093,0
665968,1,0,0.0036371610012527937,0.0028971834326353093,1
666030,1,0,0.0009804619951063753,0.0028971834326353093,0
666037,1,0,0.0002547406017232517,0.0028971834326353093,0
666065,1,0,0.004751170866226127,0.0028971834326353093,1
666082,1,0,0.0005102366967064104,0.0028971834326353093,0
666129,1,0,0.00026157938790124645,0.0028971834326353093,0
666130,1,0,0.0003591398008883009,0.0028971834326353093,0
666139,1,0,0.004406328472772757,0.0028971834326353093,1
666152,1,0,0.0033619900584979266,0.0028971834326353093,1
666171,1,0,0.0004806317541650984,0.0028971834326353093,0
666194,1,0,0.00015825975647645472,0.0028971834326353093,0
666195,1,0,0.0015535402550733463,0.0028971834326353093,0
666238,1,0,0.006053909268460164,0.0028971834326353093,1
666270,1,0,5.0755467242677686e-05,0.0028971834326353093,0
666337,1,0,0.0022051375162118964,0.0028971834326353093,0
666386,1,0,0.0032294824506598737,0.0028971834326353093,1
666390,1,0,0.0007225964241775901,0.0028971834326353093,0
666407,1,0,0.000330524885444231,0.0028971834326353093,0
666432,1,0,0.00011680619458600789,0.0028971834326353093,0
666468,1,0,0.008059033050573683,0.0028971834326353093,1
666469,1,0,0.0005708810102331951,0.0028971834326353093,0
666486,1,0,9.749449308802019e-05,0.0028971834326353093,0
666588,1,0,0.0003076714232548233,0.0028971834326353093,0
666616,1,0,0.0001441234981693027,0.0028971834326353093,0
666644,1,0,0.004471580974726851,0.0028971834326353093,1
666653,1,0,0.0007710097020551724,0.0028971834326353093,0
666663,1,0,0.00010565863446412571,0.0028971834326353093,0
666757,1,0,0.0005713234918811899,0.0028971834326353093,0
666759,1,0,0.0008119381843510025,0.0028971834326353093,0
666781,1,0,3.892419562311434e-05,0.0028971834326353093,0
666794,1,0,0.00021666316802559753,0.0028971834326353093,0
666814,1,0,0.00013381446078826974,0.0028971834326353093,0
666941,1,0,0.0010938016129610655,0.0028971834326353093,0
666991,1,0,0.04030050306594747,0.0028971834326353093,1
666994,1,0,0.005159282189368657,0.0028971834326353093,1
667000,1,0,0.0005498532127233632,0.0028971834326353093,0
667034,1,0,4.384883058106626e-05,0.0028971834326353093,0
667057,1,0,0.000574498136407848,0.0028971834326353093,0
667059,1,0,0.0007677953358527029,0.0028971834326353093,0
667080,1,0,0.00665292542956775,0.0028971834326353093,1
667097,1,0,0.0021337996216951173,0.0028971834326353093,0
667142,1,0,0.00012918095427538544,0.0028971834326353093,0
667144,1,0,0.0033050106480783316,0.0028971834326353093,1
667147,1,0,0.0003369039272970576,0.0028971834326353093,0
667159,1,0,0.0043820948596890695,0.0028971834326353093,1
667202,1,0,0.0003916630802168952,0.0028971834326353093,0
667214,1,0,0.0004899464094047596,0.0028971834326353093,0
667215,1,0,0.002192852683196422,0.0028971834326353093,0
667240,1,0,4.297953794695112e-05,0.0028971834326353093,0
667283,1,0,9.02076915802177e-05,0.0028971834326353093,0
667313,1,0,2.1335853441124677e-05,0.0028971834326353093,0
667316,1,0,0.014213635119526535,0.0028971834326353093,1
667355,1,0,0.0020453485187632123,0.0028971834326353093,0
667615,1,0,0.00036367298308146335,0.0028971834326353093,0
669274,1,0,0.0004643379794507833,0.0028971834326353093,0
669435,1,0,8.905181329053782e-05,0.0028971834326353093,0
669751,1,0,0.00016726207686654956,0.0028971834326353093,0
671011,1,0,0.0024218661177457567,0.0028971834326353093,0
671917,1,0,0.0014418391982948628,0.0028971834326353093,0
672160,1,0,0.0002026055437212964,0.0028971834326353093,0
672555,1,0,7.613619127387673e-05,0.0028971834326353093,0
672585,1,0,0.005770668005816904,0.0028971834326353093,1
673609,1,0,0.0001284572321808561,0.0028971834326353093,0
673730,1,0,0.001229186625645755,0.0028971834326353093,0
674051,1,0,0.001816132009537062,0.0028971834326353093,0
674186,1,0,0.00015449380720615645,0.0028971834326353093,0
674994,1,0,0.0008504277099182844,0.0028971834326353093,0
675181,1,0,0.001613915013323784,0.0028971834326353093,0
675343,1,0,0.00028246375232686877,0.0028971834326353093,0
675533,1,0,0.0011694868911025992,0.0028971834326353093,0
676133,1,0,0.0015418796408650669,0.0028971834326353093,0
676595,1,0,0.0004991244907306853,0.0028971834326353093,0
677923,1,0,0.0008115518096147559,0.0028971834326353093,0
678218,1,0,0.0002866441510196338,0.0028971834326353093,0
679762,1,0,0.0012209563620106147,0.0028971834326353093,0
680103,1,0,0.006099728132619711,0.0028971834326353093,1
683338,1,0,0.0002694325537762785,0.0028971834326353093,0
684344,1,0,8.856692365147149e-05,0.0028971834326353093,0
684548,1,0,0.0006109077760607278,0.0028971834326353093,0
684657,1,0,0.0017848464772319487,0.0028971834326353093,0
685108,1,0,6.434239855751296e-05,0.0028971834326353093,0
686269,1,0,0.02209455685689123,0.0028971834326353093,1
686340,1,0,5.106445829827591e-05,0.0028971834326353093,0
686775,1,0,2.6105708707334627e-05,0.0028971834326353093,0
691328,1,0,0.0009838949926028876,0.0028971834326353093,0
691987,1,0,4.3095752195697635e-05,0.0028971834326353093,0
692198,1,0,0.003176303900943876,0.0028971834326353093,1
693664,1,0,0.0006433293910581222,0.0028971834326353093,0
694208,1,0,0.00243393949236555,0.0028971834326353093,0
694875,1,0,0.0003191214366230993,0.0028971834326353093,0
695208,1,0,0.0002270415530420387,0.0028971834326353093,0
696014,1,0,0.00018091715288754928,0.0028971834326353093,0
696380,1,0,0.0005561688649712617,0.0028971834326353093,0
696845,1,0,0.0003095110366775647,0.0028971834326353093,0
698491,1,0,0.006800264562189304,0.0028971834326353093,1
698707,1,0,0.0004804307541535088,0.0028971834326353093,0
698770,1,0,0.0001505785942340463,0.0028971834326353093,0
699629,1,0,0.0407506102253261,0.0028971834326353093,1
699751,1,0,0.007262059154794417,0.0028971834326353093,1
699753,1,0,0.0005589501877072249,0.0028971834326353093,0
701070,1,0,0.0027067905821113627,0.0028971834326353093,0
701085,1,0,0.00019186358540738234,0.0028971834326353093,0
702153,1,0,0.0006987530696469704,0.0028971834326353093,0
702520,1,0,0.008592088088065788,0.0028971834326353093,1
703931,1,0,0.003186217949238171,0.0028971834326353093,1
704121,1,0,0.0026764576274810794,0.0028971834326353093,0
704533,1,0,0.00013821934254623302,0.0028971834326353093,0
705151,1,0,0.0005553437702702088,0.0028971834326353093,0
705218,1,0,0.00026800876578097625,0.0028971834326353093,0
705594,1,0,0.003783237161239123,0.0028971834326353093,1
706129,1,0,0.0013978658309036984,0.0028971834326353093,0
706548,1,0,0.000612584884894,0.0028971834326353093,0
706621,1,0,0.044228466820673995,0.0028971834326353093,1
707117,1,0,0.048826924140855,0.0028971834326353093,1
707260,1,0,0.00010043728138740754,0.0028971834326353093,0
707841,1,0,0.0028091014689696683,0.0028971834326353093,0
709437,1,0,0.0013378921743240253,0.0028971834326353093,0
709823,1,0,0.00018919234808654667,0.0028971834326353093,0
709890,1,0,0.00013955198953280115,0.0028971834326353093,0
712041,1,0,0.0010916430220403357,0.0028971834326353093,0
712052,1,0,0.0001885619954204986,0.0028971834326353093,0
712669,1,0,0.00016266572403738795,0.0028971834326353093,0
713184,1,0,0.0034194075779937247,0.0028971834326353093,1
713221,1,0,0.00021197938614771544,0.0028971834326353093,0
714029,1,0,0.0021772940468511364,0.0028971834326353093,0
714054,1,0,0.0010833076685330038,0.0028971834326353093,0
714193,1,0,0.0008056055428004869,0.0028971834326353093,0
714396,1,0,3.5177175999860545e-05,0.0028971834326353093,0
714527,1,0,0.0056775334501408285,0.0028971834326353093,1
714553,1,0,0.0006304873264755093,0.0028971834326353093,0
715100,1,0,0.00014818599003265574,0.0028971834326353093,0
715379,1,0,0.004144924416487262,0.0028971834326353093,1
715399,1,0,0.0013261459828801403,0.0028971834326353093,0
715443,1,0,0.0004618960292398908,0.0028971834326353093,0
715538,1,0,0.00618364994506557,0.0028971834326353093,1
717171,1,0,0.0002118823804614138,0.0028971834326353093,0
717539,1,0,0.009528328274626487,0.0028971834326353093,1
717657,1,0,0.0057097218367787505,0.0028971834326353093,1
718035,1,0,0.0003051081276226797,0.0028971834326353093,0
718572,1,0,0.00015687183742291215,0.0028971834326353093,0
719101,1,0,0.003007767174708579,0.0028971834326353093,1
719650,1,0,7.022672409312808e-05,0.0028971834326353093,0
720004,1,0,0.0004797644908498166,0.0028971834326353093,0
720585,1,0,0.00023779115542573654,0.0028971834326353093,0
722503,1,0,0.0016490759452817622,0.0028971834326353093,0
726848,1,0,0.0013206531181675725,0.0028971834326353093,0
727725,1,0,0.0023119268867921525,0.0028971834326353093,0
728497,1,0,0.001043723188392212,0.0028971834326353093,0
729563,1,0,4.896980098640353e-05,0.0028971834326353093,0
729749,1,0,0.007585446457647064,0.0028971834326353093,1
731807,1,0,0.00043941760769855803,0.0028971834326353093,0
733793,1,0,0.0010204613260325378,0.0028971834326353093,0
734097,1,0,0.000359631304150194,0.0028971834326353093,0
734497,1,0,0.000479741463497712,0.0028971834326353093,0
735875,1,0,0.0032779881432276185,0.0028971834326353093,1
738096,1,0,0.0005320773792476676,0.0028971834326353093,0
738845,1,0,0.0005885236956075145,0.0028971834326353093,0
739612,1,0,0.0009758152668504421,0.0028971834326353093,0
740589,1,0,0.00024064418432010183,0.0028971834326353093,0
740754,1,0,0.0008599887096157636,0.0028971834326353093,0
740876,1,0,0.0007608649143855656,0.0028971834326353093,0
742643,1,0,0.001212247132891277,0.0028971834326353093,0
742754,1,0,0.0006255139586572166,0.0028971834326353093,0
743130,1,0,0.0019684214276183766,0.0028971834326353093,0
743969,1,0,0.00026931312674376547,0.0028971834326353093,0
744343,1,0,0.0003307241263124261,0.0028971834326353093,0
745537,1,0,0.006308214448587832,0.0028971834326353093,1
746207,1,0,0.00016534786343225247,0.0028971834326353093,0
746545,1,0,0.0012311422045390243,0.0028971834326353093,0
746585,1,0,0.0007422563903511236,0.0028971834326353093,0
746692,1,0,0.0005345198793486359,0.0028971834326353093,0
747391,1,0,0.004016128547808028,0.0028971834326353093,1
747476,1,0,0.0026230162896515893,0.0028971834326353093,0
748068,1,0,0.0010300603130908698,0.0028971834326353093,0
748263,1,0,0.0010767592635694643,0.0028971834326353093,0
748950,1,0,0.0009398868757900815,0.0028971834326353093,0
749403,1,0,0.0003263425757108544,0.0028971834326353093,0
750220,1,0,0.041090646563281666,0.0028971834326353093,1
750669,1,0,0.0002534269280350002,0.0028971834326353093,0
750712,1,0,0.001532993526977956,0.0028971834326353093,0
750927,1,0,0.00015948923237548492,0.0028971834326353093,0
751320,1,0,0.0019833938849023202,0.0028971834326353093,0
751373,1,0,0.029557534592410534,0.0028971834326353093,1
752122,1,0,0.0023416072786183587,0.0028971834326353093,0
752158,1,0,7.10428326813657e-05,0.0028971834326353093,0
752301,1,0,4.656213004230133e-05,0.0028971834326353093,0
752667,1,0,0.0002966411678340896,0.0028971834326353093,0
752793,1,0,0.020062424810250765,0.0028971834326353093,1
752838,1,0,0.0006441214667137539,0.0028971834326353093,0
752905,1,0,0.0017121434198188786,0.0028971834326353093,0
753292,1,0,0.014813866512958344,0.0028971834326353093,1
753814,1,0,0.0016803283848409272,0.0028971834326353093,0
753989,1,0,0.00013847010829462586,0.0028971834326353093,0
754937,1,0,0.00016731356049692198,0.0028971834326353093,0
755368,1,0,0.0010580036569854813,0.0028971834326353093,0
755570,1,0,0.00033302678791952926,0.0028971834326353093,0
756358,1,0,0.0013672565307231588,0.0028971834326353093,0
756649,1,0,0.0005834876767361432,0.0028971834326353093,0
756689,1,0,2.566801275597074e-05,0.0028971834326353093,0
756749,1,0,0.0007928929173497208,0.0028971834326353093,0
756833,1,0,0.00010239126415886782,0.0028971834326353093,0
756904,1,0,0.0008876876282675689,0.0028971834326353093,0
758269,1,0,0.0001953637693649561,0.0028971834326353093,0
760047,1,0,0.0005695291373254882,0.0028971834326353093,0
762330,1,0,0.0014864062495595625,0.0028971834326353093,0
762462,1,0,0.00012072849527147422,0.0028971834326353093,0
764336,1,0,0.0007056799351100282,0.0028971834326353093,0
764722,1,0,0.0002555820452874891,0.0028971834326353093,0
765667,1,0,0.0004640443987021816,0.0028971834326353093,0
768189,1,0,0.0014098513012480965,0.0028971834326353093,0
768406,1,0,2.473129235206571e-05,0.0028971834326353093,0
768965,1,0,0.0033662881508989954,0.0028971834326353093,1
769060,1,0,0.0007017850227357868,0.0028971834326353093,0
769090,1,0,0.0018143276333463486,0.0028971834326353093,0
769135,1,0,0.006998797822356125,0.0028971834326353093,1
770213,1,0,0.001880801761536858,0.0028971834326353093,0
770793,1,0,0.00036097916154015754,0.0028971834326353093,0
771966,1,0,0.0013319470896464313,0.0028971834326353093,0
772276,1,0,0.00022723550147443148,0.0028971834326353093,0
772515,1,0,0.0005123943889506033,0.0028971834326353093,0
772520,1,0,0.013268330614902384,0.0028971834326353093,1
773039,1,0,0.0013056526599400074,0.0028971834326353093,0
774489,1,0,0.0008632746565786517,0.0028971834326353093,0
774884,1,0,8.926743751752049e-05,0.0028971834326353093,0
775799,1,0,2.2042686870628402e-05,0.0028971834326353093,0
778626,1,0,1.4335435987367361e-05,0.0028971834326353093,0
778714,1,0,0.00043744148652490636,0.0028971834326353093,0
779968,1,0,0.003020071090964203,0.0028971834326353093,1
781328,1,0,0.0006551520422730926,0.0028971834326353093,0
782348,1,0,0.00014418955716166037,0.0028971834326353093,0
782414,1,0,0.00014929707858651878,0.0028971834326353093,0
782630,1,0,0.0001450760239238344,0.0028971834326353093,0
782864,1,0,2.199920012159152e-05,0.0028971834326353093,0
782865,1,0,0.00017420271824791382,0.0028971834326353093,0
786375,1,0,0.0037215176889699906,0.0028971834326353093,1
786671,1,0,0.002618439809738358,0.0028971834326353093,0
787442,1,0,0.00018310948944480585,0.0028971834326353093,0
787615,1,0,0.00018192310230831212,0.0028971834326353093,0
787692,1,0,0.00016674620603751263,0.0028971834326353093,0
787773,1,0,5.440691008733863e-05,0.0028971834326353093,0
787920,1,0,0.0012717346950755104,0.0028971834326353093,0
790153,1,0,0.00015138202712141192,0.0028971834326353093,0
790310,1,0,0.0007227047651349497,0.0028971834326353093,0
790432,1,0,0.0009396667924744039,0.0028971834326353093,0
791477,1,0,0.000562965329508374,0.0028971834326353093,0
791564,1,0,0.0002994366045741984,0.0028971834326353093,0
793594,1,0,0.0008123273412039,0.0028971834326353093,0
793678,1,0,0.0003336313609655449,0.0028971834326353093,0
793991,1,0,0.0004216526276257552,0.0028971834326353093,0
794096,1,0,0.00019816040158318935,0.0028971834326353093,0
794578,1,0,0.0003435382092899803,0.0028971834326353093,0
794607,1,0,0.00025681153397200677,0.0028971834326353093,0
795916,1,0,0.00026803768609777505,0.0028971834326353093,0
796903,1,0,0.000961312948550615,0.0028971834326353093,0
797232,1,0,0.0050652565945137895,0.0028971834326353093,1
797333,1,0,0.0005822199208802695,0.0028971834326353093,0
797670,1,0,0.00028970505274434255,0.0028971834326353093,0
797933,1,0,0.00022096706506619313,0.0028971834326353093,0
798105,1,0,0.0006678709740243005,0.0028971834326353093,0
798780,1,0,0.00036189661171683236,0.0028971834326353093,0
800327,1,0,0.0004707083096360048,0.0028971834326353093,0
800429,1,0,1.1168656827242546e-05,0.0028971834326353093,0
801290,1,0,0.00012999209987987078,0.0028971834326353093,0
802085,1,0,0.0002739738319635708,0.0028971834326353093,0
802097,1,0,0.009820884980595206,0.0028971834326353093,1
803048,1,0,0.0038811062133383206,0.0028971834326353093,1
803418,1,0,9.735592792128258e-05,0.0028971834326353093,0
805390,1,0,0.005397745298612991,0.0028971834326353093,1
806175,1,0,0.00017994511637305582,0.0028971834326353093,0
807071,1,0,0.0018225719069561916,0.0028971834326353093,0
811280,1,0,0.001095704226328835,0.0028971834326353093,0
812029,1,0,0.00011010295878170619,0.0028971834326353093,0
815481,1,0,9.696785651085808e-05,0.0028971834326353093,0
821815,1,0,0.0011734070370898115,0.0028971834326353093,0
823364,1,0,0.0006061324585137165,0.0028971834326353093,0
826934,1,0,0.0005506318404714407,0.0028971834326353093,0
827711,1,0,0.0001156927864818748,0.0028971834326353093,0
828555,1,0,0.007265800795177406,0.0028971834326353093,1
829194,1,0,0.0011782287674300218,0.0028971834326353093,0
829820,1,0,0.0019419676853974729,0.0028971834326353093,0
829856,1,0,0.00018940634612767368,0.0028971834326353093,0
829946,1,0,0.0022995151910236815,0.0028971834326353093,0
830688,1,0,0.0017122649467374242,0.0028971834326353093,0
831603,1,0,0.011924904671932178,0.0028971834326353093,1
831798,1,0,0.00016150131332343725,0.0028971834326353093,0
832308,1,0,0.00023304796900513406,0.0028971834326353093,0
833616,1,0,5.8149024402327166e-05,0.0028971834326353093,0
836204,1,0,0.00011565414211529286,0.0028971834326353093,0
838549,1,0,0.00019692108903817963,0.0028971834326353093,0
838737,1,0,0.0051066786468266755,0.0028971834326353093,1
840682,1,0,0.0006322225993299571,0.0028971834326353093,0
843337,1,0,0.00017601334032827526,0.0028971834326353093,0
844858,1,0,0.0009574906843612093,0.0028971834326353093,0
845766,1,0,0.00018925531993686925,0.0028971834326353093,0
846475,1,0,0.00042700262749063725,0.0028971834326353093,0
846547,1,0,0.00044414477541948654,0.0028971834326353093,0
847066,1,0,0.0005559107255917505,0.0028971834326353093,0
847874,1,0,0.00031936690063408534,0.0028971834326353093,0
847923,1,0,0.003353232302842643,0.0028971834326353093,1
847943,1,0,0.00014422562750342652,0.0028971834326353093,0
848598,1,0,0.0002052336233614224,0.0028971834326353093,0
848717,1,0,0.005770649551458566,0.0028971834326353093,1
848719,1,0,0.002707131428762949,0.0028971834326353093,0
851156,1,0,0.000629885556054692,0.0028971834326353093,0
852180,1,0,0.0007944289420247188,0.0028971834326353093,0
852246,1,0,0.0028341960866265985,0.0028971834326353093,0
853427,1,0,0.0006148868593296011,0.0028971834326353093,0
854265,1,0,0.00014189039404056964,0.0028971834326353093,0
856143,1,0,0.0002599576925798956,0.0028971834326353093,0
859114,1,0,0.00024658953486425295,0.0028971834326353093,0
860215,1,0,0.0023667666593080103,0.0028971834326353093,0
866382,1,0,0.00181051335029887,0.0028971834326353093,0
866516,1,0,0.0006045584253266568,0.0028971834326353093,0
866661,1,0,0.000282375782392113,0.0028971834326353093,0
866671,1,0,0.00045512554882298144,0.0028971834326353093,0
866920,1,0,0.0016821562645378376,0.0028971834326353093,0
866943,1,0,0.003599397959821407,0.0028971834326353093,1
866987,1,0,0.001174407718183375,0.0028971834326353093,0
867086,1,0,0.013077428591790069,0.0028971834326353093,1
867488,1,0,0.0002780617001186932,0.0028971834326353093,0
867980,1,0,0.00010260203376990501,0.0028971834326353093,0
869427,1,0,0.00014730008466804176,0.0028971834326353093,0
869526,1,0,0.00031157033639425604,0.0028971834326353093,0
869690,1,0,0.0013018589618519069,0.0028971834326353093,0
869844,1,0,3.255546748469234e-05,0.0028971834326353093,0
870241,1,0,0.0008164239280370922,0.0028971834326353093,0
870393,1,0,0.0017646363588148168,0.0028971834326353093,0
870960,1,0,0.0008108459390825668,0.0028971834326353093,0
871476,1,0,3.892706616182988e-05,0.0028971834326353093,0
871808,1,0,0.0011483079872741328,0.0028971834326353093,0
872090,1,0,0.00012208082981284165,0.0028971834326353093,0
872317,1,0,0.0004720109935448759,0.0028971834326353093,0
872330,1,0,0.00017115236739118287,0.0028971834326353093,0
872367,1,0,0.002678155640617776,0.0028971834326353093,0
873063,1,0,0.004885159219606922,0.0028971834326353093,1
873512,1,0,0.00032198053619808726,0.0028971834326353093,0
873588,1,0,0.0005071062075556202,0.0028971834326353093,0
873594,1,0,0.00022942810163617788,0.0028971834326353093,0
873914,1,0,0.00010496222347852022,0.0028971834326353093,0
873978,1,0,0.0018536193990050815,0.0028971834326353093,0
874386,1,0,0.001638024204832816,0.0028971834326353093,0
875199,1,0,0.003276016045385862,0.0028971834326353093,1
875376,1,0,0.0004749399475251928,0.0028971834326353093,0
877354,1,0,0.00039293878524368617,0.0028971834326353093,0
877366,1,0,0.009750778559702267,0.0028971834326353093,1
877833,1,0,1.8019356293109902e-05,0.0028971834326353093,0
878804,1,0,0.001377257501388749,0.0028971834326353093,0
880010,1,0,0.00013180285688067732,0.0028971834326353093,0
880574,1,0,0.0007054458279172469,0.0028971834326353093,0
881046,1,0,0.000500370767066441,0.0028971834326353093,0
882506,1,0,0.0012126992776006326,0.0028971834326353093,0
885431,1,0,0.0004014450670223534,0.0028971834326353093,0
886657,1,0,0.06178937771169997,0.0028971834326353093,1
888108,1,0,0.000605957000127012,0.0028971834326353093,0
888358,1,0,0.0005843379859100458,0.0028971834326353093,0
888373,1,0,0.00011759122039166727,0.0028971834326353093,0
889333,1,0,6.198489372513464e-05,0.0028971834326353093,0
889704,1,0,0.0004196632152080323,0.0028971834326353093,0
889880,1,0,0.00042327790363491446,0.0028971834326353093,0
890827,1,0,0.0002879597599271096,0.0028971834326353093,0
890979,1,0,0.00036718989682661614,0.0028971834326353093,0
891156,1,0,0.0010079748567162657,0.0028971834326353093,0
891289,1,0,0.0003286215184630191,0.0028971834326353093,0
891461,1,0,0.032847879337907934,0.0028971834326353093,1
891798,1,0,0.0013826403102207283,0.0028971834326353093,0
892027,1,0,0.000258465439990136,0.0028971834326353093,0
892424,1,0,0.00023786481669985557,0.0028971834326353093,0
892462,1,0,0.001418390360587326,0.0028971834326353093,0
892728,1,0,2.3339493764246474e-05,0.0028971834326353093,0
892999,1,0,0.016703676820554077,0.0028971834326353093,1
893238,1,0,0.03876443660895345,0.0028971834326353093,1
893290,1,0,0.000493128894471783,0.0028971834326353093,0
893292,1,0,7.579020981613624e-05,0.0028971834326353093,0
893368,1,0,0.00016135800337756554,0.0028971834326353093,0
893369,1,0,0.000284845581580318,0.0028971834326353093,0
893664,1,0,0.0001277518337287883,0.0028971834326353093,0
893729,1,0,0.000877753604390881,0.0028971834326353093,0
893755,1,0,2.6455524216207166e-05,0.0028971834326353093,0
894549,1,0,0.001099844250023339,0.0028971834326353093,0
894644,1,0,0.0011334752531633474,0.0028971834326353093,0
895015,1,0,0.0005269820924821495,0.0028971834326353093,0
895051,1,0,0.003073422938284871,0.0028971834326353093,1
895701,1,0,0.009190274617871324,0.0028971834326353093,1
895881,1,0,0.0009925855866356088,0.0028971834326353093,0
896068,1,0,4.0094216643555654e-05,0.0028971834326353093,0
896649,1,0,0.002087077074833848,0.0028971834326353093,0
897479,1,0,0.00031943891610800674,0.0028971834326353093,0
898015,1,0,0.0007244722646280416,0.0028971834326353093,0
898091,1,0,8.04210365967364e-05,0.0028971834326353093,0
898362,1,0,0.00012471059825071656,0.0028971834326353093,0
899074,1,0,4.78456251049487e-05,0.0028971834326353093,0
900288,1,0,0.00022827486493578425,0.0028971834326353093,0
900524,1,0,0.0002645965900959744,0.0028971834326353093,0
900796,1,0,0.029321029691254136,0.0028971834326353093,1
900993,1,0,0.00022587274783840398,0.0028971834326353093,0
901224,1,0,0.00015999346314999455,0.0028971834326353093,0
904602,1,0,7.262439845900399e-05,0.0028971834326353093,0
910585,1,0,9.067561880952663e-05,0.0028971834326353093,0
913814,1,0,0.007609508590845949,0.0028971834326353093,1
915757,1,0,0.00015912177047005253,0.0028971834326353093,0
920392,1,0,0.0009551707031443922,0.0028971834326353093,0
923199,1,0,0.0006200738023862695,0.0028971834326353093,0
923206,1,0,0.0002710913312005372,0.0028971834326353093,0
923207,1,0,4.55597562086796e-05,0.0028971834326353093,0
923210,1,0,0.0006690675440471634,0.0028971834326353093,0
934797,1,0,0.0005161581784051741,0.0028971834326353093,0
934896,1,0,0.0001337848073838512,0.0028971834326353093,0
935064,1,0,8.652947133989373e-05,0.0028971834326353093,0
935234,1,0,0.00011971783410611349,0.0028971834326353093,0
935269,1,0,8.64531623224852e-05,0.0028971834326353093,0
935556,1,0,0.010316234697998984,0.0028971834326353093,1
936578,1,0,0.00013512492191304124,0.0028971834326353093,0
936637,1,0,0.0003391912822164643,0.0028971834326353093,0
936708,1,0,0.00013756537215671774,0.0028971834326353093,0
937197,1,0,9.59212191386232e-06,0.0028971834326353093,0
941246,1,0,0.00045417322815746156,0.0028971834326353093,0
945378,1,0,0.00156053343919164,0.0028971834326353093,0
945443,1,0,0.006655777469837587,0.0028971834326353093,1
945763,1,0,7.557522362228849e-05,0.0028971834326353093,0
948801,1,0,0.0006262757676503114,0.0028971834326353093,0
951580,1,0,0.000498915355184903,0.0028971834326353093,0
952505,1,0,8.784227623974206e-05,0.0028971834326353093,0
953656,1,0,0.00047110942881474374,0.0028971834326353093,0
956345,1,0,0.0072517538263600426,0.0028971834326353093,1
956509,1,0,4.147536537229067e-05,0.0028971834326353093,0
957413,1,0,0.0024519520082982066,0.0028971834326353093,0
958620,1,0,0.00038433028755707196,0.0028971834326353093,0
962267,1,0,0.0004159716421696427,0.0028971834326353093,0
965272,1,0,0.0019265430581475247,0.0028971834326353093,0
967271,1,0,0.0020474259460070603,0.0028971834326353093,0
967722,1,0,0.0037002487225634567,0.0028971834326353093,1
967787,1,0,2.9695848896617127e-05,0.0028971834326353093,0
967914,1,0,0.00027764492241602053,0.0028971834326353093,0
969673,1,0,0.0016090214559492018,0.0028971834326353093,0
970263,1,0,0.002449132703158022,0.0028971834326353093,0
970559,1,0,0.0006864994026487215,0.0028971834326353093,0
970835,1,0,0.0002565836341002665,0.0028971834326353093,0
970871,1,0,0.0025495938987894423,0.0028971834326353093,0
970938,1,0,0.0009683548501652204,0.0028971834326353093,0
971039,1,0,0.0030713113472180115,0.0028971834326353093,1
971861,1,0,0.0002456205481965852,0.0028971834326353093,0
971878,1,0,0.002613444455500026,0.0028971834326353093,0
972247,1,0,0.0026462147224302654,0.0028971834326353093,0
972317,1,0,6.648160633617455e-05,0.0028971834326353093,0
972560,1,0,0.0011045974694341557,0.0028971834326353093,0
972595,1,0,0.004855635257405226,0.0028971834326353093,1
972603,1,0,0.00017783423175154044,0.0028971834326353093,0
972842,1,0,0.00238257481394651,0.0028971834326353093,0
973041,1,0,0.002767054376068972,0.0028971834326353093,0
973068,1,0,0.0010126034361160872,0.0028971834326353093,0
973212,1,0,0.0001874067691814923,0.0028971834326353093,0
973358,1,0,0.02315878549898145,0.0028971834326353093,1
973400,1,0,0.0032946055740478183,0.0028971834326353093,1
973595,1,0,0.0001355017725828136,0.0028971834326353093,0
973782,1,0,0.0008489984114301757,0.0028971834326353093,0
974070,1,0,0.0001785768759535566,0.0028971834326353093,0
974153,1,0,0.0004980444700413874,0.0028971834326353093,0
974192,1,0,0.0029183074431946066,0.0028971834326353093,1
974602,1,0,0.00851415993028451,0.0028971834326353093,1
974713,1,0,0.001250597969927206,0.0028971834326353093,0
974925,1,0,0.002583795547702705,0.0028971834326353093,0
974955,1,0,0.006438008758214779,0.0028971834326353093,1
976075,1,0,0.0004386158688027293,0.0028971834326353093,0
976162,1,0,0.0014121538236818911,0.0028971834326353093,0
976285,1,0,0.010370615022576494,0.0028971834326353093,1
976394,1,0,0.00024008929856051168,0.0028971834326353093,0
976706,1,0,0.0002606148645530548,0.0028971834326353093,0
976794,1,0,0.000256557319827495,0.0028971834326353093,0
976985,1,0,0.0008621221029945926,0.0028971834326353093,0
977133,1,0,0.00014808905317424114,0.0028971834326353093,0
977233,1,0,1.7021960157579836e-05,0.0028971834326353093,0
977306,1,0,0.0009396912239263694,0.0028971834326353093,0
977415,1,0,0.004411705435977134,0.0028971834326353093,1
977429,1,0,0.00017849156578574464,0.0028971834326353093,0
977504,1,0,0.00011317771576602328,0.0028971834326353093,0
977664,1,0,0.0003927669566646542,0.0028971834326353093,0
977800,1,0,0.002015540191045515,0.0028971834326353093,0
978260,1,0,0.0002707043131520213,0.0028971834326353093,0
978969,1,0,0.014170753963399597,0.0028971834326353093,1
980701,1,0,8.184604625532916e-05,0.0028971834326353093,0
982331,1,0,2.3485568260832737e-05,0.0028971834326353093,0
984193,1,0,0.00043316680105350664,0.0028971834326353093,0
985316,1,0,0.0019311061470242883,0.0028971834326353093,0
987254,1,0,0.002068781533498546,0.0028971834326353093,0
989220,1,0,0.00016467761726982137,0.0028971834326353093,0
991754,1,0,0.0017267493034523042,0.0028971834326353093,0
992281,1,0,0.00017711648110896482,0.0028971834326353093,0
993392,1,0,0.001733060352162426,0.0028971834326353093,0
1008080,1,0,7.540614875862204e-05,0.0028971834326353093,0
1010420,1,0,4.642378573409336e-05,0.0028971834326353093,0
1012319,1,0,0.0009714241755935774,0.0028971834326353093,0
1034468,1,0,0.0012049622550646553,0.0028971834326353093,0
1041318,1,0,0.00015710182542080024,0.0028971834326353093,0
1044767,1,0,0.00034384988652758476,0.0028971834326353093,0
1050462,1,0,0.0022012519599321555,0.0028971834326353093,0
1069130,1,0,0.0008246240753470498,0.0028971834326353093,0
1069562,1,0,0.00042701698835144344,0.0028971834326353093,0
1070224,1,0,7.253340393803166e-05,0.0028971834326353093,0
1071278,1,0,0.0001816307979421521,0.0028971834326353093,0
1072066,1,0,8.671219809947353e-05,0.0028971834326353093,0
1073127,1,0,9.323104892429429e-05,0.0028971834326353093,0
1075551,1,0,2.3577521432277064e-05,0.0028971834326353093,0
1075566,1,0,0.001300415028743301,0.0028971834326353093,0
1078123,1,0,0.00028032463181454196,0.0028971834326353093,0
1079377,1,0,0.0049880326679065876,0.0028971834326353093,1
1080043,1,0,0.00034774442979709834,0.0028971834326353093,0
1080280,1,0,0.0015542515829963523,0.0028971834326353093,0
1080538,1,0,0.0013034635713832184,0.0028971834326353093,0
1081943,1,0,0.00022620520627420916,0.0028971834326353093,0
1084037,1,0,9.451573529062515e-05,0.0028971834326353093,0
1084370,1,0,3.4702483335115266e-05,0.0028971834326353093,0
1084980,1,0,3.7101290793617955e-05,0.0028971834326353093,0
1085507,1,0,0.00022592531012541816,0.0028971834326353093,0
1085969,1,0,2.189065831618312e-05,0.0028971834326353093,0
1086088,1,0,0.005972565498644345,0.0028971834326353093,1
1087322,1,0,0.0001140939463381207,0.0028971834326353093,0
1088642,1,0,0.000666400018492211,0.0028971834326353093,0
1088681,1,0,0.00025770659532437824,0.0028971834326353093,0
1089055,1,0,0.0002612846985025282,0.0028971834326353093,0
1090110,1,0,5.573640913925215e-05,0.0028971834326353093,0
1090945,1,0,0.00380083562082264,0.0028971834326353093,1
1091475,1,0,0.00019860527188892565,0.0028971834326353093,0
1091676,1,0,0.004444722111001642,0.0028971834326353093,1
1092932,1,0,0.00015835852143713736,0.0028971834326353093,0
1093251,1,0,0.0003621825175665521,0.0028971834326353093,0
1094091,1,0,0.00036391330338158775,0.0028971834326353093,0
1094288,1,0,0.0004763237542343285,0.0028971834326353093,0
1094882,1,0,0.001039214898583274,0.0028971834326353093,0
1094980,1,0,0.0005372757028373772,0.0028971834326353093,0
1095124,1,0,0.000222283460920558,0.0028971834326353093,0
1096294,1,0,0.01102694542487103,0.0028971834326353093,1
1104092,1,0,0.009551402785282036,0.0028971834326353093,1
1112844,1,0,0.00015494613280379145,0.0028971834326353093,0
1115131,1,0,0.0561095525240815,0.0028971834326353093,1
1118257,1,0,0.01440864262858074,0.0028971834326353093,1
1121354,1,0,6.953290731041541e-05,0.0028971834326353093,0
1122116,1,0,0.005651161603507345,0.0028971834326353093,1
1129881,1,0,0.0009561497675605172,0.0028971834326353093,0
1133587,1,0,0.0015634835795329677,0.0028971834326353093,0
1136397,1,0,0.0001660238490934967,0.0028971834326353093,0
1137865,1,0,9.659690343939427e-05,0.0028971834326353093,0
1147557,1,0,0.0009918009813788937,0.0028971834326353093,0
1149679,1,0,9.38066336795537e-05,0.0028971834326353093,0
1152634,1,0,0.002640226747772062,0.0028971834326353093,0
1153671,1,0,0.006197342692134148,0.0028971834326353093,1
1156033,1,0,0.00021277018295107056,0.0028971834326353093,0
1160733,1,0,0.00100779695237501,0.0028971834326353093,0
1164668,1,0,0.002123976294516626,0.0028971834326353093,0
1167248,1,0,3.5243257107819845e-05,0.0028971834326353093,0
1177287,1,0,0.0001380527606934113,0.0028971834326353093,0
1178217,1,0,0.000816846630899821,0.0028971834326353093,0
1180112,1,0,0.00032504731771554546,0.0028971834326353093,0
1182906,1,0,0.0011082718651899584,0.0028971834326353093,0
1190260,1,0,0.0010078410563709047,0.0028971834326353093,0
1203196,1,0,0.0005315285180271375,0.0028971834326353093,0
1204217,1,0,0.011187533505636763,0.0028971834326353093,1
1207936,1,0,0.00010117201353864065,0.0028971834326353093,0
1213365,1,0,0.0016455090971129079,0.0028971834326353093,0
1217154,1,0,0.0006678245536049693,0.0028971834326353093,0
1220269,1,0,5.9964611657746686e-05,0.0028971834326353093,0
1222832,1,0,0.0008916773682535975,0.0028971834326353093,0
1227337,1,0,0.0033017041138176904,0.0028971834326353093,1
1234087,1,0,0.0020109563360129943,0.0028971834326353093,0
1235819,1,0,0.0039126726855853765,0.0028971834326353093,1
1236189,1,0,0.0008022290918346102,0.0028971834326353093,0
1239232,1,0,0.016235505467275174,0.0028971834326353093,1
1241962,1,0,0.001285907761600558,0.0028971834326353093,0
1242022,1,0,0.002804271287622628,0.0028971834326353093,0
1243763,1,0,0.0015760663221325519,0.0028971834326353093,0
1244590,1,0,0.002601489972440093,0.0028971834326353093,0
1244711,1,0,0.002195830019135652,0.0028971834326353093,0
1245035,1,0,0.0012286832667183873,0.0028971834326353093,0
1245049,1,0,0.0001698662591887007,0.0028971834326353093,0
1245058,1,0,0.0014942177558438135,0.0028971834326353093,0
1245174,1,0,7.01850057074264e-05,0.0028971834326353093,0
1245418,1,0,0.0006417407829236415,0.0028971834326353093,0
1245581,1,0,0.016371712827913647,0.0028971834326353093,1
1245677,1,0,0.001707661095989571,0.0028971834326353093,0
1245885,1,0,0.0008394823471972658,0.0028971834326353093,0
1246241,1,0,0.004470072674541859,0.0028971834326353093,1
1246262,1,0,0.00013310252399444905,0.0028971834326353093,0
1246317,1,0,0.0053858694741531574,0.0028971834326353093,1
1246423,1,0,0.0007835696809109207,0.0028971834326353093,0
1246473,1,0,0.0005380784178135945,0.0028971834326353093,0
1246663,1,0,0.005622578016314602,0.0028971834326353093,1
1246952,1,0,0.010163420420580514,0.0028971834326353093,1
1247020,1,0,0.0004555490398780337,0.0028971834326353093,0
1247215,1,0,0.00033545523227375385,0.0028971834326353093,0
1247272,1,0,0.035202502815849517,0.0028971834326353093,1
1247681,1,0,7.655869762526658e-05,0.0028971834326353093,0
1247755,1,0,8.203328666347031e-05,0.0028971834326353093,0
1247966,1,0,0.00011650740267935448,0.0028971834326353093,0
1248259,1,0,0.001074379566027135,0.0028971834326353093,0
1248521,1,0,0.0001514194444883855,0.0028971834326353093,0
1249221,1,0,0.0005641880142161119,0.0028971834326353093,0
1250020,1,0,0.00013522865928836691,0.0028971834326353093,0
1250533,1,0,0.00013884188064692442,0.0028971834326353093,0
1250695,1,0,0.0030278346302632002,0.0028971834326353093,1
1250928,1,0,3.4268315493435865e-05,0.0028971834326353093,0
1251500,1,0,3.229539253391098e-05,0.0028971834326353093,0
1252205,1,0,0.0001924530085029546,0.0028971834326353093,0
1252430,1,0,0.002344700915327384,0.0028971834326353093,0
1252775,1,0,0.0003130116002592637,0.0028971834326353093,0
1253429,1,0,0.00029196190294113655,0.0028971834326353093,0
1256251,1,0,0.0025329306267357693,0.0028971834326353093,0
1256853,1,0,0.00023181999418372582,0.0028971834326353093,0
1256865,1,0,0.004141705346445509,0.0028971834326353093,1
1257512,1,0,1.7244758479534428e-05,0.0028971834326353093,0
1257531,1,0,0.0006586766853629714,0.0028971834326353093,0
1257729,1,0,0.0011674714441136306,0.0028971834326353093,0
1258003,1,0,0.00013616299029678978,0.0028971834326353093,0
1258161,1,0,0.00013851705316371356,0.0028971834326353093,0
1259020,1,0,0.006031731693182121,0.0028971834326353093,1
1259709,1,0,0.0059620543748024266,0.0028971834326353093,1
1259858,1,0,0.0016925194224220517,0.0028971834326353093,0
1262216,1,0,0.00016652575508542276,0.0028971834326353093,0
1262685,1,0,0.001390469146615398,0.0028971834326353093,0
1263104,1,0,5.847906503695822e-05,0.0028971834326353093,0
1263357,1,0,0.0017493526842773503,0.0028971834326353093,0
1264360,1,0,0.0001916401089950837,0.0028971834326353093,0
1264900,1,0,0.006505312251443572,0.0028971834326353093,1
1264902,1,0,0.000545007022308285,0.0028971834326353093,0
1265494,1,0,0.0005065675755329201,0.0028971834326353093,0
1266519,1,0,5.627221569607158e-05,0.0028971834326353093,0
1266768,1,0,0.010843343633910473,0.0028971834326353093,1
1267671,1,0,0.00015645325905740693,0.0028971834326353093,0
1267856,1,0,0.00950392346235488,0.0028971834326353093,1
1269494,1,0,0.0003283070631502636,0.0028971834326353093,0
1285995,1,0,0.0004761471720096287,0.0028971834326353093,0
1286715,1,0,0.13189160423363827,0.0028971834326353093,1
1287206,1,0,5.839060997702651e-05,0.0028971834326353093,0
1288173,1,0,3.32960019967928e-05,0.0028971834326353093,0
1288938,1,0,0.0005539505760878386,0.0028971834326353093,0
1289072,1,0,0.0005287321938411463,0.0028971834326353093,0
1289729,1,0,0.0006429152282953817,0.0028971834326353093,0
1290059,1,0,0.0006518104776654629,0.0028971834326353093,0
1292057,1,0,0.00013754832407200104,0.0028971834326353093,0
1292336,1,0,0.03429348899022527,0.0028971834326353093,1
1292507,1,0,0.0002632091843071363,0.0028971834326353093,0
1292871,1,0,0.0068515203581678095,0.0028971834326353093,1
1293110,1,0,0.0005884294817127415,0.0028971834326353093,0
1295477,1,0,0.0013390308926653572,0.0028971834326353093,0
1296067,1,0,8.368179515129214e-05,0.0028971834326353093,0
1296911,1,0,0.0006950123992344603,0.0028971834326353093,0
1299132,1,0,0.004021834812461344,0.0028971834326353093,1
1299473,1,0,0.0014083022166159257,0.0028971834326353093,0
1301658,1,0,0.00023289770225692089,0.0028971834326353093,0
1301937,1,0,4.896823883450225e-05,0.0028971834326353093,0
1304866,1,0,0.0002720000064786757,0.0028971834326353093,0
1306434,1,0,0.000789488619664867,0.0028971834326353093,0
1306519,1,0,0.00015925927818163628,0.0028971834326353093,0
1307078,1,0,0.0010676266182679261,0.0028971834326353093,0
1307368,1,0,5.383414403690429e-05,0.0028971834326353093,0
1307706,1,0,0.00028766487608388933,0.0028971834326353093,0
1309069,1,0,0.0001377723246396586,0.0028971834326353093,0
1309539,1,0,0.0002874687219443459,0.0028971834326353093,0
1310735,1,0,0.00011994227194522797,0.0028971834326353093,0
1311845,1,0,0.00011924249628399148,0.0028971834326353093,0
1312376,1,0,0.00012030646479135534,0.0028971834326353093,0
1312649,1,0,0.004985509875658066,0.0028971834326353093,1
1313869,1,0,2.1013245192295768e-05,0.0028971834326353093,0
1314141,1,0,0.0003239280200411658,0.0028971834326353093,0
1314443,1,0,0.0008960338250959003,0.0028971834326353093,0
1314910,1,0,0.00010374285237078373,0.0028971834326353093,0
1315334,1,0,0.005897739662154614,0.0028971834326353093,1
1315619,1,0,0.01608219668807224,0.0028971834326353093,1
1316594,1,0,5.546320242217329e-06,0.0028971834326353093,0
1319182,1,0,0.00018943428018494538,0.0028971834326353093,0
1321203,1,0,0.00031257692955548376,0.0028971834326353093,0
1321373,1,0,0.00382212052332936,0.0028971834326353093,1
1324653,1,0,0.0005752470928645225,0.0028971834326353093,0
1332572,1,0,0.001762808916849867,0.0028971834326353093,0
1332652,1,0,0.0003328325625264843,0.0028971834326353093,0
1332678,1,0,0.0006424737603580056,0.0028971834326353093,0
1332751,1,0,0.0007511661900477401,0.0028971834326353093,0
1338210,1,0,0.004277208473192108,0.0028971834326353093,1
1339686,1,0,0.0008977328682077286,0.0028971834326353093,0
1340407,1,0,0.0046015920242607105,0.0028971834326353093,1
1350038,1,0,3.644367823433363e-05,0.0028971834326353093,0
1352598,1,0,0.02705895865370559,0.0028971834326353093,1
1355281,1,0,0.0001246966267924901,0.0028971834326353093,0
1363991,1,0,0.0016396657046812522,0.0028971834326353093,0
1366294,1,0,0.0035382494167762635,0.0028971834326353093,1
1367557,1,0,0.000170943379662225,0.0028971834326353093,0
1377111,1,0,6.701938995362838e-05,0.0028971834326353093,0
1379554,1,0,0.00018666972306435748,0.0028971834326353093,0
1397542,1,0,0.004647996497095171,0.0028971834326353093,1
1397839,1,0,0.0002599440935297171,0.0028971834326353093,0
1416241,1,0,0.0004567596842790625,0.0028971834326353093,0
1441072,1,0,0.00015242999759788162,0.0028971834326353093,0
1448416,1,0,0.002507981555441938,0.0028971834326353093,0
1454652,1,0,0.008864954593344035,0.0028971834326353093,1
1473320,1,0,0.0006363871534086315,0.0028971834326353093,0
1500010,1,0,0.0004775923056809153,0.0028971834326353093,0
1517919,1,0,0.00044742670838002294,0.0028971834326353093,0
1519524,1,0,0.0002510732926648008,0.0028971834326353093,0
1519798,1,0,0.005919150067877967,0.0028971834326353093,1
1521366,1,0,0.0002277977758426383,0.0028971834326353093,0
1522381,1,0,0.001115730929211425,0.0028971834326353093,0
1533650,1,0,0.00028120276864128266,0.0028971834326353093,0
1534927,1,0,0.0004820177904959095,0.0028971834326353093,0
1536758,1,0,0.0007505629575533221,0.0028971834326353093,0
1537484,1,0,0.0021529919633133774,0.0028971834326353093,0
1547964,1,0,0.000448212758529048,0.0028971834326353093,0
1563400,1,0,0.0008315763246118772,0.0028971834326353093,0
1564326,1,0,6.49176379890557e-05,0.0028971834326353093,0
1564642,1,0,3.8591663171490166e-05,0.0028971834326353093,0
1569642,1,0,0.004768902649658823,0.0028971834326353093,1
1583933,1,0,0.0010055952584676318,0.0028971834326353093,0
1586062,1,0,0.0009689973944762795,0.0028971834326353093,0
1600110,1,0,0.0020185117642712064,0.0028971834326353093,0
1604980,1,0,0.0004706487617914945,0.0028971834326353093,0
1627199,1,0,0.0005432608630627386,0.0028971834326353093,0
1630760,1,0,0.0022976510750071415,0.0028971834326353093,0
1768567,1,0,0.005381329516722445,0.0028971834326353093,1
1788010,1,0,0.0049607328488384655,0.0028971834326353093,1
1825648,1,0,0.0001501134866615837,0.0028971834326353093,0
1827097,1,0,6.210349168765416e-05,0.0028971834326353093,0
1830672,1,0,1.9658317299283213e-05,0.0028971834326353093,0
1858707,1,0,0.00021318383477881084,0.0028971834326353093,0
1867624,1,0,0.0009899275248259642,0.0028971834326353093,0
1871571,1,0,4.03886405734609e-05,0.0028971834326353093,0
1878948,1,0,9.524893502617716e-05,0.0028971834326353093,0
1880472,1,0,0.0008480224300776127,0.0028971834326353093,0
1890961,1,0,0.003033391296390964,0.0028971834326353093,1
1904626,1,0,9.335747269547107e-05,0.0028971834326353093,0
1912725,1,0,8.31549662567289e-05,0.0028971834326353093,0
1916559,1,0,0.0003183837706993349,0.0028971834326353093,0
1939424,1,0,7.575021414746315e-05,0.0028971834326353093,0
1947375,1,0,0.0003300222002064457,0.0028971834326353093,0
1952823,1,0,0.0010955161106639907,0.0028971834326353093,0
1971233,1,0,0.00029855404128291115,0.0028971834326353093,0
1978135,1,0,0.0004307891182515872,0.0028971834326353093,0
2020399,1,0,4.985776781977254e-05,0.0028971834326353093,0
2029464,1,0,2.6975983876852204e-05,0.0028971834326353093,0
2033004,1,0,7.881056703407926e-05,0.0028971834326353093,0
2047470,1,0,0.004124140356762128,0.0028971834326353093,1
2050900,1,0,0.0014273057948393847,0.0028971834326353093,0
2051224,1,0,0.00238796844120164,0.0028971834326353093,0
2052813,1,0,0.00037934676933998107,0.0028971834326353093,0
2052868,1,0,0.00046589540085830605,0.0028971834326353093,0
2053114,1,0,0.00023023353142058667,0.0028971834326353093,0
2054808,1,0,0.0011440819198972414,0.0028971834326353093,0
2055475,1,0,0.0002557453906689543,0.0028971834326353093,0
2055854,1,0,0.0004917079672446909,0.0028971834326353093,0
2057396,1,0,0.0012917611317964032,0.0028971834326353093,0
2057828,1,0,0.0019390577439468708,0.0028971834326353093,0
2059539,1,0,0.026707889388686876,0.0028971834326353093,1
2059949,1,0,0.0004912922515207501,0.0028971834326353093,0
2062145,1,0,0.002446678053179461,0.0028971834326353093,0
2062326,1,0,0.002014007815560735,0.0028971834326353093,0
2068185,1,0,4.5985982968049914e-05,0.0028971834326353093,0
2072949,1,0,0.0003646003887084427,0.0028971834326353093,0
2078228,1,0,0.00011726882477553327,0.0028971834326353093,0
2078668,1,0,0.0006646551020433907,0.0028971834326353093,0
2079190,1,0,0.0002517048926047888,0.0028971834326353093,0
2079911,1,0,0.007158985509716776,0.0028971834326353093,1
2080061,1,0,0.00023912210663615244,0.0028971834326353093,0
2081459,1,0,0.004608662108464192,0.0028971834326353093,1
2081549,1,0,0.022022798684242534,0.0028971834326353093,1
2081875,1,0,0.0002705783858037055,0.0028971834326353093,0
2082828,1,0,0.0003499796834084148,0.0028971834326353093,0
2083069,1,0,0.00016309598734799602,0.0028971834326353093,0
2084325,1,0,0.0005577982566312823,0.0028971834326353093,0
2084566,1,0,0.01791519159699439,0.0028971834326353093,1
2086878,1,0,0.0005104254089162445,0.0028971834326353093,0
2089356,1,0,0.0001284167908952538,0.0028971834326353093,0
2090380,1,0,0.002815941454284618,0.0028971834326353093,0
2090794,1,0,0.0009973998801082772,0.0028971834326353093,0
2093645,1,0,0.0012560811944322388,0.0028971834326353093,0
2096099,1,0,0.0001207713153164927,0.0028971834326353093,0
2096243,1,0,0.0020061658679587924,0.0028971834326353093,0
2096474,1,0,1.4834721182408731e-05,0.0028971834326353093,0
2098603,1,0,0.0013962322650098583,0.0028971834326353093,0
2099037,1,0,0.00044844673237424835,0.0028971834326353093,0
2099355,1,0,0.001161665417517214,0.0028971834326353093,0
2100211,1,0,0.0008206725676757818,0.0028971834326353093,0
2100758,1,0,0.00025990011803245363,0.0028971834326353093,0
2102160,1,0,0.0005087929981481938,0.0028971834326353093,0
2102349,1,0,0.0005554908381846755,0.0028971834326353093,0
2102550,1,0,0.008187262005674878,0.0028971834326353093,1
2103176,1,0,0.0005383485104913519,0.0028971834326353093,0
2106171,1,0,0.004896827999193583,0.0028971834326353093,1
2106188,1,0,0.000307004919410926,0.0028971834326353093,0
2107456,1,0,0.0015813874643263535,0.0028971834326353093,0
2108022,1,0,0.00041136152389565375,0.0028971834326353093,0
2108576,1,0,0.0002778546320251024,0.0028971834326353093,0
2109478,1,0,0.0025499949961285654,0.0028971834326353093,0
2109636,1,0,0.0002738148039848948,0.0028971834326353093,0
2110251,1,0,0.00021805456798797788,0.0028971834326353093,0
2110684,1,0,2.0256100105266155e-05,0.0028971834326353093,0
2110716,1,0,0.0013865120050134108,0.0028971834326353093,0
2111176,1,0,0.0008623408865546636,0.0028971834326353093,0
2111823,1,0,2.369723013830195e-05,0.0028971834326353093,0
2112024,1,0,0.000572484797437296,0.0028971834326353093,0
2112324,1,0,0.0005866526211216444,0.0028971834326353093,0
2112794,1,0,0.0037837314722648273,0.0028971834326353093,1
2112813,1,0,0.00015264119790133902,0.0028971834326353093,0
2112833,1,0,0.005426869894580743,0.0028971834326353093,1
2113123,1,0,0.0014418301963707513,0.0028971834326353093,0
2114383,1,0,0.0011197074327666328,0.0028971834326353093,0
2115705,1,0,0.009065349361350545,0.0028971834326353093,1
2116736,1,0,0.015022291294492245,0.0028971834326353093,1
2116993,1,0,0.00010703288151660724,0.0028971834326353093,0
2117015,1,0,0.00019626078869380492,0.0028971834326353093,0
2119303,1,0,4.452863333954594e-05,0.0028971834326353093,0
2119318,1,0,1.6890180136405205e-05,0.0028971834326353093,0
2120112,1,0,0.0012096124584645815,0.0028971834326353093,0
2120187,1,0,0.00010222223660911468,0.0028971834326353093,0
2120241,1,0,0.018294827274352384,0.0028971834326353093,1
2122383,1,0,0.00013584013823463609,0.0028971834326353093,0
2123067,1,0,0.0012458184657386144,0.0028971834326353093,0
2123450,1,0,0.00042229470897668794,0.0028971834326353093,0
2123600,1,0,4.7330678509558e-05,0.0028971834326353093,0
2124981,1,0,0.00034513924314204833,0.0028971834326353093,0
2124987,1,0,0.00010810456347474692,0.0028971834326353093,0
2125057,1,0,9.57312874593294e-05,0.0028971834326353093,0
2125629,1,0,0.0010119213270133173,0.0028971834326353093,0
2127619,1,0,0.003621405405130733,0.0028971834326353093,1
2128445,1,0,0.0005558287357321608,0.0028971834326353093,0
2128917,1,0,0.00011023564428475341,0.0028971834326353093,0
2128937,1,0,0.00032332609019631263,0.0028971834326353093,0
2129425,1,0,5.625737535323237e-06,0.0028971834326353093,0
2133613,1,0,0.00014949344536914833,0.0028971834326353093,0
2133717,1,0,0.0006219494830604741,0.0028971834326353093,0
2135742,1,0,0.00023946555449616414,0.0028971834326353093,0
2137045,1,0,0.002637171157392643,0.0028971834326353093,0
2140141,1,0,0.003319202127145788,0.0028971834326353093,1
2142318,1,0,0.0007039663325856646,0.0028971834326353093,0
2142426,1,0,0.0018484307561605765,0.0028971834326353093,0
2147116,1,0,0.004165382774078252,0.0028971834326353093,1
2149418,1,0,0.00011255874657462982,0.0028971834326353093,0
2149971,1,0,0.0001695565369831812,0.0028971834326353093,0
2150886,1,0,0.0008913708019776346,0.0028971834326353093,0
2152338,1,0,0.000280508607183823,0.0028971834326353093,0
2153104,1,0,0.0001068186251269349,0.0028971834326353093,0
2153219,1,0,0.0013842882261535954,0.0028971834326353093,0
2153244,1,0,0.0004471249936498073,0.0028971834326353093,0
2155036,1,0,6.104645791775605e-05,0.0028971834326353093,0
2155038,1,0,0.001312437293840278,0.0028971834326353093,0
2155101,1,0,0.00020515987241905817,0.0028971834326353093,0
2155331,1,0,0.0005168988686248838,0.0028971834326353093,0
2155619,1,0,0.0028650580337162713,0.0028971834326353093,0
2155708,1,0,0.0017328215238949125,0.0028971834326353093,0
2155754,1,0,0.0012944530834126285,0.0028971834326353093,0
2158952,1,0,0.003076365734635368,0.0028971834326353093,1
2159338,1,0,0.0021669176833118255,0.0028971834326353093,0
2159395,1,0,0.0016810844100391754,0.0028971834326353093,0
2159397,1,0,0.0014768765915955018,0.0028971834326353093,0
2160234,1,0,0.0022201173725330784,0.0028971834326353093,0
2161567,1,0,0.0006187499704299466,0.0028971834326353093,0
2161709,1,0,0.0006842357142326666,0.0028971834326353093,0
2162375,1,0,0.012246208191891686,0.0028971834326353093,1
2162494,1,0,0.023110584620142677,0.0028971834326353093,1
2162841,1,0,0.0001384065316539746,0.0028971834326353093,0
2163056,1,0,0.0005333753037007446,0.0028971834326353093,0
2164885,1,0,0.000362346112273898,0.0028971834326353093,0
2165954,1,0,0.0008296516430071873,0.0028971834326353093,0
2171196,1,0,0.009771862122738444,0.0028971834326353093,1
2174235,1,0,0.0004754474959481542,0.0028971834326353093,0
2179734,1,0,0.00016434849185342524,0.0028971834326353093,0
2180086,1,0,0.0003736549870195804,0.0028971834326353093,0
2184789,1,0,0.0003646035049583397,0.0028971834326353093,0
2187633,1,0,0.00029917283916995775,0.0028971834326353093,0
2187895,1,0,0.0003516171975500547,0.0028971834326353093,0
2188632,1,0,0.0002584343834050598,0.0028971834326353093,0
2191518,1,0,0.0004278972654661719,0.0028971834326353093,0
2191773,1,0,0.0005618697814684301,0.0028971834326353093,0
2192830,1,0,0.00015701812787841376,0.0028971834326353093,0
2193377,1,0,0.003350374427784239,0.0028971834326353093,1
2193475,1,0,0.00016957172296257718,0.0028971834326353093,0
2193700,1,0,0.0017210059862247703,0.0028971834326353093,0
2194597,1,0,0.001258786506341906,0.0028971834326353093,0
2197691,1,0,0.0027150723305585586,0.0028971834326353093,0
2198447,1,0,0.0005440149497863315,0.0028971834326353093,0
2199218,1,0,0.0017182574094932737,0.0028971834326353093,0
2199310,1,0,0.0006839228071349691,0.0028971834326353093,0
2199936,1,0,0.0006649371873259487,0.0028971834326353093,0
2199948,1,0,0.00020990274613940507,0.0028971834326353093,0
2200259,1,0,0.0017054048018280948,0.0028971834326353093,0
2200896,1,0,0.0007420204913385735,0.0028971834326353093,0
2201274,1,0,0.000444531963674139,0.0028971834326353093,0
2202278,1,0,0.0013244348082270276,0.0028971834326353093,0
2202493,1,0,0.0007020286101565035,0.0028971834326353093,0
2203235,1,0,0.0038570886446580685,0.0028971834326353093,1
2204449,1,0,2.7301427907426633e-05,0.0028971834326353093,0
2206419,1,0,6.511455140531418e-05,0.0028971834326353093,0
2206443,1,0,0.0024630207342847574,0.0028971834326353093,0
2207221,1,0,0.0008953224081539245,0.0028971834326353093,0
2211672,1,0,0.0006252512953212317,0.0028971834326353093,0
2212657,1,0,0.01466988667899476,0.0028971834326353093,1
2213077,1,0,0.0009771796487267027,0.0028971834326353093,0
2213917,1,0,0.00012865339741761369,0.0028971834326353093,0
2214635,1,0,0.016016610860772634,0.0028971834326353093,1
2214862,1,0,0.0002242244985628368,0.0028971834326353093,0
2215035,1,0,0.004419516659754963,0.0028971834326353093,1
2215707,1,0,0.0002381469052972568,0.0028971834326353093,0
2215889,1,0,0.0006513827027575998,0.0028971834326353093,0
2216420,1,0,0.0003750767960292569,0.0028971834326353093,0
2217894,1,0,6.950185579817431e-05,0.0028971834326353093,0
2218567,1,0,0.001043377468291886,0.0028971834326353093,0
2219283,1,0,0.014801292712710122,0.0028971834326353093,1
2219494,1,0,0.00010721253563726282,0.0028971834326353093,0
2221608,1,0,0.0007481553867643462,0.0028971834326353093,0
2221761,1,0,0.0021257905512173047,0.0028971834326353093,0
2221795,1,0,0.0021478142530143266,0.0028971834326353093,0
2222016,1,0,0.0041442306207861105,0.0028971834326353093,1
2222394,1,0,0.0001438785757536815,0.0028971834326353093,0
2222655,1,0,0.005983261399966967,0.0028971834326353093,1
2223129,1,0,7.094370884082828e-05,0.0028971834326353093,0
2223155,1,0,0.0004541666209166721,0.0028971834326353093,0
2223195,1,0,0.0002927491920939073,0.0028971834326353093,0
2224507,1,0,6.663013857747793e-05,0.0028971834326353093,0
2224658,1,0,0.0006812527203697441,0.0028971834326353093,0
2224699,1,0,0.00018338812501098004,0.0028971834326353093,0
2226135,1,0,0.00010856102577414834,0.0028971834326353093,0
2226137,1,0,0.0002472409653868846,0.0028971834326353093,0
2226440,1,0,0.00019603903121052718,0.0028971834326353093,0
2226955,1,0,0.0009573199692083273,0.0028971834326353093,0
2227163,1,0,0.0001667314859512042,0.0028971834326353093,0
2227254,1,0,0.001277665207603395,0.0028971834326353093,0
2227731,1,0,0.002217751545734573,0.0028971834326353093,0
2227998,1,0,0.0009256461325139427,0.0028971834326353093,0
2228353,1,0,0.0008145741820601102,0.0028971834326353093,0
2229300,1,0,6.704172871714836e-05,0.0028971834326353093,0
2229558,1,0,0.0018543886035703484,0.0028971834326353093,0
2230309,1,0,0.00320891207890557,0.0028971834326353093,1
2230317,1,0,0.00013055677332983814,0.0028971834326353093,0
2231249,1,0,0.007067583105239678,0.0028971834326353093,1
2231474,1,0,0.001673562119022655,0.0028971834326353093,0
2232007,1,0,0.04774802556636084,0.0028971834326353093,1
2233919,1,0,0.000656677245372561,0.0028971834326353093,0
2235222,1,0,0.007967327856287709,0.0028971834326353093,1
2235959,1,0,0.0003566626897077903,0.0028971834326353093,0
2235995,1,0,0.0008812742593310473,0.0028971834326353093,0
2237723,1,0,0.00024982631558143775,0.0028971834326353093,0
2238182,1,0,2.905473980998656e-05,0.0028971834326353093,0
2238454,1,0,0.00011296943023273637,0.0028971834326353093,0
2239980,1,0,0.00833972915359874,0.0028971834326353093,1
2240619,1,0,0.0013192792814765075,0.0028971834326353093,0
2243175,1,0,0.0001844866618295953,0.0028971834326353093,0
2245402,1,0,0.0008163465871842734,0.0028971834326353093,0
2248084,1,0,8.706030459650603e-05,0.0028971834326353093,0
2257914,1,0,6.867978883968433e-05,0.0028971834326353093,0
2258754,1,0,0.001020190321905377,0.0028971834326353093,0
2259209,1,0,4.215737847816621e-05,0.0028971834326353093,0
2259930,1,0,0.0008234089291302004,0.0028971834326353093,0
2260458,1,0,0.035914631106719344,0.0028971834326353093,1
2261344,1,0,0.0003839991921531766,0.0028971834326353093,0
2262434,1,0,0.0002953452126617293,0.0028971834326353093,0
2264847,1,0,3.79984234991505e-05,0.0028971834326353093,0
2267185,1,0,0.0001758915139322628,0.0028971834326353093,0
2268406,1,0,0.002405368802097876,0.0028971834326353093,0
2268933,1,0,0.0031144801890414294,0.0028971834326353093,1
2270178,1,0,0.0025012182654532912,0.0028971834326353093,0
2277833,1,0,0.0007805644256393466,0.0028971834326353093,0
2279376,1,0,0.000505127901018054,0.0028971834326353093,0
2280443,1,0,0.00035414819820972444,0.0028971834326353093,0
2286723,1,0,0.00040691767103192265,0.0028971834326353093,0
2288969,1,0,0.00022654076550813237,0.0028971834326353093,0
2290952,1,0,0.00020781474617115932,0.0028971834326353093,0
2293105,1,0,0.0005085738875523969,0.0028971834326353093,0
2295169,1,0,0.000237065124128014,0.0028971834326353093,0
2296198,1,0,5.4346917600367994e-05,0.0028971834326353093,0
2297232,1,0,0.0008270274380752232,0.0028971834326353093,0
2299954,1,0,0.0004092024522978724,0.0028971834326353093,0
2302260,1,0,3.309208383092091e-05,0.0028971834326353093,0
2302362,1,0,0.00014206155864312993,0.0028971834326353093,0
2303493,1,0,0.0007360571933383458,0.0028971834326353093,0
2304284,1,0,0.0004152669918530606,0.0028971834326353093,0
2306612,1,0,0.004452016030693139,0.0028971834326353093,1
2307957,1,0,0.0004231983720699259,0.0028971834326353093,0
2310735,1,0,0.001378259777235375,0.0028971834326353093,0
2315676,1,0,0.00034040097874757277,0.0028971834326353093,0
2318726,1,0,0.0001050160394961594,0.0028971834326353093,0
2318867,1,0,0.00030907622466302704,0.0028971834326353093,0
2321917,1,0,2.412680644468851e-05,0.0028971834326353093,0
2322434,1,0,0.0008506327214987904,0.0028971834326353093,0
2324269,1,0,0.0077718257146115145,0.0028971834326353093,1
2327941,1,0,0.0008957709574631524,0.0028971834326353093,0
2330317,1,0,0.00010444305997970548,0.0028971834326353093,0
2332761,1,0,0.0001558066119793696,0.0028971834326353093,0
2333837,1,0,0.017462210824374887,0.0028971834326353093,1
2334577,1,0,0.0011478898620131417,0.0028971834326353093,0
2336431,1,0,0.02073034613019036,0.0028971834326353093,1
2345123,1,0,0.004872398381142287,0.0028971834326353093,1
2346076,1,0,0.000585173558161972,0.0028971834326353093,0
2346231,1,0,0.0021335754144559483,0.0028971834326353093,0
2346494,1,0,0.00045558256833146485,0.0028971834326353093,0
2346917,1,0,0.006915591045046242,0.0028971834326353093,1
2348690,1,0,0.002216027026271434,0.0028971834326353093,0
2352919,1,0,0.0033689209704013583,0.0028971834326353093,1
2353415,1,0,0.0009150532619778183,0.0028971834326353093,0
2354442,1,0,0.0003152013118428406,0.0028971834326353093,0
2355109,1,0,0.0006938472408791272,0.0028971834326353093,0
2355400,1,0,0.0001397396256450237,0.0028971834326353093,0
2357568,1,0,0.0028585243927824605,0.0028971834326353093,0
2359029,1,0,0.0021788095576332172,0.0028971834326353093,0
2360931,1,0,0.0029672736070314406,0.0028971834326353093,1
2362845,1,0,0.00011353158034069622,0.0028971834326353093,0
2363184,1,0,7.306266726554323e-05,0.0028971834326353093,0
2365151,1,0,0.005138724622558443,0.0028971834326353093,1
2366220,1,0,0.0021974708684060575,0.0028971834326353093,0
2368753,1,0,0.0016929885630694902,0.0028971834326353093,0
2371784,1,0,0.002628579549969413,0.0028971834326353093,0
2373683,1,0,0.0005619273323448588,0.0028971834326353093,0
2382049,1,0,0.0020926806653237128,0.0028971834326353093,0
2384734,1,0,0.0010299583040436302,0.0028971834326353093,0
2385273,1,0,0.01489730024967611,0.0028971834326353093,1
2388852,1,0,0.00016555692960861442,0.0028971834326353093,0
2388927,1,0,0.0011726877028128415,0.0028971834326353093,0
2389022,1,0,0.0006528255448846322,0.0028971834326353093,0
2394820,1,0,0.000770816192379624,0.0028971834326353093,0
2396077,1,0,0.00010298399472241914,0.0028971834326353093,0
2397931,1,0,0.0005903059538159268,0.0028971834326353093,0
2400664,1,0,0.00847353875144275,0.0028971834326353093,1
2401327,1,0,5.109523881745131e-05,0.0028971834326353093,0
2402789,1,0,0.0003477104782676929,0.0028971834326353093,0
2403325,1,0,0.00046804107166172857,0.0028971834326353093,0
2407781,1,0,0.0015048030728036928,0.0028971834326353093,0
2410091,1,0,0.0001623140274102267,0.0028971834326353093,0
2415764,1,0,0.017089863708569797,0.0028971834326353093,1
2418824,1,0,0.0011549794127565583,0.0028971834326353093,0
2421505,1,0,1.4194470583698412e-05,0.0028971834326353093,0
2421674,1,0,0.009170089782722239,0.0028971834326353093,1
2432869,1,0,0.00045914630068084764,0.0028971834326353093,0
2433682,1,0,0.02136177762215411,0.0028971834326353093,1
2434303,1,0,0.00104425647058946,0.0028971834326353093,0
2434535,1,0,0.0004154322032252037,0.0028971834326353093,0
2434551,1,0,0.01837797111002695,0.0028971834326353093,1
2435699,1,0,0.0007713586812002472,0.0028971834326353093,0
2436477,1,0,0.00030619102803147616,0.0028971834326353093,0
2490269,1,0,0.0001350312736528717,0.0028971834326353093,0
2495025,1,0,0.0026141594260955985,0.0028971834326353093,0
2496691,1,0,0.0008262268602636834,0.0028971834326353093,0
2497035,1,0,0.0001669254273781807,0.0028971834326353093,0
2501872,1,0,0.000217680621086561,0.0028971834326353093,0
2524078,1,0,0.0005350366436444671,0.0028971834326353093,0
2524803,1,0,7.857560035397076e-05,0.0028971834326353093,0
2531382,1,0,0.0008400358752401906,0.0028971834326353093,0
2532461,1,0,0.0023087091720154656,0.0028971834326353093,0
2533046,1,0,0.000815861278025669,0.0028971834326353093,0
2534314,1,0,0.0680625029911867,0.0028971834326353093,1
2537291,1,0,0.0002785645571024425,0.0028971834326353093,0
2537709,1,0,0.00991493770082541,0.0028971834326353093,1
2538737,1,0,5.103403873322714e-05,0.0028971834326353093,0
2539361,1,0,0.0003827898422541508,0.0028971834326353093,0
2539973,1,0,0.00027519450443218085,0.0028971834326353093,0
2540336,1,0,0.00028072534033396805,0.0028971834326353093,0
2540894,1,0,0.000983138830745598,0.0028971834326353093,0
2540975,1,0,0.00019917182509766206,0.0028971834326353093,0
2542208,1,0,0.008496768195200862,0.0028971834326353093,1
2548181,1,0,2.5855728418734932e-05,0.0028971834326353093,0
2548299,1,0,0.0004874594599907988,0.0028971834326353093,0
2548564,1,0,2.769200224174161e-05,0.0028971834326353093,0
2552695,1,0,0.0007571589931133606,0.0028971834326353093,0
2553083,1,0,0.0005427180664426557,0.0028971834326353093,0
2555359,1,0,0.00037499793125154687,0.0028971834326353093,0
2561414,1,0,0.0009566105798249085,0.0028971834326353093,0
2562360,1,0,0.0008371812549500707,0.0028971834326353093,0
2565430,1,0,0.00046364559397038194,0.0028971834326353093,0
2566528,1,0,0.01569531763167977,0.0028971834326353093,1
2568758,1,0,0.008727140997318574,0.0028971834326353093,1
2571427,1,0,0.0011398005940055614,0.0028971834326353093,0
2571429,1,0,0.005192874933811414,0.0028971834326353093,1
2571603,1,0,0.023587170931848554,0.0028971834326353093,1
2571609,1,0,0.007253242030140679,0.0028971834326353093,1
2576795,1,0,6.250149369255662e-05,0.0028971834326353093,0
2578503,1,0,0.002541820120435229,0.0028971834326353093,0
2583589,1,0,0.000729816092252706,0.0028971834326353093,0
2584998,1,0,0.0023504861933724354,0.0028971834326353093,0
2591568,1,0,0.0008401924315107792,0.0028971834326353093,0
2594513,1,0,5.519699917099537e-05,0.0028971834326353093,0
2595147,1,0,0.004389018607171857,0.0028971834326353093,1
2598352,1,0,7.566343347670411e-05,0.0028971834326353093,0
2599202,1,0,0.00019684360808179934,0.0028971834326353093,0
2603020,1,0,0.0004926717273776399,0.0028971834326353093,0
2610204,1,0,0.0018279901465835119,0.0028971834326353093,0
2610835,1,0,0.0001835848108259848,0.0028971834326353093,0
2612952,1,0,0.0007465891590751146,0.0028971834326353093,0
2614045,1,0,0.00027002012855839336,0.0028971834326353093,0
2621569,1,0,0.0005021388020153441,0.0028971834326353093,0
2622660,1,0,7.817568297029104e-05,0.0028971834326353093,0
2622821,1,0,0.0025346749311188676,0.0028971834326353093,0
2649486,1,0,0.011891121795740358,0.0028971834326353093,1
2666714,1,0,0.0003785204335741968,0.0028971834326353093,0
2669397,1,0,0.002607521504060114,0.0028971834326353093,0
2669903,1,0,0.0027215618271321223,0.0028971834326353093,0
2673081,1,0,0.00015390048170225298,0.0028971834326353093,0
2673168,1,0,0.010796616220882764,0.0028971834326353093,1
2675259,1,0,0.0004442292164491764,0.0028971834326353093,0
2707505,1,0,0.0001750282978367112,0.0028971834326353093,0
2711952,1,0,0.0006307756514874185,0.0028971834326353093,0
2712666,1,0,0.0003932940262959939,0.0028971834326353093,0
2751330,1,0,0.0008244250443702473,0.0028971834326353093,0
2751443,1,0,0.00024956982188746856,0.0028971834326353093,0
2770846,1,0,0.0008384870188213492,0.0028971834326353093,0
2771106,1,0,0.000516563067212779,0.0028971834326353093,0
2788209,1,0,8.717127152606214e-05,0.0028971834326353093,0
2789457,1,0,7.380071901796318e-05,0.0028971834326353093,0
2790483,1,0,0.008534809143354817,0.0028971834326353093,1
2792419,1,0,0.0004674560595007409,0.0028971834326353093,0
2807595,1,0,0.0005452987319251395,0.0028971834326353093,0
2817097,1,0,0.0009761099828995539,0.0028971834326353093,0
2827233,1,0,0.0017409316256121721,0.0028971834326353093,0
2831741,1,0,0.00038758545481815354,0.0028971834326353093,0
2832357,1,0,0.0014455793478426807,0.0028971834326353093,0
2832746,1,0,0.0002057210777552531,0.0028971834326353093,0
2833663,1,0,0.00020577616075464006,0.0028971834326353093,0
2834781,1,0,0.003369987629124665,0.0028971834326353093,1
2839049,1,0,5.2609135514771046e-05,0.0028971834326353093,0
2840005,1,0,0.00011531411437109583,0.0028971834326353093,0
2840098,1,0,0.0002090800637470998,0.0028971834326353093,0
2842752,1,0,0.00029857433598263594,0.0028971834326353093,0
2843418,1,0,0.0031063676550185737,0.0028971834326353093,1
2849681,1,0,0.00046900504057573856,0.0028971834326353093,0
2850100,1,0,0.00023809010229468777,0.0028971834326353093,0
2853442,1,0,6.8962052103796344e-06,0.0028971834326353093,0
2854508,1,0,0.0006139424398513295,0.0028971834326353093,0
2854663,1,0,4.9327424036602805e-05,0.0028971834326353093,0
2854923,1,0,4.793141665559147e-05,0.0028971834326353093,0
2855188,1,0,7.708500757473999e-05,0.0028971834326353093,0
2855572,1,0,0.0004109299674748797,0.0028971834326353093,0
2856113,1,0,0.0006393233731757977,0.0028971834326353093,0
2856644,1,0,0.0006527493603952102,0.0028971834326353093,0
2856664,1,0,0.00027403166683163905,0.0028971834326353093,0
2857923,1,0,0.0010500678911752645,0.0028971834326353093,0
2857928,1,0,0.00011396910347370446,0.0028971834326353093,0
2861197,1,0,0.00026412551746051485,0.0028971834326353093,0
2861884,1,0,0.0003319378293145357,0.0028971834326353093,0
2861905,1,0,5.1136788301657335e-05,0.0028971834326353093,0
2862213,1,0,0.00018746772381312917,0.0028971834326353093,0
2862214,1,0,0.0001146124771228672,0.0028971834326353093,0
2862455,1,0,0.00011642922022647919,0.0028971834326353093,0
2862512,1,0,0.001748696677942203,0.0028971834326353093,0
2863238,1,0,0.00012803330775445536,0.0028971834326353093,0
2864747,1,0,0.0005091690095013789,0.0028971834326353093,0
2868949,1,0,1.7551009889096048e-05,0.0028971834326353093,0
2872082,1,0,0.00016708266742779588,0.0028971834326353093,0
2872121,1,0,0.00010132576461750863,0.0028971834326353093,0
2874292,1,0,0.0002338047842032909,0.0028971834326353093,0
2874844,1,0,0.0005110137392648194,0.0028971834326353093,0
2877277,1,0,0.0006471354985056704,0.0028971834326353093,0
2877493,1,0,0.00010154960933237423,0.0028971834326353093,0
2877634,1,0,0.00016864884975117126,0.0028971834326353093,0
2877689,1,0,0.0011674632677174009,0.0028971834326353093,0
2877708,1,0,6.129711134613177e-05,0.0028971834326353093,0
2877940,1,0,0.0007420211255605008,0.0028971834326353093,0
2880256,1,0,0.00031580902422927073,0.0028971834326353093,0
2880364,1,0,0.0011434316543355706,0.0028971834326353093,0
2881315,1,0,0.0005037496513493776,0.0028971834326353093,0
2881379,1,0,0.00034089020297294894,0.0028971834326353093,0
2881773,1,0,6.806184124951995e-05,0.0028971834326353093,0
2882451,1,0,0.0006765119265067092,0.0028971834326353093,0
2884589,1,0,0.00023559266371914927,0.0028971834326353093,0
2886110,1,0,5.829309095716275e-05,0.0028971834326353093,0
2886417,1,0,3.7640863189760106e-05,0.0028971834326353093,0
2886593,1,0,4.940098830707617e-05,0.0028971834326353093,0
2888648,1,0,0.0003690603248169445,0.0028971834326353093,0
2889550,1,0,1.5599507519667376e-05,0.0028971834326353093,0
2890313,1,0,0.00024094960893108856,0.0028971834326353093,0
2890602,1,0,0.00010275736843871892,0.0028971834326353093,0
2890921,1,0,0.00016331578735428654,0.0028971834326353093,0
2891337,1,0,0.0003690127470382196,0.0028971834326353093,0
2892989,1,0,0.0007931581469336357,0.0028971834326353093,0
2893307,1,0,8.430484914301275e-05,0.0028971834326353093,0
2893985,1,0,0.00033632329923634927,0.0028971834326353093,0
2896894,1,0,0.0003302148215083695,0.0028971834326353093,0
2897066,1,0,7.975586387235402e-05,0.0028971834326353093,0
2897268,1,0,0.0004078790719672868,0.0028971834326353093,0
2897870,1,0,0.0004742390284950805,0.0028971834326353093,0
2898060,1,0,0.00032162062509636096,0.0028971834326353093,0
2900028,1,0,0.00012948262217523092,0.0028971834326353093,0
2900108,1,0,9.727335325861904e-05,0.0028971834326353093,0
2900415,1,0,4.8508033635271e-05,0.0028971834326353093,0
2902839,1,0,0.00017278212417170963,0.0028971834326353093,0
2904128,1,0,0.0001595383464290854,0.0028971834326353093,0
2905306,1,0,0.0008008009860225511,0.0028971834326353093,0
2908155,1,0,9.354614657569345e-05,0.0028971834326353093,0
2911491,1,0,0.0004509432861821072,0.0028971834326353093,0
2911947,1,0,0.00045685179348474707,0.0028971834326353093,0
2912319,1,0,0.00011070637437281443,0.0028971834326353093,0
2913074,1,0,0.00019290118366404113,0.0028971834326353093,0
2913330,1,0,0.001080537251424489,0.0028971834326353093,0
2913340,1,0,0.0010305709463425807,0.0028971834326353093,0
2914750,1,0,0.0002800139754214857,0.0028971834326353093,0
2918378,1,0,0.0013071714580001168,0.0028971834326353093,0
2919510,1,0,0.00022078846758353675,0.0028971834326353093,0
2920510,1,0,0.0017320818677618991,0.0028971834326353093,0
2920519,1,0,0.0007102856685006959,0.0028971834326353093,0
2920647,1,0,0.00011199439822643105,0.0028971834326353093,0
2920750,1,0,0.00020034385621595734,0.0028971834326353093,0
2920901,1,0,0.00032823570389929564,0.0028971834326353093,0
2921003,1,0,0.002640248230773485,0.0028971834326353093,0
2921725,1,0,0.0011318686724570812,0.0028971834326353093,0
2922186,1,0,0.000193156291596631,0.0028971834326353093,0
2923199,1,0,0.00020823724193264957,0.0028971834326353093,0
2924668,1,0,0.0020089886325208475,0.0028971834326353093,0
2925272,1,0,4.3680784699007367e-05,0.0028971834326353093,0
2925284,1,0,0.0004034010046949245,0.0028971834326353093,0
2926635,1,0,0.00012245235031986155,0.0028971834326353093,0
2926678,1,0,0.00010103908468488078,0.0028971834326353093,0
2926690,1,0,7.426660057277158e-05,0.0028971834326353093,0
2927290,1,0,0.0003014370784944286,0.0028971834326353093,0
2927499,1,0,8.601036646901327e-05,0.0028971834326353093,0
2927621,1,0,0.00010966189277031105,0.0028971834326353093,0
2928409,1,0,0.0003854415986690243,0.0028971834326353093,0
2928530,1,0,0.0002487812980827071,0.0028971834326353093,0
2928576,1,0,0.00020118482364105895,0.0028971834326353093,0
2928616,1,0,0.0004391310116699054,0.0028971834326353093,0
2928967,1,0,2.9067531921485592e-05,0.0028971834326353093,0
2929829,1,0,0.0002984934384032723,0.0028971834326353093,0
2930838,1,0,7.821149624202391e-05,0.0028971834326353093,0
2932661,1,0,0.00011386458103586164,0.0028971834326353093,0
2933467,1,0,0.0012318759252506332,0.0028971834326353093,0
2935739,1,0,0.00032280464146232076,0.0028971834326353093,0
2936474,1,0,9.544169243353882e-05,0.0028971834326353093,0
2940209,1,0,0.0005134462914547129,0.0028971834326353093,0
2941117,1,0,0.0009134685377117672,0.0028971834326353093,0
2941333,1,0,0.0002783680517954515,0.0028971834326353093,0
2942011,1,0,1.8309306446534266e-05,0.0028971834326353093,0
2942855,1,0,0.0001800366586365764,0.0028971834326353093,0
2944710,1,0,8.836395168077549e-05,0.0028971834326353093,0
2945018,1,0,0.00026528031033655393,0.0028971834326353093,0
2945384,1,0,0.00044426164913507587,0.0028971834326353093,0
2945616,1,0,0.0009754213317212901,0.0028971834326353093,0
2946039,1,0,1.6621925386265082e-05,0.0028971834326353093,0
2946284,1,0,0.0011451782639378795,0.0028971834326353093,0
2946727,1,0,3.268805170704385e-05,0.0028971834326353093,0
2947258,1,0,0.00048147265133009857,0.0028971834326353093,0
2947372,1,0,8.39320945194111e-05,0.0028971834326353093,0
2947404,1,0,0.0005565302164776956,0.0028971834326353093,0
2947711,1,0,0.000145752660225918,0.0028971834326353093,0
2947814,1,0,0.00019750632929779537,0.0028971834326353093,0
2948509,1,0,9.240524480646981e-05,0.0028971834326353093,0
2949965,1,0,5.661997050527049e-05,0.0028971834326353093,0
2950295,1,0,3.059657866760061e-05,0.0028971834326353093,0
2951449,1,0,0.0003747284697089757,0.0028971834326353093,0
2952147,1,0,0.00017469691179383657,0.0028971834326353093,0
2952291,1,0,3.213781482683739e-05,0.0028971834326353093,0
2953071,1,0,0.0005432123377498534,0.0028971834326353093,0
2953193,1,0,0.00016669174787716775,0.0028971834326353093,0
2953401,1,0,4.9753801066413096e-05,0.0028971834326353093,0
2954206,1,0,0.0001896176003756855,0.0028971834326353093,0
2955468,1,0,1.0366942503113846e-05,0.0028971834326353093,0
2957591,1,0,0.00090990713641925,0.0028971834326353093,0
2958213,1,0,0.0007992612629734715,0.0028971834326353093,0
2958776,1,0,0.00028184012359261677,0.0028971834326353093,0
2959235,1,0,0.0001565599417062065,0.0028971834326353093,0
2959773,1,0,0.00010847179608183573,0.0028971834326353093,0
2959777,1,0,1.96590174014694e-05,0.0028971834326353093,0
2961131,1,0,0.00019039181767034207,0.0028971834326353093,0
2961222,1,0,0.00040779694425794894,0.0028971834326353093,0
2961811,1,0,0.00014667537115097053,0.0028971834326353093,0
2962184,1,0,0.0004043847548005002,0.0028971834326353093,0
2962189,1,0,0.003285824873554663,0.0028971834326353093,1
2962288,1,0,0.00474431233729632,0.0028971834326353093,1
2963180,1,0,4.352112602362612e-05,0.0028971834326353093,0
2963273,1,0,0.0006712341460890124,0.0028971834326353093,0
2963324,1,0,0.0003935604585793252,0.0028971834326353093,0
2963810,1,0,0.0011576700897216643,0.0028971834326353093,0
2963986,1,0,0.00010253257988084958,0.0028971834326353093,0
2964401,1,0,0.00021529618441609735,0.0028971834326353093,0
2964454,1,0,0.0005169839379949455,0.0028971834326353093,0
2964566,1,0,0.00012280197703795224,0.0028971834326353093,0
2964618,1,0,0.0001489832253198986,0.0028971834326353093,0
2965115,1,0,5.129335048110712e-05,0.0028971834326353093,0
2965617,1,0,4.96215065532935e-05,0.0028971834326353093,0
2965972,1,0,0.0007911584375397397,0.0028971834326353093,0
2966361,1,0,0.004789559874381708,0.0028971834326353093,1
2967187,1,0,8.343053551472374e-05,0.0028971834326353093,0
2967430,1,0,2.8044862500985032e-05,0.0028971834326353093,0
2967884,1,0,6.950777975812776e-05,0.0028971834326353093,0
2968694,1,0,0.00011731538216009037,0.0028971834326353093,0
2969922,1,0,0.0002119927535170423,0.0028971834326353093,0
2970422,1,0,4.3994110723977946e-05,0.0028971834326353093,0
2970666,1,0,0.0011116350260316678,0.0028971834326353093,0
2971285,1,0,0.00044762321786198406,0.0028971834326353093,0
2971521,1,0,0.00012725177068173354,0.0028971834326353093,0
2971618,1,0,0.0011274847745054897,0.0028971834326353093,0
2972469,1,0,0.0002477040172427987,0.0028971834326353093,0
2972635,1,0,0.00029583246835559237,0.0028971834326353093,0
2972770,1,0,0.0005243846034982638,0.0028971834326353093,0
2972885,1,0,0.0004563625018572673,0.0028971834326353093,0
2972990,1,0,0.0022561953224859814,0.0028971834326353093,0
2973713,1,0,0.00028680372799810144,0.0028971834326353093,0
2973742,1,0,2.2374297904148276e-05,0.0028971834326353093,0
2974284,1,0,0.008849792770286401,0.0028971834326353093,1
2975715,1,0,0.0004523020845105282,0.0028971834326353093,0
2975922,1,0,0.00015474858721273912,0.0028971834326353093,0
2976902,1,0,0.00022117494651718045,0.0028971834326353093,0
2977485,1,0,8.586787408069818e-05,0.0028971834326353093,0
2979285,1,0,0.00010296696192421661,0.0028971834326353093,0
2980579,1,0,0.00012741317685220077,0.0028971834326353093,0
2980615,1,0,0.01291139862784785,0.0028971834326353093,1
2980948,1,0,0.002056760690313782,0.0028971834326353093,0
2981638,1,0,0.0001767360522035135,0.0028971834326353093,0
2981828,1,0,0.0028110699949918235,0.0028971834326353093,0
2981832,1,0,0.00010407361814392525,0.0028971834326353093,0
2981865,1,0,6.296851743792355e-05,0.0028971834326353093,0
2982429,1,0,0.0001794448045346725,0.0028971834326353093,0
2983557,1,0,0.00019695939902502566,0.0028971834326353093,0
2983583,1,0,4.338507901280863e-05,0.0028971834326353093,0
2984764,1,0,3.687675041307281e-05,0.0028971834326353093,0
2987591,1,0,7.50317357861921e-05,0.0028971834326353093,0
2988541,1,0,0.00011277067585508912,0.0028971834326353093,0
2988720,1,0,0.0004752730561311572,0.0028971834326353093,0
2991565,1,0,5.7800787738737246e-05,0.0028971834326353093,0
2997504,1,0,0.00030172278424904606,0.0028971834326353093,0
2997552,1,0,0.002064529931942857,0.0028971834326353093,0
2997557,1,0,0.0008067655148107389,0.0028971834326353093,0
2997565,1,0,9.872040183904173e-05,0.0028971834326353093,0
2997595,1,0,5.295051898705997e-05,0.0028971834326353093,0
2997601,1,0,0.0005860888270537592,0.0028971834326353093,0
2997624,1,0,0.00029270600252444306,0.0028971834326353093,0
2997645,1,0,0.0005492844935901366,0.0028971834326353093,0
2997649,1,0,5.035130513417486e-05,0.0028971834326353093,0
2997654,1,0,0.00036877347338448865,0.0028971834326353093,0
2997679,1,0,1.5601035795110255e-05,0.0028971834326353093,0
2997730,1,0,0.0009740852545772003,0.0028971834326353093,0
2997762,1,0,0.0013264384422219454,0.0028971834326353093,0
2997764,1,0,0.0007947579864697736,0.0028971834326353093,0
2997772,1,0,0.00013394163940640483,0.0028971834326353093,0
2997787,1,0,5.3906640750959264e-05,0.0028971834326353093,0
2997801,1,0,4.071863818232079e-05,0.0028971834326353093,0
2997821,1,0,0.00010450823590193173,0.0028971834326353093,0
2997837,1,0,0.0003613447569684365,0.0028971834326353093,0
2997862,1,0,0.0017119633917563194,0.0028971834326353093,0
2997868,1,0,0.0007917084090388661,0.0028971834326353093,0
2997878,1,0,0.0016473420047356455,0.0028971834326353093,0
2997891,1,0,0.001293793324043865,0.0028971834326353093,0
2997894,1,0,0.00016001711045165367,0.0028971834326353093,0
2997944,1,0,7.918195289353465e-05,0.0028971834326353093,0
2997954,1,0,0.0003208085865990079,0.0028971834326353093,0
2998005,1,0,0.00011679098358264168,0.0028971834326353093,0
2998033,1,0,0.00010293467149141328,0.0028971834326353093,0
2998054,1,0,0.0004918232339950122,0.0028971834326353093,0
2998068,1,0,0.0008295830489988243,0.0028971834326353093,0
2998079,1,0,4.605564500668884e-05,0.0028971834326353093,0
2998080,1,0,0.000279484648735331,0.0028971834326353093,0
2998094,1,0,0.003411212317196978,0.0028971834326353093,1
2998123,1,0,0.0005859054650866657,0.0028971834326353093,0
2998177,1,0,6.269747570005456e-05,0.0028971834326353093,0
2998178,1,0,0.0002527493261397454,0.0028971834326353093,0
2998188,1,0,8.4795463726482e-05,0.0028971834326353093,0
2998190,1,0,0.00013539879849429272,0.0028971834326353093,0
2998212,1,0,0.000667172258048342,0.0028971834326353093,0
2998219,1,0,0.00010942251361267405,0.0028971834326353093,0
2998266,1,0,2.534007492139612e-05,0.0028971834326353093,0
2998275,1,0,0.00011273852441902408,0.0028971834326353093,0
2998287,1,0,0.00014055647002965784,0.0028971834326353093,0
2998353,1,0,0.00025340044507963616,0.0028971834326353093,0
2998355,1,0,0.00017922827704670142,0.0028971834326353093,0
2998377,1,0,0.002853461785903513,0.0028971834326353093,0
2998378,1,0,1.4575003045408193e-05,0.0028971834326353093,0
2998423,1,0,9.88979350514013e-05,0.0028971834326353093,0
2998433,1,0,2.9309114416843675e-05,0.0028971834326353093,0
2998437,1,0,0.00011617799718225555,0.0028971834326353093,0
2998479,1,0,0.005473182006373536,0.0028971834326353093,1
2998496,1,0,0.0005076887116597418,0.0028971834326353093,0
2998500,1,0,9.117826022970465e-05,0.0028971834326353093,0
2998505,1,0,0.00022638902768508173,0.0028971834326353093,0
2998519,1,0,0.0005399814169984649,0.0028971834326353093,0
2998636,1,0,0.009417195348793785,0.0028971834326353093,1
2998666,1,0,0.00012710516460515483,0.0028971834326353093,0
2998684,1,0,0.0024154082470551684,0.0028971834326353093,0
2998693,1,0,0.0011895442943600195,0.0028971834326353093,0
2998707,1,0,0.0003012633548211196,0.0028971834326353093,0
2998729,1,0,0.0004277449962858664,0.0028971834326353093,0
2998737,1,0,8.904261950588975e-05,0.0028971834326353093,0
2998774,1,0,0.0024911236152195494,0.0028971834326353093,0
2998779,1,0,0.00020291760161308514,0.0028971834326353093,0
2998818,1,0,0.0005403009739150429,0.0028971834326353093,0
2998840,1,0,0.06317375911559486,0.0028971834326353093,1
2998842,1,0,0.0003893504852233193,0.0028971834326353093,0
2998843,1,0,0.00019662752789135807,0.0028971834326353093,0
2998849,1,0,0.016880730610605434,0.0028971834326353093,1
2998872,1,0,0.0002059600390476742,0.0028971834326353093,0
2998878,1,0,0.000222359780487246,0.0028971834326353093,0
2998880,1,0,0.0013281213426969097,0.0028971834326353093,0
2998902,1,0,0.0002369933305218304,0.0028971834326353093,0
2998948,1,0,0.000131943389564342,0.0028971834326353093,0
2998955,1,0,5.4658704213228845e-05,0.0028971834326353093,0
2998975,1,0,0.007416277936298038,0.0028971834326353093,1
2999038,1,0,6.673350594123381e-05,0.0028971834326353093,0
2999055,1,0,0.00028082292743856064,0.0028971834326353093,0
2999057,1,0,0.0008761804157459434,0.0028971834326353093,0
2999085,1,0,0.0006541503833259704,0.0028971834326353093,0
2999160,1,0,0.000463928421365418,0.0028971834326353093,0
2999226,1,0,0.0004233515064705837,0.0028971834326353093,0
2999314,1,0,0.00018939701907484243,0.0028971834326353093,0
2999334,1,0,0.00012845402697292982,0.0028971834326353093,0
2999404,1,0,0.0003251690017559716,0.0028971834326353093,0
2999408,1,0,0.0053751568005231684,0.0028971834326353093,1
2999410,1,0,0.00026714800822201143,0.0028971834326353093,0
2999427,1,0,0.0008594464555510187,0.0028971834326353093,0
2999467,1,0,0.001384956515333469,0.0028971834326353093,0
2999493,1,0,0.0019127928396396533,0.0028971834326353093,0
2999512,1,0,0.006053127952596618,0.0028971834326353093,1
2999523,1,0,0.00011532387544089665,0.0028971834326353093,0
2999542,1,0,0.00021056483577637356,0.0028971834326353093,0
2999609,1,0,3.3670649595469295e-05,0.0028971834326353093,0
2999614,1,0,0.020134228003930128,0.0028971834326353093,1
2999644,1,0,0.0015387793290638186,0.0028971834326353093,0
2999663,1,0,0.0002815233675680366,0.0028971834326353093,0
2999686,1,0,0.005494868077679606,0.0028971834326353093,1
2999701,1,0,0.0005105773708860834,0.0028971834326353093,0
2999732,1,0,0.009341238630497392,0.0028971834326353093,1
2999746,1,0,0.00034520588658246094,0.0028971834326353093,0
2999766,1,0,7.584337430930101e-05,0.0028971834326353093,0
2999819,1,0,0.00018179773940519222,0.0028971834326353093,0
2999823,1,0,0.0002912201496254105,0.0028971834326353093,0
2999836,1,0,0.0008741872233974669,0.0028971834326353093,0
2999871,1,0,2.526760239587337e-05,0.0028971834326353093,0
2999881,1,0,0.00035956941481343985,0.0028971834326353093,0
2999895,1,0,0.008870474125060647,0.0028971834326353093,1
2999897,1,0,4.9317215245389616e-05,0.0028971834326353093,0
2999947,1,0,2.571330190474103e-06,0.0028971834326353093,0
2999948,1,0,0.00208609149992071,0.0028971834326353093,0
2999950,1,0,0.004352878386145113,0.0028971834326353093,1
2999974,1,0,0.00042271187043805555,0.0028971834326353093,0
2999997,1,0,0.00014150874957914226,0.0028971834326353093,0
3000047,1,0,0.0001463046955425192,0.0028971834326353093,0
3000050,1,0,6.680679090932436e-05,0.0028971834326353093,0
3000062,1,0,0.00041318981347415523,0.0028971834326353093,0
3000109,1,0,0.0002770654542964668,0.0028971834326353093,0
3000128,1,0,0.0026936454306449404,0.0028971834326353093,0
3000148,1,0,0.006897230425609283,0.0028971834326353093,1
3067895,1,0,1.9893040832078547e-05,0.0028971834326353093,0
3092009,1,0,9.71216049227162e-05,0.0028971834326353093,0
3112940,1,0,0.00011709594175494234,0.0028971834326353093,0
3116055,1,0,0.0026161310762141637,0.0028971834326353093,0
3116057,1,0,0.002077911949242633,0.0028971834326353093,0
3125900,1,0,0.0005536732097635555,0.0028971834326353093,0
3127949,1,0,0.0012001665743505618,0.0028971834326353093,0
3128935,1,0,0.00018970842040811852,0.0028971834326353093,0
3131359,1,0,0.003640970562776528,0.0028971834326353093,1
3133108,1,0,0.00040849449368205435,0.0028971834326353093,0
3143117,1,0,0.0002194760202865692,0.0028971834326353093,0
3148371,1,0,5.557230403473923e-05,0.0028971834326353093,0
3149577,1,0,0.00015247134351522795,0.0028971834326353093,0
3151088,1,0,9.899909988719986e-05,0.0028971834326353093,0
3154399,1,0,0.00031149504580410884,0.0028971834326353093,0
3156107,1,0,0.0001614417042131317,0.0028971834326353093,0
3156778,1,0,0.0004696402258870963,0.0028971834326353093,0
3158616,1,0,0.0014386106754575275,0.0028971834326353093,0
3162310,1,0,0.0022813411330593397,0.0028971834326353093,0
3162346,1,0,0.00017067339375477156,0.0028971834326353093,0
3162368,1,0,3.904376169766247e-05,0.0028971834326353093,0
3162373,1,0,0.00012817463505370564,0.0028971834326353093,0
3162382,1,0,8.833791028615134e-05,0.0028971834326353093,0
3162449,1,0,3.201561415132674e-05,0.0028971834326353093,0
3162458,1,0,0.0003197243157867435,0.0028971834326353093,0
3186454,1,0,0.0006563475775222511,0.0028971834326353093,0
3235659,1,0,4.522384438211174e-05,0.0028971834326353093,0
3235688,1,0,0.0038501069980755266,0.0028971834326353093,1
3235693,1,0,0.0007147235429533629,0.0028971834326353093,0
3235699,1,0,4.2918695194448555e-05,0.0028971834326353093,0
3235710,1,0,0.00017798474632826775,0.0028971834326353093,0
3235743,1,0,0.0007291168140918208,0.0028971834326353093,0
3235760,1,0,0.00043760063186701315,0.0028971834326353093,0
3235773,1,0,0.038033629019705216,0.0028971834326353093,1
3235790,1,0,6.25524138284904e-05,0.0028971834326353093,0
3235802,1,0,0.0011812067159401832,0.0028971834326353093,0
3235819,1,0,8.329630509635855e-05,0.0028971834326353093,0
3235828,1,0,0.01301656771037002,0.0028971834326353093,1
3235835,1,0,0.03662771252382411,0.0028971834326353093,1
3235864,1,0,0.00015187059069984306,0.0028971834326353093,0
3235881,1,0,0.0003653342597269616,0.0028971834326353093,0
3235971,1,0,0.0015860701970267725,0.0028971834326353093,0
3235987,1,0,0.0001608787353025235,0.0028971834326353093,0
3236000,1,0,0.00017799209482876317,0.0028971834326353093,0
3236010,1,0,0.0003776266806839413,0.0028971834326353093,0
3236011,1,0,9.511141714585606e-05,0.0028971834326353093,0
3236019,1,0,1.0138815960462092e-05,0.0028971834326353093,0
3236030,1,0,3.7819986281563864e-05,0.0028971834326353093,0
3236035,1,0,4.566387767251655e-06,0.0028971834326353093,0
3236036,1,0,0.20469203614047504,0.0028971834326353093,1
3236066,1,0,0.000711490606277249,0.0028971834326353093,0
3236070,1,0,0.0003205115044441725,0.0028971834326353093,0
3236102,1,0,0.00010881658356370125,0.0028971834326353093,0
3236141,1,0,0.00042588344863256133,0.0028971834326353093,0
3236155,1,0,0.008786333969229666,0.0028971834326353093,1
3236161,1,0,0.0002536135016239615,0.0028971834326353093,0
3236170,1,0,0.004435823671178134,0.0028971834326353093,1
3236187,1,0,0.000292715848937424,0.0028971834326353093,0
3236192,1,0,0.001188835219408778,0.0028971834326353093,0
3236247,1,0,0.0003889436985421893,0.0028971834326353093,0
3236321,1,0,5.082032618724847e-05,0.0028971834326353093,0
3236322,1,0,0.0011730503552396126,0.0028971834326353093,0
3236324,1,0,0.000532417412946176,0.0028971834326353093,0
3236328,1,0,0.0026432839097118785,0.0028971834326353093,0
3236343,1,0,0.0007010900418787595,0.0028971834326353093,0
3236344,1,0,0.004171544277800136,0.0028971834326353093,1
3236408,1,0,0.00039480896378679063,0.0028971834326353093,0
3236474,1,0,0.0012796784849616394,0.0028971834326353093,0
3236478,1,0,0.0023010567337150164,0.0028971834326353093,0
3236483,1,0,0.0008517343587358774,0.0028971834326353093,0
3236518,1,0,3.320619150261174e-05,0.0028971834326353093,0
3236550,1,0,5.279591053021445e-05,0.0028971834326353093,0
3236583,1,0,3.1298116129134884e-05,0.0028971834326353093,0
3236621,1,0,0.00025283317312650727,0.0028971834326353093,0
3236666,1,0,0.0003542237099706373,0.0028971834326353093,0
3236680,1,0,0.007262205649386293,0.0028971834326353093,1
3236757,1,0,5.519030648802097e-05,0.0028971834326353093,0
3236764,1,0,8.38940776264867e-05,0.0028971834326353093,0
3236769,1,0,0.00012389355604720307,0.0028971834326353093,0
3236847,1,0,7.667880125171557e-05,0.0028971834326353093,0
3236853,1,0,0.011486398785880743,0.0028971834326353093,1
3236879,1,0,0.00021468561468696688,0.0028971834326353093,0
3236933,1,0,6.041043234475313e-05,0.0028971834326353093,0
3236943,1,0,0.0008934825370516245,0.0028971834326353093,0
3236947,1,0,0.00017796372018333005,0.0028971834326353093,0
3236996,1,0,0.00021969416856636103,0.0028971834326353093,0
3237019,1,0,4.879232369551899e-05,0.0028971834326353093,0
3237054,1,0,0.0018397358684876703,0.0028971834326353093,0
3237154,1,0,5.110348875671394e-05,0.0028971834326353093,0
3237167,1,0,4.8875452218375304e-05,0.0028971834326353093,0
3237179,1,0,0.00014824401304573627,0.0028971834326353093,0
3237182,1,0,0.0009043916109740806,0.0028971834326353093,0
3237228,1,0,9.088680161085498e-05,0.0028971834326353093,0
3237232,1,0,9.616513243602864e-05,0.0028971834326353093,0
3237239,1,0,0.0017721228195955166,0.0028971834326353093,0
3237260,1,0,0.00020946787927703559,0.0028971834326353093,0
3237297,1,0,0.0002782825692914404,0.0028971834326353093,0
3237334,1,0,0.00048771763641163463,0.0028971834326353093,0
3237341,1,0,0.00020594299217727475,0.0028971834326353093,0
3237360,1,0,0.00037770729717830586,0.0028971834326353093,0
3237407,1,0,0.007970798117811971,0.0028971834326353093,1
3237413,1,0,5.3820257906728766e-05,0.0028971834326353093,0
3237424,1,0,0.0024764334796938,0.0028971834326353093,0
3237434,1,0,0.00020100693387535502,0.0028971834326353093,0
3237439,1,0,5.6134953894846854e-05,0.0028971834326353093,0
3237499,1,0,0.05815208558843589,0.0028971834326353093,1
3237539,1,0,0.0001521715154585293,0.0028971834326353093,0
3237559,1,0,4.447991350605484e-05,0.0028971834326353093,0
3237582,1,0,0.005951739159089526,0.0028971834326353093,1
3237590,1,0,0.0005324373609073062,0.0028971834326353093,0
3237614,1,0,0.004059367045874287,0.0028971834326353093,1
3237624,1,0,0.00010267267220449116,0.0028971834326353093,0
3237626,1,0,0.0015926461289210523,0.0028971834326353093,0
3237661,1,0,0.0005232952503200926,0.0028971834326353093,0
3237670,1,0,1.9137753962074814e-05,0.0028971834326353093,0
3237698,1,0,0.0011765165191100855,0.0028971834326353093,0
3237703,1,0,8.839957236808433e-05,0.0028971834326353093,0
3237748,1,0,0.00021760241976275294,0.0028971834326353093,0
3237794,1,0,0.00011891228514581064,0.0028971834326353093,0
3237798,1,0,7.618257512679554e-05,0.0028971834326353093,0
3237802,1,0,0.00019655457139168173,0.0028971834326353093,0
3237867,1,0,0.0028825593328014156,0.0028971834326353093,0
3237892,1,0,8.443959237345066e-05,0.0028971834326353093,0
3237910,1,0,0.0003526184898211411,0.0028971834326353093,0
3237924,1,0,0.0009016021488606169,0.0028971834326353093,0
3237927,1,0,2.2253611094487538e-05,0.0028971834326353093,0
3237937,1,0,0.00028779275101133806,0.0028971834326353093,0
3237963,1,0,0.003406681755635847,0.0028971834326353093,1
3237974,1,0,9.222578563902431e-05,0.0028971834326353093,0
3237985,1,0,9.711876043737393e-05,0.0028971834326353093,0
3238013,1,0,6.839410786668849e-05,0.0028971834326353093,0
3238019,1,0,0.00016104648669988903,0.0028971834326353093,0
3238039,1,0,0.0004303135906095048,0.0028971834326353093,0
3238061,1,0,0.00011004658414804359,0.0028971834326353093,0
3238067,1,0,0.00046234424732067924,0.0028971834326353093,0
3238074,1,0,3.2079033924706064e-05,0.0028971834326353093,0
3238081,1,0,6.933227128461837e-05,0.0028971834326353093,0
3238084,1,0,0.0004192315921712715,0.0028971834326353093,0
3238132,1,0,0.005454302438278809,0.0028971834326353093,1
3238135,1,0,0.002538930305149978,0.0028971834326353093,0
3238179,1,0,0.0001901213545568685,0.0028971834326353093,0
3238192,1,0,0.001449258364816897,0.0028971834326353093,0
3238216,1,0,9.378299445336764e-05,0.0028971834326353093,0
3238241,1,0,0.0015243302466279077,0.0028971834326353093,0
3238254,1,0,4.301402703360129e-05,0.0028971834326353093,0
3238319,1,0,0.00012354673649825386,0.0028971834326353093,0
3238330,1,0,0.0001796940951896991,0.0028971834326353093,0
3238375,1,0,0.00120387453506069,0.0028971834326353093,0
3238423,1,0,2.6870018411452503e-05,0.0028971834326353093,0
3238432,1,0,0.0006782172434096069,0.0028971834326353093,0
3238446,1,0,0.006885170229125971,0.0028971834326353093,1
3238468,1,0,0.0006099717378934613,0.0028971834326353093,0
3238510,1,0,0.0003214978204760734,0.0028971834326353093,0
3238512,1,0,0.00012419847509923895,0.0028971834326353093,0
3238557,1,0,0.000265443113480382,0.0028971834326353093,0
3238567,1,0,0.0001755469303049987,0.0028971834326353093,0
3238573,1,0,0.0022332615578083744,0.0028971834326353093,0
3238585,1,0,0.016527108652796274,0.0028971834326353093,1
3238602,1,0,9.524148333240949e-05,0.0028971834326353093,0
3238608,1,0,0.00570094073748439,0.0028971834326353093,1
3238627,1,0,0.07537534454276323,0.0028971834326353093,1
3238693,1,0,0.0003068192549313139,0.0028971834326353093,0
3238765,1,0,1.636422840465329e-05,0.0028971834326353093,0
3238808,1,0,0.013690814399759657,0.0028971834326353093,1
3238860,1,0,4.262407633794899e-05,0.0028971834326353093,0
3238864,1,0,3.9733293094300424e-05,0.0028971834326353093,0
3239030,1,0,0.0009536642341403025,0.0028971834326353093,0
3239034,1,0,3.2787425697370695e-05,0.0028971834326353093,0
3239036,1,0,0.00045418018650958864,0.0028971834326353093,0
3239055,1,0,0.0015901939170911903,0.0028971834326353093,0
3239102,1,0,0.00021605055554546943,0.0028971834326353093,0
3239117,1,0,0.0010872420071635451,0.0028971834326353093,0
3239137,1,0,0.0005662957551456363,0.0028971834326353093,0
3239151,1,0,0.0009306751437032252,0.0028971834326353093,0
3239167,1,0,0.00014657186612641198,0.0028971834326353093,0
3239183,1,0,9.144669538901017e-05,0.0028971834326353093,0
3239187,1,0,0.0001279135881911291,0.0028971834326353093,0
3239193,1,0,0.000339659581306863,0.0028971834326353093,0
3239196,1,0,0.0018218596418098434,0.0028971834326353093,0
3239336,1,0,0.00013901974598695238,0.0028971834326353093,0
3239432,1,0,0.00018064030663668407,0.0028971834326353093,0
3239445,1,0,7.192058655436868e-05,0.0028971834326353093,0
3239567,1,0,7.717373817296762e-05,0.0028971834326353093,0
3239615,1,0,0.00010163568438597137,0.0028971834326353093,0
3239618,1,0,0.00019976163431731416,0.0028971834326353093,0
3239622,1,0,0.004621166525760577,0.0028971834326353093,1
3239623,1,0,9.962522221937068e-05,0.0028971834326353093,0
3239656,1,0,1.1219618799188838e-05,0.0028971834326353093,0
3239661,1,0,0.010226772180667447,0.0028971834326353093,1
3239724,1,0,0.0011955013280684956,0.0028971834326353093,0
3239734,1,0,0.0009047810405417783,0.0028971834326353093,0
3239774,1,0,0.0006390368718705204,0.0028971834326353093,0
3239841,1,0,0.0033094463448774666,0.0028971834326353093,1
3239861,1,0,0.00013993342128766607,0.0028971834326353093,0
3239909,1,0,0.00031061337963617374,0.0028971834326353093,0
3239975,1,0,0.0012025932931059935,0.0028971834326353093,0
3240011,1,0,0.0003903072813417845,0.0028971834326353093,0
3240055,1,0,0.00040905802540404287,0.0028971834326353093,0
3240077,1,0,0.0009724091800682494,0.0028971834326353093,0
3240129,1,0,0.00021873973872754582,0.0028971834326353093,0
3240153,1,0,0.0002646783159731245,0.0028971834326353093,0
3240166,1,0,0.0024673621758503758,0.0028971834326353093,0
3240182,1,0,0.0006807636050320165,0.0028971834326353093,0
3240190,1,0,0.002855119600344361,0.0028971834326353093,0
3240276,1,0,0.0003995370179845168,0.0028971834326353093,0
3240279,1,0,0.002323414894612518,0.0028971834326353093,0
3240303,1,0,2.4604344383140224e-05,0.0028971834326353093,0
3240328,1,0,0.002810717402849562,0.0028971834326353093,0
3240330,1,0,6.841371212175002e-05,0.0028971834326353093,0
3240332,1,0,0.002742662154693526,0.0028971834326353093,0
3240337,1,0,1.89267128783621e-05,0.0028971834326353093,0
3240411,1,0,0.0017240231863715483,0.0028971834326353093,0
3240456,1,0,0.00030980605072276305,0.0028971834326353093,0
3240467,1,0,0.00013662572032761098,0.0028971834326353093,0
3240472,1,0,0.0023957286832286045,0.0028971834326353093,0
3240509,1,0,0.0005741100798411356,0.0028971834326353093,0
3240529,1,0,0.0004641350217183828,0.0028971834326353093,0
3240532,1,0,3.2612049280215005e-05,0.0028971834326353093,0
3240551,1,0,0.002046535158310656,0.0028971834326353093,0
3240563,1,0,2.1564871105497755e-05,0.0028971834326353093,0
3240577,1,0,0.00018710668843200228,0.0028971834326353093,0
3240617,1,0,0.006395708251456964,0.0028971834326353093,1
3240707,1,0,0.0001326609519347462,0.0028971834326353093,0
3240713,1,0,0.00027784588806300316,0.0028971834326353093,0
3240723,1,0,0.0036704848020406252,0.0028971834326353093,1
3240839,1,0,6.294318672359048e-06,0.0028971834326353093,0
3240856,1,0,0.00031392719423941386,0.0028971834326353093,0
3240857,1,0,3.6456403949847155e-05,0.0028971834326353093,0
3240909,1,0,0.004278290632578507,0.0028971834326353093,1
3240912,1,0,0.0009893207237996408,0.0028971834326353093,0
3240953,1,0,0.0014706437345988913,0.0028971834326353093,0
3240980,1,0,0.000995554064255509,0.0028971834326353093,0
3241005,1,0,0.00022917488464130746,0.0028971834326353093,0
3241023,1,0,0.0005309826442479771,0.0028971834326353093,0
3241109,1,0,0.013859801643026035,0.0028971834326353093,1
3241139,1,0,0.00013000296533299295,0.0028971834326353093,0
3241189,1,0,0.00015326608570865482,0.0028971834326353093,0
3241202,1,0,0.004350945766063329,0.0028971834326353093,1
3241235,1,0,0.0001894441506685943,0.0028971834326353093,0
3241247,1,0,0.0010697469103713557,0.0028971834326353093,0
3241259,1,0,0.001350967606126132,0.0028971834326353093,0
3241296,1,0,9.709257270214994e-05,0.0028971834326353093,0
3241303,1,0,0.1647167354295615,0.0028971834326353093,1
3241314,1,0,0.015135580737339139,0.0028971834326353093,1
3241344,1,0,0.00016975814746326886,0.0028971834326353093,0
3241421,1,0,2.0864525607574258e-05,0.0028971834326353093,0
3241452,1,0,0.00011847204285974146,0.0028971834326353093,0
3241466,1,0,0.03754500584394367,0.0028971834326353093,1
3241515,1,0,0.0003055762979062981,0.0028971834326353093,0
3241544,1,0,9.8699699710932e-05,0.0028971834326353093,0
3241586,1,0,9.071556159519857e-05,0.0028971834326353093,0
3241594,1,0,0.0001458751575494096,0.0028971834326353093,0
3241622,1,0,2.0996777382721984e-05,0.0028971834326353093,0
3241626,1,0,0.002261963824330697,0.0028971834326353093,0
3241634,1,0,9.321173606860098e-05,0.0028971834326353093,0
3241702,1,0,2.3005678983134624e-05,0.0028971834326353093,0
3241723,1,0,0.0014368610054155857,0.0028971834326353093,0
3241752,1,0,0.0015984576320646907,0.0028971834326353093,0
3241773,1,0,4.846080078197482e-05,0.0028971834326353093,0
3241800,1,0,3.099123432077206e-05,0.0028971834326353093,0
3241849,1,0,0.000122964536808554,0.0028971834326353093,0
3241885,1,0,0.0011059713886083758,0.0028971834326353093,0
3241893,1,0,0.0006437714938300151,0.0028971834326353093,0
3241930,1,0,2.4778870387421475e-05,0.0028971834326353093,0
3241964,1,0,0.029214102501100098,0.0028971834326353093,1
3241965,1,0,0.00038843863639161156,0.0028971834326353093,0
3241983,1,0,0.0013616240970209645,0.0028971834326353093,0
3241985,1,0,0.000821252598323245,0.0028971834326353093,0
3242007,1,0,4.4233783099560697e-05,0.0028971834326353093,0
3242025,1,0,0.0029598244232172314,0.0028971834326353093,1
3242044,1,0,0.0003557086448665645,0.0028971834326353093,0
3242063,1,0,0.0010465322240231566,0.0028971834326353093,0
3242071,1,0,0.0012387121829923594,0.0028971834326353093,0
3242077,1,0,2.6226940929467946e-05,0.0028971834326353093,0
3242178,1,0,6.528843435514559e-05,0.0028971834326353093,0
3242224,1,0,0.0001453417392106943,0.0028971834326353093,0
3242305,1,0,0.00014856945765502573,0.0028971834326353093,0
3242321,1,0,0.00015043901036391295,0.0028971834326353093,0
3242330,1,0,3.718017647774132e-05,0.0028971834326353093,0
3242337,1,0,0.0006765616889511452,0.0028971834326353093,0
3242370,1,0,3.1038416852671e-05,0.0028971834326353093,0
3242426,1,0,7.626930639147882e-05,0.0028971834326353093,0
3242446,1,0,2.8433804026299776e-05,0.0028971834326353093,0
3242448,1,0,0.00030432800124564424,0.0028971834326353093,0
3242453,1,0,0.010328921404601739,0.0028971834326353093,1
3242478,1,0,0.0002589091095116869,0.0028971834326353093,0
3242505,1,0,0.00019154108865904285,0.0028971834326353093,0
3242506,1,0,0.002701135933909684,0.0028971834326353093,0
3242512,1,0,9.06425040529377e-05,0.0028971834326353093,0
3242545,1,0,0.002136242681517399,0.0028971834326353093,0
3242638,1,0,0.05597246622504375,0.0028971834326353093,1
3242672,1,0,2.528623978556909e-05,0.0028971834326353093,0
3242749,1,0,0.00014016386349270806,0.0028971834326353093,0
3242807,1,0,0.00011649025100296932,0.0028971834326353093,0
3242811,1,0,0.0003721722299691711,0.0028971834326353093,0
3242821,1,0,4.9832863685437324e-05,0.0028971834326353093,0
3242835,1,0,8.707933473581391e-05,0.0028971834326353093,0
3242947,1,0,0.0010378405024359136,0.0028971834326353093,0
3242962,1,0,0.0003540950243985018,0.0028971834326353093,0
3243027,1,0,3.576029646007907e-05,0.0028971834326353093,0
3243084,1,0,0.001006343565672972,0.0028971834326353093,0
3243149,1,0,0.012248246326210131,0.0028971834326353093,1
3243224,1,0,7.484036996889967e-05,0.0028971834326353093,0
3243226,1,0,0.00023915623864557547,0.0028971834326353093,0
3243236,1,0,0.0005859045470379396,0.0028971834326353093,0
3243260,1,0,0.0009112060526197485,0.0028971834326353093,0
3243273,1,0,0.0009797858504065197,0.0028971834326353093,0
3243317,1,0,3.129850571400969e-05,0.0028971834326353093,0
3243341,1,0,0.0019021187950277445,0.0028971834326353093,0
3243360,1,0,0.0019449185478746512,0.0028971834326353093,0
3243408,1,0,0.00021081835438211267,0.0028971834326353093,0
3243596,1,0,0.00017458986996121982,0.0028971834326353093,0
3243601,1,0,8.237460782505316e-05,0.0028971834326353093,0
3243631,1,0,0.0003828030179934785,0.0028971834326353093,0
3243645,1,0,3.667926934795373e-05,0.0028971834326353093,0
3243679,1,0,0.0034163853304162886,0.0028971834326353093,1
3243715,1,0,0.055757802126313705,0.0028971834326353093,1
3243845,1,0,0.00034798491675920866,0.0028971834326353093,0
3243861,1,0,0.0006149260558302729,0.0028971834326353093,0
3243886,1,0,4.102533162679433e-05,0.0028971834326353093,0
3243894,1,0,0.000270682919643044,0.0028971834326353093,0
3243896,1,0,0.0014925954955472937,0.0028971834326353093,0
3243905,1,0,0.00010509992876292912,0.0028971834326353093,0
3243908,1,0,3.3187893391201816e-05,0.0028971834326353093,0
3243917,1,0,0.023357280234160786,0.0028971834326353093,1
3243965,1,0,0.0007248007702274253,0.0028971834326353093,0
3244011,1,0,0.0006271398461660971,0.0028971834326353093,0
3244062,1,0,0.0007614646738677394,0.0028971834326353093,0
3244155,1,0,0.0004569120135541155,0.0028971834326353093,0
3244164,1,0,8.564019579405709e-05,0.0028971834326353093,0
3244217,1,0,0.00012624458054060083,0.0028971834326353093,0
3244295,1,0,5.4483218461426466e-05,0.0028971834326353093,0
3244305,1,0,1.1405119045065643e-05,0.0028971834326353093,0
3244308,1,0,5.903508145280222e-05,0.0028971834326353093,0
3244311,1,0,0.0001158192581279838,0.0028971834326353093,0
3244369,1,0,0.00015688290384259827,0.0028971834326353093,0
3244433,1,0,0.020173730859834565,0.0028971834326353093,1
3244434,1,0,0.0003094813291918618,0.0028971834326353093,0
3244447,1,0,0.00014617661003393608,0.0028971834326353093,0
3244475,1,0,0.0005157012996671877,0.0028971834326353093,0
3244492,1,0,0.0002374031387386204,0.0028971834326353093,0
3244498,1,0,0.00018257187390817805,0.0028971834326353093,0
3244553,1,0,0.0011188808141505407,0.0028971834326353093,0
3244582,1,0,0.003436642515480078,0.0028971834326353093,1
3244592,1,0,0.00012662081145218494,0.0028971834326353093,0
3244608,1,0,0.0009522046561877972,0.0028971834326353093,0
3244670,1,0,0.00037806766228353834,0.0028971834326353093,0
3244675,1,0,0.0008711240215572743,0.0028971834326353093,0
3244684,1,0,9.039300973952098e-05,0.0028971834326353093,0
3244791,1,0,5.7530269237751946e-05,0.0028971834326353093,0
3244830,1,0,4.446519727880318e-05,0.0028971834326353093,0
3244847,1,0,1.8141821179415294e-05,0.0028971834326353093,0
3244848,1,0,2.4089616737619365e-05,0.0028971834326353093,0
3244894,1,0,0.00894899627674321,0.0028971834326353093,1
3244981,1,0,6.983373264086359e-05,0.0028971834326353093,0
3245020,1,0,0.0003778211129300062,0.0028971834326353093,0
3245057,1,0,0.00021261534219509275,0.0028971834326353093,0
3245164,1,0,1.4501756750633503e-05,0.0028971834326353093,0
3245170,1,0,0.0001768501073484805,0.0028971834326353093,0
3245224,1,0,0.00031806086874102064,0.0028971834326353093,0
3245225,1,0,0.00010352484863015792,0.0028971834326353093,0
3245229,1,0,0.0005453925296626258,0.0028971834326353093,0
3245248,1,0,0.00030338351999673773,0.0028971834326353093,0
3245272,1,0,0.0011100122322265987,0.0028971834326353093,0
3245336,1,0,0.005739506167268249,0.0028971834326353093,1
3245352,1,0,5.812181369217765e-05,0.0028971834326353093,0
3245401,1,0,0.0011967103897813987,0.0028971834326353093,0
3245480,1,0,0.000501718733283293,0.0028971834326353093,0
3245497,1,0,8.461808890250128e-05,0.0028971834326353093,0
3245618,1,0,0.03186317912271217,0.0028971834326353093,1
3245630,1,0,0.0007237634891542248,0.0028971834326353093,0
3245701,1,0,0.00211594120823242,0.0028971834326353093,0
3245734,1,0,0.0014769139469559419,0.0028971834326353093,0
3245749,1,0,0.00032352865945759575,0.0028971834326353093,0
3245764,1,0,0.001613180603765673,0.0028971834326353093,0
3245789,1,0,0.001998979351293748,0.0028971834326353093,0
3245839,1,0,0.00030160656602128887,0.0028971834326353093,0
3245894,1,0,0.00013490022709146344,0.0028971834326353093,0
3245912,1,0,0.008906095820434433,0.0028971834326353093,1
3245959,1,0,0.0005049160524082205,0.0028971834326353093,0
3245971,1,0,0.00028440219730932703,0.0028971834326353093,0
3245994,1,0,0.0015733846574192793,0.0028971834326353093,0
3246770,1,0,3.8985255690298483e-05,0.0028971834326353093,0
3246797,1,0,5.235317868498036e-05,0.0028971834326353093,0
3260865,1,0,0.0006826400058053154,0.0028971834326353093,0
3265903,1,0,0.00036111396281724584,0.0028971834326353093,0
3314951,1,0,0.00024297044314186146,0.0028971834326353093,0
3315129,1,0,0.00029706800959699165,0.0028971834326353093,0
3404474,1,0,0.0024596839998782803,0.0028971834326353093,0
3435090,1,0,0.00019458179887129956,0.0028971834326353093,0
3436420,1,0,0.0042432614423097495,0.0028971834326353093,1
3436636,1,0,0.0007799854564514591,0.0028971834326353093,0
3438303,1,0,0.001686510316024831,0.0028971834326353093,0
3442155,1,0,0.0003491420122166484,0.0028971834326353093,0
3491374,1,0,0.0017304210622186183,0.0028971834326353093,0
3511375,1,0,0.0008840365703248463,0.0028971834326353093,0
3520063,1,0,0.00036471317198508786,0.0028971834326353093,0
3590647,1,0,6.543421405430551e-05,0.0028971834326353093,0
3603126,1,0,0.0002833316180180939,0.0028971834326353093,0
3620360,1,0,0.0006991374363236825,0.0028971834326353093,0
3649326,1,0,8.499228741782366e-05,0.0028971834326353093,0
3651146,1,0,6.941981511204524e-05,0.0028971834326353093,0
3653329,1,0,0.00031002926561684294,0.0028971834326353093,0
3690440,1,0,0.0006075506191539698,0.0028971834326353093,0
3796447,1,0,0.0005154090209964832,0.0028971834326353093,0
3797114,1,0,0.00017841249666448333,0.0028971834326353093,0
3797905,1,0,0.0003723842961719683,0.0028971834326353093,0
3813399,1,0,0.0057217956978614665,0.0028971834326353093,1
3858898,1,0,0.0012276375793304477,0.0028971834326353093,0
4094173,1,0,0.0006681525161322455,0.0028971834326353093,0
4105570,1,0,0.0004181882719942093,0.0028971834326353093,0
4108861,1,0,0.00016127707706215967,0.0028971834326353093,0
4114331,1,0,0.0004004844553165619,0.0028971834326353093,0
4117900,1,0,0.0004258666141654011,0.0028971834326353093,0
4129119,1,0,0.006068427468659114,0.0028971834326353093,1
4136905,1,0,0.0007249962672680989,0.0028971834326353093,0
4150047,1,0,0.00033027545962743403,0.0028971834326353093,0
4152810,1,0,0.00016584486902314783,0.0028971834326353093,0
4164379,1,0,9.926657178277196e-06,0.0028971834326353093,0
4165356,1,0,7.885372291958867e-05,0.0028971834326353093,0
4174169,1,0,0.0017179951609285825,0.0028971834326353093,0
4205813,1,0,0.00024158774979086785,0.0028971834326353093,0
4234394,1,0,0.00033735672918241386,0.0028971834326353093,0
4246776,1,0,0.02435920911014312,0.0028971834326353093,1
4289349,1,0,0.0009368868987610829,0.0028971834326353093,0
4343836,1,0,0.00019674942741589388,0.0028971834326353093,0
4353821,1,0,4.297106622384438e-05,0.0028971834326353093,0
4361104,1,0,0.0011810278357498403,0.0028971834326353093,0
4402411,1,0,0.0005865784781134176,0.0028971834326353093,0
4432211,1,0,2.8790438982542364e-05,0.0028971834326353093,0
4432959,1,0,0.0008426146076477946,0.0028971834326353093,0
4524563,1,0,0.0008979029116319494,0.0028971834326353093,0
4530632,1,0,0.00021876869267247135,0.0028971834326353093,0
4588656,1,0,7.613037960903718e-05,0.0028971834326353093,0
4592510,1,0,0.0003365150522554917,0.0028971834326353093,0
4616029,1,0,0.00017657455061037124,0.0028971834326353093,0
4660885,1,0,0.0005592649652249318,0.0028971834326353093,0
4859802,1,0,9.784805233269104e-05,0.0028971834326353093,0
4893183,1,0,0.000139382206917892,0.0028971834326353093,0
4896219,1,0,4.856073193332234e-05,0.0028971834326353093,0
5070178,1,0,3.948288434201724e-05,0.0028971834326353093,0
5076106,1,0,0.00017367941680419843,0.0028971834326353093,0
5076107,1,0,0.00038523314253249564,0.0028971834326353093,0
5122224,1,0,3.672197416569391e-05,0.0028971834326353093,0
5142912,1,0,9.613355664168679e-05,0.0028971834326353093,0
5178250,1,0,9.35699313871458e-05,0.0028971834326353093,0
5192235,1,0,0.0001607824858827655,0.0028971834326353093,0
5201818,1,0,0.00021140625351211904,0.0028971834326353093,0
5219757,1,0,0.008171730015532421,0.0028971834326353093,1
5295151,1,0,9.036086847196139e-05,0.0028971834326353093,0
5307143,1,0,0.0018846737891510053,0.0028971834326353093,0
5307153,1,0,0.00028894082034699753,0.0028971834326353093,0
5307159,1,0,0.02172972144408912,0.0028971834326353093,1
5307284,1,0,4.326050144602741e-05,0.0028971834326353093,0
5307306,1,0,8.381789064138946e-05,0.0028971834326353093,0
5307321,1,0,0.00123684582087432,0.0028971834326353093,0
5307497,1,0,0.0009105687091218833,0.0028971834326353093,0
5307500,1,0,0.000333242343882089,0.0028971834326353093,0
5307573,1,0,0.00024164298890360695,0.0028971834326353093,0
5307585,1,0,3.3589039610131316e-05,0.0028971834326353093,0
5307596,1,0,2.210128339738633e-05,0.0028971834326353093,0
5307639,1,0,9.952847634806326e-05,0.0028971834326353093,0
5307749,1,0,0.0001374933983424516,0.0028971834326353093,0
5307770,1,0,0.00107309097684166,0.0028971834326353093,0
5307818,1,0,0.023688992595897636,0.0028971834326353093,1
5307841,1,0,0.0013284761961661448,0.0028971834326353093,0
5307862,1,0,0.0009818864941568786,0.0028971834326353093,0
5307908,1,0,0.00022750692548583547,0.0028971834326353093,0
5307917,1,0,0.0008078070847925864,0.0028971834326353093,0
5307966,1,0,0.0005418822019855834,0.0028971834326353093,0
5307985,1,0,0.00048060956490215896,0.0028971834326353093,0
5308019,1,0,0.0009049106477601547,0.0028971834326353093,0
5308042,1,0,0.00036973486515941376,0.0028971834326353093,0
5308060,1,0,1.6054074562585736e-05,0.0028971834326353093,0
5308162,1,0,0.0008161319375402054,0.0028971834326353093,0
5308213,1,0,4.951226745974346e-05,0.0028971834326353093,0
5308250,1,0,0.0008752400694646508,0.0028971834326353093,0
5308255,1,0,1.6007337230134382e-05,0.0028971834326353093,0
5308264,1,0,0.005401000991468383,0.0028971834326353093,1
5308289,1,0,4.835175388695404e-05,0.0028971834326353093,0
5308315,1,0,0.00025147748271512406,0.0028971834326353093,0
5308322,1,0,0.006855941286738431,0.0028971834326353093,1
5308351,1,0,0.000403621130952513,0.0028971834326353093,0
5308421,1,0,5.082325664231319e-05,0.0028971834326353093,0
5308424,1,0,0.0005079472844914865,0.0028971834326353093,0
5308471,1,0,0.0002625669360004425,0.0028971834326353093,0
5308495,1,0,4.4847939789464415e-05,0.0028971834326353093,0
5308516,1,0,0.0002096580706752687,0.0028971834326353093,0
5308566,1,0,0.0017670679352477484,0.0028971834326353093,0
5308659,1,0,0.00018483275511810068,0.0028971834326353093,0
5308688,1,0,0.0003732705554656969,0.0028971834326353093,0
5308689,1,0,0.000264127989087006,0.0028971834326353093,0
5308736,1,0,2.103041753582753e-05,0.0028971834326353093,0
5308738,1,0,0.0007381898468754174,0.0028971834326353093,0
5308752,1,0,8.07829583464229e-05,0.0028971834326353093,0
5308758,1,0,0.00041308971453675914,0.0028971834326353093,0
5308769,1,0,0.0002660972240381398,0.0028971834326353093,0
5308975,1,0,0.025175281977638225,0.0028971834326353093,1
5308983,1,0,5.58779053629129e-05,0.0028971834326353093,0
5309021,1,0,0.0002948933142073845,0.0028971834326353093,0
5309116,1,0,0.009811851641120797,0.0028971834326353093,1
5309133,1,0,0.00017560915488186988,0.0028971834326353093,0
5309168,1,0,0.002174437260296508,0.0028971834326353093,0
5309187,1,0,0.00012214793373695057,0.0028971834326353093,0
5309205,1,0,0.0022205251255324313,0.0028971834326353093,0
5309206,1,0,5.0949541090591505e-05,0.0028971834326353093,0
5309322,1,0,0.000261644729013814,0.0028971834326353093,0
5309326,1,0,0.0010687247059461794,0.0028971834326353093,0
5309334,1,0,0.0013998638959888479,0.0028971834326353093,0
5309449,1,0,0.0002357179717430279,0.0028971834326353093,0
5309455,1,0,0.00038909570028583247,0.0028971834326353093,0
5309460,1,0,3.848024791637062e-05,0.0028971834326353093,0
5309511,1,0,0.0007450341762447731,0.0028971834326353093,0
5309543,1,0,0.0003311785892212261,0.0028971834326353093,0
5309586,1,0,0.0032727493926807873,0.0028971834326353093,1
5309641,1,0,0.0003110255258403187,0.0028971834326353093,0
5309661,1,0,0.0015111537560525596,0.0028971834326353093,0
5309666,1,0,0.002706606685339411,0.0028971834326353093,0
5309669,1,0,0.0020702710377821063,0.0028971834326353093,0
5309670,1,0,0.008175714711885485,0.0028971834326353093,1
5309687,1,0,0.00014044257502116237,0.0028971834326353093,0
5309730,1,0,0.0014450219661774723,0.0028971834326353093,0
5309739,1,0,0.0001706987150210212,0.0028971834326353093,0
5309785,1,0,0.004780386478680395,0.0028971834326353093,1
5309815,1,0,0.0006077180511022786,0.0028971834326353093,0
5309847,1,0,0.0004348445388958963,0.0028971834326353093,0
5309881,1,0,0.004682235104852141,0.0028971834326353093,1
5309936,1,0,0.00011260584497576965,0.0028971834326353093,0
5309966,1,0,0.0015386524788154365,0.0028971834326353093,0
5309981,1,0,2.8057467076234954e-05,0.0028971834326353093,0
5309989,1,0,0.027607872239527383,0.0028971834326353093,1
5310016,1,0,0.0002060905633022158,0.0028971834326353093,0
5310053,1,0,0.0031910162493198092,0.0028971834326353093,1
5310108,1,0,0.0004341099581926496,0.0028971834326353093,0
5310218,1,0,4.2513064755876304e-05,0.0028971834326353093,0
5310258,1,0,0.0014461762359911355,0.0028971834326353093,0
5310351,1,0,0.00037811716587243647,0.0028971834326353093,0
5310384,1,0,9.31734417634401e-05,0.0028971834326353093,0
5310411,1,0,0.0002180948820812423,0.0028971834326353093,0
5310511,1,0,0.0001402674814376669,0.0028971834326353093,0
5310529,1,0,0.0001467887815891323,0.0028971834326353093,0
5310559,1,0,0.0001572202529852984,0.0028971834326353093,0
5310562,1,0,3.792601954923401e-05,0.0028971834326353093,0
5310565,1,0,7.452018114465742e-05,0.0028971834326353093,0
5310568,1,0,0.0015662494235957082,0.0028971834326353093,0
5310577,1,0,8.807434506765389e-05,0.0028971834326353093,0
5310666,1,0,0.0008308227086195554,0.0028971834326353093,0
5310739,1,0,0.00027399077887085133,0.0028971834326353093,0
5310854,1,0,0.0003040958978364143,0.0028971834326353093,0
5310872,1,0,5.5362716417330214e-05,0.0028971834326353093,0
5328770,1,0,0.00023816320562093193,0.0028971834326353093,0
5388987,1,0,8.126638709361659e-05,0.0028971834326353093,0
5389045,1,0,0.0002757884062049717,0.0028971834326353093,0
5389060,1,0,7.3293217544096304e-06,0.0028971834326353093,0
5389228,1,0,0.00017971140626232878,0.0028971834326353093,0
5389242,1,0,0.00021316422969912095,0.0028971834326353093,0
5389291,1,0,0.0002237520619763593,0.0028971834326353093,0
5389324,1,0,0.0003969540450459879,0.0028971834326353093,0
5389332,1,0,0.001231749150029139,0.0028971834326353093,0
5389464,1,0,0.0005000920811922489,0.0028971834326353093,0
5389489,1,0,0.0005605870848510272,0.0028971834326353093,0
5389506,1,0,0.0007875425360203248,0.0028971834326353093,0
5389516,1,0,0.0001975435020782838,0.0028971834326353093,0
5389579,1,0,0.0006731306996181756,0.0028971834326353093,0
5389590,1,0,6.661531356072476e-05,0.0028971834326353093,0
5389617,1,0,0.0008436852407540028,0.0028971834326353093,0
5389635,1,0,0.00019090888567860716,0.0028971834326353093,0
5389667,1,0,2.86117511043082e-05,0.0028971834326353093,0
5389679,1,0,0.002595822689662547,0.0028971834326353093,0
5389684,1,0,0.00048271879007992594,0.0028971834326353093,0
5389687,1,0,9.256620777056126e-05,0.0028971834326353093,0
5389700,1,0,0.00025362265812825605,0.0028971834326353093,0
5389704,1,0,0.0004327848135813266,0.0028971834326353093,0
5389719,1,0,0.00023160998958785082,0.0028971834326353093,0
5389727,1,0,0.00029465252999528834,0.0028971834326353093,0
5389776,1,0,0.0002350103376124438,0.0028971834326353093,0
5389785,1,0,0.0001539918789572752,0.0028971834326353093,0
5389862,1,0,0.00012543787764495438,0.0028971834326353093,0
5389904,1,0,0.0001687101228895989,0.0028971834326353093,0
5389935,1,0,0.0010160647143934837,0.0028971834326353093,0
5389984,1,0,0.0001590369799225483,0.0028971834326353093,0
5390049,1,0,0.0005508950200254387,0.0028971834326353093,0
5390063,1,0,0.0007056982125055051,0.0028971834326353093,0
5390073,1,0,0.0005303661918687133,0.0028971834326353093,0
5390084,1,0,0.00025723198030907623,0.0028971834326353093,0
5390085,1,0,0.0008417364455664406,0.0028971834326353093,0
5390087,1,0,0.00034844993031821214,0.0028971834326353093,0
5403777,1,0,1.2306007000506988e-05,0.0028971834326353093,0
5429720,1,0,0.0005620145272319507,0.0028971834326353093,0
5447163,1,0,0.0005800006294190781,0.0028971834326353093,0
5693111,1,0,0.00727777629480745,0.0028971834326353093,1
5711569,1,0,0.00046677321687524056,0.0028971834326353093,0
5739357,1,0,0.0009845969499039956,0.0028971834326353093,0
5739993,1,0,0.0002958761326580039,0.0028971834326353093,0
5741317,1,0,0.00033251801050637985,0.0028971834326353093,0
5741809,1,0,0.00037026295554960613,0.0028971834326353093,0
5741987,1,0,0.00018825734020483414,0.0028971834326353093,0
5742448,1,0,0.000629514493568438,0.0028971834326353093,0
5742455,1,0,0.00023987066273802095,0.0028971834326353093,0
5742483,1,0,0.0008659675799245469,0.0028971834326353093,0
5742533,1,0,7.29888951412878e-05,0.0028971834326353093,0
5742536,1,0,5.6754158077571567e-05,0.0028971834326353093,0
5742565,1,0,0.0005002170666582579,0.0028971834326353093,0
5768983,1,0,0.00015592298644825854,0.0028971834326353093,0
5769116,1,0,3.9526772348917996e-05,0.0028971834326353093,0
5769461,1,0,0.002552850977443976,0.0028971834326353093,0
5770442,1,0,0.0012107787236116932,0.0028971834326353093,0
5771238,1,0,8.855379982838064e-05,0.0028971834326353093,0
5771338,1,0,0.0007587819435029917,0.0028971834326353093,0
5771400,1,0,0.00011045162407157783,0.0028971834326353093,0
5771494,1,0,0.00032695756381628403,0.0028971834326353093,0
5771716,1,0,0.001638512786643925,0.0028971834326353093,0
5771731,1,0,0.003617998540952179,0.0028971834326353093,1
5878100,1,0,0.00019635469266847516,0.0028971834326353093,0
6023689,1,0,0.020482221207117225,0.0028971834326353093,1
6324553,1,0,0.0006967588760928746,0.0028971834326353093,0
6324554,1,0,0.00025144830732031057,0.0028971834326353093,0
6400952,1,0,0.006948485000632896,0.0028971834326353093,1
6602533,1,0,5.794119106601369e-05,0.0028971834326353093,0
6602610,1,0,0.0002993419429511512,0.0028971834326353093,0
6602685,1,0,8.400135965292837e-05,0.0028971834326353093,0
6602694,1,0,3.705437296404126e-05,0.0028971834326353093,0
6602737,1,0,2.6249878624920038e-05,0.0028971834326353093,0
6602758,1,0,0.001099876736065546,0.0028971834326353093,0
6602761,1,0,0.00018103805612914743,0.0028971834326353093,0
6602774,1,0,6.344960597232306e-06,0.0028971834326353093,0
6602809,1,0,6.353528209175354e-05,0.0028971834326353093,0
6602854,1,0,7.88987644022869e-05,0.0028971834326353093,0
6602867,1,0,0.0014659845514366837,0.0028971834326353093,0
6602936,1,0,4.607342313439414e-05,0.0028971834326353093,0
6602982,1,0,2.4074054334162854e-05,0.0028971834326353093,0
6603104,1,0,8.119486286895947e-06,0.0028971834326353093,0
6603115,1,0,0.001749154562602758,0.0028971834326353093,0
6603130,1,0,0.0021573881831078346,0.0028971834326353093,0
6603138,1,0,3.12305971071399e-05,0.0028971834326353093,0
6603146,1,0,0.001605864392772449,0.0028971834326353093,0
6603151,1,0,0.00022977522284350666,0.0028971834326353093,0
6603215,1,0,0.0004406439895911202,0.0028971834326353093,0
6603239,1,0,3.530930703192198e-05,0.0028971834326353093,0
6603263,1,0,9.285999079297766e-05,0.0028971834326353093,0
6603274,1,0,0.031201353521919165,0.0028971834326353093,1
6603394,1,0,0.00010559323246354625,0.0028971834326353093,0
6603418,1,0,1.448883749495842e-05,0.0028971834326353093,0
6603463,1,0,0.000523064466457806,0.0028971834326353093,0
6603504,1,0,0.00015511987093121991,0.0028971834326353093,0
6603634,1,0,0.0004331491694975984,0.0028971834326353093,0
6603637,1,0,6.560439201637051e-05,0.0028971834326353093,0
6603658,1,0,0.003724234021667357,0.0028971834326353093,1
6603665,1,0,0.0010018522864576245,0.0028971834326353093,0
6603680,1,0,4.849308086339912e-05,0.0028971834326353093,0
9595210,1,0,0.0055264248273532235,0.0028971834326353093,1
9601081,1,0,4.0793003336938216e-05,0.0028971834326353093,0
658778,2,1,0.0008130580371257461,0.0014616264974821743,0
663743,2,1,0.18847936854068573,0.0014616264974821743,1
2084089,2,1,0.007104687192670779,0.0014616264974821743,1
3242160,2,1,0.04982513597925751,0.0014616264974821743,1
3243790,2,1,0.08668439434621036,0.0014616264974821743,1
5308876,2,1,0.10595930664225832,0.0014616264974821743,1
2000,2,0,0.0012200166522421012,0.0014616264974821743,0
3012,2,0,9.686432674870771e-05,0.0014616264974821743,0
3182,2,0,0.0021532210112381635,0.0014616264974821743,1
3488,2,0,0.0006134063371382317,0.0014616264974821743,0
3702,2,0,0.0006408559155922382,0.0014616264974821743,0
4235,2,0,0.0002699614055825684,0.0014616264974821743,0
4507,2,0,0.0009993649298280824,0.0014616264974821743,0
4649,2,0,0.0020350495835656,0.0014616264974821743,1
4879,2,0,0.0004510103372372366,0.0014616264974821743,0
4891,2,0,5.965579712640275e-05,0.0014616264974821743,0
5328,2,0,0.010749798858099801,0.0014616264974821743,1
15680,2,0,0.0038486641088840644,0.0014616264974821743,1
19529,2,0,0.0011482803324419308,0.0014616264974821743,0
22780,2,0,0.0020009039997894978,0.0014616264974821743,1
41860,2,0,0.00034399681394098504,0.0014616264974821743,0
64196,2,0,0.000540855541517729,0.0014616264974821743,0
67476,2,0,0.0004654130963682789,0.0014616264974821743,0
68872,2,0,0.003346013657715022,0.0014616264974821743,1
70849,2,0,0.001001062859850373,0.0014616264974821743,0
74469,2,0,0.0011950091023356648,0.0014616264974821743,0
79336,2,0,0.0028815319283181286,0.0014616264974821743,1
81406,2,0,0.000874378689002772,0.0014616264974821743,0
81423,2,0,0.0011810829760246274,0.0014616264974821743,0
85445,2,0,0.001800724494570528,0.0014616264974821743,1
118264,2,0,0.0002981537083783838,0.0014616264974821743,0
141040,2,0,0.0025936018740278797,0.0014616264974821743,1
171296,2,0,0.00016985312722114345,0.0014616264974821743,0
204149,2,0,0.0002623454378601085,0.0014616264974821743,0
206388,2,0,0.0022478443528198525,0.0014616264974821743,1
212794,2,0,0.0002841579415109778,0.0014616264974821743,0
217657,2,0,0.0016454679323060913,0.0014616264974821743,1
219352,2,0,0.00047670638157439754,0.0014616264974821743,0
226199,2,0,0.009498977002485575,0.0014616264974821743,1
232388,2,0,0.000499262773214693,0.0014616264974821743,0
232605,2,0,0.0029696614863205413,0.0014616264974821743,1
233815,2,0,0.0008677205757757461,0.0014616264974821743,0
235438,2,0,0.00020587588800905217,0.0014616264974821743,0
238491,2,0,0.00016247466954293958,0.0014616264974821743,0
238492,2,0,0.0011571109943843976,0.0014616264974821743,0
249097,2,0,0.0002815690733070854,0.0014616264974821743,0
249759,2,0,0.0005006571003046927,0.0014616264974821743,0
251561,2,0,0.00022550822527999127,0.0014616264974821743,0
263032,2,0,0.002848591291705474,0.0014616264974821743,1
283081,2,0,0.004596222566717838,0.0014616264974821743,1
319734,2,0,0.0053018389536297885,0.0014616264974821743,1
332934,2,0,7.263670588046987e-05,0.0014616264974821743,0
332978,2,0,0.0014767224365568698,0.0014616264974821743,1
334856,2,0,0.0011097511459840829,0.0014616264974821743,0
346199,2,0,0.001746752257329507,0.0014616264974821743,1
362128,2,0,0.00023766797411632048,0.0014616264974821743,0
373687,2,0,0.0004500888709961419,0.0014616264974821743,0
424338,2,0,0.00032403506142840964,0.0014616264974821743,0
433486,2,0,0.0005104165954114093,0.0014616264974821743,0
532276,2,0,0.0007990507175307886,0.0014616264974821743,0
541823,2,0,0.002883496161849619,0.0014616264974821743,1
550273,2,0,0.015937267713223423,0.0014616264974821743,1
550653,2,0,0.0003251814613517723,0.0014616264974821743,0
551311,2,0,0.00041097938518212785,0.0014616264974821743,0
551361,2,0,0.00010284052086248195,0.0014616264974821743,0
562532,2,0,0.000515820433699239,0.0014616264974821743,0
563007,2,0,0.0002471166067308439,0.0014616264974821743,0
563388,2,0,0.004149833260150718,0.0014616264974821743,1
564337,2,0,0.0003266039414741136,0.0014616264974821743,0
565110,2,0,0.0017798481261343025,0.0014616264974821743,1
565132,2,0,0.000483406120088391,0.0014616264974821743,0
567240,2,0,0.0005081571000242655,0.0014616264974821743,0
569519,2,0,0.0003707267348478424,0.0014616264974821743,0
570153,2,0,0.008012737850313235,0.0014616264974821743,1
570879,2,0,0.0004272606731582058,0.0014616264974821743,0
572638,2,0,0.00011438243600773487,0.0014616264974821743,0
573210,2,0,0.002682625592346568,0.0014616264974821743,1
576560,2,0,0.0023170025669972606,0.0014616264974821743,1
581021,2,0,0.000825340478488173,0.0014616264974821743,0
581073,2,0,7.686923947139108e-05,0.0014616264974821743,0
584305,2,0,0.00019659147521765635,0.0014616264974821743,0
588033,2,0,0.000711607982716383,0.0014616264974821743,0
589107,2,0,0.0012988558059005798,0.0014616264974821743,0
590998,2,0,0.00038087708783617183,0.0014616264974821743,0
592152,2,0,0.007181855175786282,0.0014616264974821743,1
592389,2,0,0.0010983341409861033,0.0014616264974821743,0
592640,2,0,0.0001785779424358287,0.0014616264974821743,0
595041,2,0,0.0014707102852831212,0.0014616264974821743,1
597002,2,0,0.00030278469454633517,0.0014616264974821743,0
597482,2,0,0.00015332995559460131,0.0014616264974821743,0
598216,2,0,0.00028984779050103565,0.0014616264974821743,0
598249,2,0,5.4283894844124284e-05,0.0014616264974821743,0
599493,2,0,0.00016598385039859445,0.0014616264974821743,0
600165,2,0,3.789296985519804e-05,0.0014616264974821743,0
600947,2,0,0.002086887528659059,0.0014616264974821743,1
604485,2,0,0.037149735649124715,0.0014616264974821743,1
605448,2,0,0.001479459450314311,0.0014616264974821743,1
607074,2,0,0.0003351321850392623,0.0014616264974821743,0
614081,2,0,0.0006339072728141741,0.0014616264974821743,0
614956,2,0,0.00017870565358717034,0.0014616264974821743,0
616673,2,0,0.0020851136873707224,0.0014616264974821743,1
616871,2,0,0.00018544818747710757,0.0014616264974821743,0
618556,2,0,9.753155162785162e-05,0.0014616264974821743,0
619876,2,0,0.0005434820059249968,0.0014616264974821743,0
621946,2,0,0.0008223996119023718,0.0014616264974821743,0
624005,2,0,0.0004216790878381181,0.0014616264974821743,0
624804,2,0,0.0005228711810976324,0.0014616264974821743,0
625722,2,0,0.0001105218511646883,0.0014616264974821743,0
627025,2,0,0.002288548011429501,0.0014616264974821743,1
628013,2,0,0.0003235727105313103,0.0014616264974821743,0
628038,2,0,0.00014838865815335837,0.0014616264974821743,0
644417,2,0,9.371418293015754e-05,0.0014616264974821743,0
644422,2,0,0.0002887113131520113,0.0014616264974821743,0
644439,2,0,0.0014425673544381148,0.0014616264974821743,0
644448,2,0,0.00014210412883025337,0.0014616264974821743,0
644520,2,0,0.00024956676358999576,0.0014616264974821743,0
644548,2,0,0.0002439216793070902,0.0014616264974821743,0
644560,2,0,0.0017121528581636762,0.0014616264974821743,1
644571,2,0,0.00021623430495308475,0.0014616264974821743,0
644579,2,0,0.00012118793542762484,0.0014616264974821743,0
644580,2,0,0.00024116284788568888,0.0014616264974821743,0
644594,2,0,0.00016226916513585656,0.0014616264974821743,0
644602,2,0,0.00017018999128144878,0.0014616264974821743,0
644608,2,0,0.000135889622830695,0.0014616264974821743,0
644613,2,0,0.00042760290641225956,0.0014616264974821743,0
644657,2,0,0.0001859538761547879,0.0014616264974821743,0
644670,2,0,0.0005215474349835786,0.0014616264974821743,0
644698,2,0,6.413611822679093e-05,0.0014616264974821743,0
644716,2,0,7.23226461658585e-05,0.0014616264974821743,0
644734,2,0,0.00213296596711395,0.0014616264974821743,1
644801,2,0,0.0033640632749639097,0.0014616264974821743,1
644826,2,0,0.0003269897277247437,0.0014616264974821743,0
644837,2,0,0.006394177020309438,0.0014616264974821743,1
644847,2,0,0.0005490673436874793,0.0014616264974821743,0
644886,2,0,0.0007694985788613849,0.0014616264974821743,0
644891,2,0,0.0010333753381607323,0.0014616264974821743,0
644912,2,0,0.0006831352443540992,0.0014616264974821743,0
644952,2,0,0.000822857396605116,0.0014616264974821743,0
645033,2,0,0.0002520784718331888,0.0014616264974821743,0
645063,2,0,4.101242732795819e-05,0.0014616264974821743,0
645085,2,0,4.4239459826200656e-05,0.0014616264974821743,0
645089,2,0,0.000538259102996978,0.0014616264974821743,0
645090,2,0,0.0002967730993437674,0.0014616264974821743,0
645119,2,0,0.00014317494606637304,0.0014616264974821743,0
645143,2,0,0.00022535047502564255,0.0014616264974821743,0
645158,2,0,0.002014029702045964,0.0014616264974821743,1
645171,2,0,0.0005235811549408583,0.0014616264974821743,0
645177,2,0,0.0005629796909555471,0.0014616264974821743,0
645194,2,0,4.124790274983662e-05,0.0014616264974821743,0
645234,2,0,0.00014664010748653868,0.0014616264974821743,0
645239,2,0,4.71533287918813e-05,0.0014616264974821743,0
645259,2,0,0.0010413530046985639,0.0014616264974821743,0
645274,2,0,0.0006791420783170957,0.0014616264974821743,0
645275,2,0,0.00044519975972090816,0.0014616264974821743,0
645286,2,0,7.932290473665739e-05,0.0014616264974821743,0
645300,2,0,3.434689144400077e-05,0.0014616264974821743,0
645306,2,0,0.0019415530615317725,0.0014616264974821743,1
645314,2,0,0.0004824113382802767,0.0014616264974821743,0
645315,2,0,0.0001148052384658861,0.0014616264974821743,0
645322,2,0,0.0005485185758787953,0.0014616264974821743,0
645341,2,0,0.00024492092886889785,0.0014616264974821743,0
645356,2,0,0.00015222016053077138,0.0014616264974821743,0
645358,2,0,0.0029519291331767347,0.0014616264974821743,1
645359,2,0,0.0002219492139252281,0.0014616264974821743,0
645361,2,0,4.9518870820771323e-05,0.0014616264974821743,0
645383,2,0,0.00018790851960026728,0.0014616264974821743,0
645392,2,0,0.0002020208847409131,0.0014616264974821743,0
645394,2,0,0.0002801993805370026,0.0014616264974821743,0
645409,2,0,8.918217608112406e-05,0.0014616264974821743,0
645444,2,0,0.01878765403971329,0.0014616264974821743,1
645450,2,0,0.0008177559837684251,0.0014616264974821743,0
645460,2,0,0.00013133600926402576,0.0014616264974821743,0
645496,2,0,5.426791330211384e-05,0.0014616264974821743,0
645519,2,0,0.00024522396371698624,0.0014616264974821743,0
645560,2,0,0.0005664916668343789,0.0014616264974821743,0
645585,2,0,0.001353399933139918,0.0014616264974821743,0
645617,2,0,0.0010193425543025434,0.0014616264974821743,0
645620,2,0,7.783778604068384e-05,0.0014616264974821743,0
645633,2,0,0.0007882186122838032,0.0014616264974821743,0
645634,2,0,6.17246348386998e-05,0.0014616264974821743,0
645637,2,0,0.00030583175083904215,0.0014616264974821743,0
645664,2,0,0.00024640764595116867,0.0014616264974821743,0
645687,2,0,5.671820414178578e-05,0.0014616264974821743,0
645787,2,0,0.006047956316039982,0.0014616264974821743,1
645860,2,0,0.0002050312111226831,0.0014616264974821743,0
645900,2,0,0.0005626194720523837,0.0014616264974821743,0
645908,2,0,7.712637998278789e-05,0.0014616264974821743,0
645915,2,0,0.0011673873092914024,0.0014616264974821743,0
645969,2,0,0.0012588299053155163,0.0014616264974821743,0
645993,2,0,0.0001549102982875939,0.0014616264974821743,0
645994,2,0,0.0004389441712973224,0.0014616264974821743,0
646001,2,0,9.999396835365229e-05,0.0014616264974821743,0
646017,2,0,0.0006954415320007969,0.0014616264974821743,0
646022,2,0,0.0001738189494444173,0.0014616264974821743,0
646046,2,0,0.0009066505652160969,0.0014616264974821743,0
646070,2,0,0.0006444861411148483,0.0014616264974821743,0
646084,2,0,0.0003016205154734742,0.0014616264974821743,0
646095,2,0,6.478506248303415e-05,0.0014616264974821743,0
646103,2,0,0.00021997116470718502,0.0014616264974821743,0
646156,2,0,6.947597958326771e-05,0.0014616264974821743,0
646178,2,0,0.0027000726852628265,0.0014616264974821743,1
646185,2,0,4.777213383865467e-05,0.0014616264974821743,0
646210,2,0,0.0007269741549120576,0.0014616264974821743,0
646241,2,0,0.0007257978247421571,0.0014616264974821743,0
646279,2,0,0.00028818575845170627,0.0014616264974821743,0
646366,2,0,0.0002814079596394839,0.0014616264974821743,0
646367,2,0,0.00010745664102712767,0.0014616264974821743,0
646369,2,0,0.0008866774006093426,0.0014616264974821743,0
646380,2,0,0.0002980005002166734,0.0014616264974821743,0
646394,2,0,9.461798993207401e-05,0.0014616264974821743,0
646411,2,0,0.03091151495573269,0.0014616264974821743,1
646497,2,0,4.4546117386098065e-05,0.0014616264974821743,0
646501,2,0,0.00019478661949885444,0.0014616264974821743,0
646504,2,0,0.0004363393127001676,0.0014616264974821743,0
646518,2,0,0.012887500381452907,0.0014616264974821743,1
646586,2,0,8.644532654130401e-05,0.0014616264974821743,0
646599,2,0,0.0006995088257878388,0.0014616264974821743,0
646610,2,0,4.235771786227361e-05,0.0014616264974821743,0
646630,2,0,0.016679121617068516,0.0014616264974821743,1
646667,2,0,4.097691799051301e-05,0.0014616264974821743,0
646681,2,0,0.00016429273998160466,0.0014616264974821743,0
646700,2,0,0.00027626576771441806,0.0014616264974821743,0
646704,2,0,7.773646787986753e-05,0.0014616264974821743,0
646731,2,0,0.00027111143395512795,0.0014616264974821743,0
646748,2,0,4.700116347387824e-05,0.0014616264974821743,0
646751,2,0,0.0003452474495572437,0.0014616264974821743,0
646755,2,0,0.002918499728733671,0.0014616264974821743,1
646763,2,0,0.0034701954423028685,0.0014616264974821743,1
646764,2,0,8.735076717602176e-05,0.0014616264974821743,0
646771,2,0,0.00017665345247664548,0.0014616264974821743,0
646778,2,0,0.006935642408395179,0.0014616264974821743,1
646783,2,0,0.000505115369820968,0.0014616264974821743,0
646784,2,0,0.0008783518517628746,0.0014616264974821743,0
646824,2,0,0.0003058598711929615,0.0014616264974821743,0
646871,2,0,0.000151914971090014,0.0014616264974821743,0
646890,2,0,0.0006011941423081243,0.0014616264974821743,0
646908,2,0,0.0001493974634118277,0.0014616264974821743,0
646920,2,0,0.00010128341659317359,0.0014616264974821743,0
646954,2,0,0.0006396710119932855,0.0014616264974821743,0
646959,2,0,0.0010752627746506986,0.0014616264974821743,0
646965,2,0,0.00029664538581629477,0.0014616264974821743,0
646994,2,0,0.0004930550435782497,0.0014616264974821743,0
647015,2,0,0.0033046030101872106,0.0014616264974821743,1
647019,2,0,0.0003705606615155716,0.0014616264974821743,0
647032,2,0,0.0012935527320807074,0.0014616264974821743,0
647075,2,0,8.151306667943779e-05,0.0014616264974821743,0
647117,2,0,0.000397351316545691,0.0014616264974821743,0
647153,2,0,0.0007904834659772464,0.0014616264974821743,0
647161,2,0,0.0009148514541445896,0.0014616264974821743,0
647180,2,0,0.000390985493218326,0.0014616264974821743,0
647236,2,0,3.87241808670978e-05,0.0014616264974821743,0
647270,2,0,6.99185713309191e-05,0.0014616264974821743,0
647281,2,0,0.0007241385845266071,0.0014616264974821743,0
647283,2,0,0.0004165053792558889,0.0014616264974821743,0
647305,2,0,0.0011573928013469904,0.0014616264974821743,0
647310,2,0,0.00012307939886384292,0.0014616264974821743,0
647340,2,0,7.345475891778643e-05,0.0014616264974821743,0
647417,2,0,0.0008591699144954311,0.0014616264974821743,0
647427,2,0,0.0006198277023713547,0.0014616264974821743,0
647456,2,0,0.00013220752275810144,0.0014616264974821743,0
647470,2,0,0.0002799128963317407,0.0014616264974821743,0
647471,2,0,0.00011120032673436268,0.0014616264974821743,0
647478,2,0,0.0027449390282502724,0.0014616264974821743,1
647489,2,0,0.002296066888698398,0.0014616264974821743,1
647491,2,0,0.003546502901937024,0.0014616264974821743,1
647493,2,0,0.0006505883463786575,0.0014616264974821743,0
647508,2,0,6.705238848435426e-05,0.0014616264974821743,0
647539,2,0,0.00018165272454050087,0.0014616264974821743,0
647545,2,0,0.0008774315318703204,0.0014616264974821743,0
647570,2,0,0.0006531939309505607,0.0014616264974821743,0
647585,2,0,0.0001307720697565217,0.0014616264974821743,0
647590,2,0,5.943732722188823e-05,0.0014616264974821743,0
647605,2,0,0.00021691970019973333,0.0014616264974821743,0
647630,2,0,0.0001399230889858634,0.0014616264974821743,0
647633,2,0,0.0009154219614176156,0.0014616264974821743,0
647660,2,0,0.009356749047490303,0.0014616264974821743,1
647672,2,0,0.00016642904311720718,0.0014616264974821743,0
647682,2,0,0.00021557750486116546,0.0014616264974821743,0
647706,2,0,0.0011196065128960733,0.0014616264974821743,0
647716,2,0,0.0016935694339594218,0.0014616264974821743,1
647744,2,0,0.0001647699120531707,0.0014616264974821743,0
647788,2,0,0.0002692931198121692,0.0014616264974821743,0
647814,2,0,0.0006830443911138493,0.0014616264974821743,0
647817,2,0,0.0005553205387320387,0.0014616264974821743,0
647859,2,0,0.0005516336702892157,0.0014616264974821743,0
647872,2,0,0.00025953234556541307,0.0014616264974821743,0
647882,2,0,0.00020014874243949463,0.0014616264974821743,0
647884,2,0,0.00013660162417997014,0.0014616264974821743,0
647965,2,0,0.00017206582002352678,0.0014616264974821743,0
647970,2,0,3.934060978764486e-05,0.0014616264974821743,0
647984,2,0,0.0001569050908207095,0.0014616264974821743,0
647996,2,0,0.0008592815506437963,0.0014616264974821743,0
648003,2,0,0.006127553811480169,0.0014616264974821743,1
648008,2,0,9.444931306062113e-05,0.0014616264974821743,0
648076,2,0,0.0007144692396907798,0.0014616264974821743,0
648096,2,0,0.00033812043057188004,0.0014616264974821743,0
648157,2,0,0.00012544295974716463,0.0014616264974821743,0
648168,2,0,0.000746403271382906,0.0014616264974821743,0
648203,2,0,0.00016358587272789787,0.0014616264974821743,0
648241,2,0,0.0005331053235753688,0.0014616264974821743,0
648243,2,0,0.0001987508954329548,0.0014616264974821743,0
648284,2,0,0.0004533807024974245,0.0014616264974821743,0
648295,2,0,0.0001727484977045626,0.0014616264974821743,0
648299,2,0,0.0012319185310823415,0.0014616264974821743,0
648329,2,0,0.00034360820371187004,0.0014616264974821743,0
648330,2,0,0.00036998920161263065,0.0014616264974821743,0
648415,2,0,0.00021053111719400824,0.0014616264974821743,0
648417,2,0,0.00028646864444364706,0.0014616264974821743,0
648446,2,0,0.0003106816489659637,0.0014616264974821743,0
648479,2,0,0.00025108090024463875,0.0014616264974821743,0
648539,2,0,0.0007850144627290303,0.0014616264974821743,0
648551,2,0,0.0002298202339693528,0.0014616264974821743,0
648578,2,0,0.00017223130189241584,0.0014616264974821743,0
648613,2,0,0.002830286894001389,0.0014616264974821743,1
648671,2,0,8.485550041208853e-05,0.0014616264974821743,0
648727,2,0,0.00018117648064553549,0.0014616264974821743,0
648805,2,0,0.00025521376565939977,0.0014616264974821743,0
648828,2,0,0.000475733510767768,0.0014616264974821743,0
648856,2,0,0.020430215018389847,0.0014616264974821743,1
648859,2,0,0.00047944204210464167,0.0014616264974821743,0
648892,2,0,0.0003094486770508953,0.0014616264974821743,0
648902,2,0,7.500552239314967e-05,0.0014616264974821743,0
648915,2,0,0.0004904998970558268,0.0014616264974821743,0
648952,2,0,0.041520390809344554,0.0014616264974821743,1
648954,2,0,0.00040856940424859734,0.0014616264974821743,0
648956,2,0,0.00025545668535750923,0.0014616264974821743,0
648967,2,0,0.00023835641210660717,0.0014616264974821743,0
649036,2,0,8.432853802421296e-05,0.0014616264974821743,0
649062,2,0,0.00013872821337176052,0.0014616264974821743,0
649087,2,0,0.002378460388306917,0.0014616264974821743,1
649103,2,0,0.00028091806748552965,0.0014616264974821743,0
649106,2,0,0.0024887631629470445,0.0014616264974821743,1
649111,2,0,6.789054593764842e-05,0.0014616264974821743,0
649129,2,0,0.00014052346228317722,0.0014616264974821743,0
649134,2,0,0.00024736449309247985,0.0014616264974821743,0
649158,2,0,0.00023750754095518066,0.0014616264974821743,0
649189,2,0,0.0025308939400957775,0.0014616264974821743,1
649193,2,0,0.00016987656533707878,0.0014616264974821743,0
649199,2,0,0.002410905765590006,0.0014616264974821743,1
649219,2,0,0.0007484630515637555,0.0014616264974821743,0
649230,2,0,0.00023549834154159354,0.0014616264974821743,0
649233,2,0,0.001030512722669511,0.0014616264974821743,0
649286,2,0,0.0006169932142102844,0.0014616264974821743,0
649298,2,0,0.00020953681288535185,0.0014616264974821743,0
649300,2,0,0.00016431447334560543,0.0014616264974821743,0
649310,2,0,0.0014237113012902116,0.0014616264974821743,0
649316,2,0,0.0001677328431865542,0.0014616264974821743,0
649318,2,0,0.001083191569515455,0.0014616264974821743,0
649325,2,0,0.0005120088959065485,0.0014616264974821743,0
649342,2,0,0.00016454674018898273,0.0014616264974821743,0
649355,2,0,0.00016005047841765316,0.0014616264974821743,0
649397,2,0,0.0003473746319152887,0.0014616264974821743,0
649435,2,0,0.0028713270789477363,0.0014616264974821743,1
649490,2,0,0.0021027826872134624,0.0014616264974821743,1
649505,2,0,0.00037669935699579483,0.0014616264974821743,0
649531,2,0,0.0001086858452212908,0.0014616264974821743,0
649580,2,0,0.0006288917037657194,0.0014616264974821743,0
649625,2,0,6.761483566405108e-05,0.0014616264974821743,0
649627,2,0,9.987526127640394e-05,0.0014616264974821743,0
649659,2,0,0.00036590039106434606,0.0014616264974821743,0
649672,2,0,8.961974578328744e-05,0.0014616264974821743,0
649679,2,0,0.00021455471711000491,0.0014616264974821743,0
649797,2,0,4.686932596298279e-05,0.0014616264974821743,0
649801,2,0,0.0014420605856358428,0.0014616264974821743,0
649832,2,0,0.00013441654781802474,0.0014616264974821743,0
649836,2,0,0.0013009036028069295,0.0014616264974821743,0
649839,2,0,0.00022260262094155406,0.0014616264974821743,0
649849,2,0,0.00028921233610031317,0.0014616264974821743,0
649854,2,0,0.0009936418586793591,0.0014616264974821743,0
649858,2,0,0.00048706736332300194,0.0014616264974821743,0
649866,2,0,0.0009595397412738245,0.0014616264974821743,0
649868,2,0,0.002439632513697747,0.0014616264974821743,1
649878,2,0,0.0011929637203977655,0.0014616264974821743,0
649896,2,0,0.00096042207008432,0.0014616264974821743,0
649917,2,0,0.0007886132642263306,0.0014616264974821743,0
649936,2,0,0.03856923981288315,0.0014616264974821743,1
649948,2,0,0.00011619420178482148,0.0014616264974821743,0
649969,2,0,0.00020591354575515486,0.0014616264974821743,0
649970,2,0,0.00021589994378763035,0.0014616264974821743,0
649987,2,0,0.0002232387050179133,0.0014616264974821743,0
650011,2,0,0.003282712357911452,0.0014616264974821743,1
650022,2,0,0.0002548985444270422,0.0014616264974821743,0
650033,2,0,0.0002239648664504367,0.0014616264974821743,0
650073,2,0,0.0004172654106170383,0.0014616264974821743,0
650108,2,0,0.00015263283997843705,0.0014616264974821743,0
650140,2,0,0.0003353001630958123,0.0014616264974821743,0
650148,2,0,0.00041330412329242686,0.0014616264974821743,0
650172,2,0,0.0013333631434462971,0.0014616264974821743,0
650251,2,0,0.0007300098406072757,0.0014616264974821743,0
650282,2,0,0.0006109113170785257,0.0014616264974821743,0
650286,2,0,0.00011274048140898167,0.0014616264974821743,0
650312,2,0,5.340790936168559e-05,0.0014616264974821743,0
650316,2,0,0.00024077421908025228,0.0014616264974821743,0
650336,2,0,0.005282173913274399,0.0014616264974821743,1
650376,2,0,0.0005088655906783944,0.0014616264974821743,0
650389,2,0,0.0011141281983789116,0.0014616264974821743,0
650398,2,0,9.548368785286159e-05,0.0014616264974821743,0
650399,2,0,0.00033773889974031824,0.0014616264974821743,0
650401,2,0,0.0003437609827733499,0.0014616264974821743,0
650525,2,0,0.0016920847037913281,0.0014616264974821743,1
650551,2,0,0.000245373243176164,0.0014616264974821743,0
650608,2,0,0.003590704038229768,0.0014616264974821743,1
650635,2,0,0.0005485180561568403,0.0014616264974821743,0
650702,2,0,0.001798978924408544,0.0014616264974821743,1
650728,2,0,0.000271112535045406,0.0014616264974821743,0
650767,2,0,0.000161049914573818,0.0014616264974821743,0
650811,2,0,0.0023854632822486845,0.0014616264974821743,1
650828,2,0,6.087723681027731e-05,0.0014616264974821743,0
650885,2,0,0.010772026951443721,0.0014616264974821743,1
650902,2,0,0.0003699435094519787,0.0014616264974821743,0
650942,2,0,0.0004017524669016416,0.0014616264974821743,0
650979,2,0,0.0011148630604248427,0.0014616264974821743,0
650998,2,0,8.64971873778422e-05,0.0014616264974821743,0
651003,2,0,0.00326950501977472,0.0014616264974821743,1
651006,2,0,0.0001495532325454212,0.0014616264974821743,0
651059,2,0,9.929075466457525e-05,0.0014616264974821743,0
651124,2,0,0.014558073823146068,0.0014616264974821743,1
651137,2,0,0.0002348396355348552,0.0014616264974821743,0
651207,2,0,0.004183879280528414,0.0014616264974821743,1
651230,2,0,0.0017025566966435543,0.0014616264974821743,1
651260,2,0,5.080393152295633e-05,0.0014616264974821743,0
651266,2,0,0.0007518801499026498,0.0014616264974821743,0
651273,2,0,0.00015094586467155377,0.0014616264974821743,0
651327,2,0,9.2515457139831e-05,0.0014616264974821743,0
651341,2,0,0.0003096870897881892,0.0014616264974821743,0
651355,2,0,0.0002294129984348352,0.0014616264974821743,0
651410,2,0,0.01706441827197651,0.0014616264974821743,1
651443,2,0,0.0002899668331868886,0.0014616264974821743,0
651446,2,0,7.914258436232967e-05,0.0014616264974821743,0
651448,2,0,0.00011883398336982205,0.0014616264974821743,0
651457,2,0,0.0002379268753540417,0.0014616264974821743,0
651459,2,0,0.0005835352012064532,0.0014616264974821743,0
651461,2,0,0.00011900200201666324,0.0014616264974821743,0
651485,2,0,0.00047160489105380635,0.0014616264974821743,0
651502,2,0,0.0003740545461545478,0.0014616264974821743,0
651535,2,0,6.359989251133842e-05,0.0014616264974821743,0
651576,2,0,0.0014194471390024405,0.0014616264974821743,0
651589,2,0,0.00023412609709703557,0.0014616264974821743,0
651606,2,0,0.00012898503092951746,0.0014616264974821743,0
651608,2,0,0.00046231088143597305,0.0014616264974821743,0
651639,2,0,0.0017835576714320127,0.0014616264974821743,1
651653,2,0,9.185299178321786e-05,0.0014616264974821743,0
651658,2,0,8.299793495431722e-05,0.0014616264974821743,0
651686,2,0,0.00028029050811201187,0.0014616264974821743,0
651705,2,0,3.0490855432683186e-05,0.0014616264974821743,0
651719,2,0,0.00012331643486952106,0.0014616264974821743,0
651721,2,0,0.000732766855870134,0.0014616264974821743,0
651760,2,0,0.0003696152523370971,0.0014616264974821743,0
651777,2,0,0.0002525963150187113,0.0014616264974821743,0
651806,2,0,0.0010443449424760837,0.0014616264974821743,0
651837,2,0,0.0009404062347977269,0.0014616264974821743,0
651844,2,0,3.159142066344608e-05,0.0014616264974821743,0
651845,2,0,0.00022950816821653184,0.0014616264974821743,0
651847,2,0,0.00016764804283778912,0.0014616264974821743,0
651889,2,0,0.00011872779404486982,0.0014616264974821743,0
651895,2,0,0.00042441440635174963,0.0014616264974821743,0
651897,2,0,9.410454107252937e-05,0.0014616264974821743,0
651903,2,0,0.00048234412825757844,0.0014616264974821743,0
651948,2,0,0.000568105811711725,0.0014616264974821743,0
651978,2,0,0.00038756461968031245,0.0014616264974821743,0
651983,2,0,3.4264155677943514e-05,0.0014616264974821743,0
651999,2,0,0.00044544290125586843,0.0014616264974821743,0
652002,2,0,0.00012591033778618332,0.0014616264974821743,0
652006,2,0,0.001801962352815145,0.0014616264974821743,1
652010,2,0,4.8775230670641875e-05,0.0014616264974821743,0
652021,2,0,0.00013453693883758055,0.0014616264974821743,0
652041,2,0,0.00039989308308594764,0.0014616264974821743,0
652062,2,0,0.0009283569255458498,0.0014616264974821743,0
652084,2,0,0.0002720868509401751,0.0014616264974821743,0
652086,2,0,0.003483709348036634,0.0014616264974821743,1
652117,2,0,0.0013874069452477966,0.0014616264974821743,0
652130,2,0,0.0001402238432350274,0.0014616264974821743,0
652200,2,0,0.00023935345145325855,0.0014616264974821743,0
652202,2,0,5.036263132792517e-05,0.0014616264974821743,0
652226,2,0,0.0002951698257309889,0.0014616264974821743,0
652236,2,0,6.5010238144527e-05,0.0014616264974821743,0
652265,2,0,4.1994936089301225e-05,0.0014616264974821743,0
652296,2,0,7.458734070751923e-05,0.0014616264974821743,0
652314,2,0,0.00025751251050136774,0.0014616264974821743,0
652335,2,0,0.00011044575781739597,0.0014616264974821743,0
652351,2,0,0.00010796981176970115,0.0014616264974821743,0
652371,2,0,0.00010677501205014714,0.0014616264974821743,0
652421,2,0,0.0016920750408615714,0.0014616264974821743,1
652424,2,0,0.000615567373644042,0.0014616264974821743,0
652449,2,0,0.00013652088508380792,0.0014616264974821743,0
652471,2,0,0.007941940981720975,0.0014616264974821743,1
652489,2,0,0.0010171382277913488,0.0014616264974821743,0
652531,2,0,0.0041345603096182,0.0014616264974821743,1
652534,2,0,0.00037543660452029167,0.0014616264974821743,0
652539,2,0,0.00011919648041001197,0.0014616264974821743,0
652566,2,0,0.00017822284505048205,0.0014616264974821743,0
652568,2,0,9.489867301392006e-05,0.0014616264974821743,0
652587,2,0,0.0008093026426041048,0.0014616264974821743,0
652590,2,0,0.0011548979056012997,0.0014616264974821743,0
652591,2,0,0.00023830152825848593,0.0014616264974821743,0
652594,2,0,5.820071336320711e-05,0.0014616264974821743,0
652609,2,0,0.0016815703589488043,0.0014616264974821743,1
652615,2,0,0.0013269265428653874,0.0014616264974821743,0
652627,2,0,0.0003400903650856078,0.0014616264974821743,0
652686,2,0,5.8335737729153214e-05,0.0014616264974821743,0
652696,2,0,0.0004257204885379309,0.0014616264974821743,0
652707,2,0,0.00022129294487081022,0.0014616264974821743,0
652714,2,0,0.00022441796406643175,0.0014616264974821743,0
652726,2,0,0.00012767955694015232,0.0014616264974821743,0
652729,2,0,0.00028911252211417617,0.0014616264974821743,0
652736,2,0,0.0002095062713408371,0.0014616264974821743,0
652741,2,0,0.0006677867761552927,0.0014616264974821743,0
652775,2,0,0.00035758407420916386,0.0014616264974821743,0
652781,2,0,0.0005544255355628441,0.0014616264974821743,0
652799,2,0,0.0008591962620805386,0.0014616264974821743,0
652835,2,0,0.0023469564945174186,0.0014616264974821743,1
652843,2,0,0.00033427719273826134,0.0014616264974821743,0
652847,2,0,0.00015962415423182095,0.0014616264974821743,0
652871,2,0,6.874951465935393e-05,0.0014616264974821743,0
652877,2,0,2.893973530751293e-05,0.0014616264974821743,0
652922,2,0,6.985901554507618e-05,0.0014616264974821743,0
652934,2,0,0.002989231789224839,0.0014616264974821743,1
652952,2,0,0.0004397437303993275,0.0014616264974821743,0
652979,2,0,0.0012693564378896463,0.0014616264974821743,0
652985,2,0,0.02226602084147946,0.0014616264974821743,1
653041,2,0,0.000837621481893989,0.0014616264974821743,0
653064,2,0,0.0006478360005066529,0.0014616264974821743,0
653076,2,0,0.00010907381576231065,0.0014616264974821743,0
653105,2,0,3.758740757115574e-05,0.0014616264974821743,0
653113,2,0,0.0006529259105767645,0.0014616264974821743,0
653142,2,0,0.00011614721696306314,0.0014616264974821743,0
653168,2,0,4.396778538894892e-05,0.0014616264974821743,0
653183,2,0,0.00033502204761771184,0.0014616264974821743,0
653190,2,0,0.0003233354797469574,0.0014616264974821743,0
653248,2,0,8.101558684919612e-05,0.0014616264974821743,0
653268,2,0,0.0008501334754728116,0.0014616264974821743,0
653274,2,0,0.000690047126688274,0.0014616264974821743,0
653280,2,0,0.00013312819004665793,0.0014616264974821743,0
653290,2,0,0.00011920090607506972,0.0014616264974821743,0
653324,2,0,0.0013324698979604345,0.0014616264974821743,0
653343,2,0,0.00033932295181774536,0.0014616264974821743,0
653347,2,0,0.00012780000580460055,0.0014616264974821743,0
653359,2,0,0.0011497488786371968,0.0014616264974821743,0
653417,2,0,0.0006747784140166862,0.0014616264974821743,0
653421,2,0,2.1095406891902808e-05,0.0014616264974821743,0
653428,2,0,0.004645096980556026,0.0014616264974821743,1
653444,2,0,0.00013061852830823135,0.0014616264974821743,0
653446,2,0,0.0004580786186224133,0.0014616264974821743,0
653459,2,0,0.00013629670670897855,0.0014616264974821743,0
653476,2,0,7.967895914879952e-05,0.0014616264974821743,0
653516,2,0,0.00037527411453082096,0.0014616264974821743,0
653547,2,0,0.0002709782810109741,0.0014616264974821743,0
653554,2,0,0.0001502691053789625,0.0014616264974821743,0
653568,2,0,0.0024923241817652163,0.0014616264974821743,1
653575,2,0,0.00028117819717890323,0.0014616264974821743,0
653593,2,0,9.453613941092522e-05,0.0014616264974821743,0
653614,2,0,0.0001163938656275722,0.0014616264974821743,0
653645,2,0,0.0002984955798725204,0.0014616264974821743,0
653664,2,0,0.0007026278183886672,0.0014616264974821743,0
653729,2,0,7.815436506989731e-05,0.0014616264974821743,0
653749,2,0,0.00024183210342276854,0.0014616264974821743,0
653762,2,0,0.0005475796507797124,0.0014616264974821743,0
653775,2,0,0.00031753982479718724,0.0014616264974821743,0
653830,2,0,0.0006746244876237626,0.0014616264974821743,0
653839,2,0,0.00019473026064823526,0.0014616264974821743,0
653850,2,0,5.35455281182278e-05,0.0014616264974821743,0
653856,2,0,0.0015489636368282902,0.0014616264974821743,1
653857,2,0,9.912630565993805e-05,0.0014616264974821743,0
653858,2,0,6.020730213348008e-05,0.0014616264974821743,0
653894,2,0,0.00013892960846336236,0.0014616264974821743,0
653895,2,0,8.8554504794544e-05,0.0014616264974821743,0
653906,2,0,0.00010950386958985033,0.0014616264974821743,0
653910,2,0,0.0003714006389415957,0.0014616264974821743,0
653917,2,0,0.0005643090299725315,0.0014616264974821743,0
653950,2,0,5.3766261110534155e-05,0.0014616264974821743,0
654012,2,0,0.00012321409798175844,0.0014616264974821743,0
654048,2,0,0.00027647142865170823,0.0014616264974821743,0
654068,2,0,0.0002350870293016029,0.0014616264974821743,0
654114,2,0,7.240905523696603e-05,0.0014616264974821743,0
654127,2,0,0.0004569296182713063,0.0014616264974821743,0
654153,2,0,0.00041512281796420047,0.0014616264974821743,0
654173,2,0,0.0005016873876680986,0.0014616264974821743,0
654211,2,0,0.001016924416637819,0.0014616264974821743,0
654241,2,0,0.0005005350381186741,0.0014616264974821743,0
654244,2,0,0.00017241351563770748,0.0014616264974821743,0
654249,2,0,0.000634776832369029,0.0014616264974821743,0
654251,2,0,0.00031163782505595387,0.0014616264974821743,0
654315,2,0,0.0005971812040003447,0.0014616264974821743,0
654318,2,0,0.007534406633143076,0.0014616264974821743,1
654324,2,0,0.000632782907569135,0.0014616264974821743,0
654343,2,0,0.00022298813974977528,0.0014616264974821743,0
654366,2,0,0.00025731350371307446,0.0014616264974821743,0
654368,2,0,0.0013926211861339647,0.0014616264974821743,0
654377,2,0,0.0017695557606240383,0.0014616264974821743,1
654483,2,0,0.00021527158142491085,0.0014616264974821743,0
654494,2,0,0.0006445902869273956,0.0014616264974821743,0
654502,2,0,0.00027506092006853616,0.0014616264974821743,0
654541,2,0,0.0001758028717198998,0.0014616264974821743,0
654550,2,0,0.04282647669863711,0.0014616264974821743,1
654565,2,0,0.00031297430288237824,0.0014616264974821743,0
654576,2,0,0.0004497797366057618,0.0014616264974821743,0
654580,2,0,0.0006154009914341009,0.0014616264974821743,0
654596,2,0,0.0013157966252714077,0.0014616264974821743,0
654617,2,0,0.00024043984308485674,0.0014616264974821743,0
654618,2,0,4.4061027405908405e-05,0.0014616264974821743,0
654633,2,0,0.0006367519327074438,0.0014616264974821743,0
654642,2,0,0.0003386139136520097,0.0014616264974821743,0
654650,2,0,9.805674157889325e-05,0.0014616264974821743,0
654656,2,0,0.00023879376920717363,0.0014616264974821743,0
654659,2,0,0.0007959372862240125,0.0014616264974821743,0
654695,2,0,0.0006478143835953863,0.0014616264974821743,0
654722,2,0,0.0010858684107672763,0.0014616264974821743,0
654751,2,0,0.0004368632806403658,0.0014616264974821743,0
654755,2,0,0.0011570182945638665,0.0014616264974821743,0
654772,2,0,4.927949963768278e-05,0.0014616264974821743,0
654809,2,0,0.000538029569483951,0.0014616264974821743,0
654819,2,0,0.0009537616979643625,0.0014616264974821743,0
654825,2,0,0.000293895228321321,0.0014616264974821743,0
654849,2,0,0.0003733653078145263,0.0014616264974821743,0
654924,2,0,0.02959708598111585,0.0014616264974821743,1
654943,2,0,0.00022010857303295139,0.0014616264974821743,0
654954,2,0,0.00023474803403532505,0.0014616264974821743,0
655002,2,0,8.854173766917107e-05,0.0014616264974821743,0
655037,2,0,0.0006432815209608717,0.0014616264974821743,0
655038,2,0,0.0012671892694766922,0.0014616264974821743,0
655046,2,0,0.00041185796255427555,0.0014616264974821743,0
655052,2,0,5.466483273245182e-05,0.0014616264974821743,0
655064,2,0,0.001845509898631073,0.0014616264974821743,1
655070,2,0,0.00017312888328639475,0.0014616264974821743,0
655078,2,0,0.0003946741784925333,0.0014616264974821743,0
655117,2,0,0.0001134294203167207,0.0014616264974821743,0
655162,2,0,0.001164832195428293,0.0014616264974821743,0
655167,2,0,0.0021754685254911483,0.0014616264974821743,1
655178,2,0,0.00032161839979967814,0.0014616264974821743,0
655201,2,0,7.84349878442938e-05,0.0014616264974821743,0
655211,2,0,0.0002564582160905041,0.0014616264974821743,0
655249,2,0,0.0005069228929016589,0.0014616264974821743,0
655262,2,0,0.00050284177435366,0.0014616264974821743,0
655268,2,0,0.0004310641398540896,0.0014616264974821743,0
655275,2,0,0.0003510935764747531,0.0014616264974821743,0
655285,2,0,4.093452173643696e-05,0.0014616264974821743,0
655321,2,0,6.923223969045187e-05,0.0014616264974821743,0
655392,2,0,0.00013579999385726515,0.0014616264974821743,0
655411,2,0,0.0033358927394105675,0.0014616264974821743,1
655449,2,0,0.00024861260199237164,0.0014616264974821743,0
655461,2,0,0.0035766137982934892,0.0014616264974821743,1
655489,2,0,6.56784614055088e-05,0.0014616264974821743,0
655535,2,0,0.00029936140493807905,0.0014616264974821743,0
655548,2,0,4.701268298995449e-05,0.0014616264974821743,0
655597,2,0,0.005876002461650948,0.0014616264974821743,1
655610,2,0,7.699660250843018e-05,0.0014616264974821743,0
655646,2,0,0.0004494431057532486,0.0014616264974821743,0
655656,2,0,0.00016665596876973526,0.0014616264974821743,0
655672,2,0,0.00014013513471908514,0.0014616264974821743,0
655701,2,0,0.0007213849703559443,0.0014616264974821743,0
655705,2,0,4.5052213627259486e-05,0.0014616264974821743,0
655781,2,0,0.001298580742007612,0.0014616264974821743,0
655818,2,0,0.002082968495118879,0.0014616264974821743,1
655824,2,0,0.0001639345146751574,0.0014616264974821743,0
655907,2,0,1.912308903613441e-05,0.0014616264974821743,0
655932,2,0,0.0002862789461286219,0.0014616264974821743,0
655955,2,0,0.0016692800247661425,0.0014616264974821743,1
655982,2,0,0.0002040414442079788,0.0014616264974821743,0
655988,2,0,0.0002384717643965684,0.0014616264974821743,0
655993,2,0,0.00020217635162522108,0.0014616264974821743,0
656063,2,0,0.0007156060329789305,0.0014616264974821743,0
656068,2,0,0.01199573461493452,0.0014616264974821743,1
656071,2,0,0.0003158590050710598,0.0014616264974821743,0
656075,2,0,0.0008224647816196276,0.0014616264974821743,0
656091,2,0,5.559306153588549e-05,0.0014616264974821743,0
656105,2,0,5.726794803424014e-05,0.0014616264974821743,0
656128,2,0,0.0001237328533019238,0.0014616264974821743,0
656225,2,0,0.0006452561123413346,0.0014616264974821743,0
656237,2,0,0.0003024964424321507,0.0014616264974821743,0
656277,2,0,0.00023607461551980826,0.0014616264974821743,0
656307,2,0,6.204758423578778e-05,0.0014616264974821743,0
656365,2,0,0.0003332972725606193,0.0014616264974821743,0
656377,2,0,0.0006181447471543151,0.0014616264974821743,0
656378,2,0,0.0007726618769210426,0.0014616264974821743,0
656380,2,0,4.5622096306928725e-05,0.0014616264974821743,0
657487,2,0,7.607626941294823e-05,0.0014616264974821743,0
657505,2,0,0.0006054980632575836,0.0014616264974821743,0
657557,2,0,0.005195416035114417,0.0014616264974821743,1
657576,2,0,0.0010244573724685734,0.0014616264974821743,0
657644,2,0,0.00012837853100853143,0.0014616264974821743,0
657695,2,0,0.0008245110656175831,0.0014616264974821743,0
657707,2,0,0.0015508743488480247,0.0014616264974821743,1
657764,2,0,6.564694915170144e-05,0.0014616264974821743,0
657771,2,0,0.0013899389986651387,0.0014616264974821743,0
657802,2,0,0.00018289125055567752,0.0014616264974821743,0
657972,2,0,0.00024748615019934,0.0014616264974821743,0
657988,2,0,0.00043235725405732696,0.0014616264974821743,0
658085,2,0,0.00022129531778064993,0.0014616264974821743,0
658140,2,0,0.0001163473428369745,0.0014616264974821743,0
658149,2,0,0.0023228451202029544,0.0014616264974821743,1
658169,2,0,0.0020691816186866625,0.0014616264974821743,1
658188,2,0,0.0004569990605229817,0.0014616264974821743,0
658206,2,0,0.00020526719071509638,0.0014616264974821743,0
658211,2,0,0.0001222726784135561,0.0014616264974821743,0
658230,2,0,0.0006488064298826744,0.0014616264974821743,0
658286,2,0,0.00010044222269027734,0.0014616264974821743,0
658343,2,0,0.0003593251667799773,0.0014616264974821743,0
658355,2,0,0.00015450611838136323,0.0014616264974821743,0
658380,2,0,0.0006617192742810694,0.0014616264974821743,0
658386,2,0,0.0007507194758775386,0.0014616264974821743,0
658397,2,0,0.007749819797089341,0.0014616264974821743,1
658399,2,0,0.0002955858808496883,0.0014616264974821743,0
658404,2,0,0.006917452170118394,0.0014616264974821743,1
658423,2,0,0.0005337543056538413,0.0014616264974821743,0
658539,2,0,0.0021999086627862373,0.0014616264974821743,1
658576,2,0,0.00039422608417547786,0.0014616264974821743,0
658584,2,0,0.00038565722223956824,0.0014616264974821743,0
658722,2,0,0.0018864967954196963,0.0014616264974821743,1
658725,2,0,0.0005307830968630303,0.0014616264974821743,0
658736,2,0,0.0012252847109393299,0.0014616264974821743,0
658839,2,0,0.0001576072705691292,0.0014616264974821743,0
658858,2,0,0.0023323741641761266,0.0014616264974821743,1
658904,2,0,0.0012398422248457402,0.0014616264974821743,0
658936,2,0,9.052523388978603e-05,0.0014616264974821743,0
659056,2,0,0.00041750084737897494,0.0014616264974821743,0
659210,2,0,0.0020210501648792573,0.0014616264974821743,1
659279,2,0,0.0008267057214184508,0.0014616264974821743,0
659307,2,0,0.0005087476967314947,0.0014616264974821743,0
659318,2,0,0.0007797942109682989,0.0014616264974821743,0
659385,2,0,0.00031488621542915266,0.0014616264974821743,0
659389,2,0,0.00022597993250263044,0.0014616264974821743,0
659441,2,0,0.0026298083853661517,0.0014616264974821743,1
659592,2,0,0.00047307033923097385,0.0014616264974821743,0
659658,2,0,0.0008251394411502397,0.0014616264974821743,0
659744,2,0,0.00014038974396118363,0.0014616264974821743,0
659756,2,0,0.00010909037793589189,0.0014616264974821743,0
659759,2,0,0.00020353767187865265,0.0014616264974821743,0
659777,2,0,7.950600316020506e-05,0.0014616264974821743,0
659784,2,0,0.0005213094486326119,0.0014616264974821743,0
659883,2,0,0.00010990869546110833,0.0014616264974821743,0
659913,2,0,0.015431228228585564,0.0014616264974821743,1
659918,2,0,0.0006085507344491349,0.0014616264974821743,0
659925,2,0,0.0004534439944249483,0.0014616264974821743,0
660045,2,0,0.0005271602685470672,0.0014616264974821743,0
660113,2,0,0.00027491860331529684,0.0014616264974821743,0
660196,2,0,0.0019389120783806309,0.0014616264974821743,1
660264,2,0,0.00021830701548613884,0.0014616264974821743,0
660282,2,0,0.001657919632447919,0.0014616264974821743,1
660314,2,0,0.0002836402061642947,0.0014616264974821743,0
660327,2,0,0.00043219954514078654,0.0014616264974821743,0
660394,2,0,0.00013084892452907591,0.0014616264974821743,0
660483,2,0,0.0018999068664022724,0.0014616264974821743,1
660499,2,0,0.00011095767577441355,0.0014616264974821743,0
660691,2,0,0.0002630691414625834,0.0014616264974821743,0
660761,2,0,0.0001911435194051565,0.0014616264974821743,0
660763,2,0,4.512982607606627e-05,0.0014616264974821743,0
660767,2,0,0.0003665121925058675,0.0014616264974821743,0
660844,2,0,0.0017397208101209186,0.0014616264974821743,1
660907,2,0,0.0002080745690982739,0.0014616264974821743,0
660916,2,0,0.0005380608921270247,0.0014616264974821743,0
660972,2,0,0.0001853599375352688,0.0014616264974821743,0
660990,2,0,0.00023082139048898666,0.0014616264974821743,0
661000,2,0,0.00012664308810621608,0.0014616264974821743,0
661028,2,0,0.00011528726209055337,0.0014616264974821743,0
661053,2,0,0.003105202164144427,0.0014616264974821743,1
661066,2,0,0.0006122441845501456,0.0014616264974821743,0
661090,2,0,0.0003467679266279779,0.0014616264974821743,0
661164,2,0,0.025407306774351143,0.0014616264974821743,1
661176,2,0,6.603802581433841e-05,0.0014616264974821743,0
661190,2,0,0.0014495526777031497,0.0014616264974821743,0
661208,2,0,0.001274573311890099,0.0014616264974821743,0
661220,2,0,0.0016659022714159586,0.0014616264974821743,1
661228,2,0,0.00014994148786891072,0.0014616264974821743,0
661249,2,0,0.00023597932314432633,0.0014616264974821743,0
661322,2,0,0.0014934616124906703,0.0014616264974821743,1
661336,2,0,0.00016179415216418985,0.0014616264974821743,0
661337,2,0,0.005566265083013335,0.0014616264974821743,1
661381,2,0,0.0011527546051753785,0.0014616264974821743,0
661411,2,0,3.185513870090423e-05,0.0014616264974821743,0
661499,2,0,0.00031954251209779535,0.0014616264974821743,0
661565,2,0,0.00021817732477554742,0.0014616264974821743,0
661574,2,0,0.0011911969043916662,0.0014616264974821743,0
661590,2,0,0.00014608478783417183,0.0014616264974821743,0
661617,2,0,0.004167234285686264,0.0014616264974821743,1
661914,2,0,0.013314379622389561,0.0014616264974821743,1
661923,2,0,0.0008483122517940628,0.0014616264974821743,0
662016,2,0,0.0001375643179669594,0.0014616264974821743,0
662087,2,0,0.00028971777565369984,0.0014616264974821743,0
662103,2,0,6.272745266992685e-05,0.0014616264974821743,0
662120,2,0,0.0011431519763573789,0.0014616264974821743,0
662136,2,0,9.886228708426527e-05,0.0014616264974821743,0
662313,2,0,0.0395087188782919,0.0014616264974821743,1
662358,2,0,0.0001477411336344349,0.0014616264974821743,0
662362,2,0,6.324270343553033e-05,0.0014616264974821743,0
662404,2,0,0.004977054786341609,0.0014616264974821743,1
662519,2,0,0.00012895859585064875,0.0014616264974821743,0
662534,2,0,0.000327133928661201,0.0014616264974821743,0
662553,2,0,0.0006946816935573186,0.0014616264974821743,0
662557,2,0,6.428226223931068e-05,0.0014616264974821743,0
662599,2,0,7.354855849320204e-05,0.0014616264974821743,0
662620,2,0,0.0055293104158198325,0.0014616264974821743,1
662664,2,0,0.00034523085382164747,0.0014616264974821743,0
662667,2,0,0.0002621640711793254,0.0014616264974821743,0
662685,2,0,0.00019830260099755036,0.0014616264974821743,0
662700,2,0,0.0006570038605301531,0.0014616264974821743,0
662721,2,0,0.0004998849053519162,0.0014616264974821743,0
662728,2,0,8.836594742472141e-05,0.0014616264974821743,0
662769,2,0,0.01629226145267028,0.0014616264974821743,1
662857,2,0,0.0002506748681355888,0.0014616264974821743,0
662858,2,0,0.00016495054207157645,0.0014616264974821743,0
662870,2,0,0.006237619822836533,0.0014616264974821743,1
662879,2,0,0.00870884313601026,0.0014616264974821743,1
662933,2,0,0.0004336546335855339,0.0014616264974821743,0
662944,2,0,0.00046327341698134355,0.0014616264974821743,0
662969,2,0,0.00013271864797700266,0.0014616264974821743,0
662983,2,0,5.702810024657786e-05,0.0014616264974821743,0
662987,2,0,0.0003482797824886317,0.0014616264974821743,0
663038,2,0,0.0001318158939544753,0.0014616264974821743,0
663059,2,0,0.000215894424477582,0.0014616264974821743,0
663094,2,0,0.0001083117913569572,0.0014616264974821743,0
663103,2,0,0.0011114800081624251,0.0014616264974821743,0
663159,2,0,0.00016372544165950116,0.0014616264974821743,0
663253,2,0,0.00037810612774943415,0.0014616264974821743,0
663264,2,0,0.011069841699094344,0.0014616264974821743,1
663273,2,0,0.0025707724458468263,0.0014616264974821743,1
663370,2,0,6.15710191046664e-05,0.0014616264974821743,0
663416,2,0,0.00020048629729549653,0.0014616264974821743,0
663438,2,0,0.002709845879507266,0.0014616264974821743,1
663525,2,0,0.000553682144662189,0.0014616264974821743,0
663528,2,0,0.0004201232859195396,0.0014616264974821743,0
663531,2,0,0.00015213522692390674,0.0014616264974821743,0
663535,2,0,0.0013486070827517618,0.0014616264974821743,0
663557,2,0,0.00030075927497504994,0.0014616264974821743,0
663563,2,0,0.003681580819012313,0.0014616264974821743,1
663649,2,0,0.00031409752593315255,0.0014616264974821743,0
663712,2,0,0.0006142723080900637,0.0014616264974821743,0
663753,2,0,0.0004923461783801251,0.0014616264974821743,0
663782,2,0,0.00026319392983115033,0.0014616264974821743,0
663796,2,0,0.00024937948709607814,0.0014616264974821743,0
663834,2,0,9.001708601099e-05,0.0014616264974821743,0
663838,2,0,7.131768898021647e-05,0.0014616264974821743,0
663852,2,0,0.0009311210712341036,0.0014616264974821743,0
663869,2,0,0.0006501969766485964,0.0014616264974821743,0
663888,2,0,0.0010173412664019215,0.0014616264974821743,0
663889,2,0,0.0011179519184318712,0.0014616264974821743,0
663925,2,0,0.006828351759175186,0.0014616264974821743,1
663928,2,0,4.499993902975637e-05,0.0014616264974821743,0
663929,2,0,0.00012599998354104243,0.0014616264974821743,0
663936,2,0,0.00017881778975395985,0.0014616264974821743,0
663948,2,0,0.0035201429566786686,0.0014616264974821743,1
663993,2,0,0.00010052996631171558,0.0014616264974821743,0
663997,2,0,0.0006734278053528053,0.0014616264974821743,0
664012,2,0,5.359000543433874e-05,0.0014616264974821743,0
664068,2,0,0.00030340830525995546,0.0014616264974821743,0
664071,2,0,0.0003619316622053929,0.0014616264974821743,0
664095,2,0,0.001702867890516202,0.0014616264974821743,1
664106,2,0,0.000552741038663145,0.0014616264974821743,0
664109,2,0,0.0002121116513164082,0.0014616264974821743,0
664138,2,0,0.002124574446595814,0.0014616264974821743,1
664145,2,0,0.00011300980446822579,0.0014616264974821743,0
664148,2,0,0.00014208729879778173,0.0014616264974821743,0
664160,2,0,0.00013875558418314734,0.0014616264974821743,0
664169,2,0,0.002642738997316714,0.0014616264974821743,1
664184,2,0,0.0007650481170309202,0.0014616264974821743,0
664209,2,0,0.00019260386596800532,0.0014616264974821743,0
664212,2,0,0.0006190769017182961,0.0014616264974821743,0
664240,2,0,0.0004141633688409463,0.0014616264974821743,0
664242,2,0,0.00013222847170628294,0.0014616264974821743,0
664249,2,0,6.324029751568887e-05,0.0014616264974821743,0
664261,2,0,3.4989695885612114e-05,0.0014616264974821743,0
664290,2,0,9.578782608244386e-05,0.0014616264974821743,0
664299,2,0,0.00012682225711416664,0.0014616264974821743,0
664315,2,0,0.00043600116118125794,0.0014616264974821743,0
664327,2,0,0.012589114253840784,0.0014616264974821743,1
664373,2,0,8.711883597679982e-05,0.0014616264974821743,0
664383,2,0,4.6095839241791315e-05,0.0014616264974821743,0
664394,2,0,0.0002460239573741418,0.0014616264974821743,0
664442,2,0,0.00014609139951970868,0.0014616264974821743,0
664450,2,0,0.00014272465025389893,0.0014616264974821743,0
664468,2,0,0.00023578025479907355,0.0014616264974821743,0
664541,2,0,0.00030083783631692406,0.0014616264974821743,0
664560,2,0,0.0018139017923505159,0.0014616264974821743,1
664591,2,0,9.74504935884936e-05,0.0014616264974821743,0
664593,2,0,0.001228290703517666,0.0014616264974821743,0
664604,2,0,0.000642343041408194,0.0014616264974821743,0
664605,2,0,0.00041805944095322443,0.0014616264974821743,0
664631,2,0,0.000157174916791117,0.0014616264974821743,0
664639,2,0,0.0002311038929094508,0.0014616264974821743,0
664650,2,0,0.00014873862057125187,0.0014616264974821743,0
664659,2,0,7.910150436302469e-05,0.0014616264974821743,0
664665,2,0,7.732068228692684e-05,0.0014616264974821743,0
664680,2,0,3.172493028283315e-05,0.0014616264974821743,0
664681,2,0,5.625725205662207e-05,0.0014616264974821743,0
664722,2,0,6.0541554591803886e-05,0.0014616264974821743,0
664744,2,0,0.00032785503484602136,0.0014616264974821743,0
664789,2,0,0.02710780591168354,0.0014616264974821743,1
664820,2,0,5.398506856668143e-05,0.0014616264974821743,0
664891,2,0,0.00016870678591853565,0.0014616264974821743,0
664905,2,0,9.160961009735676e-05,0.0014616264974821743,0
664923,2,0,0.0005419588664053925,0.0014616264974821743,0
664941,2,0,0.00016397512119468766,0.0014616264974821743,0
664947,2,0,0.0019669799596343865,0.0014616264974821743,1
664973,2,0,6.587458193593447e-05,0.0014616264974821743,0
665037,2,0,7.436110066558015e-05,0.0014616264974821743,0
665052,2,0,0.0010039215021414257,0.0014616264974821743,0
665071,2,0,0.00751486848171186,0.0014616264974821743,1
665075,2,0,0.0006667267188052629,0.0014616264974821743,0
665101,2,0,0.000102236248811193,0.0014616264974821743,0
665124,2,0,0.0005743547722315635,0.0014616264974821743,0
665138,2,0,0.001965524182700089,0.0014616264974821743,1
665156,2,0,0.011322895623938744,0.0014616264974821743,1
665159,2,0,0.0006432470356913786,0.0014616264974821743,0
665161,2,0,0.00013798230045942886,0.0014616264974821743,0
665203,2,0,0.0029440220091625554,0.0014616264974821743,1
665206,2,0,5.9062891276632885e-05,0.0014616264974821743,0
665207,2,0,5.5169242445854476e-05,0.0014616264974821743,0
665215,2,0,8.484003382637139e-05,0.0014616264974821743,0
665225,2,0,0.00011817526684102927,0.0014616264974821743,0
665226,2,0,5.234124167867063e-05,0.0014616264974821743,0
665289,2,0,0.0003869152905079602,0.0014616264974821743,0
665363,2,0,0.0006324441602214389,0.0014616264974821743,0
665372,2,0,6.46740056078976e-05,0.0014616264974821743,0
665376,2,0,0.000741831803588948,0.0014616264974821743,0
665433,2,0,0.00013040022831400537,0.0014616264974821743,0
665437,2,0,0.0014722900022833873,0.0014616264974821743,1
665468,2,0,0.00027621627245135973,0.0014616264974821743,0
665479,2,0,0.00015070026102971754,0.0014616264974821743,0
665515,2,0,0.0015906464866321292,0.0014616264974821743,1
665535,2,0,0.0063265210526614185,0.0014616264974821743,1
665539,2,0,0.00012345052202878385,0.0014616264974821743,0
665546,2,0,9.942404440296027e-05,0.0014616264974821743,0
665560,2,0,0.0005148424799575768,0.0014616264974821743,0
665578,2,0,0.0004849272895870385,0.0014616264974821743,0
665590,2,0,0.0031442037398242404,0.0014616264974821743,1
665638,2,0,7.979063178090161e-05,0.0014616264974821743,0
665639,2,0,0.0020180255326219445,0.0014616264974821743,1
665662,2,0,9.555560452034486e-05,0.0014616264974821743,0
665719,2,0,0.00021315001136402097,0.0014616264974821743,0
665722,2,0,5.3861834707662884e-05,0.0014616264974821743,0
665739,2,0,0.00011490953864661899,0.0014616264974821743,0
665755,2,0,0.012095494212277083,0.0014616264974821743,1
665759,2,0,0.0012704027081339385,0.0014616264974821743,0
665796,2,0,0.0009064915564527752,0.0014616264974821743,0
665797,2,0,5.668894642909497e-05,0.0014616264974821743,0
665827,2,0,8.633894239156748e-05,0.0014616264974821743,0
665845,2,0,0.0015805783320704486,0.0014616264974821743,1
665872,2,0,0.0005701007589649815,0.0014616264974821743,0
665873,2,0,0.0005146842815155701,0.0014616264974821743,0
665895,2,0,0.0011363151493423026,0.0014616264974821743,0
665912,2,0,0.0015214714165324118,0.0014616264974821743,1
665933,2,0,0.0004167367228396898,0.0014616264974821743,0
665952,2,0,0.00025461828220688863,0.0014616264974821743,0
665965,2,0,0.0005872820060414846,0.0014616264974821743,0
665971,2,0,0.060583831817373715,0.0014616264974821743,1
665973,2,0,2.7426465947759974e-05,0.0014616264974821743,0
665981,2,0,0.00013498057541726726,0.0014616264974821743,0
666055,2,0,1.8332371138134246e-05,0.0014616264974821743,0
666060,2,0,0.0073267388579157785,0.0014616264974821743,1
666111,2,0,0.003711344023471798,0.0014616264974821743,1
666143,2,0,0.0004957912735908353,0.0014616264974821743,0
666154,2,0,0.00024953564871336347,0.0014616264974821743,0
666227,2,0,0.0002161992931219242,0.0014616264974821743,0
666253,2,0,0.006272925387028022,0.0014616264974821743,1
666286,2,0,0.0002295116780293412,0.0014616264974821743,0
666293,2,0,0.00014035821071648955,0.0014616264974821743,0
666317,2,0,0.0034737340307959214,0.0014616264974821743,1
666333,2,0,0.00025944553907744866,0.0014616264974821743,0
666343,2,0,0.0002521605856087063,0.0014616264974821743,0
666348,2,0,0.006818165735964536,0.0014616264974821743,1
666370,2,0,0.00028743660727160666,0.0014616264974821743,0
666397,2,0,0.0033526617863869033,0.0014616264974821743,1
666425,2,0,0.00025447033705678566,0.0014616264974821743,0
666438,2,0,9.764132244177946e-05,0.0014616264974821743,0
666439,2,0,0.000593748296073852,0.0014616264974821743,0
666458,2,0,0.00040583631953649955,0.0014616264974821743,0
666473,2,0,0.00024702723908447637,0.0014616264974821743,0
666483,2,0,7.463712389180384e-05,0.0014616264974821743,0
666484,2,0,0.0006689797335808878,0.0014616264974821743,0
666538,2,0,0.0001730299363402422,0.0014616264974821743,0
666593,2,0,0.00018645599495367693,0.0014616264974821743,0
666655,2,0,0.0002618632940540937,0.0014616264974821743,0
666686,2,0,5.113928456313823e-05,0.0014616264974821743,0
666703,2,0,0.0009622778887614421,0.0014616264974821743,0
666705,2,0,0.0004476104975552317,0.0014616264974821743,0
666706,2,0,0.00017897532930171887,0.0014616264974821743,0
666772,2,0,0.00025523528558007855,0.0014616264974821743,0
666782,2,0,0.0001672845793485795,0.0014616264974821743,0
666806,2,0,0.00011304130064964192,0.0014616264974821743,0
666812,2,0,0.0001256599635160704,0.0014616264974821743,0
666818,2,0,0.00011287496806296428,0.0014616264974821743,0
666862,2,0,4.481153250239449e-05,0.0014616264974821743,0
666884,2,0,0.00046970036228761417,0.0014616264974821743,0
666925,2,0,0.0004023336059982742,0.0014616264974821743,0
666952,2,0,6.962441766325512e-05,0.0014616264974821743,0
666963,2,0,0.0011877751485908532,0.0014616264974821743,0
666975,2,0,0.0002652646912424936,0.0014616264974821743,0
666977,2,0,0.00011483792859491114,0.0014616264974821743,0
666982,2,0,0.0029661596298251364,0.0014616264974821743,1
667003,2,0,0.00012461966004030336,0.0014616264974821743,0
667015,2,0,7.624152468294239e-05,0.0014616264974821743,0
667063,2,0,5.030556921089504e-05,0.0014616264974821743,0
667094,2,0,9.68944971596825e-05,0.0014616264974821743,0
667110,2,0,0.0003456917146465345,0.0014616264974821743,0
667121,2,0,0.0003195820369970914,0.0014616264974821743,0
667132,2,0,0.00018649391225214582,0.0014616264974821743,0
667186,2,0,0.0007326036839682614,0.0014616264974821743,0
667278,2,0,0.0010288963292957273,0.0014616264974821743,0
667302,2,0,0.0001191056788304444,0.0014616264974821743,0
667311,2,0,0.0019896794005258836,0.0014616264974821743,1
667328,2,0,0.000732057934466539,0.0014616264974821743,0
667334,2,0,0.0004533054187623013,0.0014616264974821743,0
667397,2,0,0.002319321640505151,0.0014616264974821743,1
667405,2,0,0.0012973816262553007,0.0014616264974821743,0
669164,2,0,7.5133185174109e-05,0.0014616264974821743,0
669560,2,0,0.00030160901405859814,0.0014616264974821743,0
669852,2,0,0.0011983025194978187,0.0014616264974821743,0
670633,2,0,0.00011906164765569296,0.0014616264974821743,0
670790,2,0,0.00022088640921223915,0.0014616264974821743,0
673462,2,0,0.00011107143578004609,0.0014616264974821743,0
673506,2,0,0.0027021062146607637,0.0014616264974821743,1
673648,2,0,0.0006835398621153931,0.0014616264974821743,0
673886,2,0,0.000782841300526209,0.0014616264974821743,0
673914,2,0,0.00014586669713393928,0.0014616264974821743,0
674366,2,0,0.0038071957015380605,0.0014616264974821743,1
674546,2,0,0.00036111697073436727,0.0014616264974821743,0
674928,2,0,0.0014811041170569308,0.0014616264974821743,1
675677,2,0,0.00034293571375962757,0.0014616264974821743,0
675868,2,0,0.0011465936424815406,0.0014616264974821743,0
676365,2,0,0.00020869401116456677,0.0014616264974821743,0
678292,2,0,0.0036332482954471324,0.0014616264974821743,1
679754,2,0,4.7719484200879385e-05,0.0014616264974821743,0
682570,2,0,0.011470584529599454,0.0014616264974821743,1
683700,2,0,0.0003579060880221264,0.0014616264974821743,0
684394,2,0,0.008180238827908559,0.0014616264974821743,1
684683,2,0,0.0005957426502509935,0.0014616264974821743,0
684795,2,0,0.0005115040413750093,0.0014616264974821743,0
685507,2,0,0.0004809892342746043,0.0014616264974821743,0
685883,2,0,0.0009537859118191266,0.0014616264974821743,0
686157,2,0,0.0006765152735859082,0.0014616264974821743,0
686254,2,0,0.002615558763259513,0.0014616264974821743,1
686441,2,0,0.0002989559677583512,0.0014616264974821743,0
686777,2,0,0.00019709079543051434,0.0014616264974821743,0
687353,2,0,0.0013885563665845201,0.0014616264974821743,0
687487,2,0,0.001916869782338083,0.0014616264974821743,1
690502,2,0,0.0001185441371409037,0.0014616264974821743,0
691831,2,0,0.0019150428753262577,0.0014616264974821743,1
691868,2,0,0.002395092937873977,0.0014616264974821743,1
691879,2,0,0.00012139510574985756,0.0014616264974821743,0
692347,2,0,0.0008866200709977955,0.0014616264974821743,0
693067,2,0,0.00023780612863708706,0.0014616264974821743,0
694452,2,0,0.0010047525417495188,0.0014616264974821743,0
694854,2,0,0.008074171878308231,0.0014616264974821743,1
695392,2,0,0.00016684969778656348,0.0014616264974821743,0
698207,2,0,5.5430302910876005e-05,0.0014616264974821743,0
699559,2,0,0.0056458458318277265,0.0014616264974821743,1
699704,2,0,0.0003301318452203836,0.0014616264974821743,0
700047,2,0,0.00026720923610743105,0.0014616264974821743,0
700626,2,0,0.00019178654895094188,0.0014616264974821743,0
700938,2,0,0.0004628084995798563,0.0014616264974821743,0
701126,2,0,0.00018229888566270478,0.0014616264974821743,0
701527,2,0,0.0003482834911952985,0.0014616264974821743,0
702831,2,0,0.00010894528995376118,0.0014616264974821743,0
702832,2,0,0.0001564540772716617,0.0014616264974821743,0
703016,2,0,0.005357144310490578,0.0014616264974821743,1
703605,2,0,0.00022402041918785233,0.0014616264974821743,0
703700,2,0,0.006020614557386899,0.0014616264974821743,1
704601,2,0,6.939668220266591e-05,0.0014616264974821743,0
704968,2,0,0.0004622433156391034,0.0014616264974821743,0
705426,2,0,0.0016395012831118467,0.0014616264974821743,1
705798,2,0,0.0007914683218679277,0.0014616264974821743,0
705873,2,0,0.005826571125024892,0.0014616264974821743,1
705920,2,0,0.00045039576404349473,0.0014616264974821743,0
706561,2,0,0.0001733925862477662,0.0014616264974821743,0
707687,2,0,0.00050387017565266,0.0014616264974821743,0
708043,2,0,0.0009504165741273708,0.0014616264974821743,0
709138,2,0,0.0020148071477509104,0.0014616264974821743,1
709713,2,0,0.04396461008437411,0.0014616264974821743,1
709816,2,0,0.0013322721303339695,0.0014616264974821743,0
710792,2,0,0.00019470398591342087,0.0014616264974821743,0
711446,2,0,0.00011637370733816766,0.0014616264974821743,0
711685,2,0,9.399570213643832e-05,0.0014616264974821743,0
711717,2,0,0.0016506315086188186,0.0014616264974821743,1
712023,2,0,0.007290876087508748,0.0014616264974821743,1
712392,2,0,0.025535441943042622,0.0014616264974821743,1
712603,2,0,0.02352420937295189,0.0014616264974821743,1
712681,2,0,0.000162363674443783,0.0014616264974821743,0
712829,2,0,0.00028341998327498805,0.0014616264974821743,0
712839,2,0,0.00019088906601398098,0.0014616264974821743,0
712899,2,0,0.017413242964101187,0.0014616264974821743,1
713037,2,0,0.00010255062764219386,0.0014616264974821743,0
713168,2,0,0.00047266942358089773,0.0014616264974821743,0
713701,2,0,9.700152142719739e-05,0.0014616264974821743,0
714174,2,0,0.0004940390244133386,0.0014616264974821743,0
714398,2,0,0.0009936314015775232,0.0014616264974821743,0
715023,2,0,0.00013939130548496674,0.0014616264974821743,0
715385,2,0,0.004178635909254212,0.0014616264974821743,1
716133,2,0,0.000148548456856342,0.0014616264974821743,0
716782,2,0,0.0007094766853410111,0.0014616264974821743,0
717502,2,0,0.00027807138795589757,0.0014616264974821743,0
717935,2,0,0.0001965617911975756,0.0014616264974821743,0
717946,2,0,0.002016305471983746,0.0014616264974821743,1
718033,2,0,0.0005667913002905504,0.0014616264974821743,0
718180,2,0,0.0010118562655384513,0.0014616264974821743,0
718920,2,0,0.00040945968484371086,0.0014616264974821743,0
719057,2,0,0.0015114547481504242,0.0014616264974821743,1
719070,2,0,0.001102444242161834,0.0014616264974821743,0
719330,2,0,9.696342559654805e-05,0.0014616264974821743,0
719993,2,0,0.0002269569684026008,0.0014616264974821743,0
720218,2,0,9.602253775681223e-05,0.0014616264974821743,0
721129,2,0,0.0012160171581023034,0.0014616264974821743,0
721391,2,0,0.00014751531875859702,0.0014616264974821743,0
722475,2,0,0.00014624765777165584,0.0014616264974821743,0
722761,2,0,0.00048356679503499617,0.0014616264974821743,0
723301,2,0,0.0022122499678366232,0.0014616264974821743,1
725675,2,0,0.004788262722589406,0.0014616264974821743,1
726012,2,0,0.009692098009448789,0.0014616264974821743,1
726947,2,0,0.0004064789981293612,0.0014616264974821743,0
729083,2,0,0.00047101989935605137,0.0014616264974821743,0
729251,2,0,0.001627577255821172,0.0014616264974821743,1
729460,2,0,0.00035141562625749654,0.0014616264974821743,0
729963,2,0,0.00025764353160468497,0.0014616264974821743,0
730037,2,0,0.0005561627743461119,0.0014616264974821743,0
730704,2,0,0.00034811533546570195,0.0014616264974821743,0
730925,2,0,0.005611430341463274,0.0014616264974821743,1
732301,2,0,0.0006061624317961846,0.0014616264974821743,0
733822,2,0,0.027644457107357398,0.0014616264974821743,1
735496,2,0,0.0025380328551820367,0.0014616264974821743,1
735659,2,0,0.0015309743620401783,0.0014616264974821743,1
737233,2,0,0.0005833110726598215,0.0014616264974821743,0
737908,2,0,0.0006414796381137985,0.0014616264974821743,0
738194,2,0,0.0016020786886119533,0.0014616264974821743,1
738379,2,0,0.00048657395727880366,0.0014616264974821743,0
743355,2,0,0.00010021147619179114,0.0014616264974821743,0
743799,2,0,0.002208036637889499,0.0014616264974821743,1
744029,2,0,0.00029872213891029854,0.0014616264974821743,0
744635,2,0,0.0007350893460331714,0.0014616264974821743,0
744728,2,0,0.0004694130662683177,0.0014616264974821743,0
745063,2,0,0.0003232863681262487,0.0014616264974821743,0
745853,2,0,0.00035633244790405353,0.0014616264974821743,0
745858,2,0,2.154227881009495e-05,0.0014616264974821743,0
745956,2,0,0.0013541435422105565,0.0014616264974821743,0
747037,2,0,0.0003367468866869198,0.0014616264974821743,0
747657,2,0,4.248409157302452e-05,0.0014616264974821743,0
747673,2,0,0.0039347683629514804,0.0014616264974821743,1
749201,2,0,0.00021994419039175831,0.0014616264974821743,0
749283,2,0,0.00011993287175591561,0.0014616264974821743,0
749680,2,0,0.0008654781300568964,0.0014616264974821743,0
750241,2,0,0.0008626971743571102,0.0014616264974821743,0
750317,2,0,0.0008954287257631056,0.0014616264974821743,0
750517,2,0,2.726738052400367e-05,0.0014616264974821743,0
751754,2,0,0.000264351950353136,0.0014616264974821743,0
752167,2,0,0.0028237465701112475,0.0014616264974821743,1
752578,2,0,0.00012672267627710052,0.0014616264974821743,0
753415,2,0,0.0006065669142448813,0.0014616264974821743,0
753816,2,0,0.0008024713303586561,0.0014616264974821743,0
754482,2,0,0.0004500236303019969,0.0014616264974821743,0
755432,2,0,0.00010517657384039893,0.0014616264974821743,0
755497,2,0,0.0009350451897601101,0.0014616264974821743,0
756360,2,0,0.0004801299232611955,0.0014616264974821743,0
756669,2,0,0.00010847468887442265,0.0014616264974821743,0
757187,2,0,0.0035300780587480874,0.0014616264974821743,1
757197,2,0,0.012789414022871246,0.0014616264974821743,1
757277,2,0,0.0007344902187727655,0.0014616264974821743,0
758295,2,0,0.00012463388349571105,0.0014616264974821743,0
758850,2,0,0.0002729083615684236,0.0014616264974821743,0
759162,2,0,0.00016117238529397002,0.0014616264974821743,0
759408,2,0,0.0005797933541644423,0.0014616264974821743,0
760990,2,0,0.0001167347754857234,0.0014616264974821743,0
761227,2,0,0.00041891070031480597,0.0014616264974821743,0
761296,2,0,0.000133949237628236,0.0014616264974821743,0
761462,2,0,0.0007112123391970463,0.0014616264974821743,0
762553,2,0,0.00031549881571905626,0.0014616264974821743,0
762638,2,0,0.0005752461341224497,0.0014616264974821743,0
765425,2,0,0.0011368688259015566,0.0014616264974821743,0
765575,2,0,0.0008982881587061039,0.0014616264974821743,0
765919,2,0,0.0020327103358841452,0.0014616264974821743,1
767169,2,0,0.0010085409402045549,0.0014616264974821743,0
768423,2,0,0.009795514361515732,0.0014616264974821743,1
768881,2,0,0.00040181326031419267,0.0014616264974821743,0
769201,2,0,0.001038761264117043,0.0014616264974821743,0
772049,2,0,0.00074041569575533,0.0014616264974821743,0
772473,2,0,0.0003659666593674475,0.0014616264974821743,0
773036,2,0,0.0026431921541689783,0.0014616264974821743,1
774009,2,0,0.00016109155151998087,0.0014616264974821743,0
774159,2,0,0.000212759255488028,0.0014616264974821743,0
775520,2,0,0.0004535511355560692,0.0014616264974821743,0
775692,2,0,0.00926246092667988,0.0014616264974821743,1
776886,2,0,0.0004504363653345257,0.0014616264974821743,0
777231,2,0,0.00026377798063726614,0.0014616264974821743,0
777857,2,0,5.980441868880987e-05,0.0014616264974821743,0
777936,2,0,0.0005442311275060869,0.0014616264974821743,0
778690,2,0,7.092945895111273e-05,0.0014616264974821743,0
780684,2,0,0.00010591815211236971,0.0014616264974821743,0
780902,2,0,0.00039872448715545577,0.0014616264974821743,0
782311,2,0,0.00012878776948591062,0.0014616264974821743,0
787516,2,0,8.261540701415241e-05,0.0014616264974821743,0
787678,2,0,0.0004758323141980695,0.0014616264974821743,0
787753,2,0,0.0003719796409031968,0.0014616264974821743,0
788158,2,0,0.0019879312701560144,0.0014616264974821743,1
788673,2,0,0.0001813412796087889,0.0014616264974821743,0
788704,2,0,0.0004827044500352056,0.0014616264974821743,0
788732,2,0,0.0007504052179684958,0.0014616264974821743,0
789843,2,0,0.0021139192880633272,0.0014616264974821743,1
789861,2,0,0.003416205593028272,0.0014616264974821743,1
790557,2,0,0.0001402931048017879,0.0014616264974821743,0
791274,2,0,8.328308362257423e-05,0.0014616264974821743,0
792097,2,0,0.00013788264038921033,0.0014616264974821743,0
792513,2,0,0.0032076839567207025,0.0014616264974821743,1
792960,2,0,0.0007575667159306353,0.0014616264974821743,0
793109,2,0,0.0018057794748764465,0.0014616264974821743,1
793808,2,0,0.0017943612213685977,0.0014616264974821743,1
793927,2,0,0.002240699260326572,0.0014616264974821743,1
795779,2,0,7.22588384284171e-05,0.0014616264974821743,0
797499,2,0,0.0016948195942348154,0.0014616264974821743,1
798794,2,0,0.0001767369600581756,0.0014616264974821743,0
799571,2,0,0.0002178024148117268,0.0014616264974821743,0
800400,2,0,0.00954301368903322,0.0014616264974821743,1
800932,2,0,0.0008496142888282669,0.0014616264974821743,0
801159,2,0,0.0002805925246839296,0.0014616264974821743,0
801348,2,0,0.00011358852323076526,0.0014616264974821743,0
801655,2,0,0.00021922182300032123,0.0014616264974821743,0
803160,2,0,5.295936865418469e-05,0.0014616264974821743,0
803741,2,0,9.791815881478616e-05,0.0014616264974821743,0
804823,2,0,0.0055532573028279075,0.0014616264974821743,1
804966,2,0,0.001386592716737189,0.0014616264974821743,0
806488,2,0,0.001635821458115179,0.0014616264974821743,1
806700,2,0,8.672010231318487e-05,0.0014616264974821743,0
806905,2,0,0.0006269810590768717,0.0014616264974821743,0
808838,2,0,0.0003036614205086435,0.0014616264974821743,0
815951,2,0,0.00017140090566994382,0.0014616264974821743,0
819382,2,0,0.00017298181722692998,0.0014616264974821743,0
821152,2,0,0.0001322502462234536,0.0014616264974821743,0
825662,2,0,0.0008413100690246294,0.0014616264974821743,0
826921,2,0,0.0012629224574291836,0.0014616264974821743,0
827568,2,0,0.0032625376576678935,0.0014616264974821743,1
828652,2,0,0.000632246041917117,0.0014616264974821743,0
829822,2,0,0.0015333201044863537,0.0014616264974821743,1
832838,2,0,6.547646705604784e-05,0.0014616264974821743,0
839474,2,0,0.0009307190422245201,0.0014616264974821743,0
839966,2,0,0.0006021052838800744,0.0014616264974821743,0
841629,2,0,0.0024597246062412676,0.0014616264974821743,1
841630,2,0,0.0009501393563652381,0.0014616264974821743,0
842850,2,0,0.011917669240307132,0.0014616264974821743,1
844290,2,0,0.001920257619019601,0.0014616264974821743,1
844353,2,0,0.03815389454758344,0.0014616264974821743,1
844983,2,0,0.0019478973414112457,0.0014616264974821743,1
846451,2,0,0.0006023898983876657,0.0014616264974821743,0
846839,2,0,0.000845048633905305,0.0014616264974821743,0
846970,2,0,0.001124215177880327,0.0014616264974821743,0
847035,2,0,0.0014476420692925373,0.0014616264974821743,0
847885,2,0,0.001156664434840038,0.0014616264974821743,0
848732,2,0,0.0018564509433460863,0.0014616264974821743,1
849958,2,0,0.00034791826500394366,0.0014616264974821743,0
850056,2,0,0.0004724401676921496,0.0014616264974821743,0
851527,2,0,0.0018120274154288152,0.0014616264974821743,1
852261,2,0,0.0002794678427024254,0.0014616264974821743,0
853762,2,0,0.0036235544919633773,0.0014616264974821743,1
854839,2,0,0.0006517843580152743,0.0014616264974821743,0
854894,2,0,0.0001763373327875295,0.0014616264974821743,0
855426,2,0,0.0014724757424182896,0.0014616264974821743,1
857458,2,0,0.00042452793788212527,0.0014616264974821743,0
860063,2,0,0.00017189100691400834,0.0014616264974821743,0
860185,2,0,0.00010679418591159763,0.0014616264974821743,0
866927,2,0,0.0022790958980520213,0.0014616264974821743,1
866971,2,0,8.643915476252145e-05,0.0014616264974821743,0
867258,2,0,0.0002836901700423718,0.0014616264974821743,0
867569,2,0,5.2081334688300334e-05,0.0014616264974821743,0
868022,2,0,6.847364108001331e-05,0.0014616264974821743,0
868804,2,0,0.0012348356110017022,0.0014616264974821743,0
868983,2,0,0.0019916967119653554,0.0014616264974821743,1
869419,2,0,0.02256886302922265,0.0014616264974821743,1
870214,2,0,0.0009908911776959173,0.0014616264974821743,0
870646,2,0,0.0006591486316791655,0.0014616264974821743,0
871221,2,0,0.0020829898520219937,0.0014616264974821743,1
871986,2,0,0.0014526205580254227,0.0014616264974821743,0
872386,2,0,9.879432613067518e-05,0.0014616264974821743,0
872830,2,0,0.00012365170254821363,0.0014616264974821743,0
873501,2,0,0.0013364212922993895,0.0014616264974821743,0
874396,2,0,0.0002881687784903299,0.0014616264974821743,0
875166,2,0,0.0005068209720512743,0.0014616264974821743,0
876417,2,0,0.00658747753250091,0.0014616264974821743,1
877519,2,0,0.00013861932230568885,0.0014616264974821743,0
878499,2,0,0.00038668722609268616,0.0014616264974821743,0
879063,2,0,0.02209335320675127,0.0014616264974821743,1
879167,2,0,0.0006364587598055186,0.0014616264974821743,0
879545,2,0,0.0004998016296361697,0.0014616264974821743,0
880161,2,0,0.0006829600850564806,0.0014616264974821743,0
881134,2,0,0.000739584622137279,0.0014616264974821743,0
881723,2,0,0.010108753681553785,0.0014616264974821743,1
882352,2,0,0.0006251362064949205,0.0014616264974821743,0
882378,2,0,0.0003739120014599339,0.0014616264974821743,0
884141,2,0,0.0004897662548119376,0.0014616264974821743,0
885668,2,0,0.0005426054387634588,0.0014616264974821743,0
887698,2,0,0.001107221864722968,0.0014616264974821743,0
887923,2,0,0.0008492831117673893,0.0014616264974821743,0
889485,2,0,0.002033717526283231,0.0014616264974821743,1
889681,2,0,0.001344492143049243,0.0014616264974821743,0
889929,2,0,0.00018960817243206994,0.0014616264974821743,0
890076,2,0,0.0006487607705161335,0.0014616264974821743,0
890543,2,0,9.209393361207914e-05,0.0014616264974821743,0
890649,2,0,0.009612567305716678,0.0014616264974821743,1
890908,2,0,0.005778215682854936,0.0014616264974821743,1
891386,2,0,0.0026491374962859865,0.0014616264974821743,1
891447,2,0,0.0004754860246008179,0.0014616264974821743,0
891782,2,0,0.0002399659657037123,0.0014616264974821743,0
892045,2,0,0.0002326211770167626,0.0014616264974821743,0
892623,2,0,0.0006296097505123266,0.0014616264974821743,0
893110,2,0,0.00016794919574625859,0.0014616264974821743,0
893372,2,0,0.00022097472807533348,0.0014616264974821743,0
893490,2,0,0.0006816774140168892,0.0014616264974821743,0
893747,2,0,0.00035639043325036326,0.0014616264974821743,0
894037,2,0,0.0008671035412976311,0.0014616264974821743,0
894041,2,0,0.00026832820085041374,0.0014616264974821743,0
894157,2,0,0.07925706516682737,0.0014616264974821743,1
894282,2,0,0.0004777177202294581,0.0014616264974821743,0
894362,2,0,0.0007181867690649631,0.0014616264974821743,0
894384,2,0,0.0001253186942550468,0.0014616264974821743,0
894934,2,0,0.00017822796613987233,0.0014616264974821743,0
894937,2,0,0.00017407475786010028,0.0014616264974821743,0
895379,2,0,0.004415041320034762,0.0014616264974821743,1
895486,2,0,0.0004628552257525365,0.0014616264974821743,0
895660,2,0,0.000171504496535967,0.0014616264974821743,0
897030,2,0,0.0011911859825148086,0.0014616264974821743,0
897121,2,0,0.0004076504596239315,0.0014616264974821743,0
897852,2,0,0.00019272575381773643,0.0014616264974821743,0
897859,2,0,0.0014089654835658016,0.0014616264974821743,0
898263,2,0,3.0436488063431868e-05,0.0014616264974821743,0
899197,2,0,0.000795391140161358,0.0014616264974821743,0
907669,2,0,0.0003528607588563712,0.0014616264974821743,0
912400,2,0,0.0009746608137117789,0.0014616264974821743,0
920039,2,0,0.00034781043886883086,0.0014616264974821743,0
923095,2,0,0.00039401158168879933,0.0014616264974821743,0
929919,2,0,0.0017719829844826105,0.0014616264974821743,1
930113,2,0,0.02518329103260988,0.0014616264974821743,1
933872,2,0,0.00018797809077598424,0.0014616264974821743,0
934704,2,0,0.0010316364845787903,0.0014616264974821743,0
935137,2,0,0.00392942608313401,0.0014616264974821743,1
935288,2,0,0.002930749258462823,0.0014616264974821743,1
935327,2,0,0.00044148893188747357,0.0014616264974821743,0
935590,2,0,0.0002969728122462693,0.0014616264974821743,0
935626,2,0,0.0008141772148058831,0.0014616264974821743,0
936091,2,0,0.0001929683188637239,0.0014616264974821743,0
946523,2,0,0.0019803181820728937,0.0014616264974821743,1
947363,2,0,0.0001347691785302955,0.0014616264974821743,0
951953,2,0,0.0008437059548900242,0.0014616264974821743,0
954364,2,0,0.00028088166114516544,0.0014616264974821743,0
954417,2,0,0.0002057116667081464,0.0014616264974821743,0
959487,2,0,0.000298990884215711,0.0014616264974821743,0
960705,2,0,0.00010397521523484531,0.0014616264974821743,0
960831,2,0,0.01270712229130604,0.0014616264974821743,1
963037,2,0,0.0051957798099958605,0.0014616264974821743,1
963093,2,0,0.001440344008819638,0.0014616264974821743,0
963966,2,0,0.00018554725335275722,0.0014616264974821743,0
967187,2,0,0.021781214467626583,0.0014616264974821743,1
967894,2,0,0.0005987579184543713,0.0014616264974821743,0
969710,2,0,0.10597831551763784,0.0014616264974821743,1
970213,2,0,0.0002171245991952227,0.0014616264974821743,0
970542,2,0,0.0500414579819779,0.0014616264974821743,1
971721,2,0,0.0003299495997160729,0.0014616264974821743,0
971959,2,0,0.0010643825404915543,0.0014616264974821743,0
972087,2,0,0.0001190709384367847,0.0014616264974821743,0
972218,2,0,0.00221258067821347,0.0014616264974821743,1
972338,2,0,0.008389847327110048,0.0014616264974821743,1
972480,2,0,0.00935985994446851,0.0014616264974821743,1
972591,2,0,9.443146545721527e-05,0.0014616264974821743,0
973100,2,0,0.005721675094970885,0.0014616264974821743,1
973172,2,0,0.00012700191287190365,0.0014616264974821743,0
973228,2,0,8.833575035808856e-05,0.0014616264974821743,0
973303,2,0,0.0002533691147449852,0.0014616264974821743,0
973443,2,0,0.004686823592484356,0.0014616264974821743,1
973622,2,0,8.859252866298552e-05,0.0014616264974821743,0
973780,2,0,0.0017198636576345825,0.0014616264974821743,1
973789,2,0,0.0005041021905326067,0.0014616264974821743,0
973916,2,0,0.0020017906369844225,0.0014616264974821743,1
973953,2,0,0.0012495932217903424,0.0014616264974821743,0
974017,2,0,0.0007900136590474785,0.0014616264974821743,0
974019,2,0,0.0007806183327695064,0.0014616264974821743,0
974502,2,0,0.00011066309729866078,0.0014616264974821743,0
975120,2,0,0.0005659534945524284,0.0014616264974821743,0
975181,2,0,0.0007935928754151093,0.0014616264974821743,0
976214,2,0,0.00019672762868620745,0.0014616264974821743,0
976271,2,0,0.00032827834227302214,0.0014616264974821743,0
976322,2,0,0.0007750497438477413,0.0014616264974821743,0
976338,2,0,0.012405670930278771,0.0014616264974821743,1
976529,2,0,0.00022972428850400232,0.0014616264974821743,0
976642,2,0,0.03856853255869538,0.0014616264974821743,1
976691,2,0,0.0008535265105191407,0.0014616264974821743,0
976746,2,0,0.0002458906114152756,0.0014616264974821743,0
976766,2,0,0.0008300997539356714,0.0014616264974821743,0
976855,2,0,0.0010210246387016384,0.0014616264974821743,0
976966,2,0,0.0019257090176683122,0.0014616264974821743,1
976976,2,0,0.003208868268561801,0.0014616264974821743,1
977007,2,0,0.0012124075031029753,0.0014616264974821743,0
977103,2,0,0.0005851607064207084,0.0014616264974821743,0
977379,2,0,0.0014757980645577348,0.0014616264974821743,1
977492,2,0,0.0011912151525290426,0.0014616264974821743,0
977678,2,0,0.0010325439422192583,0.0014616264974821743,0
977752,2,0,0.0002955698363547889,0.0014616264974821743,0
977774,2,0,0.0004324507407677629,0.0014616264974821743,0
977836,2,0,0.00012964588559616545,0.0014616264974821743,0
977882,2,0,0.0019129998321165305,0.0014616264974821743,1
977965,2,0,7.505796139322715e-05,0.0014616264974821743,0
978008,2,0,0.006596230102165622,0.0014616264974821743,1
978115,2,0,0.00015194318042376542,0.0014616264974821743,0
978217,2,0,0.00014788670215572648,0.0014616264974821743,0
986783,2,0,0.000557328521125858,0.0014616264974821743,0
986815,2,0,0.000136571504358608,0.0014616264974821743,0
987854,2,0,9.369767188428547e-05,0.0014616264974821743,0
989262,2,0,0.0008037410330411072,0.0014616264974821743,0
990808,2,0,0.0002607273701003167,0.0014616264974821743,0
990902,2,0,0.00024236997419924215,0.0014616264974821743,0
992688,2,0,0.003846814031778702,0.0014616264974821743,1
995433,2,0,0.0004903797196882095,0.0014616264974821743,0
1004366,2,0,0.0004600201596274183,0.0014616264974821743,0
1005077,2,0,0.013939984598311972,0.0014616264974821743,1
1005619,2,0,7.077425749113228e-05,0.0014616264974821743,0
1006276,2,0,0.004602098487369633,0.0014616264974821743,1
1010280,2,0,0.00018277654827131282,0.0014616264974821743,0
1013024,2,0,0.0008914064810797031,0.0014616264974821743,0
1015180,2,0,0.0005575900785289211,0.0014616264974821743,0
1017688,2,0,0.00032341618533371407,0.0014616264974821743,0
1019163,2,0,0.00010302879198561789,0.0014616264974821743,0
1021998,2,0,0.0016079305634570818,0.0014616264974821743,1
1022000,2,0,0.0029703489671706134,0.0014616264974821743,1
1034416,2,0,0.00025927530802863054,0.0014616264974821743,0
1070450,2,0,0.00029334784170696645,0.0014616264974821743,0
1071876,2,0,4.748237807615339e-05,0.0014616264974821743,0
1071877,2,0,7.480885991939141e-05,0.0014616264974821743,0
1072112,2,0,0.00010635766862165705,0.0014616264974821743,0
1072880,2,0,0.002138105077813827,0.0014616264974821743,1
1075138,2,0,0.010489028061123451,0.0014616264974821743,1
1078314,2,0,0.00016137846318445428,0.0014616264974821743,0
1080067,2,0,0.0058303842082988114,0.0014616264974821743,1
1080188,2,0,0.0013472127293981165,0.0014616264974821743,0
1080236,2,0,0.0008970054302569536,0.0014616264974821743,0
1084020,2,0,0.0017320676857227285,0.0014616264974821743,1
1084671,2,0,0.0003286676313464742,0.0014616264974821743,0
1084690,2,0,0.0005593961602883615,0.0014616264974821743,0
1084704,2,0,0.0017241085847715493,0.0014616264974821743,1
1085301,2,0,0.00023022276901285958,0.0014616264974821743,0
1086723,2,0,9.530149559848756e-05,0.0014616264974821743,0
1086923,2,0,0.004956577240237187,0.0014616264974821743,1
1087717,2,0,0.0006750927368484607,0.0014616264974821743,0
1088061,2,0,0.0004183470794609066,0.0014616264974821743,0
1089490,2,0,0.0010151577251810554,0.0014616264974821743,0
1091472,2,0,0.00015302786091305035,0.0014616264974821743,0
1091808,2,0,9.001880634091974e-05,0.0014616264974821743,0
1091863,2,0,0.0015978319155285443,0.0014616264974821743,1
1092325,2,0,0.0004249840119147026,0.0014616264974821743,0
1092876,2,0,0.00040865577672772387,0.0014616264974821743,0
1093790,2,0,0.020798888894839877,0.0014616264974821743,1
1093805,2,0,0.11605424313252428,0.0014616264974821743,1
1095106,2,0,0.0002174091302468158,0.0014616264974821743,0
1096077,2,0,0.0016535671311960962,0.0014616264974821743,1
1096354,2,0,7.447104920874237e-05,0.0014616264974821743,0
1098728,2,0,0.0003638083925402661,0.0014616264974821743,0
1101757,2,0,0.0022220050397349454,0.0014616264974821743,1
1107138,2,0,0.008607010960612244,0.0014616264974821743,1
1108447,2,0,0.001227190135137699,0.0014616264974821743,0
1116205,2,0,0.00032952575895117003,0.0014616264974821743,0
1118172,2,0,0.0002841920571004309,0.0014616264974821743,0
1118369,2,0,0.0001533595905282256,0.0014616264974821743,0
1119029,2,0,0.0012253863395256409,0.0014616264974821743,0
1120173,2,0,0.00026408253080183105,0.0014616264974821743,0
1121117,2,0,0.007209841394515726,0.0014616264974821743,1
1121529,2,0,0.00156202120081206,0.0014616264974821743,1
1122592,2,0,0.0002959090777615614,0.0014616264974821743,0
1123742,2,0,0.00010741867517088598,0.0014616264974821743,0
1128080,2,0,0.00021044472092902818,0.0014616264974821743,0
1129465,2,0,0.0002469508327580567,0.0014616264974821743,0
1130523,2,0,0.0005255600211006627,0.0014616264974821743,0
1131710,2,0,0.00010510448463668764,0.0014616264974821743,0
1131920,2,0,0.0006109509781871159,0.0014616264974821743,0
1132326,2,0,0.0012500916633357553,0.0014616264974821743,0
1138020,2,0,0.0003747114705859967,0.0014616264974821743,0
1148014,2,0,0.00013812917584108715,0.0014616264974821743,0
1148599,2,0,0.00028368081171047316,0.0014616264974821743,0
1148772,2,0,0.0002673832814106263,0.0014616264974821743,0
1150234,2,0,0.0003005026459057724,0.0014616264974821743,0
1150542,2,0,6.443493534689732e-05,0.0014616264974821743,0
1151703,2,0,9.899877371375809e-05,0.0014616264974821743,0
1151712,2,0,0.0001444916256959219,0.0014616264974821743,0
1154655,2,0,0.0003544404919743972,0.0014616264974821743,0
1157494,2,0,0.005754758491948779,0.0014616264974821743,1
1164849,2,0,0.001149480478375881,0.0014616264974821743,0
1166460,2,0,0.0002557590274012557,0.0014616264974821743,0
1169304,2,0,0.0005667206113570202,0.0014616264974821743,0
1177170,2,0,0.0005284865035398811,0.0014616264974821743,0
1179302,2,0,0.0002593483684915613,0.0014616264974821743,0
1181764,2,0,0.0016442830671116527,0.0014616264974821743,1
1181768,2,0,7.684065123595442e-05,0.0014616264974821743,0
1190415,2,0,0.0001778800617970927,0.0014616264974821743,0
1191206,2,0,0.0016994581309928334,0.0014616264974821743,1
1202478,2,0,0.000491156659034591,0.0014616264974821743,0
1203009,2,0,0.00014090819093240728,0.0014616264974821743,0
1212426,2,0,0.03347714523211367,0.0014616264974821743,1
1213859,2,0,5.296987149369994e-05,0.0014616264974821743,0
1218909,2,0,0.002966175016660608,0.0014616264974821743,1
1222333,2,0,0.000533915578974494,0.0014616264974821743,0
1228476,2,0,0.00045982671890293413,0.0014616264974821743,0
1234753,2,0,0.015533599784342478,0.0014616264974821743,1
1242440,2,0,0.0019690787980917246,0.0014616264974821743,1
1242719,2,0,0.0005489698742970158,0.0014616264974821743,0
1242876,2,0,0.0006218829795796948,0.0014616264974821743,0
1243259,2,0,0.0008957498406743105,0.0014616264974821743,0
1244388,2,0,0.0006138475141954131,0.0014616264974821743,0
1244669,2,0,0.013292042380354498,0.0014616264974821743,1
1245020,2,0,0.0037919742804079135,0.0014616264974821743,1
1245136,2,0,0.011029284422033624,0.0014616264974821743,1
1245270,2,0,0.003671628141681122,0.0014616264974821743,1
1245272,2,0,0.0006551987358040636,0.0014616264974821743,0
1245284,2,0,0.01847030471364656,0.0014616264974821743,1
1245313,2,0,7.30479655304399e-05,0.0014616264974821743,0
1245327,2,0,0.018773851096335805,0.0014616264974821743,1
1245407,2,0,0.0016539556413936,0.0014616264974821743,1
1245572,2,0,0.0037120919964045616,0.0014616264974821743,1
1245709,2,0,0.0016321825401928913,0.0014616264974821743,1
1245716,2,0,0.0002495431482353664,0.0014616264974821743,0
1245720,2,0,0.0050449815915422115,0.0014616264974821743,1
1245932,2,0,0.000234125817726975,0.0014616264974821743,0
1245951,2,0,0.0004890020633292781,0.0014616264974821743,0
1246103,2,0,8.04201710452124e-05,0.0014616264974821743,0
1246298,2,0,0.0008827365147905288,0.0014616264974821743,0
1246309,2,0,0.0020611380980257174,0.0014616264974821743,1
1246378,2,0,0.0018635542063085964,0.0014616264974821743,1
1246418,2,0,0.0020782568364123167,0.0014616264974821743,1
1246452,2,0,0.0005472747279414238,0.0014616264974821743,0
1246767,2,0,0.0012001615288057543,0.0014616264974821743,0
1246798,2,0,0.003064607058096943,0.0014616264974821743,1
1246872,2,0,0.0020199706698587985,0.0014616264974821743,1
1246875,2,0,0.00038346632894352916,0.0014616264974821743,0
1246981,2,0,0.0001255262956873996,0.0014616264974821743,0
1246987,2,0,0.016227345668419303,0.0014616264974821743,1
1246999,2,0,0.0008117135257909542,0.0014616264974821743,0
1247116,2,0,0.008424508726729616,0.0014616264974821743,1
1247740,2,0,0.03233372731745591,0.0014616264974821743,1
1247750,2,0,0.0043539177733316475,0.0014616264974821743,1
1247756,2,0,0.00046763123908499457,0.0014616264974821743,0
1248344,2,0,0.0014454873737001625,0.0014616264974821743,0
1248839,2,0,8.363939312675675e-05,0.0014616264974821743,0
1248841,2,0,0.00015654793630617006,0.0014616264974821743,0
1248883,2,0,0.0002028025026686415,0.0014616264974821743,0
1248885,2,0,0.0026229183631409367,0.0014616264974821743,1
1249184,2,0,0.0010547314764672486,0.0014616264974821743,0
1249389,2,0,0.0007952366533511532,0.0014616264974821743,0
1249916,2,0,0.000249096307875942,0.0014616264974821743,0
1250062,2,0,0.0013354515707280383,0.0014616264974821743,0
1250874,2,0,0.001308341010893649,0.0014616264974821743,0
1250933,2,0,7.737151384250598e-05,0.0014616264974821743,0
1251624,2,0,0.00019857876710955945,0.0014616264974821743,0
1251791,2,0,0.001441618533668577,0.0014616264974821743,0
1251929,2,0,0.00037479062465967225,0.0014616264974821743,0
1253040,2,0,0.0006540860342979719,0.0014616264974821743,0
1253477,2,0,0.0013410513826782962,0.0014616264974821743,0
1253864,2,0,0.0002863374315354976,0.0014616264974821743,0
1254653,2,0,0.002760670664913621,0.0014616264974821743,1
1254857,2,0,0.00023314131093465579,0.0014616264974821743,0
1255917,2,0,0.0004798504422343016,0.0014616264974821743,0
1255928,2,0,3.422264530305148e-05,0.0014616264974821743,0
1256402,2,0,0.0008542524733639096,0.0014616264974821743,0
1257362,2,0,0.00023138120522980221,0.0014616264974821743,0
1257433,2,0,0.0004170832158604769,0.0014616264974821743,0
1257886,2,0,0.00012844860223158437,0.0014616264974821743,0
1258379,2,0,0.0021926631272381316,0.0014616264974821743,1
1258568,2,0,0.004753485043569994,0.0014616264974821743,1
1258614,2,0,0.0007148356623536658,0.0014616264974821743,0
1259540,2,0,3.419672745769339e-05,0.0014616264974821743,0
1261395,2,0,0.0005590869612906342,0.0014616264974821743,0
1261884,2,0,0.002235891954583327,0.0014616264974821743,1
1262031,2,0,0.0003503571782039709,0.0014616264974821743,0
1262342,2,0,0.0014650760789854365,0.0014616264974821743,1
1262714,2,0,0.00020746793112330517,0.0014616264974821743,0
1262772,2,0,0.0003292601844036668,0.0014616264974821743,0
1262881,2,0,7.688130399578651e-05,0.0014616264974821743,0
1263021,2,0,0.0002574389926122925,0.0014616264974821743,0
1263108,2,0,0.0007816753295795812,0.0014616264974821743,0
1263260,2,0,0.00010912852097985289,0.0014616264974821743,0
1263574,2,0,0.00018823571757176864,0.0014616264974821743,0
1263648,2,0,0.011106255997597042,0.0014616264974821743,1
1264115,2,0,5.200888154487611e-05,0.0014616264974821743,0
1264429,2,0,0.0004910167312799665,0.0014616264974821743,0
1264529,2,0,0.00038494214129206983,0.0014616264974821743,0
1266812,2,0,0.0034276688517387893,0.0014616264974821743,1
1266833,2,0,0.00041585709481427123,0.0014616264974821743,0
1267789,2,0,0.0002937592875411376,0.0014616264974821743,0
1272723,2,0,7.039202874679486e-05,0.0014616264974821743,0
1280881,2,0,9.528432372426135e-05,0.0014616264974821743,0
1281732,2,0,0.00021417501483594407,0.0014616264974821743,0
1282759,2,0,0.0002647967098483977,0.0014616264974821743,0
1287334,2,0,0.0021547363711400948,0.0014616264974821743,1
1287984,2,0,0.00014552771131114324,0.0014616264974821743,0
1288104,2,0,0.0009409311867974319,0.0014616264974821743,0
1288185,2,0,0.00032018541353601165,0.0014616264974821743,0
1288492,2,0,0.002194196419159369,0.0014616264974821743,1
1288674,2,0,0.0022346972849582366,0.0014616264974821743,1
1289024,2,0,0.005953987138784917,0.0014616264974821743,1
1289166,2,0,0.0018931196142551545,0.0014616264974821743,1
1289497,2,0,0.0006960398316192163,0.0014616264974821743,0
1289870,2,0,0.012977204501548023,0.0014616264974821743,1
1291048,2,0,0.00015176084753058033,0.0014616264974821743,0
1291590,2,0,2.4396290765807714e-05,0.0014616264974821743,0
1291615,2,0,0.0009124507374198833,0.0014616264974821743,0
1292142,2,0,7.163971807158305e-05,0.0014616264974821743,0
1292318,2,0,0.0001539895786732823,0.0014616264974821743,0
1292481,2,0,0.0002394023921628986,0.0014616264974821743,0
1293648,2,0,0.00035906750243358955,0.0014616264974821743,0
1294205,2,0,0.00035844806341021803,0.0014616264974821743,0
1294813,2,0,0.0009932010802452922,0.0014616264974821743,0
1294876,2,0,6.999849753140685e-05,0.0014616264974821743,0
1295310,2,0,0.00037323671647937777,0.0014616264974821743,0
1295362,2,0,0.0002887419979907901,0.0014616264974821743,0
1296508,2,0,0.0004702081561697865,0.0014616264974821743,0
1297443,2,0,0.00047192403424967095,0.0014616264974821743,0
1299412,2,0,0.0003008662034271025,0.0014616264974821743,0
1299609,2,0,0.00044330050747523267,0.0014616264974821743,0
1300325,2,0,0.0011156449022276113,0.0014616264974821743,0
1301021,2,0,0.004046215387620907,0.0014616264974821743,1
1301101,2,0,0.000856693500484044,0.0014616264974821743,0
1301698,2,0,0.0006155723258014755,0.0014616264974821743,0
1301808,2,0,0.0002495727759588279,0.0014616264974821743,0
1302330,2,0,0.022903814705840134,0.0014616264974821743,1
1302878,2,0,0.0001304688653300969,0.0014616264974821743,0
1304072,2,0,7.641286757645287e-05,0.0014616264974821743,0
1305605,2,0,0.00015041873535539372,0.0014616264974821743,0
1305851,2,0,0.00018612708935133928,0.0014616264974821743,0
1307470,2,0,0.0005343012585121075,0.0014616264974821743,0
1308338,2,0,0.00033317822374032553,0.0014616264974821743,0
1309905,2,0,0.0014207272403260463,0.0014616264974821743,0
1309992,2,0,0.002358635633368676,0.0014616264974821743,1
1310286,2,0,0.0019363367570693658,0.0014616264974821743,1
1311300,2,0,0.0016234942317834109,0.0014616264974821743,1
1313542,2,0,6.65886339873049e-05,0.0014616264974821743,0
1313550,2,0,0.0012315173242643488,0.0014616264974821743,0
1314008,2,0,8.04139838448273e-05,0.0014616264974821743,0
1314430,2,0,0.00041387792613669977,0.0014616264974821743,0
1315050,2,0,0.00015847512512413698,0.0014616264974821743,0
1315748,2,0,0.00017180578079777274,0.0014616264974821743,0
1316627,2,0,8.136559103572673e-05,0.0014616264974821743,0
1317725,2,0,0.00040404701386628826,0.0014616264974821743,0
1319087,2,0,0.0001913502679125408,0.0014616264974821743,0
1324119,2,0,0.0028259509741075683,0.0014616264974821743,1
1325022,2,0,0.00013926485868298244,0.0014616264974821743,0
1327421,2,0,0.0009114705992873245,0.0014616264974821743,0
1330897,2,0,0.0003234034801302881,0.0014616264974821743,0
1332468,2,0,0.0012869555871048014,0.0014616264974821743,0
1332881,2,0,0.00013617377923284065,0.0014616264974821743,0
1334002,2,0,0.00030471556139452814,0.0014616264974821743,0
1337232,2,0,0.00038626846998347135,0.0014616264974821743,0
1345954,2,0,0.0002462745906649119,0.0014616264974821743,0
1349116,2,0,0.0004197909818240175,0.0014616264974821743,0
1356335,2,0,0.005166577929107224,0.0014616264974821743,1
1360716,2,0,0.0007005761757458216,0.0014616264974821743,0
1366616,2,0,0.0002231357878102665,0.0014616264974821743,0
1375907,2,0,0.00011328883454725364,0.0014616264974821743,0
1376450,2,0,0.00022034362067644775,0.0014616264974821743,0
1376683,2,0,0.003251043644088743,0.0014616264974821743,1
1377242,2,0,0.00032026928113366613,0.0014616264974821743,0
1397279,2,0,8.731919414567435e-05,0.0014616264974821743,0
1399583,2,0,0.00024353907711325938,0.0014616264974821743,0
1418401,2,0,0.0006722231817365315,0.0014616264974821743,0
1420755,2,0,0.00021709547461325356,0.0014616264974821743,0
1423324,2,0,0.0005675221434536321,0.0014616264974821743,0
1492379,2,0,0.00041341518345835906,0.0014616264974821743,0
1503259,2,0,0.00011473900145267827,0.0014616264974821743,0
1509864,2,0,0.0019609981062272508,0.0014616264974821743,1
1523398,2,0,0.00037687219585032656,0.0014616264974821743,0
1523481,2,0,8.649694152030839e-05,0.0014616264974821743,0
1523486,2,0,9.217908190378687e-05,0.0014616264974821743,0
1526406,2,0,0.00013021375326006314,0.0014616264974821743,0
1528124,2,0,0.0012619698712245371,0.0014616264974821743,0
1528132,2,0,0.0005569603039541553,0.0014616264974821743,0
1528683,2,0,0.00010098596542853053,0.0014616264974821743,0
1529409,2,0,0.00014696205338887038,0.0014616264974821743,0
1532134,2,0,0.0002188184419539247,0.0014616264974821743,0
1535321,2,0,9.946618104490286e-05,0.0014616264974821743,0
1540508,2,0,0.0009438977950732572,0.0014616264974821743,0
1540951,2,0,0.00020922235225729984,0.0014616264974821743,0
1548582,2,0,0.0006268182079135165,0.0014616264974821743,0
1565334,2,0,0.00010395042446913698,0.0014616264974821743,0
1580554,2,0,7.784235732476376e-05,0.0014616264974821743,0
1585567,2,0,0.0035448655624802173,0.0014616264974821743,1
1588954,2,0,9.721506640046116e-05,0.0014616264974821743,0
1595217,2,0,0.00010487410750940791,0.0014616264974821743,0
1616462,2,0,0.0027729372264509973,0.0014616264974821743,1
1625604,2,0,0.0003636109434033738,0.0014616264974821743,0
1633910,2,0,0.00031421179982987486,0.0014616264974821743,0
1635705,2,0,0.00015055438462035643,0.0014616264974821743,0
1644451,2,0,8.844807544044085e-05,0.0014616264974821743,0
1712624,2,0,7.276962094836617e-05,0.0014616264974821743,0
1712641,2,0,0.0002582943643544555,0.0014616264974821743,0
1713063,2,0,0.0012520187854143138,0.0014616264974821743,0
1800010,2,0,7.063399851124099e-05,0.0014616264974821743,0
1813990,2,0,0.0005351214271847645,0.0014616264974821743,0
1815815,2,0,0.00048186239296399387,0.0014616264974821743,0
1817983,2,0,0.001310180556675937,0.0014616264974821743,0
1818132,2,0,9.187612932780121e-05,0.0014616264974821743,0
1818173,2,0,0.0005972381077608232,0.0014616264974821743,0
1830536,2,0,0.00014690202267892815,0.0014616264974821743,0
1848820,2,0,0.0010683804130745412,0.0014616264974821743,0
1863615,2,0,7.29278282266933e-05,0.0014616264974821743,0
1907373,2,0,0.009070081025416099,0.0014616264974821743,1
1913502,2,0,0.00014146613146729251,0.0014616264974821743,0
1918453,2,0,0.0007492226453488192,0.0014616264974821743,0
1926759,2,0,3.554487612845581e-05,0.0014616264974821743,0
1932841,2,0,0.000980238670757763,0.0014616264974821743,0
1939378,2,0,0.00398270219989482,0.0014616264974821743,1
1941210,2,0,4.7498336067902665e-05,0.0014616264974821743,0
1942924,2,0,0.00020846820086236175,0.0014616264974821743,0
1946188,2,0,0.015037665802026989,0.0014616264974821743,1
1970948,2,0,0.0006019574483181283,0.0014616264974821743,0
1972010,2,0,0.0006000301788777869,0.0014616264974821743,0
1973768,2,0,4.834638138780845e-05,0.0014616264974821743,0
1976402,2,0,0.0002311288476217631,0.0014616264974821743,0
1984311,2,0,0.00014649102190317267,0.0014616264974821743,0
2019685,2,0,0.0017486923368722573,0.0014616264974821743,1
2036437,2,0,0.000595887918331949,0.0014616264974821743,0
2051438,2,0,0.0007792510209846404,0.0014616264974821743,0
2051863,2,0,4.299813902090288e-05,0.0014616264974821743,0
2053119,2,0,8.453731965013407e-05,0.0014616264974821743,0
2053786,2,0,0.00019327685704633625,0.0014616264974821743,0
2054017,2,0,7.712834005649598e-05,0.0014616264974821743,0
2055031,2,0,0.00020379212212832222,0.0014616264974821743,0
2056145,2,0,6.649322577609988e-05,0.0014616264974821743,0
2057268,2,0,9.613712568070546e-05,0.0014616264974821743,0
2062404,2,0,0.0003839754546300969,0.0014616264974821743,0
2072958,2,0,0.0003263635892142641,0.0014616264974821743,0
2077531,2,0,0.000244338119896705,0.0014616264974821743,0
2077550,2,0,0.003607832393903985,0.0014616264974821743,1
2077923,2,0,0.0017365687846201544,0.0014616264974821743,1
2080432,2,0,0.0003517454608840862,0.0014616264974821743,0
2080570,2,0,0.0014748095719000225,0.0014616264974821743,1
2081465,2,0,0.00014413690912135307,0.0014616264974821743,0
2081470,2,0,0.0003857660386697995,0.0014616264974821743,0
2082104,2,0,0.001154760121506553,0.0014616264974821743,0
2083534,2,0,0.0001373579024341199,0.0014616264974821743,0
2083749,2,0,0.0011951671823781742,0.0014616264974821743,0
2085549,2,0,0.0004498320218302346,0.0014616264974821743,0
2090699,2,0,0.00039746091737920643,0.0014616264974821743,0
2090989,2,0,0.000438149966573859,0.0014616264974821743,0
2092318,2,0,0.0022804641761379803,0.0014616264974821743,1
2093858,2,0,0.0002144857532660881,0.0014616264974821743,0
2094003,2,0,0.0007705843978411844,0.0014616264974821743,0
2094935,2,0,0.0009972566410188497,0.0014616264974821743,0
2095470,2,0,0.0011785904962511864,0.0014616264974821743,0
2095677,2,0,0.00017962997292590553,0.0014616264974821743,0
2095880,2,0,0.00011652740157361764,0.0014616264974821743,0
2095964,2,0,0.00020716890313292113,0.0014616264974821743,0
2099430,2,0,0.0012368024873375403,0.0014616264974821743,0
2099780,2,0,0.0002358527888692961,0.0014616264974821743,0
2099919,2,0,0.0003620395839100444,0.0014616264974821743,0
2100041,2,0,0.0002966696798869365,0.0014616264974821743,0
2100074,2,0,0.0019562628868629007,0.0014616264974821743,1
2100172,2,0,0.00023533849811823584,0.0014616264974821743,0
2101672,2,0,0.00018515320867901257,0.0014616264974821743,0
2103374,2,0,0.00020427109049206435,0.0014616264974821743,0
2105816,2,0,0.0010134809398242924,0.0014616264974821743,0
2106547,2,0,0.0009212714705963916,0.0014616264974821743,0
2106784,2,0,0.0004186619562219649,0.0014616264974821743,0
2107455,2,0,0.0005254665105349086,0.0014616264974821743,0
2107577,2,0,0.004969336674985855,0.0014616264974821743,1
2108713,2,0,0.0009021810921898599,0.0014616264974821743,0
2108861,2,0,0.00019815018237393384,0.0014616264974821743,0
2110722,2,0,0.0012392036410410067,0.0014616264974821743,0
2110952,2,0,0.00019777249933956436,0.0014616264974821743,0
2114488,2,0,0.00024120517141503064,0.0014616264974821743,0
2115719,2,0,0.0008097018135569097,0.0014616264974821743,0
2115888,2,0,0.00502985014473294,0.0014616264974821743,1
2116369,2,0,6.425220011820038e-05,0.0014616264974821743,0
2117031,2,0,0.00022513966853418161,0.0014616264974821743,0
2119387,2,0,0.0017403233362464374,0.0014616264974821743,1
2121322,2,0,0.00037953061627259767,0.0014616264974821743,0
2122162,2,0,0.0013571968059400256,0.0014616264974821743,0
2123297,2,0,0.0001271354379164004,0.0014616264974821743,0
2123447,2,0,0.00023608952227841993,0.0014616264974821743,0
2123624,2,0,0.0006654341013593903,0.0014616264974821743,0
2124488,2,0,0.0007977879132158277,0.0014616264974821743,0
2128421,2,0,0.0006070207430646163,0.0014616264974821743,0
2128632,2,0,0.0007375503205380445,0.0014616264974821743,0
2128923,2,0,0.0006686234013303378,0.0014616264974821743,0
2130698,2,0,0.0004817561575928949,0.0014616264974821743,0
2131481,2,0,0.0005870063795020916,0.0014616264974821743,0
2133484,2,0,0.002375113780706195,0.0014616264974821743,1
2133502,2,0,0.000184099705495799,0.0014616264974821743,0
2133626,2,0,0.0006462894979881212,0.0014616264974821743,0
2135886,2,0,0.004341022361972791,0.0014616264974821743,1
2137806,2,0,0.00010518828276390253,0.0014616264974821743,0
2139595,2,0,0.00014211285420849675,0.0014616264974821743,0
2140730,2,0,0.001973364427027588,0.0014616264974821743,1
2143385,2,0,0.0003324289446586455,0.0014616264974821743,0
2145346,2,0,9.036504614772626e-05,0.0014616264974821743,0
2145484,2,0,0.0015491953280783045,0.0014616264974821743,1
2147582,2,0,0.0047143856073627735,0.0014616264974821743,1
2148138,2,0,3.786212830229853e-05,0.0014616264974821743,0
2148495,2,0,0.0008331945979092378,0.0014616264974821743,0
2148507,2,0,0.00015843689365472184,0.0014616264974821743,0
2151001,2,0,0.000505200339815665,0.0014616264974821743,0
2153220,2,0,0.001348069515554235,0.0014616264974821743,0
2155056,2,0,0.00013020713053230886,0.0014616264974821743,0
2155061,2,0,0.0003291773294813844,0.0014616264974821743,0
2155097,2,0,0.00011382083586547843,0.0014616264974821743,0
2155260,2,0,3.875739216168068e-05,0.0014616264974821743,0
2155537,2,0,5.072445523598399e-05,0.0014616264974821743,0
2155848,2,0,0.0004031368963448259,0.0014616264974821743,0
2156836,2,0,0.00011768552097521752,0.0014616264974821743,0
2157330,2,0,0.02859090690967682,0.0014616264974821743,1
2157366,2,0,0.001046392095064903,0.0014616264974821743,0
2157678,2,0,0.0002954652172125256,0.0014616264974821743,0
2158928,2,0,0.0008711289597023267,0.0014616264974821743,0
2159040,2,0,0.0015186048295909337,0.0014616264974821743,1
2159358,2,0,5.911147455864448e-05,0.0014616264974821743,0
2159396,2,0,4.954285646980562e-05,0.0014616264974821743,0
2160228,2,0,0.0011380811759232733,0.0014616264974821743,0
2161110,2,0,6.353931786132156e-05,0.0014616264974821743,0
2161180,2,0,0.0006280246024900188,0.0014616264974821743,0
2161248,2,0,0.0009788387477905035,0.0014616264974821743,0
2162876,2,0,0.0004864759099253818,0.0014616264974821743,0
2162930,2,0,0.0006299000331605757,0.0014616264974821743,0
2165175,2,0,8.75003108272427e-05,0.0014616264974821743,0
2169094,2,0,0.0009987564477915497,0.0014616264974821743,0
2171051,2,0,0.00029205070448630704,0.0014616264974821743,0
2175572,2,0,0.00011851786424640237,0.0014616264974821743,0
2178387,2,0,0.0010635248157496709,0.0014616264974821743,0
2178563,2,0,0.00024198787387142803,0.0014616264974821743,0
2180478,2,0,0.001163508542576696,0.0014616264974821743,0
2183582,2,0,8.240869697731477e-05,0.0014616264974821743,0
2183617,2,0,0.00029492012823691344,0.0014616264974821743,0
2183703,2,0,0.0001562976433650269,0.0014616264974821743,0
2185556,2,0,0.0008441929777130709,0.0014616264974821743,0
2190751,2,0,0.00043738686179688673,0.0014616264974821743,0
2191928,2,0,0.0003121794553038346,0.0014616264974821743,0
2193499,2,0,0.0003598156199973093,0.0014616264974821743,0
2194225,2,0,0.00034894334256332937,0.0014616264974821743,0
2195327,2,0,0.0006814931689735664,0.0014616264974821743,0
2196101,2,0,0.00015649454986407546,0.0014616264974821743,0
2198533,2,0,0.011040923354449058,0.0014616264974821743,1
2199144,2,0,0.00052675253139082,0.0014616264974821743,0
2199885,2,0,0.0006144407052492486,0.0014616264974821743,0
2199964,2,0,0.007868689418705383,0.0014616264974821743,1
2200186,2,0,0.0004229011302478949,0.0014616264974821743,0
2201239,2,0,0.000844908527745141,0.0014616264974821743,0
2201505,2,0,0.00032413557400954224,0.0014616264974821743,0
2202302,2,0,0.0001062152434829989,0.0014616264974821743,0
2202721,2,0,0.0002804305236798626,0.0014616264974821743,0
2203298,2,0,0.0001166953166429586,0.0014616264974821743,0
2204632,2,0,0.0006127425217608877,0.0014616264974821743,0
2206404,2,0,0.00035099309280326515,0.0014616264974821743,0
2207085,2,0,6.398036997834433e-05,0.0014616264974821743,0
2207174,2,0,0.001583095038234702,0.0014616264974821743,1
2207331,2,0,0.0004883008411380705,0.0014616264974821743,0
2207694,2,0,0.00010924228327636474,0.0014616264974821743,0
2208067,2,0,0.015945029880718203,0.0014616264974821743,1
2209962,2,0,0.0004639155001709567,0.0014616264974821743,0
2211973,2,0,0.0003160067253779062,0.0014616264974821743,0
2211986,2,0,6.763412928169487e-05,0.0014616264974821743,0
2212703,2,0,0.0002694223084682396,0.0014616264974821743,0
2213836,2,0,0.0009198355124933413,0.0014616264974821743,0
2214213,2,0,0.0006780645232412859,0.0014616264974821743,0
2214286,2,0,0.00026242860996187863,0.0014616264974821743,0
2214939,2,0,0.00010925938807912517,0.0014616264974821743,0
2215913,2,0,0.00033256324976626195,0.0014616264974821743,0
2216658,2,0,0.000570130707051525,0.0014616264974821743,0
2216908,2,0,0.0007257866539995427,0.0014616264974821743,0
2216937,2,0,0.0014841874440306585,0.0014616264974821743,1
2218592,2,0,0.00044614368566154596,0.0014616264974821743,0
2218918,2,0,0.0005373685769087946,0.0014616264974821743,0
2218950,2,0,7.431225125606435e-05,0.0014616264974821743,0
2218971,2,0,0.0003795646150273909,0.0014616264974821743,0
2219054,2,0,0.010429934940680518,0.0014616264974821743,1
2219483,2,0,0.0005224561960289512,0.0014616264974821743,0
2219829,2,0,5.426632735522358e-05,0.0014616264974821743,0
2219849,2,0,0.00010810387874090219,0.0014616264974821743,0
2219867,2,0,0.0001413994012726253,0.0014616264974821743,0
2219871,2,0,0.0001162192724848937,0.0014616264974821743,0
2219880,2,0,0.00013875315582437844,0.0014616264974821743,0
2220151,2,0,0.00010107601124928307,0.0014616264974821743,0
2220531,2,0,0.0007677609748609519,0.0014616264974821743,0
2221235,2,0,0.00029264881858652653,0.0014616264974821743,0
2221957,2,0,0.0013526290803010728,0.0014616264974821743,0
2224078,2,0,0.0001831549014785325,0.0014616264974821743,0
2224095,2,0,0.00022865130877217898,0.0014616264974821743,0
2224327,2,0,0.00037889152590023803,0.0014616264974821743,0
2225158,2,0,5.3754912681089505e-05,0.0014616264974821743,0
2226500,2,0,8.595973648707216e-05,0.0014616264974821743,0
2227677,2,0,0.1388517721008024,0.0014616264974821743,1
2227918,2,0,0.00015108002696554107,0.0014616264974821743,0
2229128,2,0,0.00010476572507026273,0.0014616264974821743,0
2231501,2,0,0.0009032077461178669,0.0014616264974821743,0
2231913,2,0,0.0002563339087269677,0.0014616264974821743,0
2232202,2,0,0.002938548510345196,0.0014616264974821743,1
2233093,2,0,0.005081851185522497,0.0014616264974821743,1
2233105,2,0,0.001562401041870979,0.0014616264974821743,1
2233493,2,0,4.128347013722117e-05,0.0014616264974821743,0
2233506,2,0,5.905626666529232e-05,0.0014616264974821743,0
2234284,2,0,0.0014877834217844946,0.0014616264974821743,1
2236768,2,0,0.0004720392624496154,0.0014616264974821743,0
2237189,2,0,0.0027538445943304647,0.0014616264974821743,1
2238690,2,0,0.0027740483643275554,0.0014616264974821743,1
2239703,2,0,0.002155346631522673,0.0014616264974821743,1
2241612,2,0,9.748115762073386e-05,0.0014616264974821743,0
2243178,2,0,0.0006244642547579511,0.0014616264974821743,0
2244554,2,0,0.001854381921212544,0.0014616264974821743,1
2249073,2,0,0.00018733345288901777,0.0014616264974821743,0
2258047,2,0,0.0017464646103184872,0.0014616264974821743,1
2260394,2,0,0.0007779960598252398,0.0014616264974821743,0
2267413,2,0,0.0006089225979790873,0.0014616264974821743,0
2272688,2,0,0.0009426027472840927,0.0014616264974821743,0
2275401,2,0,0.0011434239842081806,0.0014616264974821743,0
2282572,2,0,0.00018423511923129643,0.0014616264974821743,0
2282924,2,0,0.0011111337299655733,0.0014616264974821743,0
2287439,2,0,0.0042492367942431825,0.0014616264974821743,1
2292764,2,0,0.00018657398597215222,0.0014616264974821743,0
2294288,2,0,0.00015801011497999976,0.0014616264974821743,0
2295665,2,0,0.0005002596121373279,0.0014616264974821743,0
2295886,2,0,0.00024405392839839962,0.0014616264974821743,0
2297167,2,0,0.0003349178245835897,0.0014616264974821743,0
2297784,2,0,4.506718175755633e-05,0.0014616264974821743,0
2299540,2,0,8.666274694321219e-05,0.0014616264974821743,0
2302300,2,0,0.0002612786598574845,0.0014616264974821743,0
2303084,2,0,0.00017772073657079332,0.0014616264974821743,0
2304197,2,0,0.00018817033230171006,0.0014616264974821743,0
2312601,2,0,0.000474558952448822,0.0014616264974821743,0
2319894,2,0,0.0008232552223217765,0.0014616264974821743,0
2325795,2,0,0.0003369763872346558,0.0014616264974821743,0
2329148,2,0,0.004232333316696584,0.0014616264974821743,1
2331539,2,0,0.00024018500520969196,0.0014616264974821743,0
2334898,2,0,0.0005411099185905918,0.0014616264974821743,0
2335840,2,0,0.0002812287174722308,0.0014616264974821743,0
2337962,2,0,0.0011882307537229634,0.0014616264974821743,0
2338527,2,0,0.015600121548339684,0.0014616264974821743,1
2343141,2,0,0.0006440838287410933,0.0014616264974821743,0
2345309,2,0,0.009655454211272053,0.0014616264974821743,1
2347707,2,0,0.004873532771370328,0.0014616264974821743,1
2347973,2,0,0.00026203057021157035,0.0014616264974821743,0
2348667,2,0,0.0002125552509780609,0.0014616264974821743,0
2352148,2,0,0.004189158002033505,0.0014616264974821743,1
2355064,2,0,0.004104279750942245,0.0014616264974821743,1
2357239,2,0,8.317693067358414e-05,0.0014616264974821743,0
2357945,2,0,0.002414596224993646,0.0014616264974821743,1
2361772,2,0,0.00017393665062715444,0.0014616264974821743,0
2361881,2,0,0.0007985439752667853,0.0014616264974821743,0
2363238,2,0,0.00018149665825839176,0.0014616264974821743,0
2365088,2,0,0.00012466847971129866,0.0014616264974821743,0
2365802,2,0,0.0003553573866542629,0.0014616264974821743,0
2367049,2,0,0.0004418820637306525,0.0014616264974821743,0
2367131,2,0,0.00022895660666581139,0.0014616264974821743,0
2367254,2,0,0.0003562213479912855,0.0014616264974821743,0
2369083,2,0,0.0017388184746227652,0.0014616264974821743,1
2369751,2,0,0.0022344204972784597,0.0014616264974821743,1
2372914,2,0,0.000987990831311394,0.0014616264974821743,0
2374894,2,0,7.735107791266407e-05,0.0014616264974821743,0
2375982,2,0,0.0005793094836544958,0.0014616264974821743,0
2377074,2,0,0.0001696947571745557,0.0014616264974821743,0
2377604,2,0,0.0003265882618780345,0.0014616264974821743,0
2380940,2,0,0.0010973713335693802,0.0014616264974821743,0
2381393,2,0,0.00033970146274042766,0.0014616264974821743,0
2383729,2,0,0.0027550319498066333,0.0014616264974821743,1
2384408,2,0,0.0010644727338214623,0.0014616264974821743,0
2386874,2,0,0.00011121455803889238,0.0014616264974821743,0
2388007,2,0,0.0032443067551342214,0.0014616264974821743,1
2390538,2,0,0.00011571220900684637,0.0014616264974821743,0
2391674,2,0,0.00035988293343163327,0.0014616264974821743,0
2401385,2,0,0.00024833578100174095,0.0014616264974821743,0
2408679,2,0,9.497561534977109e-05,0.0014616264974821743,0
2408764,2,0,0.0003218947093405775,0.0014616264974821743,0
2408812,2,0,0.000131613033155303,0.0014616264974821743,0
2409147,2,0,0.0003200886570959812,0.0014616264974821743,0
2414537,2,0,0.0002264913284019682,0.0014616264974821743,0
2418894,2,0,8.914497125407089e-05,0.0014616264974821743,0
2420082,2,0,0.0006735017718644003,0.0014616264974821743,0
2421472,2,0,0.0010333038561823361,0.0014616264974821743,0
2422303,2,0,0.006622743635213125,0.0014616264974821743,1
2423692,2,0,0.0099812049123335,0.0014616264974821743,1
2433078,2,0,0.08392950086221948,0.0014616264974821743,1
2435261,2,0,0.0006979056319362445,0.0014616264974821743,0
2436481,2,0,0.00022346581282228163,0.0014616264974821743,0
2439735,2,0,0.0006986473083427495,0.0014616264974821743,0
2491763,2,0,0.0001462184777779251,0.0014616264974821743,0
2496260,2,0,0.00021139584182359837,0.0014616264974821743,0
2497349,2,0,0.0004189456240950029,0.0014616264974821743,0
2502130,2,0,0.00042908805639953646,0.0014616264974821743,0
2514970,2,0,0.0022449887139527063,0.0014616264974821743,1
2524239,2,0,0.00042912633973501865,0.0014616264974821743,0
2524561,2,0,0.001753307893665867,0.0014616264974821743,1
2525612,2,0,0.005319252698807854,0.0014616264974821743,1
2527259,2,0,0.0004122876395996695,0.0014616264974821743,0
2529074,2,0,0.00996579338949487,0.0014616264974821743,1
2529155,2,0,0.005054269559060202,0.0014616264974821743,1
2530255,2,0,0.00018207987603437569,0.0014616264974821743,0
2532858,2,0,0.0003894682932900555,0.0014616264974821743,0
2533120,2,0,0.00037247877782300737,0.0014616264974821743,0
2536961,2,0,9.408199767466163e-05,0.0014616264974821743,0
2539413,2,0,6.740974671286189e-05,0.0014616264974821743,0
2540218,2,0,0.0003662720123935493,0.0014616264974821743,0
2542796,2,0,0.00013106604431338043,0.0014616264974821743,0
2544580,2,0,0.00018582650153866533,0.0014616264974821743,0
2545550,2,0,0.005201850635482834,0.0014616264974821743,1
2546259,2,0,0.003412590770758509,0.0014616264974821743,1
2548680,2,0,0.00044793432599985524,0.0014616264974821743,0
2553545,2,0,0.0020935515466765768,0.0014616264974821743,1
2558417,2,0,0.00019473979235310523,0.0014616264974821743,0
2559959,2,0,0.001958161595170705,0.0014616264974821743,1
2560947,2,0,0.0007643318175863458,0.0014616264974821743,0
2564633,2,0,0.0001797608371593233,0.0014616264974821743,0
2564678,2,0,0.00012959597734262906,0.0014616264974821743,0
2565061,2,0,5.608072775978211e-05,0.0014616264974821743,0
2565734,2,0,0.00037974656678844005,0.0014616264974821743,0
2567609,2,0,0.0018390850795009146,0.0014616264974821743,1
2568959,2,0,0.00030324785978104874,0.0014616264974821743,0
2568989,2,0,0.00032987594634782414,0.0014616264974821743,0
2569157,2,0,0.0005879659167706723,0.0014616264974821743,0
2571615,2,0,0.000866105142918776,0.0014616264974821743,0
2574284,2,0,0.003082292145822224,0.0014616264974821743,1
2575700,2,0,2.023286220620166e-05,0.0014616264974821743,0
2576479,2,0,0.0002527853013153625,0.0014616264974821743,0
2576894,2,0,0.0018923400239206115,0.0014616264974821743,1
2577595,2,0,0.0002539367754249499,0.0014616264974821743,0
2579270,2,0,0.0004740588837446462,0.0014616264974821743,0
2583148,2,0,0.0009080333213105634,0.0014616264974821743,0
2585702,2,0,0.000270725458946822,0.0014616264974821743,0
2587038,2,0,0.0006349059474599275,0.0014616264974821743,0
2587357,2,0,0.0017415355830236933,0.0014616264974821743,1
2589163,2,0,0.0001720746718726685,0.0014616264974821743,0
2596605,2,0,0.0015722449666256927,0.0014616264974821743,1
2601786,2,0,0.0016875581233245297,0.0014616264974821743,1
2608676,2,0,0.00035382256181176335,0.0014616264974821743,0
2610226,2,0,0.0014490599027289805,0.0014616264974821743,0
2610246,2,0,0.00023489294654905057,0.0014616264974821743,0
2611539,2,0,2.8059333597639588e-05,0.0014616264974821743,0
2612967,2,0,1.8308521365989716e-05,0.0014616264974821743,0
2620923,2,0,0.0004525222321268874,0.0014616264974821743,0
2621219,2,0,0.00014238625849550074,0.0014616264974821743,0
2630094,2,0,0.0007217143918405878,0.0014616264974821743,0
2631946,2,0,0.0002690542820965985,0.0014616264974821743,0
2649814,2,0,0.0008433020510706248,0.0014616264974821743,0
2668356,2,0,0.0025700257594610657,0.0014616264974821743,1
2669548,2,0,0.0005176564140069085,0.0014616264974821743,0
2669725,2,0,0.00039063979733673984,0.0014616264974821743,0
2672846,2,0,0.0035210216764358006,0.0014616264974821743,1
2676383,2,0,7.327471479515966e-05,0.0014616264974821743,0
2676414,2,0,0.0006047579722585335,0.0014616264974821743,0
2698196,2,0,7.383359745702142e-05,0.0014616264974821743,0
2715890,2,0,0.000263123340690787,0.0014616264974821743,0
2741379,2,0,0.00010138015133435176,0.0014616264974821743,0
2770910,2,0,0.000393563789578866,0.0014616264974821743,0
2771105,2,0,0.0004765560121659271,0.0014616264974821743,0
2772052,2,0,0.00015884182611718045,0.0014616264974821743,0
2780702,2,0,0.0008215968209954515,0.0014616264974821743,0
2788101,2,0,0.00013338481755525335,0.0014616264974821743,0
2789306,2,0,0.00016035415078203622,0.0014616264974821743,0
2789307,2,0,7.654584495598458e-05,0.0014616264974821743,0
2793381,2,0,0.00292262389972927,0.0014616264974821743,1
2830439,2,0,0.0005260570319037134,0.0014616264974821743,0
2831176,2,0,0.0010952795816323725,0.0014616264974821743,0
2834471,2,0,8.99890047220565e-05,0.0014616264974821743,0
2834763,2,0,0.003473474303580657,0.0014616264974821743,1
2835393,2,0,0.00241067775254654,0.0014616264974821743,1
2836123,2,0,0.00011380759791952755,0.0014616264974821743,0
2837744,2,0,0.0038702476320421494,0.0014616264974821743,1
2838941,2,0,0.0001602099136318352,0.0014616264974821743,0
2839830,2,0,0.0003883277239171151,0.0014616264974821743,0
2841867,2,0,0.0002949118836306589,0.0014616264974821743,0
2842451,2,0,0.00017516247664438946,0.0014616264974821743,0
2842765,2,0,0.0008832595546867905,0.0014616264974821743,0
2843129,2,0,0.0019651988470392664,0.0014616264974821743,1
2843306,2,0,0.00012719096223919485,0.0014616264974821743,0
2846100,2,0,6.759649864008211e-05,0.0014616264974821743,0
2846938,2,0,3.497295434605148e-05,0.0014616264974821743,0
2847306,2,0,7.852565034379533e-05,0.0014616264974821743,0
2848158,2,0,2.8797466776823627e-05,0.0014616264974821743,0
2848708,2,0,0.004877149265154613,0.0014616264974821743,1
2848909,2,0,6.7797103987933e-05,0.0014616264974821743,0
2852753,2,0,0.0017336711164949912,0.0014616264974821743,1
2853115,2,0,0.0002158441824110822,0.0014616264974821743,0
2853413,2,0,0.00039865646422688214,0.0014616264974821743,0
2854444,2,0,0.00014755706947290538,0.0014616264974821743,0
2859186,2,0,0.0002485595760383613,0.0014616264974821743,0
2860266,2,0,0.00011854756267892879,0.0014616264974821743,0
2862126,2,0,0.00018676814696124257,0.0014616264974821743,0
2863583,2,0,0.00047045064113144445,0.0014616264974821743,0
2865233,2,0,0.00029049323114888694,0.0014616264974821743,0
2866167,2,0,0.000269059399695331,0.0014616264974821743,0
2866963,2,0,0.00012804544802534642,0.0014616264974821743,0
2872840,2,0,5.7932187147798e-05,0.0014616264974821743,0
2873224,2,0,0.006010664992363452,0.0014616264974821743,1
2874280,2,0,0.0014317786618352189,0.0014616264974821743,0
2874327,2,0,0.00016323286079679726,0.0014616264974821743,0
2875653,2,0,0.00038396203662241745,0.0014616264974821743,0
2876018,2,0,0.00011163387179559303,0.0014616264974821743,0
2878682,2,0,0.00015195555684358644,0.0014616264974821743,0
2878765,2,0,0.00906407326988865,0.0014616264974821743,1
2881968,2,0,0.00043427885531557766,0.0014616264974821743,0
2882073,2,0,0.0008059554072852585,0.0014616264974821743,0
2882431,2,0,4.828173496465267e-05,0.0014616264974821743,0
2882535,2,0,0.00018867752037690012,0.0014616264974821743,0
2883514,2,0,0.0031464171103300206,0.0014616264974821743,1
2883729,2,0,0.00018644706994448175,0.0014616264974821743,0
2883761,2,0,0.0007304083204576115,0.0014616264974821743,0
2885920,2,0,0.0003304690521557147,0.0014616264974821743,0
2886310,2,0,0.0003833548691432031,0.0014616264974821743,0
2890938,2,0,0.00019774908436321722,0.0014616264974821743,0
2891038,2,0,0.00010795837706520093,0.0014616264974821743,0
2894525,2,0,4.8849522725840084e-05,0.0014616264974821743,0
2896277,2,0,0.0003740683657679375,0.0014616264974821743,0
2898205,2,0,0.0001267228901177797,0.0014616264974821743,0
2898604,2,0,0.00016276555989997636,0.0014616264974821743,0
2899875,2,0,0.00023362871222324457,0.0014616264974821743,0
2900793,2,0,0.0010800597455731,0.0014616264974821743,0
2901203,2,0,0.000701023474244119,0.0014616264974821743,0
2905222,2,0,0.0004645624005249668,0.0014616264974821743,0
2906356,2,0,0.00015970016745872024,0.0014616264974821743,0
2906540,2,0,0.00021151834207539322,0.0014616264974821743,0
2908475,2,0,0.0019060467656184757,0.0014616264974821743,1
2909919,2,0,0.0001306482514004002,0.0014616264974821743,0
2911661,2,0,2.31440208026816e-05,0.0014616264974821743,0
2911778,2,0,0.00023191562010779282,0.0014616264974821743,0
2913058,2,0,0.0005590010880834102,0.0014616264974821743,0
2913839,2,0,0.00016290992413436222,0.0014616264974821743,0
2914074,2,0,0.0012489110224176566,0.0014616264974821743,0
2915609,2,0,0.00010761900063183367,0.0014616264974821743,0
2915830,2,0,0.0004558207515417407,0.0014616264974821743,0
2915918,2,0,0.00022438094496343635,0.0014616264974821743,0
2917288,2,0,0.00015094951988789317,0.0014616264974821743,0
2917341,2,0,0.00021943261715440363,0.0014616264974821743,0
2917457,2,0,0.0024021331658414325,0.0014616264974821743,1
2918701,2,0,5.770553491950076e-05,0.0014616264974821743,0
2919185,2,0,0.015400574482066423,0.0014616264974821743,1
2919458,2,0,0.00011562168416281472,0.0014616264974821743,0
2921219,2,0,0.00015963551436962018,0.0014616264974821743,0
2921253,2,0,0.0022994933470662613,0.0014616264974821743,1
2922157,2,0,0.00015630376210410798,0.0014616264974821743,0
2922831,2,0,0.00015609096995256174,0.0014616264974821743,0
2925676,2,0,5.665380494929445e-05,0.0014616264974821743,0
2926565,2,0,0.000282482812855014,0.0014616264974821743,0
2926611,2,0,0.0001631321744976529,0.0014616264974821743,0
2927276,2,0,0.0005264885782717712,0.0014616264974821743,0
2927717,2,0,0.0006231449305697584,0.0014616264974821743,0
2928061,2,0,0.0008035317241627272,0.0014616264974821743,0
2928528,2,0,0.00013096801115562075,0.0014616264974821743,0
2930688,2,0,0.0001479800068820925,0.0014616264974821743,0
2930827,2,0,0.00012073681795285832,0.0014616264974821743,0
2931168,2,0,9.073853450933955e-05,0.0014616264974821743,0
2931390,2,0,0.00023322658413088687,0.0014616264974821743,0
2931447,2,0,0.00028272127820950013,0.0014616264974821743,0
2932043,2,0,0.006093305125159431,0.0014616264974821743,1
2932795,2,0,0.0001828952381599688,0.0014616264974821743,0
2932916,2,0,0.00011868650962799597,0.0014616264974821743,0
2933177,2,0,0.0008704194861207325,0.0014616264974821743,0
2933365,2,0,0.0023252640323339823,0.0014616264974821743,1
2936883,2,0,4.5606321756504426e-05,0.0014616264974821743,0
2937638,2,0,0.00017740689856171846,0.0014616264974821743,0
2937741,2,0,0.00018424476433554456,0.0014616264974821743,0
2937826,2,0,0.0003276896949806596,0.0014616264974821743,0
2938022,2,0,0.0005101751896077046,0.0014616264974821743,0
2938079,2,0,0.00037763726870106536,0.0014616264974821743,0
2938119,2,0,0.00015893219126659108,0.0014616264974821743,0
2939248,2,0,6.293038026462359e-05,0.0014616264974821743,0
2939591,2,0,0.002071968749903645,0.0014616264974821743,1
2939857,2,0,0.00013317657655765555,0.0014616264974821743,0
2940850,2,0,5.7294347132237184e-05,0.0014616264974821743,0
2941178,2,0,0.00029874327187762265,0.0014616264974821743,0
2941336,2,0,5.627974981696079e-05,0.0014616264974821743,0
2941851,2,0,0.0013265566788829564,0.0014616264974821743,0
2941876,2,0,0.0001520199170977603,0.0014616264974821743,0
2942280,2,0,9.144911276353913e-05,0.0014616264974821743,0
2943525,2,0,0.0004626576515890372,0.0014616264974821743,0
2944395,2,0,0.0018216529204978047,0.0014616264974821743,1
2944910,2,0,0.002181204777175173,0.0014616264974821743,1
2945472,2,0,0.00022646936173087464,0.0014616264974821743,0
2945487,2,0,0.004377555900235472,0.0014616264974821743,1
2945777,2,0,5.83789116537787e-05,0.0014616264974821743,0
2946377,2,0,0.0006171449525948061,0.0014616264974821743,0
2946664,2,0,0.0009205949616204218,0.0014616264974821743,0
2947006,2,0,0.0027387055400873274,0.0014616264974821743,1
2947484,2,0,0.0002032894191577447,0.0014616264974821743,0
2947593,2,0,0.00047925068907503067,0.0014616264974821743,0
2947611,2,0,0.0002062511099910593,0.0014616264974821743,0
2947761,2,0,0.00019405631449944053,0.0014616264974821743,0
2947994,2,0,0.0005278876963559224,0.0014616264974821743,0
2948240,2,0,0.0006691683214965985,0.0014616264974821743,0
2948439,2,0,0.00035234277883019116,0.0014616264974821743,0
2948635,2,0,0.00010853999339396924,0.0014616264974821743,0
2948917,2,0,0.00261614873011052,0.0014616264974821743,1
2948955,2,0,0.00026534037632730995,0.0014616264974821743,0
2949756,2,0,0.00030587314023798975,0.0014616264974821743,0
2950074,2,0,4.0614822754403155e-05,0.0014616264974821743,0
2950220,2,0,6.202155513650233e-05,0.0014616264974821743,0
2950485,2,0,3.387718314154446e-05,0.0014616264974821743,0
2951204,2,0,0.0011650366173062024,0.0014616264974821743,0
2951746,2,0,0.00018525003761199414,0.0014616264974821743,0
2952316,2,0,3.152692636944597e-05,0.0014616264974821743,0
2952938,2,0,0.0002236052590180494,0.0014616264974821743,0
2953248,2,0,0.00024042557909415832,0.0014616264974821743,0
2953421,2,0,0.0005909843059773071,0.0014616264974821743,0
2953635,2,0,0.00011030801672622143,0.0014616264974821743,0
2953683,2,0,0.0006595535962538789,0.0014616264974821743,0
2954721,2,0,0.00016347971594663006,0.0014616264974821743,0
2954950,2,0,0.00017777358750382737,0.0014616264974821743,0
2955233,2,0,5.219617027439894e-05,0.0014616264974821743,0
2957605,2,0,0.00042322894852317894,0.0014616264974821743,0
2957869,2,0,0.00015482998648058495,0.0014616264974821743,0
2958111,2,0,0.0002371654863575882,0.0014616264974821743,0
2958370,2,0,9.300002935600384e-05,0.0014616264974821743,0
2958428,2,0,0.0008082139882464067,0.0014616264974821743,0
2958730,2,0,0.0001005193695865331,0.0014616264974821743,0
2958945,2,0,0.001708761714006895,0.0014616264974821743,1
2959860,2,0,3.346015103158722e-05,0.0014616264974821743,0
2960921,2,0,0.004107429371946198,0.0014616264974821743,1
2961307,2,0,0.00029553900373721084,0.0014616264974821743,0
2961532,2,0,5.31050776944378e-05,0.0014616264974821743,0
2961671,2,0,0.00024395732049476026,0.0014616264974821743,0
2961755,2,0,0.0010214310393493117,0.0014616264974821743,0
2961792,2,0,0.00023160242116623106,0.0014616264974821743,0
2962048,2,0,0.0002607249709956498,0.0014616264974821743,0
2962059,2,0,6.167495030710667e-05,0.0014616264974821743,0
2963176,2,0,6.155249871869762e-05,0.0014616264974821743,0
2963439,2,0,0.000234408812895244,0.0014616264974821743,0
2963985,2,0,0.00013771498525853732,0.0014616264974821743,0
2964203,2,0,0.00026616986848565304,0.0014616264974821743,0
2964408,2,0,8.978158685966517e-05,0.0014616264974821743,0
2964739,2,0,0.0001465143639694782,0.0014616264974821743,0
2964768,2,0,0.06692865828466674,0.0014616264974821743,1
2964923,2,0,0.0001541525365921739,0.0014616264974821743,0
2965119,2,0,5.120538601598625e-05,0.0014616264974821743,0
2965121,2,0,0.00013099159551078482,0.0014616264974821743,0
2965128,2,0,5.7757616451103443e-05,0.0014616264974821743,0
2966154,2,0,0.0001967477500109321,0.0014616264974821743,0
2966579,2,0,0.000720660698810702,0.0014616264974821743,0
2966777,2,0,0.0003160629470121142,0.0014616264974821743,0
2966874,2,0,0.0007309665451734052,0.0014616264974821743,0
2967064,2,0,0.00021136566821336082,0.0014616264974821743,0
2967179,2,0,0.00010781010322543195,0.0014616264974821743,0
2967353,2,0,0.00020258968407391132,0.0014616264974821743,0
2967513,2,0,9.135359206015052e-05,0.0014616264974821743,0
2968952,2,0,0.00020505444050684756,0.0014616264974821743,0
2969174,2,0,0.004202982851542098,0.0014616264974821743,1
2969325,2,0,0.00101024790769699,0.0014616264974821743,0
2969589,2,0,5.9203426846439395e-05,0.0014616264974821743,0
2969940,2,0,0.000887522280147754,0.0014616264974821743,0
2970630,2,0,0.00011814495483689466,0.0014616264974821743,0
2970789,2,0,0.0006449334910033471,0.0014616264974821743,0
2971043,2,0,0.006367274202916278,0.0014616264974821743,1
2971216,2,0,0.00027715985175521846,0.0014616264974821743,0
2972834,2,0,0.00013580895788069128,0.0014616264974821743,0
2973294,2,0,0.0014347397429749827,0.0014616264974821743,0
2973461,2,0,0.00038331950445280035,0.0014616264974821743,0
2973470,2,0,0.0003787944544290281,0.0014616264974821743,0
2974986,2,0,7.380835970747657e-05,0.0014616264974821743,0
2975212,2,0,0.0003072070204476958,0.0014616264974821743,0
2975605,2,0,0.0003456130026604586,0.0014616264974821743,0
2976147,2,0,0.000350847345411864,0.0014616264974821743,0
2977229,2,0,4.860244262188164e-05,0.0014616264974821743,0
2977388,2,0,0.0005853166096934764,0.0014616264974821743,0
2978346,2,0,0.00021026714272838576,0.0014616264974821743,0
2978384,2,0,7.815256965563959e-05,0.0014616264974821743,0
2978407,2,0,0.00013192529550437566,0.0014616264974821743,0
2979714,2,0,0.0006915444464166652,0.0014616264974821743,0
2980592,2,0,0.0003985366050878996,0.0014616264974821743,0
2981561,2,0,3.948239725316778e-05,0.0014616264974821743,0
2981941,2,0,4.1859444181219536e-05,0.0014616264974821743,0
2982527,2,0,5.644712377926614e-05,0.0014616264974821743,0
2982548,2,0,0.00012604987685414155,0.0014616264974821743,0
2982568,2,0,0.0013928374440737943,0.0014616264974821743,0
2982879,2,0,0.0009110124735056007,0.0014616264974821743,0
2983143,2,0,0.0006541822416608797,0.0014616264974821743,0
2987290,2,0,0.0006817604703503941,0.0014616264974821743,0
2989855,2,0,0.00013226429702183396,0.0014616264974821743,0
2990297,2,0,0.00019129984062630744,0.0014616264974821743,0
2996975,2,0,0.0002163598302612789,0.0014616264974821743,0
2997027,2,0,0.00023091243903196806,0.0014616264974821743,0
2997176,2,0,0.001786007792568138,0.0014616264974821743,1
2997221,2,0,0.0016331167025999038,0.0014616264974821743,1
2997543,2,0,0.00014742386333813312,0.0014616264974821743,0
2997545,2,0,0.00030254771674679794,0.0014616264974821743,0
2997584,2,0,0.0004029445570505779,0.0014616264974821743,0
2997590,2,0,0.00022389874448311135,0.0014616264974821743,0
2997602,2,0,0.00014070426845224016,0.0014616264974821743,0
2997609,2,0,0.00011265141250951486,0.0014616264974821743,0
2997688,2,0,0.013208482685015859,0.0014616264974821743,1
2997710,2,0,0.0006883477920430673,0.0014616264974821743,0
2997777,2,0,5.673569617094582e-05,0.0014616264974821743,0
2997808,2,0,0.00012401610574980262,0.0014616264974821743,0
2997810,2,0,6.850858250355421e-05,0.0014616264974821743,0
2997844,2,0,0.0005882783421805267,0.0014616264974821743,0
2997853,2,0,0.0003187556879825872,0.0014616264974821743,0
2997864,2,0,6.650622117092142e-05,0.0014616264974821743,0
2997890,2,0,0.001405276387673921,0.0014616264974821743,0
2997928,2,0,0.00037061642097339036,0.0014616264974821743,0
2997935,2,0,0.00042659730370305584,0.0014616264974821743,0
2997963,2,0,0.00037216042816986866,0.0014616264974821743,0
2997984,2,0,3.39659990079583e-05,0.0014616264974821743,0
2998006,2,0,0.0002395775958066239,0.0014616264974821743,0
2998032,2,0,0.0002928527872480959,0.0014616264974821743,0
2998048,2,0,0.00010592904539988843,0.0014616264974821743,0
2998099,2,0,0.0004226108976035466,0.0014616264974821743,0
2998164,2,0,0.00010239339954086813,0.0014616264974821743,0
2998198,2,0,0.00033305881350244917,0.0014616264974821743,0
2998204,2,0,0.0066573699306915314,0.0014616264974821743,1
2998211,2,0,0.00017050319367349246,0.0014616264974821743,0
2998233,2,0,0.0003388854055881609,0.0014616264974821743,0
2998241,2,0,0.00010967361258596355,0.0014616264974821743,0
2998259,2,0,0.0010408920857479939,0.0014616264974821743,0
2998314,2,0,0.00013421602891722437,0.0014616264974821743,0
2998322,2,0,7.499858715587704e-05,0.0014616264974821743,0
2998331,2,0,0.0006616114622658865,0.0014616264974821743,0
2998363,2,0,6.904280087806437e-05,0.0014616264974821743,0
2998445,2,0,0.00021548662111577318,0.0014616264974821743,0
2998468,2,0,0.00021322038304013089,0.0014616264974821743,0
2998476,2,0,0.003218040757105882,0.0014616264974821743,1
2998497,2,0,0.0020926432789851765,0.0014616264974821743,1
2998520,2,0,0.00038093805088368257,0.0014616264974821743,0
2998542,2,0,0.00032957931741488874,0.0014616264974821743,0
2998555,2,0,0.001299653834391464,0.0014616264974821743,0
2998578,2,0,0.0011349352277759085,0.0014616264974821743,0
2998590,2,0,0.0004082089100073343,0.0014616264974821743,0
2998596,2,0,0.00031197365749323965,0.0014616264974821743,0
2998632,2,0,3.4896871377753494e-05,0.0014616264974821743,0
2998641,2,0,0.061991252977367683,0.0014616264974821743,1
2998646,2,0,0.0002930883130492794,0.0014616264974821743,0
2998654,2,0,5.2471627476199234e-05,0.0014616264974821743,0
2998662,2,0,0.00018227561928901335,0.0014616264974821743,0
2998690,2,0,0.00022730487612800123,0.0014616264974821743,0
2998702,2,0,6.936876100036115e-05,0.0014616264974821743,0
2998717,2,0,0.0003928414125614002,0.0014616264974821743,0
2998718,2,0,9.573662213216598e-05,0.0014616264974821743,0
2998727,2,0,0.002301859909609908,0.0014616264974821743,1
2998761,2,0,0.00045665605992841233,0.0014616264974821743,0
2998769,2,0,8.900378844791236e-05,0.0014616264974821743,0
2998776,2,0,0.0011541517793267053,0.0014616264974821743,0
2998790,2,0,0.000970864505225689,0.0014616264974821743,0
2998816,2,0,9.97848887238374e-05,0.0014616264974821743,0
2998820,2,0,6.155763379506364e-05,0.0014616264974821743,0
2998867,2,0,7.088159238640797e-05,0.0014616264974821743,0
2998881,2,0,0.0005047163454098935,0.0014616264974821743,0
2998982,2,0,6.450500224191991e-05,0.0014616264974821743,0
2998992,2,0,0.0010638313594665749,0.0014616264974821743,0
2999067,2,0,0.0002671484321780368,0.0014616264974821743,0
2999110,2,0,0.001159148419815442,0.0014616264974821743,0
2999122,2,0,0.0001331197862616129,0.0014616264974821743,0
2999123,2,0,5.735049411675416e-05,0.0014616264974821743,0
2999274,2,0,0.002193639842495045,0.0014616264974821743,1
2999289,2,0,0.00010049278106564863,0.0014616264974821743,0
2999309,2,0,0.0005992849255802606,0.0014616264974821743,0
2999373,2,0,0.0003334466079305095,0.0014616264974821743,0
2999402,2,0,0.0002895428548575837,0.0014616264974821743,0
2999430,2,0,0.0003381908245852991,0.0014616264974821743,0
2999463,2,0,0.0004121047020938542,0.0014616264974821743,0
2999507,2,0,8.196252656239392e-05,0.0014616264974821743,0
2999530,2,0,2.5791176880508234e-05,0.0014616264974821743,0
2999535,2,0,0.0016527077436930399,0.0014616264974821743,1
2999586,2,0,5.065680687188598e-05,0.0014616264974821743,0
2999623,2,0,0.0005307860226564659,0.0014616264974821743,0
2999713,2,0,0.0007767980270722337,0.0014616264974821743,0
2999721,2,0,0.015491197691670355,0.0014616264974821743,1
2999788,2,0,0.0006057703709322132,0.0014616264974821743,0
2999808,2,0,0.00012930678492414376,0.0014616264974821743,0
2999834,2,0,0.00012392585557329216,0.0014616264974821743,0
2999837,2,0,0.0002214856947006807,0.0014616264974821743,0
2999842,2,0,0.002488156176110253,0.0014616264974821743,1
2999858,2,0,0.002729652046406904,0.0014616264974821743,1
2999875,2,0,0.0005527696329284686,0.0014616264974821743,0
2999884,2,0,3.4477077795587276e-05,0.0014616264974821743,0
2999907,2,0,0.0005555061798308461,0.0014616264974821743,0
2999934,2,0,0.0002751580348804288,0.0014616264974821743,0
2999973,2,0,0.0001441834469544009,0.0014616264974821743,0
2999984,2,0,0.0005250338753231417,0.0014616264974821743,0
2999993,2,0,0.00025775372237232016,0.0014616264974821743,0
3000016,2,0,0.0016118604280327686,0.0014616264974821743,1
3000018,2,0,7.896409517763313e-05,0.0014616264974821743,0
3000039,2,0,0.0013475410852451593,0.0014616264974821743,0
3000107,2,0,0.00020587173766455503,0.0014616264974821743,0
3000161,2,0,0.0007266338682792899,0.0014616264974821743,0
3000180,2,0,0.00033828731687639247,0.0014616264974821743,0
3000188,2,0,0.0011928670772287466,0.0014616264974821743,0
3107523,2,0,0.0007183513181491577,0.0014616264974821743,0
3113706,2,0,0.0003126729104544747,0.0014616264974821743,0
3117097,2,0,6.674683207933594e-05,0.0014616264974821743,0
3119974,2,0,0.00032951278293293654,0.0014616264974821743,0
3122167,2,0,0.00038674265883966135,0.0014616264974821743,0
3126541,2,0,0.00032637780136166185,0.0014616264974821743,0
3128166,2,0,0.0014776845612328793,0.0014616264974821743,1
3129754,2,0,0.0008369397159335108,0.0014616264974821743,0
3142721,2,0,9.429749531233563e-05,0.0014616264974821743,0
3147955,2,0,0.00011291143167030308,0.0014616264974821743,0
3149582,2,0,9.247263971632607e-05,0.0014616264974821743,0
3151250,2,0,0.00017989905233284384,0.0014616264974821743,0
3151326,2,0,0.0009658701209345307,0.0014616264974821743,0
3154281,2,0,2.561523563695132e-05,0.0014616264974821743,0
3159104,2,0,0.0011886451714477786,0.0014616264974821743,0
3163751,2,0,0.0004517286401179712,0.0014616264974821743,0
3163768,2,0,0.00035511718096193484,0.0014616264974821743,0
3235601,2,0,0.0010501927601573092,0.0014616264974821743,0
3235623,2,0,8.743977965926102e-05,0.0014616264974821743,0
3235650,2,0,0.0001037855159375084,0.0014616264974821743,0
3235680,2,0,0.001677029927944108,0.0014616264974821743,1
3235709,2,0,0.00041783381864022207,0.0014616264974821743,0
3235753,2,0,0.0003390508481869393,0.0014616264974821743,0
3235758,2,0,0.0012831523891004145,0.0014616264974821743,0
3235847,2,0,5.714013426846521e-05,0.0014616264974821743,0
3235871,2,0,0.0001625728556796124,0.0014616264974821743,0
3235879,2,0,9.889055248123518e-05,0.0014616264974821743,0
3235905,2,0,7.124661262419608e-05,0.0014616264974821743,0
3235949,2,0,0.0001963912995635189,0.0014616264974821743,0
3235968,2,0,0.0007012402331445736,0.0014616264974821743,0
3235985,2,0,6.48356589977877e-05,0.0014616264974821743,0
3235988,2,0,0.0004609378999486627,0.0014616264974821743,0
3235994,2,0,0.0006590523982635895,0.0014616264974821743,0
3236021,2,0,0.0002112607575414697,0.0014616264974821743,0
3236050,2,0,0.0001237592085952159,0.0014616264974821743,0
3236087,2,0,9.613576942761982e-05,0.0014616264974821743,0
3236169,2,0,0.0001103580426496254,0.0014616264974821743,0
3236186,2,0,0.001470063579562022,0.0014616264974821743,1
3236257,2,0,0.0002926249825891033,0.0014616264974821743,0
3236262,2,0,0.00021218067809897627,0.0014616264974821743,0
3236317,2,0,0.0005404062856586607,0.0014616264974821743,0
3236349,2,0,0.01129318792451539,0.0014616264974821743,1
3236364,2,0,6.680647500513753e-05,0.0014616264974821743,0
3236369,2,0,0.0006741256320677141,0.0014616264974821743,0
3236386,2,0,0.0003178838311995324,0.0014616264974821743,0
3236392,2,0,0.0014853391414290978,0.0014616264974821743,1
3236453,2,0,0.0019885865273814745,0.0014616264974821743,1
3236465,2,0,0.00020676405332648934,0.0014616264974821743,0
3236501,2,0,0.0013978219737652354,0.0014616264974821743,0
3236504,2,0,0.00041074777379392254,0.0014616264974821743,0
3236508,2,0,0.0012012091528956126,0.0014616264974821743,0
3236510,2,0,0.00027025016483371496,0.0014616264974821743,0
3236535,2,0,0.00019308764495988855,0.0014616264974821743,0
3236568,2,0,7.657583007192033e-05,0.0014616264974821743,0
3236569,2,0,0.00019450522097846871,0.0014616264974821743,0
3236580,2,0,0.0004949777755206002,0.0014616264974821743,0
3236603,2,0,0.0002549523474164199,0.0014616264974821743,0
3236671,2,0,0.0006090672063500574,0.0014616264974821743,0
3236698,2,0,0.00014891748600182053,0.0014616264974821743,0
3236736,2,0,0.001378335182579993,0.0014616264974821743,0
3236737,2,0,0.00012553152163832115,0.0014616264974821743,0
3236746,2,0,0.00042046746119602413,0.0014616264974821743,0
3236800,2,0,8.351218095945607e-05,0.0014616264974821743,0
3236804,2,0,6.83282287767014e-05,0.0014616264974821743,0
3236805,2,0,0.000254404280463008,0.0014616264974821743,0
3236840,2,0,0.00016900832365431408,0.0014616264974821743,0
3236894,2,0,0.000821911562352263,0.0014616264974821743,0
3236922,2,0,0.00012575610903113046,0.0014616264974821743,0
3236935,2,0,0.0011311639365796282,0.0014616264974821743,0
3236946,2,0,0.0008829386371247714,0.0014616264974821743,0
3236974,2,0,5.6608240389159984e-05,0.0014616264974821743,0
3236989,2,0,0.0001404820538243623,0.0014616264974821743,0
3237010,2,0,0.0002851221282219392,0.0014616264974821743,0
3237017,2,0,0.0006580197923708874,0.0014616264974821743,0
3237035,2,0,0.00020071723764040448,0.0014616264974821743,0
3237041,2,0,0.00021397944757531624,0.0014616264974821743,0
3237107,2,0,0.0005398827518470212,0.0014616264974821743,0
3237152,2,0,4.451129711419179e-05,0.0014616264974821743,0
3237157,2,0,0.0028417321456602434,0.0014616264974821743,1
3237160,2,0,0.13824500081393581,0.0014616264974821743,1
3237184,2,0,0.14667356334255224,0.0014616264974821743,1
3237201,2,0,0.00017090018492849543,0.0014616264974821743,0
3237207,2,0,8.68964977814937e-05,0.0014616264974821743,0
3237217,2,0,3.176610504245134e-05,0.0014616264974821743,0
3237237,2,0,0.0009536063647617095,0.0014616264974821743,0
3237272,2,0,0.00030834385869665413,0.0014616264974821743,0
3237279,2,0,0.00013038447816706778,0.0014616264974821743,0
3237290,2,0,0.0001374528449733371,0.0014616264974821743,0
3237333,2,0,0.0010465540956895317,0.0014616264974821743,0
3237342,2,0,0.00024346914363155135,0.0014616264974821743,0
3237350,2,0,0.001241345428244054,0.0014616264974821743,0
3237352,2,0,0.00019443269131312531,0.0014616264974821743,0
3237414,2,0,0.0010674425671994819,0.0014616264974821743,0
3237451,2,0,0.00013888156203270481,0.0014616264974821743,0
3237458,2,0,0.00019906569571637482,0.0014616264974821743,0
3237468,2,0,0.000402320184863679,0.0014616264974821743,0
3237486,2,0,0.00018888812007908886,0.0014616264974821743,0
3237493,2,0,0.0004969784466271578,0.0014616264974821743,0
3237525,2,0,0.0006385670314953945,0.0014616264974821743,0
3237548,2,0,0.0001505130280600886,0.0014616264974821743,0
3237574,2,0,4.418289529089934e-05,0.0014616264974821743,0
3237575,2,0,0.0003780822279391895,0.0014616264974821743,0
3237587,2,0,0.00042901681652966083,0.0014616264974821743,0
3237611,2,0,7.361330810940991e-05,0.0014616264974821743,0
3237642,2,0,0.0002906042914612301,0.0014616264974821743,0
3237644,2,0,0.018978006328055064,0.0014616264974821743,1
3237646,2,0,0.0013861380577252203,0.0014616264974821743,0
3237672,2,0,0.0004544824441870917,0.0014616264974821743,0
3237676,2,0,0.00019354216095092395,0.0014616264974821743,0
3237690,2,0,0.0021158932275520737,0.0014616264974821743,1
3237725,2,0,0.059134268199692856,0.0014616264974821743,1
3237784,2,0,0.0706839459297395,0.0014616264974821743,1
3237837,2,0,0.00011272404532586327,0.0014616264974821743,0
3237843,2,0,0.0005141412902731741,0.0014616264974821743,0
3237902,2,0,0.05464577713721183,0.0014616264974821743,1
3237917,2,0,0.0003021696445935944,0.0014616264974821743,0
3237919,2,0,0.0006246140694525505,0.0014616264974821743,0
3237932,2,0,7.596613472561377e-05,0.0014616264974821743,0
3237935,2,0,0.00035785694090456394,0.0014616264974821743,0
3237952,2,0,0.0001449209269519754,0.0014616264974821743,0
3238008,2,0,0.0003090383024611207,0.0014616264974821743,0
3238083,2,0,0.00026937068500397385,0.0014616264974821743,0
3238092,2,0,0.0006650331275427476,0.0014616264974821743,0
3238100,2,0,0.1896458359978878,0.0014616264974821743,1
3238107,2,0,0.00010558914059670094,0.0014616264974821743,0
3238111,2,0,0.007792778407719351,0.0014616264974821743,1
3238133,2,0,0.00044382059795331993,0.0014616264974821743,0
3238140,2,0,0.0036904154077308233,0.0014616264974821743,1
3238153,2,0,0.00024932941901737094,0.0014616264974821743,0
3238162,2,0,0.0002281058250781553,0.0014616264974821743,0
3238168,2,0,0.00012744416013793654,0.0014616264974821743,0
3238187,2,0,0.00015199743515188188,0.0014616264974821743,0
3238188,2,0,0.00035283340524473603,0.0014616264974821743,0
3238202,2,0,0.006019408198195136,0.0014616264974821743,1
3238206,2,0,0.00023077860230373546,0.0014616264974821743,0
3238232,2,0,0.0003140248438038827,0.0014616264974821743,0
3238249,2,0,0.00023711544826145533,0.0014616264974821743,0
3238329,2,0,0.0021532584757502377,0.0014616264974821743,1
3238356,2,0,0.0007467401357048205,0.0014616264974821743,0
3238370,2,0,0.0004701842236172848,0.0014616264974821743,0
3238417,2,0,0.0003875117870339632,0.0014616264974821743,0
3238422,2,0,0.00014147754805646662,0.0014616264974821743,0
3238425,2,0,0.00012327145196687296,0.0014616264974821743,0
3238548,2,0,9.110470924814046e-05,0.0014616264974821743,0
3238578,2,0,0.00024039218956439706,0.0014616264974821743,0
3238605,2,0,0.001124007821057061,0.0014616264974821743,0
3238606,2,0,0.0003107241094768765,0.0014616264974821743,0
3238610,2,0,4.945562223907406e-05,0.0014616264974821743,0
3238640,2,0,0.0003185079721957337,0.0014616264974821743,0
3238645,2,0,0.0030252468005934246,0.0014616264974821743,1
3238661,2,0,0.000255294360132396,0.0014616264974821743,0
3238671,2,0,0.01813374026669601,0.0014616264974821743,1
3238699,2,0,0.0007074171589301223,0.0014616264974821743,0
3238711,2,0,0.00010459315921971792,0.0014616264974821743,0
3238753,2,0,0.0003375951033021258,0.0014616264974821743,0
3238759,2,0,0.00022196771378955125,0.0014616264974821743,0
3238804,2,0,0.016577817720524482,0.0014616264974821743,1
3238858,2,0,0.0007416187100145933,0.0014616264974821743,0
3238897,2,0,0.0013203389284337662,0.0014616264974821743,0
3238945,2,0,0.00041955899096843854,0.0014616264974821743,0
3239051,2,0,0.0007671362485151712,0.0014616264974821743,0
3239074,2,0,4.846033091471753e-05,0.0014616264974821743,0
3239095,2,0,0.0026894406381271422,0.0014616264974821743,1
3239149,2,0,0.00010553960015122771,0.0014616264974821743,0
3239229,2,0,8.258501982024275e-05,0.0014616264974821743,0
3239287,2,0,0.0007879418796343068,0.0014616264974821743,0
3239288,2,0,0.002295189307233702,0.0014616264974821743,1
3239385,2,0,0.0003781045605406788,0.0014616264974821743,0
3239388,2,0,0.00031207424931817447,0.0014616264974821743,0
3239477,2,0,0.00037737954235830405,0.0014616264974821743,0
3239489,2,0,7.245326256080027e-05,0.0014616264974821743,0
3239535,2,0,0.0003824762445568007,0.0014616264974821743,0
3239556,2,0,0.002416032083602744,0.0014616264974821743,1
3239586,2,0,0.00011183390246438001,0.0014616264974821743,0
3239594,2,0,0.002741781946280435,0.0014616264974821743,1
3239616,2,0,0.0012370745238021316,0.0014616264974821743,0
3239635,2,0,0.00010467949768436391,0.0014616264974821743,0
3239699,2,0,0.00043662247078476985,0.0014616264974821743,0
3239749,2,0,0.05181018617112419,0.0014616264974821743,1
3239756,2,0,0.00017854169232506975,0.0014616264974821743,0
3239824,2,0,0.00012740500114105126,0.0014616264974821743,0
3239840,2,0,0.00016457883704996525,0.0014616264974821743,0
3239877,2,0,0.00019796062270731668,0.0014616264974821743,0
3240065,2,0,0.0001005184809639518,0.0014616264974821743,0
3240109,2,0,0.00010708544823035264,0.0014616264974821743,0
3240137,2,0,0.007903533294914417,0.0014616264974821743,1
3240170,2,0,0.5066795741892204,0.0014616264974821743,1
3240179,2,0,0.0002756318468408726,0.0014616264974821743,0
3240249,2,0,0.0012703800252019737,0.0014616264974821743,0
3240267,2,0,7.152554400952343e-05,0.0014616264974821743,0
3240349,2,0,0.0014018339650300842,0.0014616264974821743,0
3240373,2,0,0.001646502240460097,0.0014616264974821743,1
3240388,2,0,0.00024271234210690296,0.0014616264974821743,0
3240440,2,0,0.00010316642715939592,0.0014616264974821743,0
3240510,2,0,0.0018530938805460646,0.0014616264974821743,1
3240548,2,0,0.0005532037139611085,0.0014616264974821743,0
3240644,2,0,0.00014241512299842247,0.0014616264974821743,0
3240697,2,0,0.00046268623747208775,0.0014616264974821743,0
3240718,2,0,9.729019327653746e-05,0.0014616264974821743,0
3240747,2,0,7.817343375500267e-05,0.0014616264974821743,0
3240807,2,0,0.00042571850656714604,0.0014616264974821743,0
3240819,2,0,0.00013353345844600536,0.0014616264974821743,0
3240936,2,0,0.0014952902001404166,0.0014616264974821743,1
3240990,2,0,0.00010981620075688871,0.0014616264974821743,0
3240998,2,0,0.00031196470845505815,0.0014616264974821743,0
3241012,2,0,0.00022456865389467088,0.0014616264974821743,0
3241042,2,0,5.037036194595779e-05,0.0014616264974821743,0
3241050,2,0,0.00021618405457537445,0.0014616264974821743,0
3241052,2,0,0.0003024476986691675,0.0014616264974821743,0
3241086,2,0,0.0002959955879279101,0.0014616264974821743,0
3241111,2,0,0.00014207860226399165,0.0014616264974821743,0
3241136,2,0,5.1827165741215725e-05,0.0014616264974821743,0
3241153,2,0,0.0003621088340245729,0.0014616264974821743,0
3241198,2,0,0.00047920094573439736,0.0014616264974821743,0
3241234,2,0,0.0021148296353296087,0.0014616264974821743,1
3241238,2,0,0.000589445201488726,0.0014616264974821743,0
3241243,2,0,2.850277718060676e-05,0.0014616264974821743,0
3241260,2,0,0.000632467490064034,0.0014616264974821743,0
3241266,2,0,4.5965205223249626e-05,0.0014616264974821743,0
3241270,2,0,0.00018296719270236646,0.0014616264974821743,0
3241272,2,0,0.0004745912780361171,0.0014616264974821743,0
3241333,2,0,0.00013757920878174467,0.0014616264974821743,0
3241359,2,0,0.3848161972356904,0.0014616264974821743,1
3241424,2,0,0.00021028760257373584,0.0014616264974821743,0
3241435,2,0,0.0009045732890981831,0.0014616264974821743,0
3241449,2,0,3.800023349636738e-05,0.0014616264974821743,0
3241453,2,0,0.0008144286233001076,0.0014616264974821743,0
3241481,2,0,0.00014826627729722994,0.0014616264974821743,0
3241607,2,0,0.00010366527664569956,0.0014616264974821743,0
3241656,2,0,0.017092589805908148,0.0014616264974821743,1
3241699,2,0,6.441198590859979e-05,0.0014616264974821743,0
3241709,2,0,0.00019034840331784469,0.0014616264974821743,0
3241763,2,0,0.00013683914622157357,0.0014616264974821743,0
3241820,2,0,5.060664547947209e-05,0.0014616264974821743,0
3241831,2,0,6.277634554558003e-05,0.0014616264974821743,0
3241871,2,0,0.00041549555619766257,0.0014616264974821743,0
3241920,2,0,0.0020368383305526135,0.0014616264974821743,1
3241944,2,0,0.00018261548140660158,0.0014616264974821743,0
3241947,2,0,0.0017984362872147388,0.0014616264974821743,1
3241994,2,0,0.0005299434343733823,0.0014616264974821743,0
3242020,2,0,5.9367126516383845e-05,0.0014616264974821743,0
3242030,2,0,5.057314224149258e-05,0.0014616264974821743,0
3242097,2,0,0.00022343909246390792,0.0014616264974821743,0
3242104,2,0,0.000942124602609975,0.0014616264974821743,0
3242108,2,0,0.00013935410237278222,0.0014616264974821743,0
3242119,2,0,0.0008979879389428627,0.0014616264974821743,0
3242156,2,0,0.000501402812616294,0.0014616264974821743,0
3242164,2,0,0.0006530046572569943,0.0014616264974821743,0
3242171,2,0,0.0001838150512124086,0.0014616264974821743,0
3242172,2,0,4.509531871099876e-05,0.0014616264974821743,0
3242284,2,0,5.3067245251541405e-05,0.0014616264974821743,0
3242349,2,0,0.00041119139401073,0.0014616264974821743,0
3242385,2,0,0.00014282805800041053,0.0014616264974821743,0
3242482,2,0,0.00012665625449698642,0.0014616264974821743,0
3242556,2,0,0.00016004567765536646,0.0014616264974821743,0
3242585,2,0,0.0017970288645734456,0.0014616264974821743,1
3242621,2,0,0.00030041894468563494,0.0014616264974821743,0
3242680,2,0,0.0009563154955732424,0.0014616264974821743,0
3242746,2,0,0.00015548162233895767,0.0014616264974821743,0
3242793,2,0,0.01057225649705787,0.0014616264974821743,1
3242868,2,0,0.00025601778744568254,0.0014616264974821743,0
3242879,2,0,0.0013641870323148125,0.0014616264974821743,0
3242880,2,0,0.0001555152915281296,0.0014616264974821743,0
3242901,2,0,0.0001542505623153744,0.0014616264974821743,0
3242958,2,0,0.00021937001866565917,0.0014616264974821743,0
3243042,2,0,0.0001001386921166535,0.0014616264974821743,0
3243074,2,0,0.000729332758461591,0.0014616264974821743,0
3243088,2,0,7.33405627280403e-05,0.0014616264974821743,0
3243219,2,0,5.280941591805946e-05,0.0014616264974821743,0
3243239,2,0,0.0014528204688699098,0.0014616264974821743,0
3243254,2,0,9.680637250940229e-05,0.0014616264974821743,0
3243283,2,0,0.00019287616174931324,0.0014616264974821743,0
3243290,2,0,0.00022871185516816522,0.0014616264974821743,0
3243322,2,0,0.0002276587768674969,0.0014616264974821743,0
3243325,2,0,0.0003260651778222357,0.0014616264974821743,0
3243389,2,0,0.000505791273072556,0.0014616264974821743,0
3243401,2,0,0.00039902871878597047,0.0014616264974821743,0
3243440,2,0,0.00022787522197670017,0.0014616264974821743,0
3243449,2,0,8.851312524342536e-05,0.0014616264974821743,0
3243522,2,0,0.00034372436135033426,0.0014616264974821743,0
3243586,2,0,0.0009823146836090329,0.0014616264974821743,0
3243597,2,0,3.294837448665137e-05,0.0014616264974821743,0
3243671,2,0,0.00010300029122662838,0.0014616264974821743,0
3243689,2,0,0.00013110753351002925,0.0014616264974821743,0
3243695,2,0,0.00017980106774018626,0.0014616264974821743,0
3243761,2,0,8.00807684624148e-05,0.0014616264974821743,0
3243762,2,0,4.809400858742997e-05,0.0014616264974821743,0
3243773,2,0,0.0009109555043082997,0.0014616264974821743,0
3243887,2,0,7.848832447217295e-05,0.0014616264974821743,0
3243889,2,0,4.943010179758935e-05,0.0014616264974821743,0
3244007,2,0,0.00022927267879230883,0.0014616264974821743,0
3244045,2,0,9.411353452582844e-05,0.0014616264974821743,0
3244109,2,0,0.00021222977575979942,0.0014616264974821743,0
3244126,2,0,0.001692555191320938,0.0014616264974821743,1
3244152,2,0,0.00013094847612908416,0.0014616264974821743,0
3244174,2,0,0.0017384213258366675,0.0014616264974821743,1
3244180,2,0,0.0010679082823731852,0.0014616264974821743,0
3244186,2,0,0.001016588261786475,0.0014616264974821743,0
3244216,2,0,0.00013480244307133155,0.0014616264974821743,0
3244268,2,0,7.587822535473606e-05,0.0014616264974821743,0
3244327,2,0,0.2047987587068673,0.0014616264974821743,1
3244342,2,0,0.00011409290272572856,0.0014616264974821743,0
3244452,2,0,0.003639002196407736,0.0014616264974821743,1
3244545,2,0,0.00013653602213059261,0.0014616264974821743,0
3244563,2,0,0.0003254159749331933,0.0014616264974821743,0
3244565,2,0,0.0011499337020572807,0.0014616264974821743,0
3244707,2,0,8.5777409280324e-05,0.0014616264974821743,0
3244732,2,0,8.417362988135116e-05,0.0014616264974821743,0
3244743,2,0,0.0015947233955582551,0.0014616264974821743,1
3244773,2,0,0.00015663550635760032,0.0014616264974821743,0
3244807,2,0,0.0001350290621275783,0.0014616264974821743,0
3244810,2,0,0.00015769835149714756,0.0014616264974821743,0
3244815,2,0,0.00012566319517226743,0.0014616264974821743,0
3244842,2,0,0.00018953237063018072,0.0014616264974821743,0
3244854,2,0,0.001298977941824705,0.0014616264974821743,0
3244874,2,0,0.00035396417775740354,0.0014616264974821743,0
3244878,2,0,0.0025979138643431195,0.0014616264974821743,1
3244911,2,0,0.000100729236678999,0.0014616264974821743,0
3244919,2,0,0.00019459203707667956,0.0014616264974821743,0
3244920,2,0,0.0010358408017692076,0.0014616264974821743,0
3244939,2,0,0.00026760756102208654,0.0014616264974821743,0
3244946,2,0,0.0005143759547150411,0.0014616264974821743,0
3244967,2,0,0.0004914079317621615,0.0014616264974821743,0
3245002,2,0,0.00014034062227524108,0.0014616264974821743,0
3245048,2,0,0.0027615599099204188,0.0014616264974821743,1
3245068,2,0,0.00028628355928433295,0.0014616264974821743,0
3245095,2,0,8.881684471254153e-05,0.0014616264974821743,0
3245117,2,0,0.00024047440110575412,0.0014616264974821743,0
3245123,2,0,0.00022043920679534217,0.0014616264974821743,0
3245155,2,0,0.0008363640839754245,0.0014616264974821743,0
3245162,2,0,0.0003367950954121725,0.0014616264974821743,0
3245202,2,0,0.0010189055666137007,0.0014616264974821743,0
3245279,2,0,0.0005740693366169455,0.0014616264974821743,0
3245322,2,0,0.0002786865245518819,0.0014616264974821743,0
3245332,2,0,0.0001347549165517829,0.0014616264974821743,0
3245335,2,0,0.0003418566113361067,0.0014616264974821743,0
3245345,2,0,4.098466518475615e-05,0.0014616264974821743,0
3245350,2,0,0.00018464914979538275,0.0014616264974821743,0
3245416,2,0,0.0001301251054415304,0.0014616264974821743,0
3245459,2,0,0.00024642152300211333,0.0014616264974821743,0
3245462,2,0,0.00010198139570261923,0.0014616264974821743,0
3245478,2,0,7.327479363698191e-05,0.0014616264974821743,0
3245529,2,0,0.0005470249878078364,0.0014616264974821743,0
3245563,2,0,0.0010485099333254373,0.0014616264974821743,0
3245644,2,0,0.00011656803538868193,0.0014616264974821743,0
3245679,2,0,0.001819691758030576,0.0014616264974821743,1
3245709,2,0,0.0017853772030957617,0.0014616264974821743,1
3245713,2,0,0.0004945156043759323,0.0014616264974821743,0
3245731,2,0,5.573652230423701e-05,0.0014616264974821743,0
3245757,2,0,0.002562927342954219,0.0014616264974821743,1
3245774,2,0,0.00013908708025532978,0.0014616264974821743,0
3245776,2,0,0.0011922982356548043,0.0014616264974821743,0
3245791,2,0,0.0003218824116107753,0.0014616264974821743,0
3245792,2,0,0.00043197834075731566,0.0014616264974821743,0
3245806,2,0,0.0004223954064195611,0.0014616264974821743,0
3245855,2,0,0.0001041826240059583,0.0014616264974821743,0
3245860,2,0,0.0030186053153206096,0.0014616264974821743,1
3245876,2,0,0.0002672919280974176,0.0014616264974821743,0
3245882,2,0,0.0008869501621006292,0.0014616264974821743,0
3246769,2,0,0.0017237475330721989,0.0014616264974821743,1
3273996,2,0,0.0005373194582504581,0.0014616264974821743,0
3311615,2,0,7.769237357322565e-05,0.0014616264974821743,0
3324771,2,0,0.0017129270144517837,0.0014616264974821743,1
3419799,2,0,0.00015836253037612838,0.0014616264974821743,0
3436588,2,0,0.0007306704499169526,0.0014616264974821743,0
3571734,2,0,0.0004355485265977147,0.0014616264974821743,0
3575128,2,0,0.0001133425250011535,0.0014616264974821743,0
3580170,2,0,0.00016291018508159124,0.0014616264974821743,0
3589929,2,0,0.00018637799481952498,0.0014616264974821743,0
3600287,2,0,0.00011934016662287421,0.0014616264974821743,0
3608539,2,0,0.00052070596060644,0.0014616264974821743,0
3613648,2,0,0.00047736181662861573,0.0014616264974821743,0
3621451,2,0,0.0001498225270300227,0.0014616264974821743,0
3691062,2,0,0.00015946542009712478,0.0014616264974821743,0
3699010,2,0,0.00010780105493040482,0.0014616264974821743,0
3699557,2,0,0.0015709847780507687,0.0014616264974821743,1
3798162,2,0,0.0008941819972727948,0.0014616264974821743,0
3860526,2,0,8.756938414020981e-05,0.0014616264974821743,0
4078942,2,0,8.875892507488135e-05,0.0014616264974821743,0
4079831,2,0,0.00019819749049438014,0.0014616264974821743,0
4092736,2,0,0.00014350744280274135,0.0014616264974821743,0
4092884,2,0,0.0007713453764464123,0.0014616264974821743,0
4105697,2,0,3.47227717501669e-05,0.0014616264974821743,0
4106465,2,0,0.0001604545016444677,0.0014616264974821743,0
4120148,2,0,0.0046972251845810884,0.0014616264974821743,1
4162507,2,0,3.745068594673026e-05,0.0014616264974821743,0
4197069,2,0,0.002403277439530992,0.0014616264974821743,1
4230296,2,0,7.917620974768927e-05,0.0014616264974821743,0
4277982,2,0,0.00015458337902003196,0.0014616264974821743,0
4344057,2,0,0.001131392254906919,0.0014616264974821743,0
4347383,2,0,8.014296940521778e-05,0.0014616264974821743,0
4373006,2,0,0.00014567562519341915,0.0014616264974821743,0
4403593,2,0,4.682073351889742e-05,0.0014616264974821743,0
4429361,2,0,6.603938711357889e-05,0.0014616264974821743,0
4454612,2,0,0.004984097463775215,0.0014616264974821743,1
4457766,2,0,0.0009544808405717197,0.0014616264974821743,0
4522306,2,0,4.0002797859424756e-05,0.0014616264974821743,0
4575307,2,0,0.0002169613585633329,0.0014616264974821743,0
4592264,2,0,5.7015928154247275e-05,0.0014616264974821743,0
4621896,2,0,0.0003872159396577122,0.0014616264974821743,0
4674565,2,0,0.00029562416478426314,0.0014616264974821743,0
4754183,2,0,0.0001356893345140889,0.0014616264974821743,0
4987317,2,0,0.0032123556686457157,0.0014616264974821743,1
5015283,2,0,0.00026076538506671185,0.0014616264974821743,0
5053070,2,0,0.0010330634721788718,0.0014616264974821743,0
5062560,2,0,0.00013471067038615486,0.0014616264974821743,0
5076890,2,0,0.001734703395916256,0.0014616264974821743,1
5080692,2,0,0.0007031199474996653,0.0014616264974821743,0
5110096,2,0,0.001010468409920751,0.0014616264974821743,0
5214840,2,0,0.00015900508305126163,0.0014616264974821743,0
5291857,2,0,0.000138814592171475,0.0014616264974821743,0
5292846,2,0,0.00021436462839817433,0.0014616264974821743,0
5295094,2,0,7.969473180537853e-05,0.0014616264974821743,0
5307105,2,0,0.00021392494885011222,0.0014616264974821743,0
5307192,2,0,0.00013129274469703017,0.0014616264974821743,0
5307222,2,0,0.0002562458454914631,0.0014616264974821743,0
5307291,2,0,0.0002792703804759328,0.0014616264974821743,0
5307313,2,0,0.0001310451614412818,0.0014616264974821743,0
5307521,2,0,0.001289372515642082,0.0014616264974821743,0
5307526,2,0,0.000812850150449301,0.0014616264974821743,0
5307528,2,0,0.0006483111316620627,0.0014616264974821743,0
5307557,2,0,0.001260580950531022,0.0014616264974821743,0
5307566,2,0,0.0036915402292351535,0.0014616264974821743,1
5307570,2,0,0.005081640239073811,0.0014616264974821743,1
5307574,2,0,0.004541371321874078,0.0014616264974821743,1
5307577,2,0,0.029583850110977604,0.0014616264974821743,1
5307593,2,0,9.051308055448387e-05,0.0014616264974821743,0
5307604,2,0,0.0003474355819991497,0.0014616264974821743,0
5307610,2,0,0.00021129295534632386,0.0014616264974821743,0
5307613,2,0,8.880970402889952e-05,0.0014616264974821743,0
5307614,2,0,0.00015459581086275869,0.0014616264974821743,0
5307623,2,0,0.00011162984302509309,0.0014616264974821743,0
5307727,2,0,0.00046558540580294753,0.0014616264974821743,0
5307736,2,0,6.253119300605233e-05,0.0014616264974821743,0
5307765,2,0,0.00032411756527828746,0.0014616264974821743,0
5307771,2,0,0.00022558304300669297,0.0014616264974821743,0
5307791,2,0,0.00021527158352591154,0.0014616264974821743,0
5307826,2,0,0.0012747130757955344,0.0014616264974821743,0
5307866,2,0,0.00028182597602061067,0.0014616264974821743,0
5307880,2,0,6.495950294658293e-05,0.0014616264974821743,0
5307883,2,0,3.531310716940866e-05,0.0014616264974821743,0
5307899,2,0,7.776658717903303e-05,0.0014616264974821743,0
5307918,2,0,0.036727609030597,0.0014616264974821743,1
5307936,2,0,0.00019751001435528971,0.0014616264974821743,0
5307940,2,0,9.692577593249699e-05,0.0014616264974821743,0
5307976,2,0,5.443618646806654e-05,0.0014616264974821743,0
5308074,2,0,8.646427901569598e-05,0.0014616264974821743,0
5308092,2,0,0.0001045858371716817,0.0014616264974821743,0
5308115,2,0,0.002822887568542899,0.0014616264974821743,1
5308216,2,0,0.00010439590074954665,0.0014616264974821743,0
5308280,2,0,0.00011655322803262522,0.0014616264974821743,0
5308293,2,0,6.49825101455287e-05,0.0014616264974821743,0
5308299,2,0,0.0004777317085056236,0.0014616264974821743,0
5308373,2,0,8.078187774854576e-05,0.0014616264974821743,0
5308392,2,0,0.0006017840329270265,0.0014616264974821743,0
5308395,2,0,0.0003516465602108364,0.0014616264974821743,0
5308414,2,0,0.0016587993697645468,0.0014616264974821743,1
5308428,2,0,0.00010923619344236305,0.0014616264974821743,0
5308470,2,0,0.001609657451729889,0.0014616264974821743,1
5308481,2,0,0.00012266104355954357,0.0014616264974821743,0
5308518,2,0,0.00099288786010965,0.0014616264974821743,0
5308538,2,0,0.0013652725998933653,0.0014616264974821743,0
5308564,2,0,0.000595499077555491,0.0014616264974821743,0
5308565,2,0,0.00047933360597657374,0.0014616264974821743,0
5308626,2,0,9.810900806740654e-05,0.0014616264974821743,0
5308649,2,0,0.00018143378933228865,0.0014616264974821743,0
5308657,2,0,0.00038426868411876137,0.0014616264974821743,0
5308719,2,0,0.0003382747463206585,0.0014616264974821743,0
5308805,2,0,0.0008747836830834007,0.0014616264974821743,0
5308877,2,0,0.0004828998584471835,0.0014616264974821743,0
5308893,2,0,0.0005693357612371398,0.0014616264974821743,0
5308895,2,0,4.7028824403250355e-05,0.0014616264974821743,0
5308910,2,0,0.0001925326487380145,0.0014616264974821743,0
5308959,2,0,4.638158343423114e-05,0.0014616264974821743,0
5308973,2,0,0.014510783639948451,0.0014616264974821743,1
5308990,2,0,6.234550907204819e-05,0.0014616264974821743,0
5309005,2,0,7.940563853713762e-05,0.0014616264974821743,0
5309029,2,0,0.0007157434432992422,0.0014616264974821743,0
5309100,2,0,0.0003778662637709346,0.0014616264974821743,0
5309174,2,0,0.00022694922458585672,0.0014616264974821743,0
5309218,2,0,0.0010271656820930843,0.0014616264974821743,0
5309232,2,0,5.0875724625148124e-05,0.0014616264974821743,0
5309247,2,0,0.0001346714589852016,0.0014616264974821743,0
5309270,2,0,0.0008286421808034303,0.0014616264974821743,0
5309294,2,0,0.0014408758172592833,0.0014616264974821743,0
5309307,2,0,0.0007727507946986314,0.0014616264974821743,0
5309360,2,0,0.0341582943588803,0.0014616264974821743,1
5309363,2,0,3.633611511291657e-05,0.0014616264974821743,0
5309392,2,0,0.00014076466780891812,0.0014616264974821743,0
5309418,2,0,0.008734394970891325,0.0014616264974821743,1
5309443,2,0,0.0008761724860294785,0.0014616264974821743,0
5309467,2,0,0.004485597996954536,0.0014616264974821743,1
5309469,2,0,0.001935822240993661,0.0014616264974821743,1
5309539,2,0,0.00010298309934458567,0.0014616264974821743,0
5309578,2,0,0.11570865252461135,0.0014616264974821743,1
5309585,2,0,0.00021763981403625918,0.0014616264974821743,0
5309592,2,0,0.00016343520706730853,0.0014616264974821743,0
5309600,2,0,0.00016465508742363394,0.0014616264974821743,0
5309606,2,0,0.0006574007322669953,0.0014616264974821743,0
5309644,2,0,0.001008358587001092,0.0014616264974821743,0
5309655,2,0,0.0007285187575623333,0.0014616264974821743,0
5309663,2,0,0.00010661866480617473,0.0014616264974821743,0
5309694,2,0,0.0010513338863613613,0.0014616264974821743,0
5309774,2,0,0.00014266153430096223,0.0014616264974821743,0
5309796,2,0,0.00016603564569031494,0.0014616264974821743,0
5309797,2,0,8.112600484998665e-05,0.0014616264974821743,0
5309863,2,0,0.0001197584841007113,0.0014616264974821743,0
5309867,2,0,0.00015591861850452272,0.0014616264974821743,0
5309868,2,0,0.00014269001625763427,0.0014616264974821743,0
5309879,2,0,0.00014005704356076919,0.0014616264974821743,0
5309897,2,0,0.00013374517297032478,0.0014616264974821743,0
5309904,2,0,0.0002483475564053183,0.0014616264974821743,0
5309910,2,0,0.006080943671411522,0.0014616264974821743,1
5309925,2,0,0.00017262703792972833,0.0014616264974821743,0
5309946,2,0,0.00014143943904327113,0.0014616264974821743,0
5309960,2,0,2.979308709400794e-05,0.0014616264974821743,0
5310012,2,0,0.0001559873403167881,0.0014616264974821743,0
5310020,2,0,0.00038753516836638116,0.0014616264974821743,0
5310155,2,0,0.00025531939964202016,0.0014616264974821743,0
5310185,2,0,0.0005215182552039367,0.0014616264974821743,0
5310315,2,0,0.005472211482960368,0.0014616264974821743,1
5310381,2,0,8.867478416863276e-05,0.0014616264974821743,0
5310387,2,0,9.188404157668491e-05,0.0014616264974821743,0
5310388,2,0,0.0004083091613385509,0.0014616264974821743,0
5310443,2,0,0.0005020110855938816,0.0014616264974821743,0
5310446,2,0,0.00023031466811056087,0.0014616264974821743,0
5310500,2,0,0.0007837108083510435,0.0014616264974821743,0
5310514,2,0,0.0004690257657846715,0.0014616264974821743,0
5310588,2,0,0.00013093852986868133,0.0014616264974821743,0
5310646,2,0,0.0005010363311844963,0.0014616264974821743,0
5310696,2,0,0.0005283372456120803,0.0014616264974821743,0
5310740,2,0,0.04211903175106976,0.0014616264974821743,1
5310817,2,0,0.0004045667753337769,0.0014616264974821743,0
5310864,2,0,0.002290491029713744,0.0014616264974821743,1
5310866,2,0,0.0009277594557521913,0.0014616264974821743,0
5310868,2,0,0.00028285230323196416,0.0014616264974821743,0
5310885,2,0,0.00010256233499831268,0.0014616264974821743,0
5310924,2,0,0.00042807203158970263,0.0014616264974821743,0
5322280,2,0,0.008297618612309616,0.0014616264974821743,1
5345915,2,0,0.002446169746273386,0.0014616264974821743,1
5367120,2,0,0.010763976872640557,0.0014616264974821743,1
5389046,2,0,0.0036192312228035374,0.0014616264974821743,1
5389055,2,0,0.001088340019867884,0.0014616264974821743,0
5389093,2,0,0.00010460257671032495,0.0014616264974821743,0
5389202,2,0,9.831024042287455e-05,0.0014616264974821743,0
5389233,2,0,0.0019218221181554688,0.0014616264974821743,1
5389243,2,0,0.0004718756786774028,0.0014616264974821743,0
5389320,2,0,0.0005379258110133433,0.0014616264974821743,0
5389386,2,0,0.01450313652249885,0.0014616264974821743,1
5389388,2,0,0.0005042777494442864,0.0014616264974821743,0
5389508,2,0,0.0012407238282143582,0.0014616264974821743,0
5389559,2,0,0.00015625789964968082,0.0014616264974821743,0
5389572,2,0,0.00025556147774039397,0.0014616264974821743,0
5389614,2,0,6.992354417203353e-05,0.0014616264974821743,0
5389632,2,0,0.00026515334012418697,0.0014616264974821743,0
5389658,2,0,0.00010653314440727035,0.0014616264974821743,0
5389662,2,0,0.0005110303821023719,0.0014616264974821743,0
5389697,2,0,0.003980798147829655,0.0014616264974821743,1
5389721,2,0,0.000307650941804717,0.0014616264974821743,0
5389757,2,0,0.00011422928608725413,0.0014616264974821743,0
5389823,2,0,0.0012936746323615224,0.0014616264974821743,0
5389851,2,0,0.0004918845513717912,0.0014616264974821743,0
5389857,2,0,4.718135064758607e-05,0.0014616264974821743,0
5389876,2,0,0.0005633360475895429,0.0014616264974821743,0
5389878,2,0,0.0006136316231276442,0.0014616264974821743,0
5389886,2,0,0.00028300203687703514,0.0014616264974821743,0
5389940,2,0,0.0013656986108759898,0.0014616264974821743,0
5389963,2,0,0.00017484938626346593,0.0014616264974821743,0
5389973,2,0,0.00016789122852334818,0.0014616264974821743,0
5389980,2,0,0.00027503371765325393,0.0014616264974821743,0
5389997,2,0,0.00016553907031539855,0.0014616264974821743,0
5390007,2,0,4.6009043411646734e-05,0.0014616264974821743,0
5390020,2,0,7.901757532990644e-05,0.0014616264974821743,0
5390030,2,0,0.00014581023212550807,0.0014616264974821743,0
5390065,2,0,0.00031592009132414375,0.0014616264974821743,0
5390066,2,0,9.719262840198819e-05,0.0014616264974821743,0
5394360,2,0,0.0007104951715517206,0.0014616264974821743,0
5403466,2,0,0.008690327943310984,0.0014616264974821743,1
5428930,2,0,0.005167375774102621,0.0014616264974821743,1
5497568,2,0,8.874563129243084e-05,0.0014616264974821743,0
5653795,2,0,0.003072636935065709,0.0014616264974821743,1
5663660,2,0,0.001227102176135634,0.0014616264974821743,0
5692638,2,0,7.592082698482256e-05,0.0014616264974821743,0
5711948,2,0,0.00028069122967885955,0.0014616264974821743,0
5715382,2,0,0.0007860654135941753,0.0014616264974821743,0
5739604,2,0,8.853297284238434e-05,0.0014616264974821743,0
5740935,2,0,0.000964553809634366,0.0014616264974821743,0
5742581,2,0,0.00035952363493676174,0.0014616264974821743,0
5770673,2,0,0.00012013103092550401,0.0014616264974821743,0
5770832,2,0,0.00036364394073567087,0.0014616264974821743,0
5771270,2,0,0.00016467537123134244,0.0014616264974821743,0
5771293,2,0,0.001006709038506705,0.0014616264974821743,0
5771313,2,0,0.0012237707727756212,0.0014616264974821743,0
5771322,2,0,0.00030209240323586853,0.0014616264974821743,0
5771341,2,0,3.9884779026218506e-05,0.0014616264974821743,0
5771342,2,0,0.00023191778102858604,0.0014616264974821743,0
5771365,2,0,0.0009154405003719003,0.0014616264974821743,0
5771467,2,0,5.3696365211339105e-05,0.0014616264974821743,0
5771715,2,0,0.004499397630578395,0.0014616264974821743,1
5771727,2,0,0.00015853570467307476,0.0014616264974821743,0
5892262,2,0,7.48609896076285e-05,0.0014616264974821743,0
5940455,2,0,0.014918174480912857,0.0014616264974821743,1
5941946,2,0,0.00012954537639942352,0.0014616264974821743,0
6324586,2,0,0.0001396051728389512,0.0014616264974821743,0
6398901,2,0,0.0002192917321401707,0.0014616264974821743,0
6398908,2,0,0.008487395376668181,0.0014616264974821743,1
6398917,2,0,0.0003255865928277438,0.0014616264974821743,0
6399063,2,0,0.01609655617238282,0.0014616264974821743,1
6420039,2,0,0.0005445146936183888,0.0014616264974821743,0
6602550,2,0,0.00029431253887222286,0.0014616264974821743,0
6602575,2,0,0.00011278580976280988,0.0014616264974821743,0
6602652,2,0,0.0002914629783833645,0.0014616264974821743,0
6602658,2,0,0.0005567025425266198,0.0014616264974821743,0
6602689,2,0,0.00011059249303691997,0.0014616264974821743,0
6602690,2,0,6.397496235268544e-05,0.0014616264974821743,0
6602749,2,0,0.0018859752031012977,0.0014616264974821743,1
6602802,2,0,0.00021558065985618206,0.0014616264974821743,0
6602806,2,0,0.00016192680933002895,0.0014616264974821743,0
6602810,2,0,0.00039300338887831063,0.0014616264974821743,0
6602874,2,0,0.0002443017610886605,0.0014616264974821743,0
6602903,2,0,0.00011805092659790678,0.0014616264974821743,0
6603027,2,0,0.00025825558009372185,0.0014616264974821743,0
6603055,2,0,0.00048585255881505347,0.0014616264974821743,0
6603062,2,0,0.00038585343371387034,0.0014616264974821743,0
6603063,2,0,6.569864675912132e-05,0.0014616264974821743,0
6603109,2,0,0.00036734533775055635,0.0014616264974821743,0
6603112,2,0,0.0005638572867192539,0.0014616264974821743,0
6603134,2,0,0.0002470350361361191,0.0014616264974821743,0
6603155,2,0,0.00027565673964142855,0.0014616264974821743,0
6603187,2,0,0.00046064462115519674,0.0014616264974821743,0
6603191,2,0,0.00015752495815276503,0.0014616264974821743,0
6603271,2,0,0.000452794236279673,0.0014616264974821743,0
6603277,2,0,0.00029095551879765216,0.0014616264974821743,0
6603348,2,0,0.000562655703116015,0.0014616264974821743,0
6603400,2,0,0.0006789156094013422,0.0014616264974821743,0
6603409,2,0,0.00012174638632299902,0.0014616264974821743,0
6603446,2,0,0.0008382103905479186,0.0014616264974821743,0
6603483,2,0,0.00037041544265239767,0.0014616264974821743,0
6603568,2,0,9.767993772365e-05,0.0014616264974821743,0
6603604,2,0,0.00015682601826742034,0.0014616264974821743,0
6603616,2,0,6.51125400592368e-05,0.0014616264974821743,0
6603659,2,0,0.0005358877994813017,0.0014616264974821743,0
6603662,2,0,0.0006324253016801658,0.0014616264974821743,0
649991,3,1,0.0005112808005363088,0.006363239510010778,0
658532,3,1,0.011949701053727073,0.006363239510010778,1
666554,3,1,0.024860712579646293,0.006363239510010778,1
976329,3,1,0.023128476619325506,0.006363239510010778,1
1245419,3,1,0.007236517563211219,0.006363239510010778,1
3245970,3,1,0.025108160043138997,0.006363239510010778,1
1981,3,0,0.0001874262039113031,0.006363239510010778,0
2196,3,0,0.0005558681201852851,0.006363239510010778,0
3957,3,0,6.556655005433489e-05,0.006363239510010778,0
4201,3,0,0.0006912008354987647,0.006363239510010778,0
5595,3,0,0.0007066539741406959,0.006363239510010778,0
6821,3,0,0.0020544575181160817,0.006363239510010778,0
7419,3,0,0.00030645340982102313,0.006363239510010778,0
10309,3,0,0.0049049902338950385,0.006363239510010778,0
11224,3,0,0.0002021987399686817,0.006363239510010778,0
11257,3,0,0.0023184514800866974,0.006363239510010778,0
12856,3,0,0.00018693172509640893,0.006363239510010778,0
16175,3,0,0.00214722128482755,0.006363239510010778,0
16559,3,0,0.0008117596150200596,0.006363239510010778,0
16803,3,0,0.0015279161611410597,0.006363239510010778,0
22860,3,0,0.000142387725925474,0.006363239510010778,0
34623,3,0,0.00022224872259023586,0.006363239510010778,0
39042,3,0,0.012734893538285615,0.006363239510010778,1
57469,3,0,9.098974683317101e-05,0.006363239510010778,0
62969,3,0,0.0016497382884061722,0.006363239510010778,0
64714,3,0,0.002448272083328258,0.006363239510010778,0
68551,3,0,1.058069873478825e-05,0.006363239510010778,0
70848,3,0,0.00046897480422396134,0.006363239510010778,0
80818,3,0,0.00012892377995953513,0.006363239510010778,0
93864,3,0,0.001114949452235931,0.006363239510010778,0
94464,3,0,6.31922438065007e-05,0.006363239510010778,0
96854,3,0,0.0241338958389909,0.006363239510010778,1
98614,3,0,6.840421939246621e-05,0.006363239510010778,0
98630,3,0,0.0008620303760783778,0.006363239510010778,0
108003,3,0,0.00020499675219338902,0.006363239510010778,0
118982,3,0,7.739746749630037e-05,0.006363239510010778,0
120526,3,0,0.0002771600006481776,0.006363239510010778,0
151091,3,0,0.06406735825960783,0.006363239510010778,1
199008,3,0,0.0016590287652987706,0.006363239510010778,0
200169,3,0,5.974356170645659e-05,0.006363239510010778,0
200753,3,0,6.479248529943432e-05,0.006363239510010778,0
209941,3,0,0.0001737222012656622,0.006363239510010778,0
219778,3,0,8.841661660281644e-05,0.006363239510010778,0
223821,3,0,0.00012760026304163831,0.006363239510010778,0
223910,3,0,3.110216029908472e-05,0.006363239510010778,0
224709,3,0,0.011497768400829913,0.006363239510010778,1
232341,3,0,0.0008234499241536515,0.006363239510010778,0
236275,3,0,0.000906241873817275,0.006363239510010778,0
241166,3,0,4.6173998986471826e-05,0.006363239510010778,0
246565,3,0,8.851804010625078e-05,0.006363239510010778,0
247817,3,0,0.0005604628379804005,0.006363239510010778,0
251141,3,0,0.0005381356151629311,0.006363239510010778,0
251549,3,0,0.0004461454710835776,0.006363239510010778,0
255292,3,0,0.0612610955798504,0.006363239510010778,1
259483,3,0,8.551196633438903e-05,0.006363239510010778,0
294062,3,0,2.7305396412778505e-05,0.006363239510010778,0
294920,3,0,0.00016372290660590527,0.006363239510010778,0
306655,3,0,0.0002727633211551149,0.006363239510010778,0
310548,3,0,0.0002172630507803221,0.006363239510010778,0
310650,3,0,0.003761002320726819,0.006363239510010778,0
341820,3,0,0.0065525935148463355,0.006363239510010778,1
356261,3,0,8.888913907106946e-05,0.006363239510010778,0
389249,3,0,0.0019065422049439136,0.006363239510010778,0
391239,3,0,0.005307944353669412,0.006363239510010778,0
394328,3,0,0.0002945830650987621,0.006363239510010778,0
410075,3,0,0.001002697980989169,0.006363239510010778,0
421162,3,0,0.0021088721114076612,0.006363239510010778,0
468640,3,0,0.001696495961836975,0.006363239510010778,0
535511,3,0,0.0016643756768037385,0.006363239510010778,0
539739,3,0,0.006857318700035314,0.006363239510010778,1
540392,3,0,0.0007110369925833549,0.006363239510010778,0
542899,3,0,0.0021873095709227255,0.006363239510010778,0
544900,3,0,0.0008442084855864602,0.006363239510010778,0
551021,3,0,0.000860505261553544,0.006363239510010778,0
551831,3,0,0.00023485116565197364,0.006363239510010778,0
557197,3,0,6.0800769967074644e-05,0.006363239510010778,0
561960,3,0,6.257150256288362e-05,0.006363239510010778,0
562427,3,0,0.0013610741416217795,0.006363239510010778,0
565846,3,0,0.0009031053877388266,0.006363239510010778,0
569192,3,0,0.01860685762427687,0.006363239510010778,1
569649,3,0,0.015213833541725313,0.006363239510010778,1
571916,3,0,8.661583961436045e-06,0.006363239510010778,0
573814,3,0,0.00015466560385553834,0.006363239510010778,0
576797,3,0,0.0005752625482060634,0.006363239510010778,0
578335,3,0,4.470233337371728e-05,0.006363239510010778,0
579006,3,0,0.0007166567754471717,0.006363239510010778,0
580158,3,0,2.552807956149381e-05,0.006363239510010778,0
584975,3,0,0.0008824500559662104,0.006363239510010778,0
586998,3,0,0.001576124394525496,0.006363239510010778,0
587733,3,0,0.0039925284135895,0.006363239510010778,0
588704,3,0,0.00011854905511497162,0.006363239510010778,0
591407,3,0,0.0005284226312514953,0.006363239510010778,0
591517,3,0,0.00013626398301128426,0.006363239510010778,0
596209,3,0,0.0003008198891688054,0.006363239510010778,0
598162,3,0,0.0045299304178901285,0.006363239510010778,0
599871,3,0,3.0049747964137566e-05,0.006363239510010778,0
602712,3,0,0.0003963993146301734,0.006363239510010778,0
604621,3,0,0.0021557073774192696,0.006363239510010778,0
606837,3,0,9.601230477158978e-06,0.006363239510010778,0
608124,3,0,0.0001487375645694442,0.006363239510010778,0
608147,3,0,0.00016912742048432345,0.006363239510010778,0
609340,3,0,0.000768800820384637,0.006363239510010778,0
610479,3,0,0.004748834932905319,0.006363239510010778,0
611015,3,0,0.0034921952118749052,0.006363239510010778,0
619963,3,0,0.00017355957373294543,0.006363239510010778,0
624590,3,0,5.8519585164306835e-05,0.006363239510010778,0
626848,3,0,0.00038302973964662054,0.006363239510010778,0
644401,3,0,0.000334437851482291,0.006363239510010778,0
644430,3,0,0.0001813184887081555,0.006363239510010778,0
644440,3,0,0.0007319829711495482,0.006363239510010778,0
644459,3,0,0.0004442286317266189,0.006363239510010778,0
644479,3,0,0.00021116598387934982,0.006363239510010778,0
644487,3,0,0.0005563355678861406,0.006363239510010778,0
644496,3,0,1.5562170500716977e-05,0.006363239510010778,0
644508,3,0,0.0011038935605465862,0.006363239510010778,0
644512,3,0,6.722041761689172e-05,0.006363239510010778,0
644518,3,0,0.0010722103834116896,0.006363239510010778,0
644546,3,0,0.0003990952958269107,0.006363239510010778,0
644558,3,0,0.002162416076903765,0.006363239510010778,0
644563,3,0,0.00016820741235492725,0.006363239510010778,0
644565,3,0,0.0011002560181576496,0.006363239510010778,0
644646,3,0,0.00045381061144992777,0.006363239510010778,0
644651,3,0,0.0001815821168934611,0.006363239510010778,0
644661,3,0,0.0007819302244415186,0.006363239510010778,0
644665,3,0,0.00033190890340045433,0.006363239510010778,0
644666,3,0,0.00027552686100558454,0.006363239510010778,0
644675,3,0,0.0015127698327588464,0.006363239510010778,0
644692,3,0,0.00013606408429706995,0.006363239510010778,0
644703,3,0,0.0005789350407573459,0.006363239510010778,0
644725,3,0,0.0009828133077117464,0.006363239510010778,0
644730,3,0,0.001765332583580399,0.006363239510010778,0
644775,3,0,0.000307171234482097,0.006363239510010778,0
644802,3,0,3.263716416016847e-05,0.006363239510010778,0
644813,3,0,0.0001328788158317797,0.006363239510010778,0
644845,3,0,0.0007562107171933578,0.006363239510010778,0
644893,3,0,9.415381011224468e-05,0.006363239510010778,0
644925,3,0,0.00020727385688362293,0.006363239510010778,0
645024,3,0,4.542692317046832e-05,0.006363239510010778,0
645025,3,0,0.003514871467888932,0.006363239510010778,0
645034,3,0,4.270520203738228e-05,0.006363239510010778,0
645098,3,0,0.003236700013756709,0.006363239510010778,0
645151,3,0,0.0005699243009642754,0.006363239510010778,0
645193,3,0,0.00013262266537447345,0.006363239510010778,0
645206,3,0,7.614682118943187e-05,0.006363239510010778,0
645292,3,0,0.002213783876525649,0.006363239510010778,0
645295,3,0,0.00026509361991991796,0.006363239510010778,0
645316,3,0,0.0003768769974141689,0.006363239510010778,0
645323,3,0,0.0002370033850090732,0.006363239510010778,0
645335,3,0,0.0005289893597107085,0.006363239510010778,0
645372,3,0,0.00012279056793615447,0.006363239510010778,0
645378,3,0,0.00030886217014615625,0.006363239510010778,0
645393,3,0,0.0006904807080802554,0.006363239510010778,0
645396,3,0,8.109741595684509e-05,0.006363239510010778,0
645398,3,0,0.0018801948987667344,0.006363239510010778,0
645410,3,0,0.0007566379463233668,0.006363239510010778,0
645414,3,0,7.912059841384188e-05,0.006363239510010778,0
645423,3,0,0.0003842625632953572,0.006363239510010778,0
645424,3,0,0.009654108033445253,0.006363239510010778,1
645443,3,0,0.001243599021855861,0.006363239510010778,0
645447,3,0,0.00019281736517890246,0.006363239510010778,0
645498,3,0,0.0029133631376906,0.006363239510010778,0
645505,3,0,0.0007960014509423961,0.006363239510010778,0
645527,3,0,0.0001937454502444226,0.006363239510010778,0
645539,3,0,0.00015386253194244156,0.006363239510010778,0
645552,3,0,0.00024232153478410934,0.006363239510010778,0
645561,3,0,0.0022608944932789544,0.006363239510010778,0
645579,3,0,0.000912726498170053,0.006363239510010778,0
645581,3,0,0.0002530411655632321,0.006363239510010778,0
645603,3,0,7.894970693750762e-05,0.006363239510010778,0
645627,3,0,0.00010983587925521556,0.006363239510010778,0
645691,3,0,0.00016085456012985232,0.006363239510010778,0
645698,3,0,0.0003573386376126455,0.006363239510010778,0
645704,3,0,0.0004497920280736991,0.006363239510010778,0
645780,3,0,5.761839676731636e-05,0.006363239510010778,0
645868,3,0,0.0015875533063274346,0.006363239510010778,0
645943,3,0,0.00046121677016027775,0.006363239510010778,0
645974,3,0,0.001530595022628325,0.006363239510010778,0
645978,3,0,7.439645128803293e-05,0.006363239510010778,0
645980,3,0,0.00042249373150032404,0.006363239510010778,0
646008,3,0,0.0025759606444560033,0.006363239510010778,0
646027,3,0,0.0012103756640411965,0.006363239510010778,0
646045,3,0,0.00013181646783854038,0.006363239510010778,0
646068,3,0,0.0003888768458968436,0.006363239510010778,0
646106,3,0,1.6063435782796396e-05,0.006363239510010778,0
646116,3,0,0.002655480627505598,0.006363239510010778,0
646125,3,0,0.00042453759953901593,0.006363239510010778,0
646133,3,0,0.0020872671925723104,0.006363239510010778,0
646143,3,0,0.0018280114606289725,0.006363239510010778,0
646147,3,0,2.6161288611648312e-05,0.006363239510010778,0
646161,3,0,0.00034228831469271357,0.006363239510010778,0
646182,3,0,8.458593687111408e-05,0.006363239510010778,0
646214,3,0,4.9537959958065306e-05,0.006363239510010778,0
646266,3,0,0.00023394395908932518,0.006363239510010778,0
646270,3,0,4.9629928750110356e-05,0.006363239510010778,0
646274,3,0,0.00036132646478914037,0.006363239510010778,0
646275,3,0,0.00047721625594421524,0.006363239510010778,0
646282,3,0,0.00019716197305062226,0.006363239510010778,0
646303,3,0,0.013621927132444946,0.006363239510010778,1
646304,3,0,4.4967562987634097e-05,0.006363239510010778,0
646338,3,0,0.00033898879700530423,0.006363239510010778,0
646379,3,0,6.206960379873712e-05,0.006363239510010778,0
646400,3,0,0.0005181840733191414,0.006363239510010778,0
646412,3,0,0.0029953991755829476,0.006363239510010778,0
646452,3,0,0.0006596571834955473,0.006363239510010778,0
646517,3,0,0.0002346594780621234,0.006363239510010778,0
646564,3,0,0.0014556973916054785,0.006363239510010778,0
646602,3,0,0.0027316101914455224,0.006363239510010778,0
646607,3,0,0.0006540574854972745,0.006363239510010778,0
646625,3,0,0.002769478313922141,0.006363239510010778,0
646640,3,0,0.0005472384837913294,0.006363239510010778,0
646674,3,0,0.00040241648112824164,0.006363239510010778,0
646758,3,0,0.00011907053967493637,0.006363239510010778,0
646814,3,0,4.864074278214749e-05,0.006363239510010778,0
646832,3,0,0.00018902954055147683,0.006363239510010778,0
646836,3,0,0.0004206673008527168,0.006363239510010778,0
646844,3,0,3.4140261783186025e-05,0.006363239510010778,0
646866,3,0,0.0008376238957657688,0.006363239510010778,0
646917,3,0,8.944214102134205e-05,0.006363239510010778,0
646975,3,0,0.00018140298973216303,0.006363239510010778,0
646995,3,0,0.0026561292346960292,0.006363239510010778,0
647002,3,0,0.00010555694626614902,0.006363239510010778,0
647043,3,0,0.001972485755313975,0.006363239510010778,0
647077,3,0,0.00047331444313205906,0.006363239510010778,0
647082,3,0,7.621165760317336e-05,0.006363239510010778,0
647098,3,0,0.0001507866828128665,0.006363239510010778,0
647145,3,0,0.0006901937176651921,0.006363239510010778,0
647167,3,0,0.00012731758956764077,0.006363239510010778,0
647168,3,0,0.000192016081853187,0.006363239510010778,0
647201,3,0,2.0746767270969833e-05,0.006363239510010778,0
647209,3,0,0.000316963697173245,0.006363239510010778,0
647211,3,0,0.00012803826008348347,0.006363239510010778,0
647240,3,0,0.00045187471778470765,0.006363239510010778,0
647252,3,0,0.00011149263815572668,0.006363239510010778,0
647316,3,0,0.00017823091694713333,0.006363239510010778,0
647337,3,0,0.0023783744275378328,0.006363239510010778,0
647345,3,0,0.00011255495963378077,0.006363239510010778,0
647355,3,0,0.08228691904426788,0.006363239510010778,1
647360,3,0,0.00017284789080415755,0.006363239510010778,0
647363,3,0,0.00046498275865953023,0.006363239510010778,0
647364,3,0,0.0014435203124825262,0.006363239510010778,0
647383,3,0,9.578802883132314e-05,0.006363239510010778,0
647425,3,0,0.00034336856228053765,0.006363239510010778,0
647428,3,0,8.601977593697142e-05,0.006363239510010778,0
647460,3,0,0.0006324711375069941,0.006363239510010778,0
647473,3,0,3.2026421552886343e-06,0.006363239510010778,0
647479,3,0,5.743355278109823e-05,0.006363239510010778,0
647482,3,0,0.00035059323067842597,0.006363239510010778,0
647492,3,0,0.00013642095978088788,0.006363239510010778,0
647507,3,0,7.446586821681051e-05,0.006363239510010778,0
647560,3,0,0.0059895869769502445,0.006363239510010778,0
647579,3,0,0.0004081069706899721,0.006363239510010778,0
647584,3,0,0.00041329560136846495,0.006363239510010778,0
647608,3,0,0.0003023768112582106,0.006363239510010778,0
647614,3,0,9.712164044631106e-05,0.006363239510010778,0
647618,3,0,0.0002871514776760196,0.006363239510010778,0
647627,3,0,8.970374860744252e-05,0.006363239510010778,0
647629,3,0,0.00299263838939038,0.006363239510010778,0
647635,3,0,0.0005179312796735671,0.006363239510010778,0
647662,3,0,8.133825832264069e-05,0.006363239510010778,0
647663,3,0,0.0002083332488616359,0.006363239510010778,0
647671,3,0,0.00013145861526090902,0.006363239510010778,0
647678,3,0,0.00021214958878756907,0.006363239510010778,0
647704,3,0,0.00023815667955481214,0.006363239510010778,0
647717,3,0,0.00013416534761048114,0.006363239510010778,0
647740,3,0,0.00025980420055497154,0.006363239510010778,0
647801,3,0,0.00033319063065624476,0.006363239510010778,0
647841,3,0,0.0011111619492882644,0.006363239510010778,0
647847,3,0,0.00011448598804679157,0.006363239510010778,0
647863,3,0,0.0006308995219047396,0.006363239510010778,0
647877,3,0,0.004016947421096269,0.006363239510010778,0
647890,3,0,7.186588658982904e-05,0.006363239510010778,0
647917,3,0,0.00027319378507137545,0.006363239510010778,0
647918,3,0,0.0005237994522054863,0.006363239510010778,0
647945,3,0,2.5277112033998475e-05,0.006363239510010778,0
647954,3,0,0.0022502448016364666,0.006363239510010778,0
647969,3,0,2.9576368819050417e-05,0.006363239510010778,0
647987,3,0,0.00022008980144808674,0.006363239510010778,0
647998,3,0,0.004204958825819521,0.006363239510010778,0
648000,3,0,0.0011441906017178967,0.006363239510010778,0
648004,3,0,0.0010065785443780775,0.006363239510010778,0
648039,3,0,0.000549495666786236,0.006363239510010778,0
648077,3,0,2.8758255557723768e-05,0.006363239510010778,0
648107,3,0,4.864300076080676e-05,0.006363239510010778,0
648119,3,0,0.0015219667629293376,0.006363239510010778,0
648126,3,0,0.0019351956314036375,0.006363239510010778,0
648144,3,0,0.0005745184355071065,0.006363239510010778,0
648184,3,0,0.00012722311803384072,0.006363239510010778,0
648188,3,0,0.0010584060236465626,0.006363239510010778,0
648201,3,0,0.0007728957741227445,0.006363239510010778,0
648211,3,0,0.0028694831130071084,0.006363239510010778,0
648220,3,0,0.0006349899908414112,0.006363239510010778,0
648288,3,0,0.0031806167585044978,0.006363239510010778,0
648303,3,0,0.008083069801126604,0.006363239510010778,1
648307,3,0,0.0002489179397051966,0.006363239510010778,0
648308,3,0,0.00066294457092679,0.006363239510010778,0
648315,3,0,0.0012953992144316123,0.006363239510010778,0
648350,3,0,6.550749820213751e-05,0.006363239510010778,0
648357,3,0,9.962478844870865e-05,0.006363239510010778,0
648408,3,0,0.0009476265390751828,0.006363239510010778,0
648412,3,0,0.0071221036214955645,0.006363239510010778,1
648434,3,0,0.00015942618416355949,0.006363239510010778,0
648435,3,0,0.0050396660364269204,0.006363239510010778,0
648454,3,0,0.00016962230596146558,0.006363239510010778,0
648478,3,0,0.0003324683999923939,0.006363239510010778,0
648486,3,0,4.99808538636211e-05,0.006363239510010778,0
648487,3,0,0.0010951267134798146,0.006363239510010778,0
648552,3,0,0.00012320285882804448,0.006363239510010778,0
648567,3,0,0.0001163910243513379,0.006363239510010778,0
648583,3,0,0.0008095092110946778,0.006363239510010778,0
648596,3,0,0.0001660319513554487,0.006363239510010778,0
648612,3,0,0.009565467076678023,0.006363239510010778,1
648617,3,0,0.0002295985214918067,0.006363239510010778,0
648657,3,0,4.859134553989233e-05,0.006363239510010778,0
648684,3,0,0.0004811491109620633,0.006363239510010778,0
648704,3,0,0.00011472634633982046,0.006363239510010778,0
648706,3,0,0.00010239327404289225,0.006363239510010778,0
648736,3,0,0.0018901610633906744,0.006363239510010778,0
648744,3,0,0.00010105814159252467,0.006363239510010778,0
648766,3,0,0.00021750527660620387,0.006363239510010778,0
648776,3,0,0.00035813466340141954,0.006363239510010778,0
648782,3,0,0.0009936264687112214,0.006363239510010778,0
648806,3,0,0.004613060462296215,0.006363239510010778,0
648812,3,0,0.00017963800368768932,0.006363239510010778,0
648842,3,0,0.0005275239675628946,0.006363239510010778,0
648849,3,0,0.00015045441162186206,0.006363239510010778,0
648897,3,0,0.00042694825075719503,0.006363239510010778,0
648925,3,0,7.172585682861713e-05,0.006363239510010778,0
649043,3,0,0.000130850653058802,0.006363239510010778,0
649066,3,0,0.001413671543884015,0.006363239510010778,0
649084,3,0,0.0003206835698304166,0.006363239510010778,0
649094,3,0,0.00020028432813466515,0.006363239510010778,0
649128,3,0,0.001371507282069298,0.006363239510010778,0
649138,3,0,0.00019300324936965388,0.006363239510010778,0
649145,3,0,8.857532521796787e-05,0.006363239510010778,0
649157,3,0,0.0019365587266491884,0.006363239510010778,0
649177,3,0,0.0002509641530688455,0.006363239510010778,0
649205,3,0,0.00033384025257575,0.006363239510010778,0
649212,3,0,0.0008897424440656724,0.006363239510010778,0
649250,3,0,0.0002232104707931534,0.006363239510010778,0
649261,3,0,8.333073212778857e-05,0.006363239510010778,0
649377,3,0,7.112837766799411e-05,0.006363239510010778,0
649383,3,0,0.00031445898520127217,0.006363239510010778,0
649385,3,0,6.829390560589094e-05,0.006363239510010778,0
649393,3,0,0.000585495295525255,0.006363239510010778,0
649423,3,0,2.2712371525069012e-05,0.006363239510010778,0
649493,3,0,0.0001424138869087318,0.006363239510010778,0
649498,3,0,0.0038866187253891135,0.006363239510010778,0
649501,3,0,0.0002989174529017524,0.006363239510010778,0
649537,3,0,0.0011810344201422258,0.006363239510010778,0
649540,3,0,0.001015288436196877,0.006363239510010778,0
649548,3,0,3.675870152586413e-05,0.006363239510010778,0
649551,3,0,5.240234446661527e-05,0.006363239510010778,0
649555,3,0,2.6112676107911888e-05,0.006363239510010778,0
649557,3,0,0.001257013406219229,0.006363239510010778,0
649643,3,0,0.004034171879903999,0.006363239510010778,0
649709,3,0,0.00010406187193789437,0.006363239510010778,0
649730,3,0,2.909261778254532e-05,0.006363239510010778,0
649737,3,0,6.944328628623236e-05,0.006363239510010778,0
649765,3,0,4.167664783415238e-05,0.006363239510010778,0
649789,3,0,0.0001655511680454485,0.006363239510010778,0
649793,3,0,0.00011264039730510683,0.006363239510010778,0
649795,3,0,0.00011292246118323772,0.006363239510010778,0
649805,3,0,0.00029227562988909427,0.006363239510010778,0
649816,3,0,0.001613208767408191,0.006363239510010778,0
649841,3,0,0.0026072953872734858,0.006363239510010778,0
649899,3,0,0.0004340189117401399,0.006363239510010778,0
649903,3,0,0.0004473615684913196,0.006363239510010778,0
649907,3,0,1.9424448967991662e-05,0.006363239510010778,0
649929,3,0,0.0014583248170675677,0.006363239510010778,0
649939,3,0,6.519682490400919e-05,0.006363239510010778,0
649962,3,0,0.00013282423396303897,0.006363239510010778,0
650079,3,0,0.00013884907454807079,0.006363239510010778,0
650099,3,0,0.0020534895365065574,0.006363239510010778,0
650110,3,0,0.0006099380612562516,0.006363239510010778,0
650152,3,0,0.00129746178650663,0.006363239510010778,0
650169,3,0,0.0022810604322256937,0.006363239510010778,0
650191,3,0,5.5639386330913726e-05,0.006363239510010778,0
650194,3,0,6.606972897441698e-05,0.006363239510010778,0
650195,3,0,0.000629059288555408,0.006363239510010778,0
650205,3,0,0.0003044720778116192,0.006363239510010778,0
650223,3,0,0.00038817525593501286,0.006363239510010778,0
650231,3,0,0.0001485323413043992,0.006363239510010778,0
650240,3,0,0.001098992553212651,0.006363239510010778,0
650247,3,0,0.0026527666146080905,0.006363239510010778,0
650249,3,0,0.0013898119587113502,0.006363239510010778,0
650280,3,0,0.0012882440357591923,0.006363239510010778,0
650305,3,0,5.2981793114358415e-05,0.006363239510010778,0
650306,3,0,0.0001839821515391358,0.006363239510010778,0
650317,3,0,0.00019188758226639307,0.006363239510010778,0
650328,3,0,0.00012312362706226224,0.006363239510010778,0
650331,3,0,0.00022001237767408632,0.006363239510010778,0
650334,3,0,0.00011038362282800734,0.006363239510010778,0
650372,3,0,0.000851252109533821,0.006363239510010778,0
650432,3,0,0.000143278203511472,0.006363239510010778,0
650439,3,0,8.43093490483511e-05,0.006363239510010778,0
650451,3,0,4.859012692443627e-05,0.006363239510010778,0
650468,3,0,0.00018181534924714715,0.006363239510010778,0
650476,3,0,0.0014438759559900329,0.006363239510010778,0
650482,3,0,8.559297927387144e-05,0.006363239510010778,0
650484,3,0,0.000920168700283605,0.006363239510010778,0
650499,3,0,5.410034387179836e-05,0.006363239510010778,0
650580,3,0,0.0022007295452554816,0.006363239510010778,0
650629,3,0,1.4256976081375997e-05,0.006363239510010778,0
650630,3,0,9.366797624497067e-05,0.006363239510010778,0
650639,3,0,0.00011193648922447629,0.006363239510010778,0
650646,3,0,6.903876730463878e-05,0.006363239510010778,0
650664,3,0,1.5261080579904615e-05,0.006363239510010778,0
650676,3,0,7.595159808698047e-05,0.006363239510010778,0
650689,3,0,0.0001110627654045822,0.006363239510010778,0
650694,3,0,5.887235753760401e-05,0.006363239510010778,0
650703,3,0,5.9542701757097196e-05,0.006363239510010778,0
650708,3,0,0.0001675027466843813,0.006363239510010778,0
650730,3,0,0.0005173167573612406,0.006363239510010778,0
650735,3,0,0.0005665864170924467,0.006363239510010778,0
650760,3,0,0.0002464598879767847,0.006363239510010778,0
650775,3,0,0.0011075256986042969,0.006363239510010778,0
650806,3,0,0.0007068472307810939,0.006363239510010778,0
650808,3,0,0.0016386695697218788,0.006363239510010778,0
650835,3,0,0.0008191412036796399,0.006363239510010778,0
650854,3,0,0.0005350246932463727,0.006363239510010778,0
650876,3,0,7.096294286885244e-05,0.006363239510010778,0
650883,3,0,0.0007254655218560526,0.006363239510010778,0
650935,3,0,0.0004913400217318486,0.006363239510010778,0
650947,3,0,2.7386089778673402e-05,0.006363239510010778,0
650967,3,0,0.0003165703646816904,0.006363239510010778,0
651028,3,0,7.72974112881966e-05,0.006363239510010778,0
651037,3,0,0.00040304091488552234,0.006363239510010778,0
651071,3,0,0.0021099524788270366,0.006363239510010778,0
651102,3,0,0.00215269076682464,0.006363239510010778,0
651109,3,0,0.0001878436054891818,0.006363239510010778,0
651110,3,0,0.0002721068534575707,0.006363239510010778,0
651115,3,0,0.0019233338272145362,0.006363239510010778,0
651134,3,0,1.4388991048900634e-05,0.006363239510010778,0
651141,3,0,9.592728220047764e-05,0.006363239510010778,0
651182,3,0,0.0004496535474848639,0.006363239510010778,0
651190,3,0,6.486716932655092e-05,0.006363239510010778,0
651191,3,0,0.0012820260425735633,0.006363239510010778,0
651223,3,0,0.001022915945909999,0.006363239510010778,0
651248,3,0,0.003907735281508674,0.006363239510010778,0
651252,3,0,0.00033201963485879544,0.006363239510010778,0
651320,3,0,0.0027033487751987498,0.006363239510010778,0
651342,3,0,0.0018025441694120977,0.006363239510010778,0
651348,3,0,7.057089959914047e-05,0.006363239510010778,0
651372,3,0,0.0001606194223943483,0.006363239510010778,0
651374,3,0,0.00014478804679514404,0.006363239510010778,0
651380,3,0,6.93508885556984e-05,0.006363239510010778,0
651393,3,0,1.7727367699945658e-05,0.006363239510010778,0
651399,3,0,0.001335685231294593,0.006363239510010778,0
651401,3,0,0.00040189253272966436,0.006363239510010778,0
651458,3,0,4.616301519199747e-05,0.006363239510010778,0
651470,3,0,3.6638375375087436e-05,0.006363239510010778,0
651479,3,0,2.3511781547498223e-05,0.006363239510010778,0
651484,3,0,0.00010382680015573305,0.006363239510010778,0
651491,3,0,3.235779059835691e-05,0.006363239510010778,0
651525,3,0,0.0002846718252719264,0.006363239510010778,0
651531,3,0,0.07405711914881698,0.006363239510010778,1
651615,3,0,0.0002558393248979702,0.006363239510010778,0
651632,3,0,0.0036909549630087485,0.006363239510010778,0
651687,3,0,0.012565843284066345,0.006363239510010778,1
651690,3,0,0.00019628283800713435,0.006363239510010778,0
651694,3,0,0.0014431458448615816,0.006363239510010778,0
651709,3,0,0.0009259296097367914,0.006363239510010778,0
651712,3,0,0.001387153373750671,0.006363239510010778,0
651729,3,0,0.0003951365634063123,0.006363239510010778,0
651744,3,0,0.00014369004129561794,0.006363239510010778,0
651768,3,0,0.00010091909217934924,0.006363239510010778,0
651774,3,0,0.0008541298812500476,0.006363239510010778,0
651852,3,0,0.0008215585492661377,0.006363239510010778,0
651874,3,0,0.0004392373171286858,0.006363239510010778,0
651909,3,0,0.00040622441047254116,0.006363239510010778,0
651944,3,0,0.0002955925035761023,0.006363239510010778,0
652013,3,0,0.00013478558152682404,0.006363239510010778,0
652087,3,0,0.0005376620685514556,0.006363239510010778,0
652135,3,0,0.0003234546992473214,0.006363239510010778,0
652224,3,0,0.00116812892169415,0.006363239510010778,0
652249,3,0,0.0005469633435563594,0.006363239510010778,0
652261,3,0,1.8226525817912626e-05,0.006363239510010778,0
652277,3,0,0.0001997357765896753,0.006363239510010778,0
652300,3,0,0.0003549046267726019,0.006363239510010778,0
652344,3,0,0.00029828747218559406,0.006363239510010778,0
652377,3,0,0.00039946602496220154,0.006363239510010778,0
652395,3,0,0.0006013301248834829,0.006363239510010778,0
652398,3,0,7.006391862653648e-05,0.006363239510010778,0
652399,3,0,0.0007993342610666122,0.006363239510010778,0
652468,3,0,6.457349389409241e-06,0.006363239510010778,0
652487,3,0,0.0018474202471843411,0.006363239510010778,0
652506,3,0,0.0016267697030576905,0.006363239510010778,0
652557,3,0,7.606593760512083e-05,0.006363239510010778,0
652601,3,0,0.0025672883359241718,0.006363239510010778,0
652620,3,0,0.0017019098524219875,0.006363239510010778,0
652654,3,0,0.0001263881559324585,0.006363239510010778,0
652656,3,0,0.0009406259649406194,0.006363239510010778,0
652657,3,0,0.0031173496050110184,0.006363239510010778,0
652665,3,0,2.284003663613056e-05,0.006363239510010778,0
652711,3,0,0.0004489141923070555,0.006363239510010778,0
652738,3,0,0.0004395859838506807,0.006363239510010778,0
652740,3,0,6.158345201735483e-05,0.006363239510010778,0
652786,3,0,0.0002439561595614325,0.006363239510010778,0
652796,3,0,6.332230772945685e-05,0.006363239510010778,0
652802,3,0,0.00047914706020421246,0.006363239510010778,0
652806,3,0,0.002776719673187635,0.006363239510010778,0
652819,3,0,0.00017746821381828658,0.006363239510010778,0
652838,3,0,9.693852038217324e-05,0.006363239510010778,0
652875,3,0,0.0005329073231444349,0.006363239510010778,0
652878,3,0,1.880751963614243e-05,0.006363239510010778,0
652883,3,0,0.005904434742935213,0.006363239510010778,0
652921,3,0,0.0077804903902310716,0.006363239510010778,1
652955,3,0,0.0008521388535349267,0.006363239510010778,0
652967,3,0,8.870617498971708e-05,0.006363239510010778,0
652984,3,0,0.00026657545198857945,0.006363239510010778,0
652989,3,0,0.0014612115186321746,0.006363239510010778,0
652990,3,0,0.0008882628460799162,0.006363239510010778,0
652994,3,0,0.0007328495985264991,0.006363239510010778,0
653110,3,0,6.224832913314827e-05,0.006363239510010778,0
653163,3,0,1.0044353430536659e-05,0.006363239510010778,0
653235,3,0,5.934388196553875e-05,0.006363239510010778,0
653318,3,0,0.006759018934376043,0.006363239510010778,1
653333,3,0,0.00047759909383485475,0.006363239510010778,0
653349,3,0,8.106817419382831e-05,0.006363239510010778,0
653354,3,0,4.899210155240938e-05,0.006363239510010778,0
653380,3,0,0.000290437029825757,0.006363239510010778,0
653388,3,0,3.2213951215041946e-05,0.006363239510010778,0
653392,3,0,0.022298217107521178,0.006363239510010778,1
653393,3,0,0.0004068267656866722,0.006363239510010778,0
653426,3,0,0.00017231884609125752,0.006363239510010778,0
653427,3,0,0.00029067749782074853,0.006363239510010778,0
653438,3,0,0.0002998042088469601,0.006363239510010778,0
653468,3,0,0.00032470006256704495,0.006363239510010778,0
653545,3,0,0.000625353539119884,0.006363239510010778,0
653551,3,0,8.088771928611713e-05,0.006363239510010778,0
653597,3,0,0.0002102803997585376,0.006363239510010778,0
653639,3,0,0.0020511113358470875,0.006363239510010778,0
653643,3,0,0.014147237532208068,0.006363239510010778,1
653644,3,0,5.6654981579337895e-05,0.006363239510010778,0
653652,3,0,0.0039841735519293335,0.006363239510010778,0
653669,3,0,0.0008168351304579254,0.006363239510010778,0
653677,3,0,0.0010852595552540219,0.006363239510010778,0
653691,3,0,2.9457316421143874e-05,0.006363239510010778,0
653714,3,0,0.00018239700537493034,0.006363239510010778,0
653784,3,0,0.001471365635671988,0.006363239510010778,0
653819,3,0,0.006172461338308171,0.006363239510010778,0
653935,3,0,0.0034084042279113463,0.006363239510010778,0
653946,3,0,0.00023378702337215808,0.006363239510010778,0
653968,3,0,0.0012793471216366809,0.006363239510010778,0
653969,3,0,0.003922811537238757,0.006363239510010778,0
653987,3,0,0.00018743696521969944,0.006363239510010778,0
653991,3,0,0.0009676722555504231,0.006363239510010778,0
653992,3,0,0.0002697386888856616,0.006363239510010778,0
654040,3,0,0.00010278479528329214,0.006363239510010778,0
654065,3,0,0.0007162091216846157,0.006363239510010778,0
654081,3,0,0.00017074534301494583,0.006363239510010778,0
654123,3,0,0.00020182611947307087,0.006363239510010778,0
654156,3,0,0.0021923247861334065,0.006363239510010778,0
654157,3,0,0.0004290480155334319,0.006363239510010778,0
654161,3,0,0.00014208449730291004,0.006363239510010778,0
654174,3,0,9.897715039089692e-05,0.006363239510010778,0
654177,3,0,0.00018408588443248185,0.006363239510010778,0
654206,3,0,9.677925170964144e-05,0.006363239510010778,0
654226,3,0,0.00014070436247447653,0.006363239510010778,0
654247,3,0,0.0003968944021410193,0.006363239510010778,0
654279,3,0,0.0005473013152972709,0.006363239510010778,0
654297,3,0,0.00048297619791572583,0.006363239510010778,0
654298,3,0,0.0005245760269327017,0.006363239510010778,0
654302,3,0,0.0017414285579538905,0.006363239510010778,0
654326,3,0,0.00026157604501314617,0.006363239510010778,0
654333,3,0,0.00015786744438168042,0.006363239510010778,0
654340,3,0,0.00011739286561208531,0.006363239510010778,0
654417,3,0,0.0002472760615124655,0.006363239510010778,0
654428,3,0,0.00158774434992698,0.006363239510010778,0
654442,3,0,0.00014754577535965166,0.006363239510010778,0
654476,3,0,6.496997084429015e-05,0.006363239510010778,0
654492,3,0,0.00022300336074204064,0.006363239510010778,0
654500,3,0,0.0006142259395525944,0.006363239510010778,0
654528,3,0,0.0003300572980779903,0.006363239510010778,0
654532,3,0,0.00031229640591986586,0.006363239510010778,0
654559,3,0,0.0034671901161868364,0.006363239510010778,0
654567,3,0,0.00010757001940309397,0.006363239510010778,0
654594,3,0,0.00141429588729869,0.006363239510010778,0
654628,3,0,0.00022981109223026207,0.006363239510010778,0
654661,3,0,0.00010385053445200513,0.006363239510010778,0
654701,3,0,0.0007140308252827569,0.006363239510010778,0
654703,3,0,5.115098148789903e-05,0.006363239510010778,0
654749,3,0,0.000664148713091173,0.006363239510010778,0
654760,3,0,0.0005366706678218593,0.006363239510010778,0
654781,3,0,0.00013121067835227768,0.006363239510010778,0
654788,3,0,5.862102045234949e-05,0.006363239510010778,0
654804,3,0,0.00011549704033029341,0.006363239510010778,0
654844,3,0,4.190885097812372e-05,0.006363239510010778,0
654864,3,0,0.0008549303923983679,0.006363239510010778,0
654882,3,0,0.0015254476460363465,0.006363239510010778,0
654889,3,0,2.1617195970025038e-05,0.006363239510010778,0
654890,3,0,0.0002540388633908894,0.006363239510010778,0
654897,3,0,0.0006562673636241968,0.006363239510010778,0
654912,3,0,0.00016215616103947103,0.006363239510010778,0
654914,3,0,9.534226225033004e-05,0.006363239510010778,0
654917,3,0,0.00017031450789477628,0.006363239510010778,0
654946,3,0,2.3760103313510476e-05,0.006363239510010778,0
654950,3,0,3.9432744427215134e-05,0.006363239510010778,0
654989,3,0,0.0012040081161661712,0.006363239510010778,0
655008,3,0,0.0013252408614394307,0.006363239510010778,0
655010,3,0,0.0017982316820805571,0.006363239510010778,0
655079,3,0,0.0006780116908378646,0.006363239510010778,0
655122,3,0,0.009276207616655565,0.006363239510010778,1
655166,3,0,0.0005724778995247183,0.006363239510010778,0
655187,3,0,0.0008007702511850199,0.006363239510010778,0
655200,3,0,4.2281500345838225e-05,0.006363239510010778,0
655206,3,0,9.280542683024089e-05,0.006363239510010778,0
655219,3,0,0.0036569694785459146,0.006363239510010778,0
655254,3,0,0.0011343729044133348,0.006363239510010778,0
655295,3,0,2.1444091395727236e-05,0.006363239510010778,0
655320,3,0,0.005150394674132741,0.006363239510010778,0
655340,3,0,4.858398724172848e-05,0.006363239510010778,0
655345,3,0,0.0003042017809634755,0.006363239510010778,0
655378,3,0,4.602969473941614e-05,0.006363239510010778,0
655381,3,0,0.0031098715273645884,0.006363239510010778,0
655444,3,0,0.0017940011832148221,0.006363239510010778,0
655502,3,0,0.0001331291215130284,0.006363239510010778,0
655508,3,0,6.529122005875783e-05,0.006363239510010778,0
655512,3,0,0.00012965439648999986,0.006363239510010778,0
655540,3,0,7.85390434192186e-05,0.006363239510010778,0
655577,3,0,0.0009093957281135288,0.006363239510010778,0
655598,3,0,0.0002972559128337607,0.006363239510010778,0
655613,3,0,0.00013356257391942624,0.006363239510010778,0
655700,3,0,2.7890318885140016e-05,0.006363239510010778,0
655710,3,0,0.0008550383407246241,0.006363239510010778,0
655713,3,0,0.0003355067800079543,0.006363239510010778,0
655753,3,0,0.0005155412494444383,0.006363239510010778,0
655766,3,0,0.0014870390179074757,0.006363239510010778,0
655796,3,0,0.0004159439439972922,0.006363239510010778,0
655811,3,0,6.187271133019644e-05,0.006363239510010778,0
655864,3,0,0.0001950481217079045,0.006363239510010778,0
655882,3,0,0.00021384109014234496,0.006363239510010778,0
655885,3,0,1.5353354272257665e-05,0.006363239510010778,0
655903,3,0,0.0004473701514588202,0.006363239510010778,0
655904,3,0,0.0005406798857539143,0.006363239510010778,0
655936,3,0,0.0002867679923017465,0.006363239510010778,0
655942,3,0,0.0011162275402612249,0.006363239510010778,0
655967,3,0,9.214024946994123e-05,0.006363239510010778,0
656002,3,0,0.00019848179922447667,0.006363239510010778,0
656007,3,0,0.0003162540392721069,0.006363239510010778,0
656014,3,0,0.0010487317071968044,0.006363239510010778,0
656022,3,0,0.00018452522944224935,0.006363239510010778,0
656032,3,0,0.0007605043350939113,0.006363239510010778,0
656058,3,0,0.0007292294479224979,0.006363239510010778,0
656066,3,0,9.882759117914862e-05,0.006363239510010778,0
656106,3,0,0.00048100640693562183,0.006363239510010778,0
656137,3,0,0.00014994851267460333,0.006363239510010778,0
656146,3,0,0.0004893859695069256,0.006363239510010778,0
656169,3,0,0.0001470802005694346,0.006363239510010778,0
656181,3,0,2.02885997532964e-05,0.006363239510010778,0
656204,3,0,7.658999328641474e-05,0.006363239510010778,0
656205,3,0,0.0005084282510988042,0.006363239510010778,0
656236,3,0,0.0008963732663889451,0.006363239510010778,0
656266,3,0,0.00042850103574807293,0.006363239510010778,0
656290,3,0,0.00022520773778842072,0.006363239510010778,0
656333,3,0,0.001614942537561203,0.006363239510010778,0
656366,3,0,0.0011448409774712134,0.006363239510010778,0
656367,3,0,0.0005047616213182313,0.006363239510010778,0
657428,3,0,0.00011270831097310552,0.006363239510010778,0
657444,3,0,0.0010200287132820255,0.006363239510010778,0
657615,3,0,0.0006508908398915914,0.006363239510010778,0
657641,3,0,1.1733356471280162e-05,0.006363239510010778,0
657714,3,0,0.002033471892626884,0.006363239510010778,0
657739,3,0,0.0006032312168705123,0.006363239510010778,0
657740,3,0,0.00011237697954354984,0.006363239510010778,0
657746,3,0,0.0004277079104536486,0.006363239510010778,0
657751,3,0,0.002390058548769202,0.006363239510010778,0
657779,3,0,0.000472805397308597,0.006363239510010778,0
657783,3,0,0.0009199095784197616,0.006363239510010778,0
657816,3,0,3.890841271937595e-05,0.006363239510010778,0
657932,3,0,0.002192995626821496,0.006363239510010778,0
657980,3,0,6.078521706650385e-05,0.006363239510010778,0
658007,3,0,0.0035349355373057,0.006363239510010778,0
658322,3,0,0.011573994570039855,0.006363239510010778,1
658334,3,0,0.0005218858817680257,0.006363239510010778,0
658344,3,0,0.0004093209293234144,0.006363239510010778,0
658445,3,0,0.0005055545851413834,0.006363239510010778,0
658504,3,0,0.00011027595101642853,0.006363239510010778,0
658527,3,0,0.0003739045544207517,0.006363239510010778,0
658589,3,0,0.0007479508248247952,0.006363239510010778,0
658596,3,0,0.00023525075553436654,0.006363239510010778,0
658605,3,0,0.0003196475241952703,0.006363239510010778,0
658686,3,0,0.00026321706056244,0.006363239510010778,0
658704,3,0,3.500731083836686e-05,0.006363239510010778,0
658710,3,0,0.00014597600984522498,0.006363239510010778,0
658729,3,0,6.992409141382893e-05,0.006363239510010778,0
658855,3,0,0.0001636340742903217,0.006363239510010778,0
658861,3,0,0.00027925950494321454,0.006363239510010778,0
658866,3,0,0.0004366643001667447,0.006363239510010778,0
658871,3,0,0.020190015658293863,0.006363239510010778,1
658900,3,0,0.0005827600613587369,0.006363239510010778,0
658948,3,0,0.0005816085801916845,0.006363239510010778,0
658953,3,0,0.0008726855552422095,0.006363239510010778,0
658969,3,0,0.000156274851484518,0.006363239510010778,0
658973,3,0,0.0008565823240792106,0.006363239510010778,0
658979,3,0,0.0045383577861880095,0.006363239510010778,0
659066,3,0,0.0005306640155635972,0.006363239510010778,0
659074,3,0,0.0030664134469735173,0.006363239510010778,0
659090,3,0,0.000373643399003048,0.006363239510010778,0
659131,3,0,3.5513273620152005e-05,0.006363239510010778,0
659192,3,0,4.184580876747175e-05,0.006363239510010778,0
659234,3,0,0.000741374881668162,0.006363239510010778,0
659311,3,0,0.0008431418883067121,0.006363239510010778,0
659321,3,0,7.18170142919876e-05,0.006363239510010778,0
659391,3,0,7.78720460468856e-05,0.006363239510010778,0
659401,3,0,0.00515088152580031,0.006363239510010778,0
659462,3,0,0.0001274389095819113,0.006363239510010778,0
659477,3,0,8.414221102165559e-05,0.006363239510010778,0
659494,3,0,0.00011526214766805112,0.006363239510010778,0
659509,3,0,0.0008388761741107873,0.006363239510010778,0
659531,3,0,5.4533769952094535e-05,0.006363239510010778,0
659552,3,0,0.00031853958770005643,0.006363239510010778,0
659566,3,0,0.003339858483070764,0.006363239510010778,0
659570,3,0,0.0025392567010731628,0.006363239510010778,0
659705,3,0,0.00013118686155421167,0.006363239510010778,0
659783,3,0,0.0006531837455560082,0.006363239510010778,0
659788,3,0,0.0008376488560124409,0.006363239510010778,0
659798,3,0,4.4990113539234195e-05,0.006363239510010778,0
659814,3,0,0.0001058182585852845,0.006363239510010778,0
659850,3,0,0.0025580304152254436,0.006363239510010778,0
659862,3,0,0.0019006983835903727,0.006363239510010778,0
659922,3,0,0.001640380742170868,0.006363239510010778,0
659930,3,0,0.0007201807376326898,0.006363239510010778,0
659976,3,0,0.0022124393217382993,0.006363239510010778,0
660046,3,0,0.000288108293128182,0.006363239510010778,0
660075,3,0,0.000621671951044589,0.006363239510010778,0
660099,3,0,0.00010174188886629504,0.006363239510010778,0
660100,3,0,0.00016871508437985773,0.006363239510010778,0
660110,3,0,1.7897110656396493e-05,0.006363239510010778,0
660150,3,0,0.00017085871918849223,0.006363239510010778,0
660161,3,0,9.092818952220076e-05,0.006363239510010778,0
660173,3,0,0.0022544677849500082,0.006363239510010778,0
660234,3,0,0.00013734000495925312,0.006363239510010778,0
660250,3,0,0.0014010318564753003,0.006363239510010778,0
660252,3,0,0.0005545538771692021,0.006363239510010778,0
660270,3,0,0.000123518542816803,0.006363239510010778,0
660459,3,0,0.00015136680714556108,0.006363239510010778,0
660522,3,0,0.0001188278470949245,0.006363239510010778,0
660531,3,0,0.007323277456461822,0.006363239510010778,1
660577,3,0,0.00030806761460914627,0.006363239510010778,0
660581,3,0,2.7156174108987253e-05,0.006363239510010778,0
660643,3,0,0.003056247243591968,0.006363239510010778,0
660647,3,0,7.471537188625993e-06,0.006363239510010778,0
660652,3,0,0.0006621242882329368,0.006363239510010778,0
660710,3,0,3.221248789292043e-05,0.006363239510010778,0
660758,3,0,4.532939509609959e-05,0.006363239510010778,0
660766,3,0,6.738343891945558e-05,0.006363239510010778,0
660785,3,0,0.00025242279378175764,0.006363239510010778,0
660802,3,0,0.0005733176222840034,0.006363239510010778,0
660809,3,0,0.00019301821992976636,0.006363239510010778,0
660850,3,0,0.002368905439287355,0.006363239510010778,0
660885,3,0,0.0003823664419569668,0.006363239510010778,0
660974,3,0,0.001120294376981211,0.006363239510010778,0
661054,3,0,0.00026118431107291637,0.006363239510010778,0
661060,3,0,0.00036369148319532546,0.006363239510010778,0
661064,3,0,0.00021606231395619534,0.006363239510010778,0
661102,3,0,0.001771725330854635,0.006363239510010778,0
661117,3,0,0.0002621208102533324,0.006363239510010778,0
661191,3,0,0.00015472804087704272,0.006363239510010778,0
661292,3,0,2.830963071880756e-05,0.006363239510010778,0
661348,3,0,0.0005207013402533314,0.006363239510010778,0
661355,3,0,0.000212014464054416,0.006363239510010778,0
661389,3,0,4.508689183987802e-05,0.006363239510010778,0
661465,3,0,0.003367069197553464,0.006363239510010778,0
661488,3,0,0.0004653310244583168,0.006363239510010778,0
661512,3,0,0.00017265074749614335,0.006363239510010778,0
661632,3,0,9.263025249509642e-05,0.006363239510010778,0
661755,3,0,0.0007014177997146749,0.006363239510010778,0
661801,3,0,9.342623334164478e-06,0.006363239510010778,0
661825,3,0,0.00015956339496683283,0.006363239510010778,0
661878,3,0,0.0002814816156632895,0.006363239510010778,0
661904,3,0,0.00040446060237560663,0.006363239510010778,0
661921,3,0,4.6251664185311765e-05,0.006363239510010778,0
661953,3,0,0.0002138452320203964,0.006363239510010778,0
661961,3,0,0.007676269809293455,0.006363239510010778,1
661967,3,0,0.0002407710347459277,0.006363239510010778,0
661981,3,0,0.00019168414259671936,0.006363239510010778,0
662008,3,0,0.00039920868427037394,0.006363239510010778,0
662090,3,0,0.00023373751036553025,0.006363239510010778,0
662102,3,0,0.0014198553576341346,0.006363239510010778,0
662104,3,0,0.0007980658009664807,0.006363239510010778,0
662169,3,0,0.0007028427791333183,0.006363239510010778,0
662174,3,0,0.00031256449785709565,0.006363239510010778,0
662175,3,0,0.0031046468776232718,0.006363239510010778,0
662228,3,0,0.00022638862131659813,0.006363239510010778,0
662238,3,0,9.082803515250007e-05,0.006363239510010778,0
662239,3,0,0.0012785792543460418,0.006363239510010778,0
662240,3,0,0.0002392259549609158,0.006363239510010778,0
662273,3,0,0.0010415268284167964,0.006363239510010778,0
662305,3,0,0.0016294872102200486,0.006363239510010778,0
662308,3,0,0.0016055318892855951,0.006363239510010778,0
662338,3,0,0.0001236998023353043,0.006363239510010778,0
662381,3,0,0.0014770225035702594,0.006363239510010778,0
662383,3,0,0.002185012094971505,0.006363239510010778,0
662405,3,0,3.8866191669073323e-05,0.006363239510010778,0
662411,3,0,0.0006058866646891711,0.006363239510010778,0
662419,3,0,0.0001724741922482124,0.006363239510010778,0
662433,3,0,0.00041963774461366526,0.006363239510010778,0
662487,3,0,8.53486120588406e-05,0.006363239510010778,0
662539,3,0,0.0008205961638522013,0.006363239510010778,0
662570,3,0,0.00037205186396299016,0.006363239510010778,0
662588,3,0,0.014779345911307331,0.006363239510010778,1
662608,3,0,0.008964728600697733,0.006363239510010778,1
662688,3,0,0.0009659042364979717,0.006363239510010778,0
662693,3,0,0.00017545277548650413,0.006363239510010778,0
662695,3,0,3.389215444483883e-05,0.006363239510010778,0
662736,3,0,0.00013135250734823577,0.006363239510010778,0
662791,3,0,0.0002801370060917323,0.006363239510010778,0
662812,3,0,0.001794780289830136,0.006363239510010778,0
662888,3,0,0.001908733115669509,0.006363239510010778,0
662894,3,0,0.0022613071449139833,0.006363239510010778,0
662967,3,0,0.0017244481349975522,0.006363239510010778,0
662974,3,0,0.018312855454033727,0.006363239510010778,1
663011,3,0,0.004125924178745976,0.006363239510010778,0
663112,3,0,0.00019572717099354287,0.006363239510010778,0
663128,3,0,9.475503157118066e-05,0.006363239510010778,0
663186,3,0,4.550165049630468e-06,0.006363239510010778,0
663193,3,0,4.660684737843315e-05,0.006363239510010778,0
663232,3,0,0.00030969906472839325,0.006363239510010778,0
663259,3,0,0.0016708326163028156,0.006363239510010778,0
663266,3,0,0.0735789069487543,0.006363239510010778,1
663275,3,0,2.1869393920735488e-05,0.006363239510010778,0
663310,3,0,0.0003880630769343534,0.006363239510010778,0
663338,3,0,0.002270260212275945,0.006363239510010778,0
663407,3,0,0.0005157125786369689,0.006363239510010778,0
663417,3,0,0.0014727174608452568,0.006363239510010778,0
663422,3,0,0.0004875651864159348,0.006363239510010778,0
663454,3,0,0.04376266349896323,0.006363239510010778,1
663464,3,0,0.00010962987841941542,0.006363239510010778,0
663468,3,0,0.0017207794762868084,0.006363239510010778,0
663474,3,0,0.00020038872290749653,0.006363239510010778,0
663475,3,0,5.3528385356780394e-05,0.006363239510010778,0
663549,3,0,0.00658199624145517,0.006363239510010778,1
663573,3,0,0.00025140634117173303,0.006363239510010778,0
663577,3,0,0.0002640350470812844,0.006363239510010778,0
663596,3,0,3.946876902051569e-05,0.006363239510010778,0
663638,3,0,0.00027049257477619376,0.006363239510010778,0
663750,3,0,5.595889387210321e-05,0.006363239510010778,0
663765,3,0,6.730333088600173e-05,0.006363239510010778,0
663767,3,0,0.00040245831782010006,0.006363239510010778,0
663828,3,0,0.0003588763276274915,0.006363239510010778,0
663863,3,0,0.00018301731181962044,0.006363239510010778,0
663876,3,0,0.0007797421659912525,0.006363239510010778,0
663887,3,0,0.00012886039557319105,0.006363239510010778,0
663893,3,0,0.008181917137925364,0.006363239510010778,1
663943,3,0,0.00011114812868876486,0.006363239510010778,0
663955,3,0,5.219125568169742e-05,0.006363239510010778,0
663966,3,0,0.0012268946459360565,0.006363239510010778,0
663978,3,0,2.4230070004579516e-05,0.006363239510010778,0
663991,3,0,0.0033932571808528533,0.006363239510010778,0
664000,3,0,0.00026505449553089055,0.006363239510010778,0
664031,3,0,0.0008213569673287317,0.006363239510010778,0
664072,3,0,0.010689721706886667,0.006363239510010778,1
664129,3,0,0.010561239162520527,0.006363239510010778,1
664133,3,0,7.485264058881066e-05,0.006363239510010778,0
664157,3,0,0.00014484236686563038,0.006363239510010778,0
664167,3,0,0.0003976838887321475,0.006363239510010778,0
664168,3,0,0.0006882757603548818,0.006363239510010778,0
664227,3,0,0.0003514716402689815,0.006363239510010778,0
664228,3,0,0.00032805529294027664,0.006363239510010778,0
664258,3,0,0.006148165783545787,0.006363239510010778,0
664264,3,0,0.00027906840399828436,0.006363239510010778,0
664279,3,0,5.786753277845188e-05,0.006363239510010778,0
664295,3,0,2.096676724713326e-05,0.006363239510010778,0
664332,3,0,0.0004347739795504231,0.006363239510010778,0
664361,3,0,3.728597856039334e-05,0.006363239510010778,0
664389,3,0,0.00013985612527405916,0.006363239510010778,0
664439,3,0,0.0012695389323145454,0.006363239510010778,0
664455,3,0,0.002899520125915359,0.006363239510010778,0
664460,3,0,0.000348703341164969,0.006363239510010778,0
664485,3,0,0.0009132647121952795,0.006363239510010778,0
664498,3,0,0.00030332970957686035,0.006363239510010778,0
664501,3,0,0.0006584865474707555,0.006363239510010778,0
664518,3,0,0.0006236335664042581,0.006363239510010778,0
664546,3,0,2.1899163749660988e-05,0.006363239510010778,0
664554,3,0,8.002923726801272e-05,0.006363239510010778,0
664556,3,0,0.0001584127342413646,0.006363239510010778,0
664557,3,0,0.002799420524610818,0.006363239510010778,0
664651,3,0,0.0003012704493580571,0.006363239510010778,0
664686,3,0,3.5833424258997895e-05,0.006363239510010778,0
664704,3,0,0.0001614026105061416,0.006363239510010778,0
664761,3,0,0.009243793994636115,0.006363239510010778,1
664764,3,0,0.0005320659860779933,0.006363239510010778,0
664832,3,0,0.00036769802624192504,0.006363239510010778,0
664840,3,0,0.0113368696996708,0.006363239510010778,1
664848,3,0,0.00041581390745587846,0.006363239510010778,0
664859,3,0,0.00021703922555155807,0.006363239510010778,0
664889,3,0,0.00023868179099334835,0.006363239510010778,0
664901,3,0,0.0005789251959547327,0.006363239510010778,0
664969,3,0,0.0001865250839472352,0.006363239510010778,0
665005,3,0,0.0032084239863834547,0.006363239510010778,0
665031,3,0,5.147065015932572e-05,0.006363239510010778,0
665032,3,0,0.002217538237855166,0.006363239510010778,0
665046,3,0,6.000126147280217e-06,0.006363239510010778,0
665049,3,0,0.000215332585039828,0.006363239510010778,0
665089,3,0,3.614814189615145e-05,0.006363239510010778,0
665090,3,0,0.0010024496094886615,0.006363239510010778,0
665092,3,0,0.0004230505827016519,0.006363239510010778,0
665102,3,0,0.0002496952868250506,0.006363239510010778,0
665128,3,0,0.00087525354580374,0.006363239510010778,0
665141,3,0,8.566336382854e-05,0.006363239510010778,0
665147,3,0,0.00034065597541462763,0.006363239510010778,0
665184,3,0,5.494972255536818e-06,0.006363239510010778,0
665199,3,0,9.585616137731524e-05,0.006363239510010778,0
665212,3,0,0.000832877328969323,0.006363239510010778,0
665272,3,0,0.0008881562553223506,0.006363239510010778,0
665307,3,0,9.050459273816786e-05,0.006363239510010778,0
665313,3,0,0.00018523693945305826,0.006363239510010778,0
665317,3,0,0.00031089034156150144,0.006363239510010778,0
665342,3,0,0.0002180819153821064,0.006363239510010778,0
665346,3,0,0.0006398746017593971,0.006363239510010778,0
665349,3,0,0.0018327486589591279,0.006363239510010778,0
665401,3,0,0.00016408956854180307,0.006363239510010778,0
665413,3,0,0.008616805203916294,0.006363239510010778,1
665459,3,0,8.068952045835844e-05,0.006363239510010778,0
665490,3,0,0.016917153534006305,0.006363239510010778,1
665537,3,0,0.00029504531842358407,0.006363239510010778,0
665548,3,0,9.565625400329707e-05,0.006363239510010778,0
665553,3,0,0.0016109227642563196,0.006363239510010778,0
665577,3,0,7.84097301893137e-05,0.006363239510010778,0
665580,3,0,4.255259175578588e-05,0.006363239510010778,0
665589,3,0,0.00010221703361650989,0.006363239510010778,0
665591,3,0,0.0005773486665355099,0.006363239510010778,0
665614,3,0,0.0016165210142317092,0.006363239510010778,0
665629,3,0,0.0005274752753386269,0.006363239510010778,0
665646,3,0,0.0001021713099530597,0.006363239510010778,0
665708,3,0,0.0012779465927095501,0.006363239510010778,0
665724,3,0,0.0005511499481673098,0.006363239510010778,0
665746,3,0,0.0005910779093198721,0.006363239510010778,0
665773,3,0,0.0026763108105002107,0.006363239510010778,0
665818,3,0,6.144832958111564e-05,0.006363239510010778,0
665825,3,0,3.141123455235069e-05,0.006363239510010778,0
665832,3,0,0.0010675679771802128,0.006363239510010778,0
665854,3,0,0.0004978709990131637,0.006363239510010778,0
665874,3,0,0.00040750365352455997,0.006363239510010778,0
665878,3,0,0.001073215169773411,0.006363239510010778,0
665882,3,0,0.0002556157969411959,0.006363239510010778,0
665955,3,0,0.0009459586929291896,0.006363239510010778,0
665986,3,0,0.004810555115829615,0.006363239510010778,0
666008,3,0,0.0011319900401146569,0.006363239510010778,0
666027,3,0,0.00020652278747127972,0.006363239510010778,0
666079,3,0,0.00015519983895682682,0.006363239510010778,0
666081,3,0,0.00014886870801038675,0.006363239510010778,0
666119,3,0,0.00012483566553234284,0.006363239510010778,0
666138,3,0,3.277833938250721e-05,0.006363239510010778,0
666145,3,0,0.00026818228110960885,0.006363239510010778,0
666146,3,0,0.009834464576243323,0.006363239510010778,1
666153,3,0,0.007969451745941636,0.006363239510010778,1
666163,3,0,0.00025737938725310953,0.006363239510010778,0
666188,3,0,0.0026806189846695695,0.006363239510010778,0
666202,3,0,2.4977751202684975e-05,0.006363239510010778,0
666255,3,0,1.9424314394519125e-05,0.006363239510010778,0
666287,3,0,0.00013493109162837863,0.006363239510010778,0
666290,3,0,0.00011741695017904339,0.006363239510010778,0
666342,3,0,6.268963930992632e-05,0.006363239510010778,0
666364,3,0,0.0026999300551096717,0.006363239510010778,0
666365,3,0,0.004093095580445646,0.006363239510010778,0
666377,3,0,0.02968142283158648,0.006363239510010778,1
666412,3,0,0.005929127024373278,0.006363239510010778,0
666414,3,0,0.0004364267837275292,0.006363239510010778,0
666434,3,0,0.0009497373651929572,0.006363239510010778,0
666440,3,0,0.023681576463157453,0.006363239510010778,1
666462,3,0,0.00019109979247446303,0.006363239510010778,0
666481,3,0,0.00021573506846187595,0.006363239510010778,0
666497,3,0,0.0005472650112943473,0.006363239510010778,0
666498,3,0,0.006149752222976008,0.006363239510010778,0
666549,3,0,0.00010868780302637472,0.006363239510010778,0
666599,3,0,1.8301415102087306e-05,0.006363239510010778,0
666600,3,0,0.0008331083978433523,0.006363239510010778,0
666619,3,0,0.00030724428010579904,0.006363239510010778,0
666629,3,0,0.0006167434461702252,0.006363239510010778,0
666665,3,0,0.00014862820908348237,0.006363239510010778,0
666690,3,0,0.0043110272748320575,0.006363239510010778,0
666715,3,0,0.00018687612854439417,0.006363239510010778,0
666723,3,0,0.0004260519718130891,0.006363239510010778,0
666735,3,0,0.0001814738250381985,0.006363239510010778,0
666747,3,0,4.846104605766689e-05,0.006363239510010778,0
666760,3,0,0.0006761622720423215,0.006363239510010778,0
666788,3,0,0.0005279531305471129,0.006363239510010778,0
666792,3,0,0.00013099826686186437,0.006363239510010778,0
666816,3,0,8.802207163128785e-05,0.006363239510010778,0
666833,3,0,6.436670599629753e-05,0.006363239510010778,0
666839,3,0,0.0010702282622263738,0.006363239510010778,0
666859,3,0,9.492190172703125e-05,0.006363239510010778,0
666872,3,0,0.0032072263039850325,0.006363239510010778,0
666895,3,0,0.0002633241765932574,0.006363239510010778,0
666906,3,0,0.0004829532922439818,0.006363239510010778,0
666937,3,0,0.0036131219103530186,0.006363239510010778,0
666943,3,0,0.0007045163058365446,0.006363239510010778,0
666957,3,0,0.0005038097605605588,0.006363239510010778,0
666972,3,0,0.00027724407095910215,0.006363239510010778,0
666978,3,0,0.0005106302051031983,0.006363239510010778,0
666986,3,0,0.003780036917306455,0.006363239510010778,0
667047,3,0,0.00033129404402116935,0.006363239510010778,0
667064,3,0,0.0016652822152731863,0.006363239510010778,0
667107,3,0,0.000113206580639193,0.006363239510010778,0
667124,3,0,0.0009727763689678052,0.006363239510010778,0
667143,3,0,0.0056973608628369315,0.006363239510010778,0
667162,3,0,0.000681743407136799,0.006363239510010778,0
667164,3,0,0.0005397499101667103,0.006363239510010778,0
667207,3,0,6.486113006538311e-05,0.006363239510010778,0
667236,3,0,0.0020995274980202664,0.006363239510010778,0
667267,3,0,8.539556134686598e-05,0.006363239510010778,0
667271,3,0,7.862864961806878e-05,0.006363239510010778,0
667280,3,0,0.0010261955357999302,0.006363239510010778,0
667282,3,0,6.0417030662995886e-05,0.006363239510010778,0
667308,3,0,0.0026271939179281518,0.006363239510010778,0
667326,3,0,0.00023996056433273443,0.006363239510010778,0
667347,3,0,0.002229162532722375,0.006363239510010778,0
667349,3,0,0.0008954398186556523,0.006363239510010778,0
667360,3,0,8.640850708796219e-05,0.006363239510010778,0
667376,3,0,0.0030932771861988113,0.006363239510010778,0
667378,3,0,0.00046122921515363586,0.006363239510010778,0
667403,3,0,7.314614939474989e-05,0.006363239510010778,0
667413,3,0,1.825583641475066e-05,0.006363239510010778,0
667745,3,0,0.002776413845844876,0.006363239510010778,0
668798,3,0,0.0004370944827459474,0.006363239510010778,0
669275,3,0,5.203098680031466e-05,0.006363239510010778,0
670148,3,0,0.00018986586553957984,0.006363239510010778,0
673680,3,0,0.03878694614205244,0.006363239510010778,1
675065,3,0,5.169174262984728e-05,0.006363239510010778,0
676147,3,0,0.005470069185488027,0.006363239510010778,0
677530,3,0,0.000663881636275719,0.006363239510010778,0
678367,3,0,0.00015948692602150606,0.006363239510010778,0
679158,3,0,0.00011141949944844737,0.006363239510010778,0
682232,3,0,0.0005783164248080332,0.006363239510010778,0
684323,3,0,6.360357705713373e-05,0.006363239510010778,0
684324,3,0,0.0001401068138776089,0.006363239510010778,0
685797,3,0,8.606164005425165e-05,0.006363239510010778,0
685920,3,0,0.0001680422508063588,0.006363239510010778,0
692331,3,0,0.0005052525950540287,0.006363239510010778,0
692916,3,0,0.00014500697234170825,0.006363239510010778,0
693022,3,0,0.00010259650961713977,0.006363239510010778,0
694598,3,0,0.0008216444496180895,0.006363239510010778,0
696434,3,0,7.307843390612884e-05,0.006363239510010778,0
696551,3,0,0.00013459708880033368,0.006363239510010778,0
696877,3,0,1.6261111105853158e-05,0.006363239510010778,0
697640,3,0,0.007310485387297848,0.006363239510010778,1
698373,3,0,0.000594065724338059,0.006363239510010778,0
698667,3,0,3.745437955317102e-05,0.006363239510010778,0
700199,3,0,0.010039252944045007,0.006363239510010778,1
700392,3,0,4.6965443225232797e-05,0.006363239510010778,0
700629,3,0,0.001173127657637476,0.006363239510010778,0
700853,3,0,0.002043728936420239,0.006363239510010778,0
701007,3,0,0.002657461869666345,0.006363239510010778,0
701256,3,0,0.0023786971211517934,0.006363239510010778,0
702931,3,0,0.002330944989936178,0.006363239510010778,0
702932,3,0,0.000769322412369677,0.006363239510010778,0
703128,3,0,0.007914897002366349,0.006363239510010778,1
704147,3,0,0.0001437633775491472,0.006363239510010778,0
705556,3,0,0.00011835104537300256,0.006363239510010778,0
705878,3,0,0.013340247180922775,0.006363239510010778,1
705937,3,0,0.02682374936370212,0.006363239510010778,1
706051,3,0,0.0009100033202507767,0.006363239510010778,0
706181,3,0,0.000289435219836341,0.006363239510010778,0
706682,3,0,0.0003221118914244472,0.006363239510010778,0
707119,3,0,0.00017164627020430984,0.006363239510010778,0
707608,3,0,0.0001171298620512798,0.006363239510010778,0
707882,3,0,0.0010228723822681735,0.006363239510010778,0
707899,3,0,0.0018313007431372842,0.006363239510010778,0
708260,3,0,0.0004229349990069038,0.006363239510010778,0
709605,3,0,0.010059426156802992,0.006363239510010778,1
709831,3,0,0.0023190467026750474,0.006363239510010778,0
710737,3,0,0.0002513222381450952,0.006363239510010778,0
711270,3,0,6.803730316893783e-05,0.006363239510010778,0
711747,3,0,0.00020136180996952526,0.006363239510010778,0
712013,3,0,0.0001960595040476929,0.006363239510010778,0
712174,3,0,0.00022956378065899343,0.006363239510010778,0
712563,3,0,0.00038976879786058313,0.006363239510010778,0
712592,3,0,0.0002636787247624501,0.006363239510010778,0
713898,3,0,5.9069733024806754e-05,0.006363239510010778,0
714409,3,0,0.002799408851495051,0.006363239510010778,0
714424,3,0,0.0003222897228298469,0.006363239510010778,0
714974,3,0,0.002144037228553493,0.006363239510010778,0
715260,3,0,0.00078277096780404,0.006363239510010778,0
715336,3,0,0.008311072352433876,0.006363239510010778,1
715656,3,0,0.019809433575726298,0.006363239510010778,1
716441,3,0,6.938541679745138e-06,0.006363239510010778,0
716897,3,0,9.582301516265711e-06,0.006363239510010778,0
717017,3,0,0.01703254433113198,0.006363239510010778,1
717229,3,0,1.6818584695759996e-05,0.006363239510010778,0
717244,3,0,0.0003541526977581153,0.006363239510010778,0
717254,3,0,0.0001855767909804659,0.006363239510010778,0
717658,3,0,0.0028634085692499874,0.006363239510010778,0
717861,3,0,3.554914267926247e-05,0.006363239510010778,0
718039,3,0,4.692956169423031e-05,0.006363239510010778,0
718047,3,0,0.00019968122573691744,0.006363239510010778,0
718302,3,0,0.0008647329626644987,0.006363239510010778,0
718560,3,0,0.000175162314995665,0.006363239510010778,0
718932,3,0,1.8273116274021484e-05,0.006363239510010778,0
718972,3,0,1.7464780861971818e-05,0.006363239510010778,0
719198,3,0,0.00025635692644489845,0.006363239510010778,0
719759,3,0,0.0007901066464621704,0.006363239510010778,0
720122,3,0,0.0005330858142407439,0.006363239510010778,0
720263,3,0,0.0009930818016933686,0.006363239510010778,0
720934,3,0,0.00010925621363099287,0.006363239510010778,0
722355,3,0,0.0003881705931736573,0.006363239510010778,0
723653,3,0,0.0001984958814073624,0.006363239510010778,0
724614,3,0,0.0003339654302333172,0.006363239510010778,0
724753,3,0,0.00021508696456805135,0.006363239510010778,0
726838,3,0,0.0011071576864831198,0.006363239510010778,0
728478,3,0,0.007745267628805966,0.006363239510010778,1
729877,3,0,0.0026181126747478545,0.006363239510010778,0
730298,3,0,0.00037712996555096245,0.006363239510010778,0
730796,3,0,7.80896552934241e-05,0.006363239510010778,0
731089,3,0,0.00017612595931175705,0.006363239510010778,0
731336,3,0,0.00030149382831120154,0.006363239510010778,0
731919,3,0,0.0007092806802826697,0.006363239510010778,0
731925,3,0,0.000781908344717158,0.006363239510010778,0
732103,3,0,0.0006123878743949531,0.006363239510010778,0
732359,3,0,0.0003182296038155949,0.006363239510010778,0
733980,3,0,0.0005479322062223688,0.006363239510010778,0
734363,3,0,0.0001379443275707167,0.006363239510010778,0
734582,3,0,8.934381706706314e-05,0.006363239510010778,0
735048,3,0,0.00012839749156454068,0.006363239510010778,0
735642,3,0,0.00013802204764140687,0.006363239510010778,0
735665,3,0,0.00012627114639160133,0.006363239510010778,0
736812,3,0,0.004207859064674204,0.006363239510010778,0
737750,3,0,0.0002318069354281535,0.006363239510010778,0
737887,3,0,0.0007379498504193902,0.006363239510010778,0
738182,3,0,0.0003556309378015624,0.006363239510010778,0
739615,3,0,0.0007102319832019832,0.006363239510010778,0
741074,3,0,0.0018032015778687912,0.006363239510010778,0
741138,3,0,0.009847855858023996,0.006363239510010778,1
741366,3,0,3.235328305118484e-05,0.006363239510010778,0
742133,3,0,0.00021179315042717755,0.006363239510010778,0
743416,3,0,0.0008656820502487121,0.006363239510010778,0
743917,3,0,0.0012147192616574888,0.006363239510010778,0
745851,3,0,0.000842566718113547,0.006363239510010778,0
746082,3,0,5.418434987659414e-06,0.006363239510010778,0
746485,3,0,7.134114360777175e-05,0.006363239510010778,0
746914,3,0,1.6095513656309236e-05,0.006363239510010778,0
747912,3,0,0.0012589944879469392,0.006363239510010778,0
748269,3,0,0.00044843986478464474,0.006363239510010778,0
748331,3,0,0.00017193495265955963,0.006363239510010778,0
749132,3,0,0.0012569462600769247,0.006363239510010778,0
749965,3,0,0.0004225780451007402,0.006363239510010778,0
750199,3,0,0.004686365206175019,0.006363239510010778,0
750201,3,0,0.0001147502309759992,0.006363239510010778,0
750789,3,0,0.0013341238721384454,0.006363239510010778,0
751067,3,0,0.0001230098398423963,0.006363239510010778,0
751300,3,0,0.00022558110388548765,0.006363239510010778,0
751538,3,0,0.01878830497404943,0.006363239510010778,1
751563,3,0,6.15712173931424e-05,0.006363239510010778,0
752201,3,0,9.986259699343272e-06,0.006363239510010778,0
752241,3,0,9.402264849942133e-05,0.006363239510010778,0
752257,3,0,0.0003384148141446516,0.006363239510010778,0
752286,3,0,0.0021328408173116216,0.006363239510010778,0
752317,3,0,0.00013440371098815153,0.006363239510010778,0
752438,3,0,0.0019071484023279242,0.006363239510010778,0
752992,3,0,9.002617737491769e-05,0.006363239510010778,0
753216,3,0,0.0008241646899181108,0.006363239510010778,0
753419,3,0,0.0010729755174808244,0.006363239510010778,0
755291,3,0,0.006933011599770989,0.006363239510010778,1
755504,3,0,0.00042448982151451934,0.006363239510010778,0
755952,3,0,4.6038403276062e-05,0.006363239510010778,0
756149,3,0,0.048296846984986035,0.006363239510010778,1
756248,3,0,0.0001151449842886212,0.006363239510010778,0
756307,3,0,0.0019567665212261065,0.006363239510010778,0
756377,3,0,0.00043916011802129967,0.006363239510010778,0
756676,3,0,4.4499863434501904e-05,0.006363239510010778,0
757184,3,0,0.0003201239398859773,0.006363239510010778,0
757734,3,0,8.074390075828401e-05,0.006363239510010778,0
758249,3,0,0.000512451453352664,0.006363239510010778,0
759534,3,0,0.00011625840544606286,0.006363239510010778,0
760480,3,0,0.0070245220343462976,0.006363239510010778,1
761228,3,0,0.001010561071188876,0.006363239510010778,0
761471,3,0,0.00038967035369931783,0.006363239510010778,0
761918,3,0,0.0001511610589464723,0.006363239510010778,0
762630,3,0,5.724196108841388e-06,0.006363239510010778,0
762642,3,0,2.2752803602212014e-05,0.006363239510010778,0
763323,3,0,0.00028984771075012665,0.006363239510010778,0
763944,3,0,3.375905377724828e-05,0.006363239510010778,0
764599,3,0,0.0003952566573156825,0.006363239510010778,0
764996,3,0,0.0011231195486906163,0.006363239510010778,0
765753,3,0,0.0005201966613157432,0.006363239510010778,0
765893,3,0,0.00019148503674741037,0.006363239510010778,0
766781,3,0,0.0036085745120378247,0.006363239510010778,0
767305,3,0,0.0001722170159602374,0.006363239510010778,0
767898,3,0,0.004791990356972929,0.006363239510010778,0
770375,3,0,0.00020309599181450653,0.006363239510010778,0
772123,3,0,0.0002881483138209219,0.006363239510010778,0
772165,3,0,0.00028256240431178857,0.006363239510010778,0
773246,3,0,0.0008440582412478549,0.006363239510010778,0
773647,3,0,0.0005199206705570373,0.006363239510010778,0
775478,3,0,0.0003707918341416108,0.006363239510010778,0
776315,3,0,0.010722751943419045,0.006363239510010778,1
776686,3,0,9.978553355525783e-05,0.006363239510010778,0
776690,3,0,0.0001919092270919508,0.006363239510010778,0
776692,3,0,0.00010529226396401073,0.006363239510010778,0
776754,3,0,0.0005166815940867625,0.006363239510010778,0
776847,3,0,2.707209305487545e-05,0.006363239510010778,0
777322,3,0,0.000763575113348735,0.006363239510010778,0
777949,3,0,0.011309249010693764,0.006363239510010778,1
778332,3,0,0.0006145877918417753,0.006363239510010778,0
779278,3,0,0.0004044754036985849,0.006363239510010778,0
780105,3,0,7.605832348225142e-05,0.006363239510010778,0
781706,3,0,0.004416240770491573,0.006363239510010778,0
783279,3,0,0.00024391976775538397,0.006363239510010778,0
783733,3,0,0.00041291398516225277,0.006363239510010778,0
783981,3,0,0.0011554778582927136,0.006363239510010778,0
784670,3,0,5.777981741948312e-05,0.006363239510010778,0
785847,3,0,0.0010242770394301335,0.006363239510010778,0
786815,3,0,0.00011098241285774173,0.006363239510010778,0
786911,3,0,0.00016964613098029255,0.006363239510010778,0
787169,3,0,0.0010441145894247359,0.006363239510010778,0
787303,3,0,5.582154418158595e-05,0.006363239510010778,0
788477,3,0,0.007172474227937474,0.006363239510010778,1
788801,3,0,0.00035267847447273675,0.006363239510010778,0
789284,3,0,6.433118804295578e-06,0.006363239510010778,0
790079,3,0,0.0001838223117915264,0.006363239510010778,0
790463,3,0,0.00028590795984887693,0.006363239510010778,0
790847,3,0,0.001788688569517682,0.006363239510010778,0
791458,3,0,0.00015578503550231943,0.006363239510010778,0
793682,3,0,4.381245037201522e-05,0.006363239510010778,0
794276,3,0,0.00024288358709572774,0.006363239510010778,0
794420,3,0,0.0013650860334593654,0.006363239510010778,0
795426,3,0,0.0006574848767965229,0.006363239510010778,0
795871,3,0,0.0004221369257029082,0.006363239510010778,0
796266,3,0,0.0002135346107133825,0.006363239510010778,0
796471,3,0,0.00013342752694743402,0.006363239510010778,0
797691,3,0,0.00013794010887463245,0.006363239510010778,0
797861,3,0,0.013284586160665478,0.006363239510010778,1
797935,3,0,0.0003837450569498476,0.006363239510010778,0
800920,3,0,0.003943472100981845,0.006363239510010778,0
801216,3,0,0.0012737876699666292,0.006363239510010778,0
801509,3,0,0.0005833924039847722,0.006363239510010778,0
801923,3,0,8.237698870471204e-05,0.006363239510010778,0
801933,3,0,5.699505123150947e-05,0.006363239510010778,0
802159,3,0,0.00021043202909192267,0.006363239510010778,0
802234,3,0,0.0038076379607517668,0.006363239510010778,0
802376,3,0,0.000557333266398602,0.006363239510010778,0
804580,3,0,0.0008402095633981973,0.006363239510010778,0
805006,3,0,3.226942502954555e-05,0.006363239510010778,0
805423,3,0,0.003987209571813754,0.006363239510010778,0
805851,3,0,0.00023293114228825843,0.006363239510010778,0
806931,3,0,0.0007043770276605304,0.006363239510010778,0
807612,3,0,4.3733789302415686e-05,0.006363239510010778,0
807628,3,0,0.006899923929823743,0.006363239510010778,1
807705,3,0,0.0007601479515219257,0.006363239510010778,0
808077,3,0,0.006706947374731295,0.006363239510010778,1
808378,3,0,7.374788405633063e-05,0.006363239510010778,0
811497,3,0,0.00017908373412267933,0.006363239510010778,0
814167,3,0,0.000369619618170469,0.006363239510010778,0
820781,3,0,0.00017519503075807028,0.006363239510010778,0
822001,3,0,0.00014301676074774308,0.006363239510010778,0
823576,3,0,0.0002522410891084707,0.006363239510010778,0
826927,3,0,0.001574020871690783,0.006363239510010778,0
827787,3,0,4.8080388519973735e-05,0.006363239510010778,0
828556,3,0,0.00044584575187056515,0.006363239510010778,0
828644,3,0,0.006741475717381899,0.006363239510010778,1
829842,3,0,0.00048619471143832656,0.006363239510010778,0
830797,3,0,0.0022551680148060037,0.006363239510010778,0
831701,3,0,0.0021616057469506333,0.006363239510010778,0
832184,3,0,0.0009121269265111376,0.006363239510010778,0
832343,3,0,0.00204050697701114,0.006363239510010778,0
832683,3,0,0.0001478464231736281,0.006363239510010778,0
834458,3,0,0.0006295561918744591,0.006363239510010778,0
836479,3,0,0.001346071185233315,0.006363239510010778,0
840037,3,0,0.00022660555502909338,0.006363239510010778,0
841534,3,0,0.000280754967226346,0.006363239510010778,0
846995,3,0,0.001428447834339109,0.006363239510010778,0
847112,3,0,0.001605504948908637,0.006363239510010778,0
847634,3,0,0.0007690936221476426,0.006363239510010778,0
847855,3,0,0.0013846372075911515,0.006363239510010778,0
849903,3,0,0.00011694322500983093,0.006363239510010778,0
849957,3,0,0.001111287295161183,0.006363239510010778,0
851383,3,0,0.008540252021177459,0.006363239510010778,1
851622,3,0,0.00011325737403158922,0.006363239510010778,0
852903,3,0,0.01214909191437524,0.006363239510010778,1
853705,3,0,0.00040649417178214897,0.006363239510010778,0
854516,3,0,0.0062740899381575205,0.006363239510010778,0
855323,3,0,9.096193011459641e-05,0.006363239510010778,0
861432,3,0,6.115298513104524e-06,0.006363239510010778,0
863161,3,0,8.151179549066916e-06,0.006363239510010778,0
866388,3,0,5.203124905538776e-05,0.006363239510010778,0
866861,3,0,0.0001120750307748108,0.006363239510010778,0
867564,3,0,0.0011097695775987835,0.006363239510010778,0
867565,3,0,0.000747040522904764,0.006363239510010778,0
868758,3,0,0.00015229973618404997,0.006363239510010778,0
869136,3,0,0.0018678552948543418,0.006363239510010778,0
869802,3,0,0.0004628958756537898,0.006363239510010778,0
870380,3,0,0.00016210442836085372,0.006363239510010778,0
870915,3,0,0.0019585730652426645,0.006363239510010778,0
870916,3,0,5.2326566083031294e-05,0.006363239510010778,0
871395,3,0,8.993299423861032e-05,0.006363239510010778,0
871453,3,0,0.00029838090373908357,0.006363239510010778,0
873035,3,0,0.004915162918205187,0.006363239510010778,0
873523,3,0,0.0004097034218532516,0.006363239510010778,0
875439,3,0,0.0009584958076434164,0.006363239510010778,0
875934,3,0,0.0008458653985054504,0.006363239510010778,0
876241,3,0,0.0040735106054402516,0.006363239510010778,0
876555,3,0,0.0022376829462773186,0.006363239510010778,0
876691,3,0,0.001563959229285839,0.006363239510010778,0
877399,3,0,7.781069187585492e-05,0.006363239510010778,0
878433,3,0,0.019885940583276036,0.006363239510010778,1
878762,3,0,4.1960291609870364e-05,0.006363239510010778,0
878793,3,0,0.002518799425969327,0.006363239510010778,0
879106,3,0,2.7180282501517084e-05,0.006363239510010778,0
879154,3,0,0.0009682363730552994,0.006363239510010778,0
879560,3,0,0.0003358949579929093,0.006363239510010778,0
879914,3,0,4.928687460894398e-05,0.006363239510010778,0
881081,3,0,0.0046125705334703945,0.006363239510010778,0
881112,3,0,0.00024316184619032247,0.006363239510010778,0
885036,3,0,7.973937419959822e-05,0.006363239510010778,0
887238,3,0,3.597351129154213e-05,0.006363239510010778,0
887579,3,0,0.0009413217695515715,0.006363239510010778,0
887674,3,0,0.00021317140617892156,0.006363239510010778,0
889093,3,0,0.00012997360385516208,0.006363239510010778,0
890163,3,0,0.0009481919187114761,0.006363239510010778,0
890321,3,0,0.0002090545378097768,0.006363239510010778,0
891615,3,0,0.00011461651274723612,0.006363239510010778,0
891760,3,0,0.001126755223464007,0.006363239510010778,0
891840,3,0,0.0026259374997704087,0.006363239510010778,0
891859,3,0,0.0005799259076884849,0.006363239510010778,0
892339,3,0,0.001161239040207678,0.006363239510010778,0
892343,3,0,0.00045680519625841177,0.006363239510010778,0
892477,3,0,0.0047886167177134745,0.006363239510010778,0
892552,3,0,0.008837942698745532,0.006363239510010778,1
892585,3,0,0.004939836617590818,0.006363239510010778,0
892611,3,0,0.0005805668175271471,0.006363239510010778,0
892978,3,0,0.0003373304502244856,0.006363239510010778,0
893028,3,0,0.00041823169819589696,0.006363239510010778,0
893089,3,0,0.00024878794180279313,0.006363239510010778,0
893275,3,0,2.946856105931885e-05,0.006363239510010778,0
893702,3,0,0.00021661166100834552,0.006363239510010778,0
893863,3,0,0.0004036504941344142,0.006363239510010778,0
893891,3,0,6.925266263744317e-05,0.006363239510010778,0
894481,3,0,0.0049266944977951616,0.006363239510010778,0
894505,3,0,0.0015298619463450674,0.006363239510010778,0
894690,3,0,8.59588255374765e-05,0.006363239510010778,0
894960,3,0,0.00016002956462326715,0.006363239510010778,0
895061,3,0,6.232613243879048e-05,0.006363239510010778,0
895429,3,0,0.00019856940727108115,0.006363239510010778,0
896090,3,0,0.005072890220448733,0.006363239510010778,0
896677,3,0,0.0005215483399852094,0.006363239510010778,0
897940,3,0,0.0015506170382013095,0.006363239510010778,0
898295,3,0,0.0036724667779056775,0.006363239510010778,0
898598,3,0,0.004167795796983369,0.006363239510010778,0
898935,3,0,0.0014805900749598382,0.006363239510010778,0
899144,3,0,0.0019533155663610927,0.006363239510010778,0
903148,3,0,0.0013768060482426722,0.006363239510010778,0
903488,3,0,0.00026333831037079087,0.006363239510010778,0
912656,3,0,0.01341575551499212,0.006363239510010778,1
913778,3,0,0.004038067511734334,0.006363239510010778,0
918465,3,0,6.762534927416778e-05,0.006363239510010778,0
920118,3,0,0.00019993210559157454,0.006363239510010778,0
925202,3,0,0.0003170790225546151,0.006363239510010778,0
928629,3,0,0.0025299669814206997,0.006363239510010778,0
930332,3,0,0.013984668106727886,0.006363239510010778,1
930864,3,0,2.7240991094564057e-05,0.006363239510010778,0
934406,3,0,0.0006077598338667745,0.006363239510010778,0
934582,3,0,0.005139529765857314,0.006363239510010778,0
934599,3,0,0.0005480704910784247,0.006363239510010778,0
935025,3,0,0.0005604103044807892,0.006363239510010778,0
935115,3,0,0.002495870606387149,0.006363239510010778,0
935931,3,0,0.0025329816483822018,0.006363239510010778,0
936961,3,0,0.0003178357738546602,0.006363239510010778,0
937078,3,0,0.00012634163763687467,0.006363239510010778,0
938296,3,0,0.00014112982581408677,0.006363239510010778,0
939448,3,0,0.00011707759722244785,0.006363239510010778,0
941326,3,0,6.837069289701404e-05,0.006363239510010778,0
941892,3,0,0.00022169875476311758,0.006363239510010778,0
942074,3,0,1.9529514588251603e-05,0.006363239510010778,0
943152,3,0,0.0038472633701453185,0.006363239510010778,0
945758,3,0,0.00034190585258737146,0.006363239510010778,0
951071,3,0,0.03886238724993039,0.006363239510010778,1
951587,3,0,0.00010120570999714158,0.006363239510010778,0
952078,3,0,0.0008282917023745595,0.006363239510010778,0
952853,3,0,0.00028174183972020294,0.006363239510010778,0
956499,3,0,0.0007915728692827383,0.006363239510010778,0
957562,3,0,0.01566009259978536,0.006363239510010778,1
959455,3,0,0.0008332069235412258,0.006363239510010778,0
960575,3,0,0.005698466704156562,0.006363239510010778,0
962003,3,0,2.7883451095106154e-05,0.006363239510010778,0
962431,3,0,0.0002408984891449545,0.006363239510010778,0
962627,3,0,3.427525889345007e-05,0.006363239510010778,0
966872,3,0,0.0037882896177577606,0.006363239510010778,0
966909,3,0,0.0010940673662908202,0.006363239510010778,0
967574,3,0,0.0011255542596176605,0.006363239510010778,0
969014,3,0,0.009787984570931042,0.006363239510010778,1
969629,3,0,0.00010198503721225989,0.006363239510010778,0
970117,3,0,0.0027242891898385767,0.006363239510010778,0
970267,3,0,0.00035388250391489085,0.006363239510010778,0
970456,3,0,0.0022944133384685574,0.006363239510010778,0
971322,3,0,3.402452830221643e-05,0.006363239510010778,0
971364,3,0,0.0007431470465386375,0.006363239510010778,0
972165,3,0,7.567683345735969e-05,0.006363239510010778,0
972528,3,0,0.00015774073534348485,0.006363239510010778,0
972539,3,0,0.0003452012384837577,0.006363239510010778,0
972659,3,0,8.493393491025218e-05,0.006363239510010778,0
972947,3,0,0.013297514545216013,0.006363239510010778,1
973230,3,0,0.0014609795670569273,0.006363239510010778,0
973281,3,0,0.0036448819301945472,0.006363239510010778,0
973568,3,0,0.00023991005158398993,0.006363239510010778,0
973587,3,0,0.00023582003482005006,0.006363239510010778,0
973764,3,0,0.00011623822687351212,0.006363239510010778,0
973774,3,0,2.6167181937593865e-05,0.006363239510010778,0
973872,3,0,0.061209719366918706,0.006363239510010778,1
973956,3,0,0.0005756736536562708,0.006363239510010778,0
974023,3,0,0.0008085442712155573,0.006363239510010778,0
974086,3,0,0.000244967213166482,0.006363239510010778,0
974088,3,0,0.00013688581543119043,0.006363239510010778,0
974199,3,0,4.68796606367752e-05,0.006363239510010778,0
974222,3,0,0.006187454449098413,0.006363239510010778,0
974714,3,0,0.00039467448086801497,0.006363239510010778,0
974720,3,0,3.955803870111485e-06,0.006363239510010778,0
974848,3,0,0.0007475086522040509,0.006363239510010778,0
974879,3,0,4.824181674557769e-05,0.006363239510010778,0
974946,3,0,4.8296991384097245e-05,0.006363239510010778,0
974979,3,0,0.0016689490930241618,0.006363239510010778,0
975485,3,0,0.001293372612780312,0.006363239510010778,0
975513,3,0,0.0002256421875194293,0.006363239510010778,0
975566,3,0,0.0015016542857080152,0.006363239510010778,0
975698,3,0,0.00010345163148535833,0.006363239510010778,0
975862,3,0,0.002996234083356721,0.006363239510010778,0
975894,3,0,9.314359409741068e-05,0.006363239510010778,0
976467,3,0,0.0011650051753420113,0.006363239510010778,0
976662,3,0,0.0015227229114205903,0.006363239510010778,0
976727,3,0,0.03477304899797611,0.006363239510010778,1
976936,3,0,0.0002313524776739649,0.006363239510010778,0
977639,3,0,2.0630116280930818e-05,0.006363239510010778,0
978391,3,0,0.0015680424500320118,0.006363239510010778,0
979757,3,0,0.007858268575668964,0.006363239510010778,1
986853,3,0,7.593687248200239e-05,0.006363239510010778,0
991488,3,0,0.00015555986285458392,0.006363239510010778,0
992755,3,0,9.246870211310291e-05,0.006363239510010778,0
993250,3,0,0.001809568462973232,0.006363239510010778,0
1007908,3,0,0.0009155681056529595,0.006363239510010778,0
1009573,3,0,0.0032340558123299646,0.006363239510010778,0
1014099,3,0,0.006534994040397175,0.006363239510010778,1
1019162,3,0,7.129438100358861e-05,0.006363239510010778,0
1021966,3,0,2.4798621504827504e-05,0.006363239510010778,0
1021967,3,0,2.4586454200818844e-05,0.006363239510010778,0
1026291,3,0,0.0014630016286576986,0.006363239510010778,0
1034261,3,0,0.004241993601082535,0.006363239510010778,0
1034354,3,0,0.0004949083874754386,0.006363239510010778,0
1034422,3,0,0.00018659711716175197,0.006363239510010778,0
1037259,3,0,0.012202398332861535,0.006363239510010778,1
1044828,3,0,0.00029209434187622244,0.006363239510010778,0
1047581,3,0,0.0005103169030731602,0.006363239510010778,0
1050766,3,0,0.0012293023701629132,0.006363239510010778,0
1073044,3,0,0.00048054701163365954,0.006363239510010778,0
1074743,3,0,0.0013034824532420556,0.006363239510010778,0
1082908,3,0,0.00020625290662012788,0.006363239510010778,0
1083469,3,0,4.0023166354706844e-05,0.006363239510010778,0
1084421,3,0,0.001293409920521626,0.006363239510010778,0
1085629,3,0,0.00010460486936773964,0.006363239510010778,0
1086635,3,0,2.8510054731307983e-05,0.006363239510010778,0
1086920,3,0,0.017294765063101694,0.006363239510010778,1
1087084,3,0,0.001210987400006288,0.006363239510010778,0
1088923,3,0,0.00010867155901930062,0.006363239510010778,0
1089327,3,0,7.43973126186615e-05,0.006363239510010778,0
1090998,3,0,0.00010211824496610753,0.006363239510010778,0
1091334,3,0,0.0001900222580402678,0.006363239510010778,0
1091807,3,0,0.00021347470407338722,0.006363239510010778,0
1091844,3,0,0.00044848130851020743,0.006363239510010778,0
1093379,3,0,0.0010853103864486699,0.006363239510010778,0
1094096,3,0,0.00026183832430280355,0.006363239510010778,0
1094215,3,0,0.006052041799112083,0.006363239510010778,0
1096013,3,0,0.0008540799588016328,0.006363239510010778,0
1096303,3,0,0.0005924625462762299,0.006363239510010778,0
1097634,3,0,1.873517188428801e-05,0.006363239510010778,0
1098321,3,0,0.0001264189578801044,0.006363239510010778,0
1102371,3,0,1.6095520548573573e-05,0.006363239510010778,0
1102806,3,0,0.0013019177294047053,0.006363239510010778,0
1107132,3,0,0.00044176826493136015,0.006363239510010778,0
1107707,3,0,0.00040230264106766266,0.006363239510010778,0
1108314,3,0,0.002421830206469831,0.006363239510010778,0
1113659,3,0,0.00010903771436651682,0.006363239510010778,0
1119211,3,0,0.009580505678073817,0.006363239510010778,1
1121690,3,0,0.00040422652864119824,0.006363239510010778,0
1121978,3,0,0.07486590697466262,0.006363239510010778,1
1124485,3,0,0.0003836532349226168,0.006363239510010778,0
1130082,3,0,0.0017680371924783686,0.006363239510010778,0
1130512,3,0,0.0004997032208040895,0.006363239510010778,0
1143682,3,0,3.273809411810647e-05,0.006363239510010778,0
1144627,3,0,0.002349782635389824,0.006363239510010778,0
1146668,3,0,4.157010268802803e-05,0.006363239510010778,0
1148081,3,0,0.00015466013592672562,0.006363239510010778,0
1148713,3,0,0.0001930440792996063,0.006363239510010778,0
1149625,3,0,0.00010643009424400925,0.006363239510010778,0
1153594,3,0,0.0001080632857858931,0.006363239510010778,0
1154648,3,0,0.0002835997233384963,0.006363239510010778,0
1158037,3,0,0.0019183180305252841,0.006363239510010778,0
1158565,3,0,0.0021502251860491908,0.006363239510010778,0
1164111,3,0,0.0020322710146772017,0.006363239510010778,0
1164165,3,0,0.005133829896085103,0.006363239510010778,0
1164511,3,0,0.007910577583250393,0.006363239510010778,1
1178160,3,0,0.0003450472703357109,0.006363239510010778,0
1178171,3,0,0.00021661532514425193,0.006363239510010778,0
1179211,3,0,0.0008027648868089417,0.006363239510010778,0
1179266,3,0,0.00010190405072565042,0.006363239510010778,0
1189893,3,0,0.0005829122196276832,0.006363239510010778,0
1190351,3,0,8.00400339714571e-05,0.006363239510010778,0
1190420,3,0,0.00011856140384779446,0.006363239510010778,0
1193906,3,0,0.0014548595674661316,0.006363239510010778,0
1203912,3,0,0.0003572576555686187,0.006363239510010778,0
1204236,3,0,9.035331517733603e-05,0.006363239510010778,0
1228188,3,0,0.00019102153247432883,0.006363239510010778,0
1231056,3,0,0.002804035452836691,0.006363239510010778,0
1231838,3,0,0.0007059963043586226,0.006363239510010778,0
1236382,3,0,0.0020375621242853426,0.006363239510010778,0
1237743,3,0,3.255754340214577e-05,0.006363239510010778,0
1242037,3,0,0.0012343265900698899,0.006363239510010778,0
1242229,3,0,0.0005428659297892254,0.006363239510010778,0
1242435,3,0,0.009246387272389186,0.006363239510010778,1
1242553,3,0,0.00028729845754150475,0.006363239510010778,0
1242643,3,0,0.010860468867264567,0.006363239510010778,1
1242794,3,0,1.9383454895411003e-05,0.006363239510010778,0
1243220,3,0,0.00014014209341494638,0.006363239510010778,0
1243333,3,0,0.00037168158535463104,0.006363239510010778,0
1244217,3,0,0.00908049457904951,0.006363239510010778,1
1245155,3,0,0.007876570955829035,0.006363239510010778,1
1245360,3,0,0.00037480710072020085,0.006363239510010778,0
1245389,3,0,0.0004633149097766285,0.006363239510010778,0
1245580,3,0,0.0011675842230833798,0.006363239510010778,0
1245776,3,0,0.00392223527110178,0.006363239510010778,0
1245882,3,0,0.0027209338687464216,0.006363239510010778,0
1245967,3,0,0.0017531021191240098,0.006363239510010778,0
1245987,3,0,0.00015803099846465156,0.006363239510010778,0
1246102,3,0,0.000443777764949573,0.006363239510010778,0
1246373,3,0,0.0015863357816238248,0.006363239510010778,0
1246587,3,0,0.00011586414672068698,0.006363239510010778,0
1246960,3,0,0.000330578727139049,0.006363239510010778,0
1247080,3,0,0.00016533529772692402,0.006363239510010778,0
1247653,3,0,0.002703078861071497,0.006363239510010778,0
1247986,3,0,0.00096847987399699,0.006363239510010778,0
1248113,3,0,0.012658168255633198,0.006363239510010778,1
1248384,3,0,0.005086145771096802,0.006363239510010778,0
1249115,3,0,0.00016335520450142064,0.006363239510010778,0
1249186,3,0,2.2757677590152548e-05,0.006363239510010778,0
1249408,3,0,2.6074372042553654e-05,0.006363239510010778,0
1249429,3,0,0.0024507348777335018,0.006363239510010778,0
1249482,3,0,1.2529926672614197e-05,0.006363239510010778,0
1250200,3,0,0.00029034737899453995,0.006363239510010778,0
1251489,3,0,0.0004793086972326809,0.006363239510010778,0
1252141,3,0,0.00022346541136120896,0.006363239510010778,0
1252743,3,0,0.001407331125613266,0.006363239510010778,0
1253160,3,0,0.0003849410394627527,0.006363239510010778,0
1253207,3,0,8.757332136178657e-05,0.006363239510010778,0
1254511,3,0,0.0009092983652021822,0.006363239510010778,0
1254764,3,0,0.00032071872979803624,0.006363239510010778,0
1255215,3,0,0.0004296266051230378,0.006363239510010778,0
1256078,3,0,7.64571525258689e-05,0.006363239510010778,0
1257387,3,0,0.00016361083923489194,0.006363239510010778,0
1257973,3,0,0.003941077767094373,0.006363239510010778,0
1258023,3,0,0.0051611451160862775,0.006363239510010778,0
1258223,3,0,6.822117367629959e-06,0.006363239510010778,0
1258283,3,0,0.00019069547741093024,0.006363239510010778,0
1258311,3,0,0.0002657710072721422,0.006363239510010778,0
1259459,3,0,0.0013994203549352003,0.006363239510010778,0
1259460,3,0,0.05225301650405825,0.006363239510010778,1
1259476,3,0,0.0034044792375458673,0.006363239510010778,0
1259807,3,0,0.00038488741294269977,0.006363239510010778,0
1259859,3,0,0.00022642492330393228,0.006363239510010778,0
1259942,3,0,0.00018912470035893032,0.006363239510010778,0
1260000,3,0,0.0006865636336663582,0.006363239510010778,0
1261272,3,0,0.0024262288571727394,0.006363239510010778,0
1262329,3,0,0.0006358295032332799,0.006363239510010778,0
1262756,3,0,0.0007994995811206022,0.006363239510010778,0
1262811,3,0,0.002008185252020491,0.006363239510010778,0
1263017,3,0,7.309159125071379e-05,0.006363239510010778,0
1263102,3,0,0.0008690912535885661,0.006363239510010778,0
1263310,3,0,0.0005543426016186578,0.006363239510010778,0
1263396,3,0,0.001307041364562429,0.006363239510010778,0
1263478,3,0,0.0008912099506582272,0.006363239510010778,0
1264378,3,0,0.0002490954450215732,0.006363239510010778,0
1265151,3,0,0.0001838937437788693,0.006363239510010778,0
1265339,3,0,0.0011187469800175037,0.006363239510010778,0
1266131,3,0,0.0017473003626787555,0.006363239510010778,0
1266345,3,0,6.030265123334615e-05,0.006363239510010778,0
1267916,3,0,0.0009201789401442727,0.006363239510010778,0
1270439,3,0,0.0013999508482236997,0.006363239510010778,0
1277404,3,0,0.00946884740282005,0.006363239510010778,1
1281026,3,0,0.00025217496173662765,0.006363239510010778,0
1281397,3,0,2.790706983582756e-05,0.006363239510010778,0
1281509,3,0,0.001166554033626829,0.006363239510010778,0
1284208,3,0,0.0003350946974559886,0.006363239510010778,0
1286955,3,0,0.002292861120149671,0.006363239510010778,0
1287918,3,0,0.0007184342722054523,0.006363239510010778,0
1288013,3,0,0.00994635758980078,0.006363239510010778,1
1288465,3,0,5.895960079459158e-05,0.006363239510010778,0
1288839,3,0,0.00027760978177717967,0.006363239510010778,0
1289084,3,0,0.004192447086365,0.006363239510010778,0
1289633,3,0,5.303823323886831e-05,0.006363239510010778,0
1292193,3,0,9.837642438446489e-05,0.006363239510010778,0
1293245,3,0,5.420719600877615e-05,0.006363239510010778,0
1293529,3,0,0.00275559019778832,0.006363239510010778,0
1294294,3,0,0.007154315551370643,0.006363239510010778,1
1298380,3,0,0.0007131220438819345,0.006363239510010778,0
1299482,3,0,0.0009069974321903006,0.006363239510010778,0
1300548,3,0,0.0021735515060550266,0.006363239510010778,0
1300759,3,0,0.00010319576585304223,0.006363239510010778,0
1302040,3,0,0.00015104007773102018,0.006363239510010778,0
1303031,3,0,3.757343844421796e-05,0.006363239510010778,0
1304080,3,0,0.0011477618828349004,0.006363239510010778,0
1306962,3,0,2.389994722005611e-05,0.006363239510010778,0
1307505,3,0,0.000562512420725242,0.006363239510010778,0
1307976,3,0,0.0011108229116418796,0.006363239510010778,0
1309244,3,0,0.00018542315244568419,0.006363239510010778,0
1309665,3,0,0.0005756749304097593,0.006363239510010778,0
1309824,3,0,0.0002091517218797066,0.006363239510010778,0
1313631,3,0,0.030609120993490713,0.006363239510010778,1
1313816,3,0,0.0008889828944596952,0.006363239510010778,0
1314105,3,0,4.011166016575809e-05,0.006363239510010778,0
1314791,3,0,0.0003847653605699544,0.006363239510010778,0
1316078,3,0,0.005739044310520339,0.006363239510010778,0
1317737,3,0,0.00015304802245410704,0.006363239510010778,0
1325899,3,0,0.0003262092855942743,0.006363239510010778,0
1330278,3,0,0.0001262300390543535,0.006363239510010778,0
1343414,3,0,0.0001989462305949266,0.006363239510010778,0
1356516,3,0,0.0001288290475368734,0.006363239510010778,0
1356857,3,0,0.0006083216920136633,0.006363239510010778,0
1360698,3,0,0.002011010647902297,0.006363239510010778,0
1365837,3,0,0.000248746637101725,0.006363239510010778,0
1375770,3,0,3.0148866641255003e-05,0.006363239510010778,0
1376190,3,0,6.288346182090331e-05,0.006363239510010778,0
1377033,3,0,0.0004291719004783429,0.006363239510010778,0
1379068,3,0,2.245239559253054e-05,0.006363239510010778,0
1420066,3,0,0.009036372472062834,0.006363239510010778,1
1492410,3,0,0.003248952232956639,0.006363239510010778,0
1500196,3,0,0.00114436077048168,0.006363239510010778,0
1503465,3,0,0.0009080893626955415,0.006363239510010778,0
1503600,3,0,0.001490568798523757,0.006363239510010778,0
1505270,3,0,0.0002458322015264285,0.006363239510010778,0
1511459,3,0,0.0003585832308638428,0.006363239510010778,0
1517492,3,0,0.0001625066041620552,0.006363239510010778,0
1518966,3,0,0.0002945825865053701,0.006363239510010778,0
1519926,3,0,0.00012889432199774043,0.006363239510010778,0
1520087,3,0,0.00013069432687023486,0.006363239510010778,0
1520613,3,0,0.000378781999794729,0.006363239510010778,0
1522903,3,0,0.008151825809995922,0.006363239510010778,1
1523649,3,0,0.0006756870983571302,0.006363239510010778,0
1537483,3,0,0.00047285913762348423,0.006363239510010778,0
1540788,3,0,0.004607285968318916,0.006363239510010778,0
1542103,3,0,3.895551937828507e-05,0.006363239510010778,0
1547938,3,0,0.00011242671163458315,0.006363239510010778,0
1548115,3,0,0.0008858287588806831,0.006363239510010778,0
1548125,3,0,0.0076204958640926305,0.006363239510010778,1
1562597,3,0,0.0002034341784322382,0.006363239510010778,0
1567001,3,0,0.0006361790791326612,0.006363239510010778,0
1568315,3,0,0.006165540388835616,0.006363239510010778,0
1568418,3,0,7.653426987320326e-05,0.006363239510010778,0
1633229,3,0,0.00042743391163500534,0.006363239510010778,0
1633446,3,0,0.0011723238966536132,0.006363239510010778,0
1634749,3,0,0.0002717258663702741,0.006363239510010778,0
1637932,3,0,0.0011795151802026138,0.006363239510010778,0
1643368,3,0,0.00019671001242735906,0.006363239510010778,0
1726561,3,0,0.0026406780529216745,0.006363239510010778,0
1749332,3,0,4.11960929093996e-05,0.006363239510010778,0
1761867,3,0,0.003554034234504566,0.006363239510010778,0
1784164,3,0,9.279341617024456e-05,0.006363239510010778,0
1803567,3,0,0.0005543820230341487,0.006363239510010778,0
1815812,3,0,1.5410372014801187e-05,0.006363239510010778,0
1817894,3,0,0.002706110816933764,0.006363239510010778,0
1825764,3,0,0.0012233703149980267,0.006363239510010778,0
1835956,3,0,0.0005224888690186824,0.006363239510010778,0
1836620,3,0,0.00013280088820361287,0.006363239510010778,0
1842066,3,0,0.0003197381683838662,0.006363239510010778,0
1856556,3,0,8.403720840168759e-05,0.006363239510010778,0
1893572,3,0,0.0027927681959447536,0.006363239510010778,0
1910563,3,0,0.0004982709827161126,0.006363239510010778,0
1915027,3,0,0.00022834154303040036,0.006363239510010778,0
1953555,3,0,0.00012775936894711848,0.006363239510010778,0
1962637,3,0,0.0008357512123545098,0.006363239510010778,0
1969317,3,0,0.003477557652969866,0.006363239510010778,0
1983138,3,0,0.004312906000042564,0.006363239510010778,0
1989701,3,0,8.620386925123292e-05,0.006363239510010778,0
1990158,3,0,0.0007367642326875234,0.006363239510010778,0
2044132,3,0,0.00018660540622707716,0.006363239510010778,0
2051205,3,0,0.010382574714254385,0.006363239510010778,1
2052836,3,0,4.968737892797942e-05,0.006363239510010778,0
2053484,3,0,9.601480578945962e-05,0.006363239510010778,0
2053885,3,0,0.00020235915717547995,0.006363239510010778,0
2054025,3,0,0.0029121903819889845,0.006363239510010778,0
2054464,3,0,0.015988860391640172,0.006363239510010778,1
2055808,3,0,0.0005371296422988556,0.006363239510010778,0
2056174,3,0,3.1131068929475514e-05,0.006363239510010778,0
2056478,3,0,3.1698238716696984e-05,0.006363239510010778,0
2057917,3,0,0.0010409189376159444,0.006363239510010778,0
2058637,3,0,0.0006391573390484152,0.006363239510010778,0
2058790,3,0,9.258478841047426e-05,0.006363239510010778,0
2059848,3,0,0.0006685903453275496,0.006363239510010778,0
2060907,3,0,0.0020001417353954264,0.006363239510010778,0
2060987,3,0,0.015049837479796083,0.006363239510010778,1
2063425,3,0,0.0005375241899611145,0.006363239510010778,0
2064203,3,0,0.0002051842585579613,0.006363239510010778,0
2064238,3,0,0.0002487460935754896,0.006363239510010778,0
2064370,3,0,0.0011296234179979541,0.006363239510010778,0
2066745,3,0,4.294259560673292e-05,0.006363239510010778,0
2068299,3,0,0.0005585938417460228,0.006363239510010778,0
2076578,3,0,0.003051289958805058,0.006363239510010778,0
2077511,3,0,0.0010533067417123918,0.006363239510010778,0
2077608,3,0,0.0008746495837834426,0.006363239510010778,0
2078480,3,0,0.0005925848935326091,0.006363239510010778,0
2078659,3,0,7.554699576287173e-05,0.006363239510010778,0
2080380,3,0,0.001217246237074305,0.006363239510010778,0
2080422,3,0,0.09056798125740408,0.006363239510010778,1
2081182,3,0,0.10263648675799286,0.006363239510010778,1
2081442,3,0,0.00015288827018920193,0.006363239510010778,0
2083491,3,0,6.412235679849268e-05,0.006363239510010778,0
2084695,3,0,0.00022174298932047662,0.006363239510010778,0
2085816,3,0,9.89807220700491e-05,0.006363239510010778,0
2086519,3,0,0.0002515191225032246,0.006363239510010778,0
2086939,3,0,0.0002413468898460238,0.006363239510010778,0
2087378,3,0,0.0028906377805065224,0.006363239510010778,0
2087892,3,0,0.0001717334737106617,0.006363239510010778,0
2089001,3,0,8.923382249167716e-05,0.006363239510010778,0
2089374,3,0,0.00117636140592879,0.006363239510010778,0
2089404,3,0,0.00013838389841992895,0.006363239510010778,0
2089750,3,0,6.945198946867129e-05,0.006363239510010778,0
2092161,3,0,0.001087262428321154,0.006363239510010778,0
2095290,3,0,0.00815693939115554,0.006363239510010778,1
2095542,3,0,0.002413790084796801,0.006363239510010778,0
2095832,3,0,0.0005640593527697921,0.006363239510010778,0
2098570,3,0,0.0005687510570179038,0.006363239510010778,0
2099188,3,0,0.0017596361517234489,0.006363239510010778,0
2099488,3,0,0.0010760085319662023,0.006363239510010778,0
2101070,3,0,3.094303562825094e-05,0.006363239510010778,0
2102980,3,0,0.00010941184222240139,0.006363239510010778,0
2103632,3,0,0.014000006537059127,0.006363239510010778,1
2103682,3,0,0.017341950525282212,0.006363239510010778,1
2104060,3,0,0.0015077958022810833,0.006363239510010778,0
2104462,3,0,0.004123190443928894,0.006363239510010778,0
2104509,3,0,0.002115538179835148,0.006363239510010778,0
2104591,3,0,0.002451531617076651,0.006363239510010778,0
2105106,3,0,0.002028575971559001,0.006363239510010778,0
2105999,3,0,0.00022893899421947618,0.006363239510010778,0
2106979,3,0,0.0029012420792154407,0.006363239510010778,0
2107666,3,0,0.005626462479427132,0.006363239510010778,0
2109912,3,0,0.0030852095625038926,0.006363239510010778,0
2110803,3,0,0.000105109023995005,0.006363239510010778,0
2111731,3,0,0.001560430200179697,0.006363239510010778,0
2111880,3,0,7.811555836913966e-05,0.006363239510010778,0
2114364,3,0,0.0014615170889383747,0.006363239510010778,0
2114663,3,0,0.014543560400532559,0.006363239510010778,1
2114980,3,0,0.016766731842415727,0.006363239510010778,1
2115625,3,0,0.02137301385366691,0.006363239510010778,1
2117005,3,0,6.282723820690883e-05,0.006363239510010778,0
2117624,3,0,0.00022941170626988798,0.006363239510010778,0
2118027,3,0,0.007387678606717384,0.006363239510010778,1
2119081,3,0,0.0005464144020703953,0.006363239510010778,0
2119996,3,0,0.0008988351946063758,0.006363239510010778,0
2120057,3,0,8.979806932994502e-05,0.006363239510010778,0
2120761,3,0,0.00013148193733692503,0.006363239510010778,0
2121288,3,0,0.0020638698901463406,0.006363239510010778,0
2121674,3,0,0.00044506311740634164,0.006363239510010778,0
2122002,3,0,0.004961267679319247,0.006363239510010778,0
2122838,3,0,0.001799906174630686,0.006363239510010778,0
2123282,3,0,0.00032400462517779866,0.006363239510010778,0
2123289,3,0,0.00012860168448258145,0.006363239510010778,0
2124142,3,0,0.0010759271539331507,0.006363239510010778,0
2124830,3,0,0.00017143152599339654,0.006363239510010778,0
2125027,3,0,0.00011839753618691107,0.006363239510010778,0
2125858,3,0,1.38206865612912e-05,0.006363239510010778,0
2126116,3,0,0.031868036164926256,0.006363239510010778,1
2127009,3,0,5.75277428447823e-05,0.006363239510010778,0
2127567,3,0,0.00287600474601143,0.006363239510010778,0
2127766,3,0,0.0005108796325363807,0.006363239510010778,0
2141781,3,0,0.00199488338371267,0.006363239510010778,0
2142259,3,0,0.004332702115613405,0.006363239510010778,0
2145420,3,0,0.0006485903311345726,0.006363239510010778,0
2148447,3,0,0.0007349155139553644,0.006363239510010778,0
2148448,3,0,0.00022492054129171835,0.006363239510010778,0
2148482,3,0,0.00017206613011089148,0.006363239510010778,0
2149633,3,0,0.0013778783327522597,0.006363239510010778,0
2150860,3,0,0.0011115249967150165,0.006363239510010778,0
2152425,3,0,7.769559442645296e-05,0.006363239510010778,0
2153216,3,0,0.001523469811204977,0.006363239510010778,0
2153510,3,0,2.2691395708148516e-05,0.006363239510010778,0
2154278,3,0,0.0019143326037671662,0.006363239510010778,0
2155192,3,0,0.00012558040913410688,0.006363239510010778,0
2155870,3,0,0.000825168177388143,0.006363239510010778,0
2156187,3,0,0.0002277353388524775,0.006363239510010778,0
2157546,3,0,0.000575485764168942,0.006363239510010778,0
2158866,3,0,5.975284635805503e-05,0.006363239510010778,0
2158935,3,0,0.011419724184422605,0.006363239510010778,1
2159408,3,0,7.384735748772742e-05,0.006363239510010778,0
2160249,3,0,0.001454455351056643,0.006363239510010778,0
2160372,3,0,0.0015717851183331417,0.006363239510010778,0
2160412,3,0,0.0018466018790973414,0.006363239510010778,0
2161731,3,0,0.00018267451134683482,0.006363239510010778,0
2161858,3,0,0.00026322612472547846,0.006363239510010778,0
2162991,3,0,0.00028710829254549684,0.006363239510010778,0
2165345,3,0,0.0008024005858611196,0.006363239510010778,0
2165590,3,0,0.000707605732421257,0.006363239510010778,0
2165688,3,0,0.0001813061902626608,0.006363239510010778,0
2165960,3,0,0.00018861189557832226,0.006363239510010778,0
2166775,3,0,0.00031761909604128923,0.006363239510010778,0
2168968,3,0,0.00024418094800548795,0.006363239510010778,0
2169998,3,0,0.00022188387089777184,0.006363239510010778,0
2174070,3,0,0.00034953878807088225,0.006363239510010778,0
2174536,3,0,0.0001863913509665518,0.006363239510010778,0
2175049,3,0,0.00011952376519400579,0.006363239510010778,0
2175588,3,0,0.00015000279659298587,0.006363239510010778,0
2179064,3,0,7.127322962696055e-05,0.006363239510010778,0
2179503,3,0,0.00016948724188827648,0.006363239510010778,0
2187295,3,0,0.001949621974500106,0.006363239510010778,0
2187510,3,0,0.00011620201385474999,0.006363239510010778,0
2188965,3,0,2.5651444189900352e-05,0.006363239510010778,0
2190341,3,0,0.0014370205815168572,0.006363239510010778,0
2192280,3,0,0.00012155786269578519,0.006363239510010778,0
2192390,3,0,0.0006874534336656714,0.006363239510010778,0
2192631,3,0,0.002626003899880642,0.006363239510010778,0
2193833,3,0,8.336815016519963e-05,0.006363239510010778,0
2194475,3,0,0.0007765059109876054,0.006363239510010778,0
2194910,3,0,5.860625044010422e-06,0.006363239510010778,0
2195556,3,0,0.001058305275689459,0.006363239510010778,0
2195706,3,0,0.00018600438469301554,0.006363239510010778,0
2197182,3,0,0.00035352916818451915,0.006363239510010778,0
2199248,3,0,7.334827516055187e-05,0.006363239510010778,0
2199587,3,0,0.0015642063801577688,0.006363239510010778,0
2201573,3,0,0.2667848921586093,0.006363239510010778,1
2202439,3,0,0.00022805821437590166,0.006363239510010778,0
2202776,3,0,0.00037926063151077057,0.006363239510010778,0
2204762,3,0,0.0019679207532994126,0.006363239510010778,0
2204979,3,0,0.002000559925133037,0.006363239510010778,0
2206036,3,0,8.196164398625276e-05,0.006363239510010778,0
2206119,3,0,9.230835201660568e-05,0.006363239510010778,0
2206824,3,0,0.001308237591432406,0.006363239510010778,0
2207604,3,0,0.0030129347073614165,0.006363239510010778,0
2208737,3,0,0.0018958529110541173,0.006363239510010778,0
2210473,3,0,0.011724949820215703,0.006363239510010778,1
2210784,3,0,0.00039643030003922233,0.006363239510010778,0
2212806,3,0,0.001182420854810731,0.006363239510010778,0
2213538,3,0,0.0021248834313860074,0.006363239510010778,0
2214373,3,0,0.0006181154347173135,0.006363239510010778,0
2214409,3,0,0.0019356739769118782,0.006363239510010778,0
2215037,3,0,0.0012877117767405705,0.006363239510010778,0
2215072,3,0,0.0012062948270715604,0.006363239510010778,0
2215251,3,0,0.0001025661504208458,0.006363239510010778,0
2215855,3,0,0.000477167230557435,0.006363239510010778,0
2216018,3,0,0.0011463795427759348,0.006363239510010778,0
2216494,3,0,0.00011366763334725278,0.006363239510010778,0
2216567,3,0,0.0004871362928070493,0.006363239510010778,0
2217886,3,0,0.001603504774626374,0.006363239510010778,0
2218605,3,0,0.0016312951624521128,0.006363239510010778,0
2218927,3,0,0.000257959819130675,0.006363239510010778,0
2219277,3,0,0.0016769387337956581,0.006363239510010778,0
2219800,3,0,0.00074336329677889,0.006363239510010778,0
2219826,3,0,5.925493581682327e-05,0.006363239510010778,0
2219904,3,0,0.0015058003128237288,0.006363239510010778,0
2220889,3,0,0.0040588456699583424,0.006363239510010778,0
2221407,3,0,0.0031089237949126457,0.006363239510010778,0
2221791,3,0,0.00036054667638185,0.006363239510010778,0
2222075,3,0,2.3372232549005317e-05,0.006363239510010778,0
2223334,3,0,0.00011536152381850585,0.006363239510010778,0
2223389,3,0,1.3399719867030784e-05,0.006363239510010778,0
2223491,3,0,4.7111522651446926e-05,0.006363239510010778,0
2224093,3,0,0.0012318551907723255,0.006363239510010778,0
2224143,3,0,0.0006020014994176447,0.006363239510010778,0
2224231,3,0,0.0009221233206753666,0.006363239510010778,0
2224556,3,0,0.0005747043039047242,0.006363239510010778,0
2225184,3,0,9.255065242197982e-05,0.006363239510010778,0
2226284,3,0,0.002966476944958205,0.006363239510010778,0
2226307,3,0,0.0003493326961940378,0.006363239510010778,0
2226548,3,0,0.00021675572394954393,0.006363239510010778,0
2227937,3,0,0.0073100554349547625,0.006363239510010778,1
2228164,3,0,0.00031545835056717605,0.006363239510010778,0
2228687,3,0,0.00011957190828136876,0.006363239510010778,0
2229146,3,0,0.0003597161044935915,0.006363239510010778,0
2229845,3,0,0.0005749709828625421,0.006363239510010778,0
2229995,3,0,0.00039625619420891625,0.006363239510010778,0
2230213,3,0,2.9292787289546605e-05,0.006363239510010778,0
2231244,3,0,0.0022974232997478865,0.006363239510010778,0
2231736,3,0,0.0008283217779797398,0.006363239510010778,0
2232918,3,0,0.0005101613075943252,0.006363239510010778,0
2233047,3,0,0.0007929937333663032,0.006363239510010778,0
2233286,3,0,0.0025670941954553926,0.006363239510010778,0
2233896,3,0,0.00012475233719197676,0.006363239510010778,0
2235757,3,0,2.4408709629865782e-05,0.006363239510010778,0
2238215,3,0,0.0001890557400899701,0.006363239510010778,0
2238974,3,0,3.247259742171243e-05,0.006363239510010778,0
2239735,3,0,9.131022948979817e-05,0.006363239510010778,0
2240918,3,0,0.00017144011570720686,0.006363239510010778,0
2240997,3,0,0.0008323521023911835,0.006363239510010778,0
2241562,3,0,0.0005786994872505106,0.006363239510010778,0
2243191,3,0,0.010625401010078507,0.006363239510010778,1
2243202,3,0,0.00018766781348938477,0.006363239510010778,0
2246736,3,0,0.0003689072803056662,0.006363239510010778,0
2249247,3,0,0.0004384462096420863,0.006363239510010778,0
2252177,3,0,0.001129858030506503,0.006363239510010778,0
2264836,3,0,0.00017604065039178484,0.006363239510010778,0
2266004,3,0,0.0003353153737484523,0.006363239510010778,0
2268436,3,0,0.009875426715466255,0.006363239510010778,1
2285249,3,0,1.0190006185783752e-05,0.006363239510010778,0
2290503,3,0,0.00023923890963666706,0.006363239510010778,0
2290906,3,0,0.0004232155569894941,0.006363239510010778,0
2292227,3,0,0.00017388041337665645,0.006363239510010778,0
2292827,3,0,0.00026955279467344494,0.006363239510010778,0
2294829,3,0,0.00023094894969500167,0.006363239510010778,0
2298826,3,0,0.0008983716807009488,0.006363239510010778,0
2304231,3,0,0.00010241463021099354,0.006363239510010778,0
2308073,3,0,0.0012498712336767445,0.006363239510010778,0
2309170,3,0,3.859080790503552e-05,0.006363239510010778,0
2309247,3,0,0.0012495263345918305,0.006363239510010778,0
2310766,3,0,0.00019572508470705848,0.006363239510010778,0
2312372,3,0,8.294589340392851e-05,0.006363239510010778,0
2313925,3,0,9.493411973794803e-05,0.006363239510010778,0
2316008,3,0,0.00014884131037907726,0.006363239510010778,0
2316674,3,0,0.0001083796688247128,0.006363239510010778,0
2319808,3,0,0.0006206197713628607,0.006363239510010778,0
2326419,3,0,0.0021872217858870243,0.006363239510010778,0
2328568,3,0,2.840288095078947e-05,0.006363239510010778,0
2332383,3,0,0.0003160384343582603,0.006363239510010778,0
2334569,3,0,0.0029387689025984205,0.006363239510010778,0
2334713,3,0,0.0030755189033902838,0.006363239510010778,0
2335288,3,0,0.0006593726423277839,0.006363239510010778,0
2336321,3,0,0.000841188122026274,0.006363239510010778,0
2346668,3,0,0.0019778023525233125,0.006363239510010778,0
2348112,3,0,0.0005309759615211138,0.006363239510010778,0
2348844,3,0,0.00023352867686937039,0.006363239510010778,0
2351209,3,0,0.00046093291764396044,0.006363239510010778,0
2352857,3,0,0.0010111894073639358,0.006363239510010778,0
2353746,3,0,0.003414538433801935,0.006363239510010778,0
2354969,3,0,0.008665383139189548,0.006363239510010778,1
2356262,3,0,0.0002601779897035315,0.006363239510010778,0
2357965,3,0,1.4505354206499456e-05,0.006363239510010778,0
2358649,3,0,0.0033676265513691004,0.006363239510010778,0
2363090,3,0,3.6472459535731264e-05,0.006363239510010778,0
2364141,3,0,0.004064230332627772,0.006363239510010778,0
2364458,3,0,0.00017740768685784526,0.006363239510010778,0
2365040,3,0,0.006196364559410378,0.006363239510010778,0
2365094,3,0,0.00010125201097502816,0.006363239510010778,0
2365388,3,0,0.0010275694875366253,0.006363239510010778,0
2365878,3,0,4.195260739308598e-05,0.006363239510010778,0
2367137,3,0,0.00024053505304237182,0.006363239510010778,0
2368202,3,0,0.0004443222563056104,0.006363239510010778,0
2370375,3,0,0.0007540996584861997,0.006363239510010778,0
2371427,3,0,0.0008116969176608265,0.006363239510010778,0
2372906,3,0,0.012212518440193226,0.006363239510010778,1
2374138,3,0,0.001992364302927588,0.006363239510010778,0
2377356,3,0,0.00010107128899676404,0.006363239510010778,0
2378460,3,0,0.00020939913912893106,0.006363239510010778,0
2390996,3,0,0.0023633828257492175,0.006363239510010778,0
2395512,3,0,0.0034160520157874344,0.006363239510010778,0
2400927,3,0,9.057380660741632e-05,0.006363239510010778,0
2402760,3,0,0.0007920661771581,0.006363239510010778,0
2405292,3,0,0.014458289410339187,0.006363239510010778,1
2405503,3,0,0.0011114750733906228,0.006363239510010778,0
2408775,3,0,0.002578808040956296,0.006363239510010778,0
2419285,3,0,9.16095054479197e-06,0.006363239510010778,0
2422401,3,0,0.002353802306211012,0.006363239510010778,0
2426783,3,0,0.0005064393605055807,0.006363239510010778,0
2431043,3,0,0.00014747937898476946,0.006363239510010778,0
2432882,3,0,0.0016725710806376917,0.006363239510010778,0
2434102,3,0,0.000105225251817143,0.006363239510010778,0
2493020,3,0,0.0003086322068089849,0.006363239510010778,0
2494998,3,0,0.0002567212716576026,0.006363239510010778,0
2513609,3,0,0.0005183676075515539,0.006363239510010778,0
2515057,3,0,8.795413370745073e-05,0.006363239510010778,0
2517422,3,0,0.002325673970805615,0.006363239510010778,0
2524890,3,0,0.0027402519147256585,0.006363239510010778,0
2525258,3,0,0.0014561475755954303,0.006363239510010778,0
2529884,3,0,0.0003397931776242336,0.006363239510010778,0
2532262,3,0,0.0009615329340521865,0.006363239510010778,0
2535734,3,0,0.006163385611242892,0.006363239510010778,0
2537367,3,0,0.0002733548630922855,0.006363239510010778,0
2538867,3,0,0.0008685163163209379,0.006363239510010778,0
2539175,3,0,3.4615724346099994e-05,0.006363239510010778,0
2539613,3,0,0.005191485449213886,0.006363239510010778,0
2539710,3,0,0.0003798854341205324,0.006363239510010778,0
2541167,3,0,0.00015556556505810673,0.006363239510010778,0
2543646,3,0,1.3500219219798738e-05,0.006363239510010778,0
2544536,3,0,0.0007015415774229603,0.006363239510010778,0
2546146,3,0,0.0011362241480515798,0.006363239510010778,0
2547019,3,0,0.0004979994052846095,0.006363239510010778,0
2547173,3,0,0.0033716786133330973,0.006363239510010778,0
2549726,3,0,8.717266336914378e-05,0.006363239510010778,0
2549759,3,0,0.0018858064713402523,0.006363239510010778,0
2553080,3,0,0.0005363592431014787,0.006363239510010778,0
2555233,3,0,0.0008912872098734567,0.006363239510010778,0
2558436,3,0,0.0030423658190804597,0.006363239510010778,0
2559972,3,0,0.0011017180367640616,0.006363239510010778,0
2564837,3,0,0.0014204071735199088,0.006363239510010778,0
2565377,3,0,0.00027973713524292543,0.006363239510010778,0
2565448,3,0,0.00010349892994743787,0.006363239510010778,0
2569168,3,0,2.1092166824136984e-05,0.006363239510010778,0
2570528,3,0,0.000319832351846923,0.006363239510010778,0
2571083,3,0,0.00014330146152577344,0.006363239510010778,0
2574276,3,0,9.148106061898932e-05,0.006363239510010778,0
2576445,3,0,0.00013145266705295365,0.006363239510010778,0
2579441,3,0,0.0007493968882418899,0.006363239510010778,0
2582397,3,0,0.001823760730377038,0.006363239510010778,0
2583790,3,0,3.011385821550067e-05,0.006363239510010778,0
2586975,3,0,0.00011295212352222778,0.006363239510010778,0
2594417,3,0,8.398804096750037e-05,0.006363239510010778,0
2598294,3,0,0.000971847644411181,0.006363239510010778,0
2607885,3,0,0.00010472126999843401,0.006363239510010778,0
2608768,3,0,0.0029165058601732766,0.006363239510010778,0
2609053,3,0,2.3148447255585106e-05,0.006363239510010778,0
2611782,3,0,0.00014005618319599017,0.006363239510010778,0
2620950,3,0,0.0002010056122170073,0.006363239510010778,0
2622528,3,0,0.00022706863186426352,0.006363239510010778,0
2622635,3,0,9.980536990269801e-05,0.006363239510010778,0
2622866,3,0,0.00032443918772682057,0.006363239510010778,0
2646131,3,0,0.002478733852609353,0.006363239510010778,0
2655002,3,0,0.00014907974925615382,0.006363239510010778,0
2668608,3,0,0.001912439185773226,0.006363239510010778,0
2669322,3,0,0.0050189304271225435,0.006363239510010778,0
2671017,3,0,0.003005766009205919,0.006363239510010778,0
2675152,3,0,0.005507352023360521,0.006363239510010778,0
2690397,3,0,0.00023116647814472405,0.006363239510010778,0
2745204,3,0,0.021884818862938867,0.006363239510010778,1
2770451,3,0,0.00010302974328898646,0.006363239510010778,0
2772420,3,0,0.00026239698759627107,0.006363239510010778,0
2773134,3,0,7.339093321312299e-05,0.006363239510010778,0
2789322,3,0,0.00016177466964557,0.006363239510010778,0
2795203,3,0,0.00016706538820032325,0.006363239510010778,0
2800318,3,0,0.0005152522964318885,0.006363239510010778,0
2810102,3,0,0.00014726337739188523,0.006363239510010778,0
2815063,3,0,0.0018423184353193206,0.006363239510010778,0
2817096,3,0,0.00010306860600221805,0.006363239510010778,0
2826620,3,0,0.004226488568467176,0.006363239510010778,0
2827535,3,0,0.003536419170933236,0.006363239510010778,0
2828670,3,0,0.0001533031126756721,0.006363239510010778,0
2829241,3,0,0.0006771918820310369,0.006363239510010778,0
2831180,3,0,0.00011470458478576136,0.006363239510010778,0
2832720,3,0,3.210778008145013e-05,0.006363239510010778,0
2836177,3,0,9.336035999884546e-05,0.006363239510010778,0
2837714,3,0,9.480372606192804e-05,0.006363239510010778,0
2838073,3,0,8.463223526928073e-05,0.006363239510010778,0
2839312,3,0,0.00012604155962123772,0.006363239510010778,0
2843583,3,0,0.00146318263491348,0.006363239510010778,0
2845852,3,0,6.35381912623095e-05,0.006363239510010778,0
2847867,3,0,0.00016176154358669406,0.006363239510010778,0
2848187,3,0,0.0005029663535337491,0.006363239510010778,0
2850505,3,0,0.0005717035134338445,0.006363239510010778,0
2852738,3,0,4.194380736100234e-05,0.006363239510010778,0
2852749,3,0,0.0002871883903308934,0.006363239510010778,0
2852940,3,0,0.0005624766973668236,0.006363239510010778,0
2854637,3,0,6.27285171450111e-05,0.006363239510010778,0
2855321,3,0,9.310953815978215e-05,0.006363239510010778,0
2855400,3,0,0.00034822051531510265,0.006363239510010778,0
2855568,3,0,3.236759049065663e-05,0.006363239510010778,0
2857335,3,0,5.796152054112465e-05,0.006363239510010778,0
2857420,3,0,4.8196848178302174e-05,0.006363239510010778,0
2858173,3,0,0.0001727679761109251,0.006363239510010778,0
2858493,3,0,6.051561735131477e-05,0.006363239510010778,0
2858656,3,0,0.00010334592827575855,0.006363239510010778,0
2860008,3,0,0.0001129935231597609,0.006363239510010778,0
2865019,3,0,0.00014763719895643788,0.006363239510010778,0
2865030,3,0,0.0002051639532924251,0.006363239510010778,0
2865995,3,0,0.002432716795817064,0.006363239510010778,0
2866336,3,0,0.0024095445347045493,0.006363239510010778,0
2867514,3,0,0.00029883783407773243,0.006363239510010778,0
2868212,3,0,3.045478984774707e-05,0.006363239510010778,0
2868572,3,0,0.00014061960863180468,0.006363239510010778,0
2872626,3,0,5.095263752667358e-05,0.006363239510010778,0
2876149,3,0,0.0005280014954859513,0.006363239510010778,0
2876426,3,0,0.0004483940131819129,0.006363239510010778,0
2876756,3,0,0.002796033760429908,0.006363239510010778,0
2877411,3,0,0.00010177933393498798,0.006363239510010778,0
2878628,3,0,0.01068338044303783,0.006363239510010778,1
2882268,3,0,0.001359623589835264,0.006363239510010778,0
2884920,3,0,0.0001669053181218805,0.006363239510010778,0
2886949,3,0,0.00021841181459918483,0.006363239510010778,0
2891087,3,0,0.00015622723532337748,0.006363239510010778,0
2891326,3,0,0.0002136197097431788,0.006363239510010778,0
2891573,3,0,0.00015771783958656296,0.006363239510010778,0
2893786,3,0,3.259538602965101e-05,0.006363239510010778,0
2893929,3,0,8.022327914904948e-05,0.006363239510010778,0
2894534,3,0,0.0002021686772474876,0.006363239510010778,0
2895288,3,0,0.0008749767165553515,0.006363239510010778,0
2897194,3,0,0.000406651970200223,0.006363239510010778,0
2897391,3,0,0.0002059569285135784,0.006363239510010778,0
2900156,3,0,0.001378686267393838,0.006363239510010778,0
2900710,3,0,0.0006629749959811498,0.006363239510010778,0
2901223,3,0,9.386404015171287e-05,0.006363239510010778,0
2901964,3,0,5.329875439999991e-05,0.006363239510010778,0
2902985,3,0,0.00011163176909821299,0.006363239510010778,0
2904147,3,0,0.0005279341239453483,0.006363239510010778,0
2905439,3,0,0.0002008766562995508,0.006363239510010778,0
2906489,3,0,0.00016715948777573064,0.006363239510010778,0
2906544,3,0,0.0019072781768285705,0.006363239510010778,0
2907479,3,0,0.0001166517882671553,0.006363239510010778,0
2908562,3,0,0.0013124541711861766,0.006363239510010778,0
2908583,3,0,0.00012188396840828581,0.006363239510010778,0
2908726,3,0,0.0002126734202065836,0.006363239510010778,0
2909454,3,0,6.114994590164538e-06,0.006363239510010778,0
2912448,3,0,0.0008648630458625537,0.006363239510010778,0
2912588,3,0,9.225625979076631e-05,0.006363239510010778,0
2912676,3,0,2.2397398652452137e-05,0.006363239510010778,0
2912878,3,0,0.00016345862479670475,0.006363239510010778,0
2912964,3,0,0.0003312611782590158,0.006363239510010778,0
2914978,3,0,8.130486204285605e-05,0.006363239510010778,0
2915996,3,0,0.0006324590142008798,0.006363239510010778,0
2918581,3,0,5.229425508830368e-05,0.006363239510010778,0
2918844,3,0,0.00033211604900554764,0.006363239510010778,0
2920016,3,0,6.459880838082146e-05,0.006363239510010778,0
2920736,3,0,0.00057661882115321,0.006363239510010778,0
2920966,3,0,0.0002508830038818955,0.006363239510010778,0
2921033,3,0,0.0001467334553851711,0.006363239510010778,0
2921904,3,0,5.589830291608583e-05,0.006363239510010778,0
2925029,3,0,0.0008165227986850173,0.006363239510010778,0
2925136,3,0,0.00010531160250006179,0.006363239510010778,0
2925160,3,0,0.002390189175557714,0.006363239510010778,0
2925960,3,0,0.0001613074403457221,0.006363239510010778,0
2927040,3,0,0.00029184215991868317,0.006363239510010778,0
2928952,3,0,0.0001598251702491383,0.006363239510010778,0
2928975,3,0,0.000191681568357491,0.006363239510010778,0
2929827,3,0,8.033035703456658e-05,0.006363239510010778,0
2932603,3,0,0.00036905967629567114,0.006363239510010778,0
2932757,3,0,0.00030171684770396626,0.006363239510010778,0
2933368,3,0,0.00014952128489649524,0.006363239510010778,0
2933795,3,0,0.0001435621071899626,0.006363239510010778,0
2936398,3,0,5.3306625692563815e-05,0.006363239510010778,0
2937983,3,0,9.341640157217436e-05,0.006363239510010778,0
2938401,3,0,6.0417994336279006e-05,0.006363239510010778,0
2939098,3,0,0.0008780937377940398,0.006363239510010778,0
2939726,3,0,5.79929666557237e-05,0.006363239510010778,0
2940526,3,0,3.330169904089569e-05,0.006363239510010778,0
2940569,3,0,0.00011309664990266138,0.006363239510010778,0
2941798,3,0,3.68808853593625e-05,0.006363239510010778,0
2942023,3,0,0.00020038610869554596,0.006363239510010778,0
2942299,3,0,0.0019883708401653003,0.006363239510010778,0
2942332,3,0,5.317717852624467e-05,0.006363239510010778,0
2943033,3,0,1.609744938302353e-05,0.006363239510010778,0
2943279,3,0,4.9798573486730353e-05,0.006363239510010778,0
2944676,3,0,0.00011788751809926361,0.006363239510010778,0
2945485,3,0,7.162936870724386e-05,0.006363239510010778,0
2945804,3,0,0.00029829031714024033,0.006363239510010778,0
2946904,3,0,0.0021721158443323897,0.006363239510010778,0
2946907,3,0,0.000545107754348869,0.006363239510010778,0
2947148,3,0,0.002933426747378199,0.006363239510010778,0
2947583,3,0,5.033796750608472e-05,0.006363239510010778,0
2947888,3,0,0.0014165427124448262,0.006363239510010778,0
2948508,3,0,0.00013431882821165835,0.006363239510010778,0
2948520,3,0,0.0010219061552797937,0.006363239510010778,0
2949496,3,0,0.0002590005818470053,0.006363239510010778,0
2949682,3,0,0.001626722527898997,0.006363239510010778,0
2949895,3,0,9.979113194443012e-05,0.006363239510010778,0
2950291,3,0,7.039175901080279e-05,0.006363239510010778,0
2950982,3,0,5.5115824789710166e-05,0.006363239510010778,0
2951417,3,0,0.0009193929668240805,0.006363239510010778,0
2951438,3,0,4.555373773804684e-05,0.006363239510010778,0
2951809,3,0,9.688915415022358e-05,0.006363239510010778,0
2951856,3,0,0.0007897194072773837,0.006363239510010778,0
2951996,3,0,0.0009384067205986072,0.006363239510010778,0
2952867,3,0,4.441428414615173e-05,0.006363239510010778,0
2952920,3,0,0.0002551212445126023,0.006363239510010778,0
2953456,3,0,1.1452379182093103e-05,0.006363239510010778,0
2953771,3,0,0.0017878039842358611,0.006363239510010778,0
2953991,3,0,0.003745725963371162,0.006363239510010778,0
2954452,3,0,0.003060120020504347,0.006363239510010778,0
2954557,3,0,3.0608662057066365e-05,0.006363239510010778,0
2954742,3,0,0.0001879336267978552,0.006363239510010778,0
2955049,3,0,0.0002303515604892724,0.006363239510010778,0
2955385,3,0,2.3526468841483487e-05,0.006363239510010778,0
2955543,3,0,8.275932295725028e-05,0.006363239510010778,0
2956580,3,0,0.0001330517459705871,0.006363239510010778,0
2956722,3,0,0.00013070858533077994,0.006363239510010778,0
2957994,3,0,0.00016432507447416506,0.006363239510010778,0
2957997,3,0,2.308542687837921e-05,0.006363239510010778,0
2958516,3,0,0.0021372139107351364,0.006363239510010778,0
2958972,3,0,6.35876831110551e-05,0.006363239510010778,0
2959424,3,0,9.198396959837624e-05,0.006363239510010778,0
2960003,3,0,7.742145010798555e-05,0.006363239510010778,0
2960025,3,0,0.000512177832720141,0.006363239510010778,0
2961964,3,0,0.0003259501972322287,0.006363239510010778,0
2962015,3,0,8.288179880007637e-05,0.006363239510010778,0
2962212,3,0,0.0005407093974514806,0.006363239510010778,0
2962286,3,0,0.003253841562880129,0.006363239510010778,0
2962724,3,0,6.313914637518166e-05,0.006363239510010778,0
2963306,3,0,0.0017755187613240548,0.006363239510010778,0
2963973,3,0,0.0004989449818514135,0.006363239510010778,0
2964338,3,0,0.00014597932422403842,0.006363239510010778,0
2964341,3,0,0.0003671952070526483,0.006363239510010778,0
2964418,3,0,0.00016044036113778678,0.006363239510010778,0
2965114,3,0,0.0005334446472461802,0.006363239510010778,0
2965196,3,0,0.00011354261034934317,0.006363239510010778,0
2965246,3,0,5.480551052819482e-05,0.006363239510010778,0
2965316,3,0,0.00020117925121743654,0.006363239510010778,0
2966848,3,0,0.0002688391229557134,0.006363239510010778,0
2967331,3,0,3.2120660421617896e-05,0.006363239510010778,0
2967634,3,0,0.00034481105549343313,0.006363239510010778,0
2967872,3,0,0.00014423003251235633,0.006363239510010778,0
2967915,3,0,5.045170595781519e-05,0.006363239510010778,0
2968490,3,0,0.00012667835775915617,0.006363239510010778,0
2970046,3,0,0.0010392692670728595,0.006363239510010778,0
2970251,3,0,0.0024728884011560874,0.006363239510010778,0
2970466,3,0,0.0011152149808942528,0.006363239510010778,0
2970589,3,0,0.00024874281903470116,0.006363239510010778,0
2970745,3,0,2.4775699652198718e-05,0.006363239510010778,0
2970838,3,0,0.001541936656467916,0.006363239510010778,0
2971094,3,0,0.0015414561893005289,0.006363239510010778,0
2971187,3,0,0.00038288789482753514,0.006363239510010778,0
2971267,3,0,0.0014299152227195495,0.006363239510010778,0
2971368,3,0,0.0016651389228853112,0.006363239510010778,0
2971396,3,0,0.0006894593100436207,0.006363239510010778,0
2971432,3,0,0.000734468270981413,0.006363239510010778,0
2971528,3,0,0.0004348100793219254,0.006363239510010778,0
2971985,3,0,0.0006415473091615611,0.006363239510010778,0
2972321,3,0,0.00013479261349393632,0.006363239510010778,0
2972947,3,0,0.0005899465016921213,0.006363239510010778,0
2974453,3,0,0.00015879121796914,0.006363239510010778,0
2974550,3,0,7.528490683083047e-05,0.006363239510010778,0
2974644,3,0,0.00010867957090309386,0.006363239510010778,0
2974700,3,0,0.0004891679473595939,0.006363239510010778,0
2974760,3,0,0.0011096781561344602,0.006363239510010778,0
2977127,3,0,0.0007905875498603561,0.006363239510010778,0
2978056,3,0,1.5019346186058123e-05,0.006363239510010778,0
2978114,3,0,0.000501316407509711,0.006363239510010778,0
2978907,3,0,0.00025982927784151677,0.006363239510010778,0
2979389,3,0,0.0004994112547472775,0.006363239510010778,0
2980804,3,0,0.0006303006886990535,0.006363239510010778,0
2981105,3,0,8.555765323741275e-05,0.006363239510010778,0
2981270,3,0,0.0001952091865415695,0.006363239510010778,0
2981769,3,0,7.55978755237432e-05,0.006363239510010778,0
2983865,3,0,2.380795809567328e-05,0.006363239510010778,0
2984343,3,0,0.00024319146212462288,0.006363239510010778,0
2986793,3,0,3.885462437685867e-05,0.006363239510010778,0
2987737,3,0,0.003014281027845669,0.006363239510010778,0
2988340,3,0,3.789568650098062e-05,0.006363239510010778,0
2997073,3,0,0.001422240045510997,0.006363239510010778,0
2997336,3,0,0.00034690071916848017,0.006363239510010778,0
2997525,3,0,0.00033459078960738686,0.006363239510010778,0
2997528,3,0,4.021960775754585e-05,0.006363239510010778,0
2997529,3,0,0.0001893793243628698,0.006363239510010778,0
2997532,3,0,0.00011938475331568856,0.006363239510010778,0
2997569,3,0,0.000305899758793087,0.006363239510010778,0
2997579,3,0,0.00010427657327209158,0.006363239510010778,0
2997599,3,0,0.0014449547706676395,0.006363239510010778,0
2997604,3,0,2.5418928178341887e-05,0.006363239510010778,0
2997627,3,0,9.042851591204636e-05,0.006363239510010778,0
2997711,3,0,7.317138396474263e-05,0.006363239510010778,0
2997766,3,0,0.0015710139796342182,0.006363239510010778,0
2997814,3,0,0.0002889795859103047,0.006363239510010778,0
2997867,3,0,2.663667359294086e-05,0.006363239510010778,0
2997877,3,0,0.001958972405724671,0.006363239510010778,0
2997879,3,0,2.0309339469194828e-05,0.006363239510010778,0
2997880,3,0,1.5999106653199022e-05,0.006363239510010778,0
2997882,3,0,0.00015894110719871113,0.006363239510010778,0
2997913,3,0,0.00016908115326104122,0.006363239510010778,0
2997953,3,0,0.000106007873932359,0.006363239510010778,0
2997961,3,0,0.0007788769858435961,0.006363239510010778,0
2997964,3,0,4.9101344311086095e-05,0.006363239510010778,0
2997989,3,0,0.0006513484825999506,0.006363239510010778,0
2998061,3,0,0.0004376358136830634,0.006363239510010778,0
2998063,3,0,1.3908868619402213e-05,0.006363239510010778,0
2998083,3,0,0.00015585090124638857,0.006363239510010778,0
2998104,3,0,6.634978956362527e-05,0.006363239510010778,0
2998144,3,0,0.0001299956321274774,0.006363239510010778,0
2998147,3,0,0.008657415987270205,0.006363239510010778,1
2998208,3,0,0.0007892707837152268,0.006363239510010778,0
2998257,3,0,0.000255202340228465,0.006363239510010778,0
2998289,3,0,0.0008274665783719521,0.006363239510010778,0
2998305,3,0,0.0007964909707286175,0.006363239510010778,0
2998367,3,0,0.00024575616050093727,0.006363239510010778,0
2998412,3,0,0.0001026701491338199,0.006363239510010778,0
2998494,3,0,0.0018745827230342827,0.006363239510010778,0
2998516,3,0,0.0017393896896280528,0.006363239510010778,0
2998531,3,0,0.0010049407140486607,0.006363239510010778,0
2998554,3,0,0.0025332405832816985,0.006363239510010778,0
2998565,3,0,0.00013377456702338376,0.006363239510010778,0
2998592,3,0,8.828511668335806e-06,0.006363239510010778,0
2998594,3,0,4.0459510518907896e-05,0.006363239510010778,0
2998627,3,0,0.00266328017423898,0.006363239510010778,0
2998767,3,0,0.00016879687774077953,0.006363239510010778,0
2998778,3,0,0.0070345797958553625,0.006363239510010778,1
2998785,3,0,5.138050505751396e-05,0.006363239510010778,0
2998789,3,0,0.0004450366247828519,0.006363239510010778,0
2998793,3,0,0.0003047646822171139,0.006363239510010778,0
2998807,3,0,0.00041023114400104156,0.006363239510010778,0
2998819,3,0,0.0011599959092127104,0.006363239510010778,0
2998856,3,0,0.0008319742437374305,0.006363239510010778,0
2998901,3,0,0.00012123878307473375,0.006363239510010778,0
2998931,3,0,0.00013077108801271952,0.006363239510010778,0
2998939,3,0,0.0011701857295379101,0.006363239510010778,0
2998963,3,0,0.0010514411912098177,0.006363239510010778,0
2999009,3,0,0.00015930737884653457,0.006363239510010778,0
2999011,3,0,0.0005873078081798875,0.006363239510010778,0
2999141,3,0,7.990814259805392e-05,0.006363239510010778,0
2999199,3,0,7.367071481360317e-05,0.006363239510010778,0
2999248,3,0,0.001902711402627003,0.006363239510010778,0
2999265,3,0,0.012261745164873706,0.006363239510010778,1
2999281,3,0,0.0005026806279200325,0.006363239510010778,0
2999307,3,0,0.00017069916322362124,0.006363239510010778,0
2999327,3,0,0.00031519392520118017,0.006363239510010778,0
2999368,3,0,8.515578303672019e-05,0.006363239510010778,0
2999418,3,0,0.00019124244715157528,0.006363239510010778,0
2999454,3,0,0.003162089932649112,0.006363239510010778,0
2999485,3,0,0.0004143617358761542,0.006363239510010778,0
2999508,3,0,8.655158048611326e-06,0.006363239510010778,0
2999521,3,0,0.0011427947246533852,0.006363239510010778,0
2999522,3,0,3.6529709656838545e-05,0.006363239510010778,0
2999529,3,0,0.002529351937660317,0.006363239510010778,0
2999533,3,0,0.0007096317788957453,0.006363239510010778,0
2999537,3,0,0.000710040444350831,0.006363239510010778,0
2999543,3,0,0.005216381734352188,0.006363239510010778,0
2999577,3,0,0.00010574284933909326,0.006363239510010778,0
2999594,3,0,0.0005284752268834452,0.006363239510010778,0
2999598,3,0,0.0006627324287509576,0.006363239510010778,0
2999645,3,0,0.001184218479342301,0.006363239510010778,0
2999657,3,0,0.0014969140669038824,0.006363239510010778,0
2999665,3,0,0.005939879802365636,0.006363239510010778,0
2999679,3,0,5.708194195419673e-05,0.006363239510010778,0
2999687,3,0,0.00012839039784421846,0.006363239510010778,0
2999692,3,0,0.00046921480607261536,0.006363239510010778,0
2999706,3,0,0.0003869223920062589,0.006363239510010778,0
2999719,3,0,0.026706264938564192,0.006363239510010778,1
2999773,3,0,0.00017170690343484626,0.006363239510010778,0
2999801,3,0,0.0003558461907107771,0.006363239510010778,0
2999817,3,0,9.251338280488363e-05,0.006363239510010778,0
2999831,3,0,0.007056186023679184,0.006363239510010778,1
2999861,3,0,3.0836465175039934e-05,0.006363239510010778,0
2999878,3,0,1.5214581598990394e-05,0.006363239510010778,0
2999880,3,0,5.3741566325151785e-05,0.006363239510010778,0
2999883,3,0,0.0003687495048732323,0.006363239510010778,0
2999900,3,0,0.0007915678518938408,0.006363239510010778,0
2999928,3,0,6.700625388225908e-05,0.006363239510010778,0
3000003,3,0,7.693176019532833e-05,0.006363239510010778,0
3000006,3,0,0.00031628310589679095,0.006363239510010778,0
3000021,3,0,8.81224034194011e-05,0.006363239510010778,0
3000031,3,0,0.00030343461122571175,0.006363239510010778,0
3000056,3,0,0.00011032370198875259,0.006363239510010778,0
3000077,3,0,2.3096480067502702e-05,0.006363239510010778,0
3000110,3,0,5.1784874384444445e-05,0.006363239510010778,0
3000150,3,0,0.000524647738135447,0.006363239510010778,0
3000185,3,0,0.0005069467903478229,0.006363239510010778,0
3000213,3,0,2.2488731232745354e-05,0.006363239510010778,0
3066878,3,0,1.290183271361843e-05,0.006363239510010778,0
3104616,3,0,0.002942047295705169,0.006363239510010778,0
3120794,3,0,8.355598790130514e-06,0.006363239510010778,0
3120826,3,0,9.846477612437557e-05,0.006363239510010778,0
3120891,3,0,9.274606526342752e-06,0.006363239510010778,0
3126086,3,0,5.8728324785836725e-05,0.006363239510010778,0
3131353,3,0,0.0004576976843259805,0.006363239510010778,0
3131438,3,0,0.00013282126301964226,0.006363239510010778,0
3132099,3,0,0.00019947816796873986,0.006363239510010778,0
3132402,3,0,3.673629360459209e-05,0.006363239510010778,0
3144204,3,0,0.00033985869610495624,0.006363239510010778,0
3144503,3,0,0.0005012872441121098,0.006363239510010778,0
3144844,3,0,7.273306143544909e-05,0.006363239510010778,0
3144933,3,0,0.0014915125692256423,0.006363239510010778,0
3148096,3,0,0.0004164174241125245,0.006363239510010778,0
3148871,3,0,5.6925334111507335e-05,0.006363239510010778,0
3151558,3,0,0.000129097467442797,0.006363239510010778,0
3154522,3,0,0.00011269031205546648,0.006363239510010778,0
3162354,3,0,1.760243038527974e-05,0.006363239510010778,0
3162414,3,0,2.8575546899130725e-05,0.006363239510010778,0
3235577,3,0,0.00010232923214221904,0.006363239510010778,0
3235583,3,0,3.870412811773008e-05,0.006363239510010778,0
3235590,3,0,1.6149469144430573e-05,0.006363239510010778,0
3235607,3,0,3.6535213334889246e-05,0.006363239510010778,0
3235649,3,0,0.0031010936963189765,0.006363239510010778,0
3235657,3,0,0.0010258209033162556,0.006363239510010778,0
3235658,3,0,0.00023733207471008798,0.006363239510010778,0
3235675,3,0,0.0009016520468151973,0.006363239510010778,0
3235685,3,0,5.837708093761656e-05,0.006363239510010778,0
3235689,3,0,0.0022434941082431475,0.006363239510010778,0
3235705,3,0,0.00011014995681775262,0.006363239510010778,0
3235716,3,0,0.001811360892408675,0.006363239510010778,0
3235744,3,0,0.0016896139213668942,0.006363239510010778,0
3235759,3,0,0.00031828727453670137,0.006363239510010778,0
3235769,3,0,0.07436998352691819,0.006363239510010778,1
3235814,3,0,0.00015921659030106633,0.006363239510010778,0
3235846,3,0,0.0032092670535521315,0.006363239510010778,0
3235898,3,0,0.008110501762908373,0.006363239510010778,1
3235962,3,0,0.0004487043945762776,0.006363239510010778,0
3235966,3,0,0.00010563167277647219,0.006363239510010778,0
3236006,3,0,0.005084872013401536,0.006363239510010778,0
3236008,3,0,5.6766660238321404e-05,0.006363239510010778,0
3236045,3,0,0.0003354619714471558,0.006363239510010778,0
3236052,3,0,0.0012638312383282957,0.006363239510010778,0
3236077,3,0,0.020898775714496533,0.006363239510010778,1
3236081,3,0,9.789898682900091e-05,0.006363239510010778,0
3236140,3,0,0.000378983407491017,0.006363239510010778,0
3236185,3,0,0.0006410448745804147,0.006363239510010778,0
3236224,3,0,0.0002663491845481008,0.006363239510010778,0
3236268,3,0,0.0028256936855649275,0.006363239510010778,0
3236271,3,0,0.001611738892382699,0.006363239510010778,0
3236274,3,0,0.0005958738401508582,0.006363239510010778,0
3236308,3,0,0.000514005531800879,0.006363239510010778,0
3236315,3,0,0.00013563965049004557,0.006363239510010778,0
3236330,3,0,0.031136828223350496,0.006363239510010778,1
3236335,3,0,7.101755805154378e-05,0.006363239510010778,0
3236361,3,0,3.7302687011633126e-05,0.006363239510010778,0
3236377,3,0,0.0002999815950134455,0.006363239510010778,0
3236383,3,0,5.849746399903583e-05,0.006363239510010778,0
3236393,3,0,9.859318486333269e-05,0.006363239510010778,0
3236404,3,0,5.95487185563386e-05,0.006363239510010778,0
3236409,3,0,0.00013244031218662052,0.006363239510010778,0
3236412,3,0,8.582988738328145e-05,0.006363239510010778,0
3236425,3,0,0.00030484529645201255,0.006363239510010778,0
3236440,3,0,0.00019926218361605193,0.006363239510010778,0
3236467,3,0,7.855399627637863e-05,0.006363239510010778,0
3236492,3,0,0.00024969890484736047,0.006363239510010778,0
3236497,3,0,0.06921478319267799,0.006363239510010778,1
3236513,3,0,0.0007517039250090925,0.006363239510010778,0
3236520,3,0,0.001346645160044016,0.006363239510010778,0
3236574,3,0,8.398310090165251e-05,0.006363239510010778,0
3236593,3,0,0.0016401144259305719,0.006363239510010778,0
3236604,3,0,0.0003322287009802453,0.006363239510010778,0
3236619,3,0,0.0073126455925913965,0.006363239510010778,1
3236669,3,0,0.0011762370407206932,0.006363239510010778,0
3236681,3,0,2.6076593860440975e-05,0.006363239510010778,0
3236690,3,0,0.0008773508667774517,0.006363239510010778,0
3236715,3,0,0.0001856503048601506,0.006363239510010778,0
3236760,3,0,0.0018308277388633058,0.006363239510010778,0
3236787,3,0,4.1153022708456654e-05,0.006363239510010778,0
3236791,3,0,0.0007800040769383093,0.006363239510010778,0
3236797,3,0,0.0004307890035410398,0.006363239510010778,0
3236817,3,0,0.00010092665035230044,0.006363239510010778,0
3236843,3,0,0.006585308809019334,0.006363239510010778,1
3236850,3,0,0.00039120775636442066,0.006363239510010778,0
3236869,3,0,0.0006948217269622318,0.006363239510010778,0
3236878,3,0,0.00010754728416914644,0.006363239510010778,0
3236884,3,0,9.754958842293907e-05,0.006363239510010778,0
3236908,3,0,0.009397694401646124,0.006363239510010778,1
3236927,3,0,0.0009027943061741145,0.006363239510010778,0
3236929,3,0,0.0003697318027264782,0.006363239510010778,0
3236971,3,0,0.0002710965058910479,0.006363239510010778,0
3236987,3,0,0.0005187677711146673,0.006363239510010778,0
3237009,3,0,0.007652827449878195,0.006363239510010778,1
3237014,3,0,0.0009607356044638746,0.006363239510010778,0
3237027,3,0,0.0002106978425415003,0.006363239510010778,0
3237052,3,0,0.0009304486463843953,0.006363239510010778,0
3237085,3,0,0.00011356406412497832,0.006363239510010778,0
3237099,3,0,0.0027358472867564532,0.006363239510010778,0
3237111,3,0,0.0001652503690095124,0.006363239510010778,0
3237126,3,0,7.761254864088533e-05,0.006363239510010778,0
3237136,3,0,0.000299519437595698,0.006363239510010778,0
3237137,3,0,0.001293306345400942,0.006363239510010778,0
3237149,3,0,0.0006179764882751231,0.006363239510010778,0
3237155,3,0,0.0007197668955208154,0.006363239510010778,0
3237156,3,0,0.001140895041162064,0.006363239510010778,0
3237165,3,0,0.01667886149242425,0.006363239510010778,1
3237186,3,0,0.00028028169606019034,0.006363239510010778,0
3237198,3,0,1.2701825586449386e-05,0.006363239510010778,0
3237235,3,0,8.532670494315264e-05,0.006363239510010778,0
3237250,3,0,3.626465602127793e-05,0.006363239510010778,0
3237252,3,0,0.001741686874315148,0.006363239510010778,0
3237253,3,0,0.00019238100139737501,0.006363239510010778,0
3237288,3,0,0.000142924456322186,0.006363239510010778,0
3237301,3,0,8.426033613319374e-05,0.006363239510010778,0
3237314,3,0,0.0008633113282237165,0.006363239510010778,0
3237317,3,0,0.00035266173017114484,0.006363239510010778,0
3237320,3,0,0.024999582093306803,0.006363239510010778,1
3237371,3,0,0.0002943330630397311,0.006363239510010778,0
3237378,3,0,0.00013864677873703395,0.006363239510010778,0
3237389,3,0,0.00020485743458187303,0.006363239510010778,0
3237403,3,0,0.00011550443138610717,0.006363239510010778,0
3237427,3,0,0.0003034286583196905,0.006363239510010778,0
3237445,3,0,0.0006470895868494492,0.006363239510010778,0
3237467,3,0,0.00019772728923272208,0.006363239510010778,0
3237492,3,0,0.0005823359974594618,0.006363239510010778,0
3237494,3,0,3.162897642423853e-05,0.006363239510010778,0
3237513,3,0,5.288300764915508e-05,0.006363239510010778,0
3237521,3,0,0.002093293434382304,0.006363239510010778,0
3237522,3,0,0.0011920963070927923,0.006363239510010778,0
3237526,3,0,0.004407266182922358,0.006363239510010778,0
3237553,3,0,0.0009433271435349456,0.006363239510010778,0
3237568,3,0,0.00012736902851934705,0.006363239510010778,0
3237581,3,0,2.177131460345634e-05,0.006363239510010778,0
3237586,3,0,0.00014970264125725342,0.006363239510010778,0
3237683,3,0,6.029675906337496e-05,0.006363239510010778,0
3237689,3,0,4.257743942376194e-05,0.006363239510010778,0
3237707,3,0,0.00015040533359779622,0.006363239510010778,0
3237715,3,0,4.193523714496711e-05,0.006363239510010778,0
3237728,3,0,0.000866809352964324,0.006363239510010778,0
3237766,3,0,0.00021511602647758727,0.006363239510010778,0
3237795,3,0,7.083434284791838e-05,0.006363239510010778,0
3237881,3,0,4.692287264356302e-05,0.006363239510010778,0
3237897,3,0,0.00010310064892461921,0.006363239510010778,0
3237943,3,0,3.8208122338722544e-05,0.006363239510010778,0
3237953,3,0,7.579410186563969e-05,0.006363239510010778,0
3237995,3,0,0.0003641623364150136,0.006363239510010778,0
3237999,3,0,6.1418405296237e-05,0.006363239510010778,0
3238031,3,0,0.000277806246282976,0.006363239510010778,0
3238034,3,0,0.00251555258171531,0.006363239510010778,0
3238055,3,0,5.5916472851911426e-05,0.006363239510010778,0
3238058,3,0,0.11042946907510655,0.006363239510010778,1
3238060,3,0,0.00010101680585691223,0.006363239510010778,0
3238073,3,0,0.0006600211732776272,0.006363239510010778,0
3238106,3,0,0.0008745564039470241,0.006363239510010778,0
3238109,3,0,0.0010802104416554384,0.006363239510010778,0
3238115,3,0,2.610296512376565e-05,0.006363239510010778,0
3238122,3,0,0.004582990434250943,0.006363239510010778,0
3238178,3,0,0.00028254155632591175,0.006363239510010778,0
3238181,3,0,6.190750835968328e-05,0.006363239510010778,0
3238182,3,0,0.004063980399615905,0.006363239510010778,0
3238205,3,0,0.00044334746967758846,0.006363239510010778,0
3238208,3,0,4.5050231738296423e-05,0.006363239510010778,0
3238211,3,0,0.00027804488008806305,0.006363239510010778,0
3238213,3,0,0.0018481817591208055,0.006363239510010778,0
3238234,3,0,7.789769910403966e-05,0.006363239510010778,0
3238256,3,0,0.001271914772943371,0.006363239510010778,0
3238290,3,0,0.0222396623562454,0.006363239510010778,1
3238300,3,0,0.00510553264036639,0.006363239510010778,0
3238302,3,0,5.437871558594183e-05,0.006363239510010778,0
3238320,3,0,0.000113457153150232,0.006363239510010778,0
3238350,3,0,0.002576135858528133,0.006363239510010778,0
3238352,3,0,6.637518944659222e-05,0.006363239510010778,0
3238354,3,0,4.3298679215631666e-05,0.006363239510010778,0
3238376,3,0,0.0029217400909469803,0.006363239510010778,0
3238397,3,0,5.604020171898952e-05,0.006363239510010778,0
3238447,3,0,0.00076491249673406,0.006363239510010778,0
3238452,3,0,0.0008948381285070669,0.006363239510010778,0
3238488,3,0,0.015553453618355207,0.006363239510010778,1
3238491,3,0,0.005522558748671083,0.006363239510010778,0
3238504,3,0,0.00017293443697656468,0.006363239510010778,0
3238544,3,0,0.00025070689294112616,0.006363239510010778,0
3238572,3,0,0.00027081114117363304,0.006363239510010778,0
3238603,3,0,0.000154914359843641,0.006363239510010778,0
3238663,3,0,0.09703410773656083,0.006363239510010778,1
3238688,3,0,0.0018622078881319582,0.006363239510010778,0
3238715,3,0,0.0223240892811461,0.006363239510010778,1
3238783,3,0,0.00019094679903253333,0.006363239510010778,0
3238799,3,0,0.0009336011498419077,0.006363239510010778,0
3238801,3,0,0.007593106161012106,0.006363239510010778,1
3238817,3,0,4.837067544385902e-05,0.006363239510010778,0
3238818,3,0,0.005845769193431811,0.006363239510010778,0
3238832,3,0,3.794529014310989e-05,0.006363239510010778,0
3238848,3,0,0.00014779626908725555,0.006363239510010778,0
3238900,3,0,2.25119300893907e-05,0.006363239510010778,0
3238901,3,0,0.0005168656363145452,0.006363239510010778,0
3238916,3,0,0.00013005264739376985,0.006363239510010778,0
3238951,3,0,0.003202012690534432,0.006363239510010778,0
3238968,3,0,0.0002491377160644995,0.006363239510010778,0
3238978,3,0,0.0012121945743194611,0.006363239510010778,0
3239013,3,0,3.774442787965557e-05,0.006363239510010778,0
3239044,3,0,0.002644448365432182,0.006363239510010778,0
3239071,3,0,0.00012329645646318692,0.006363239510010778,0
3239104,3,0,8.690708973786903e-05,0.006363239510010778,0
3239267,3,0,0.000766459896935233,0.006363239510010778,0
3239281,3,0,0.00018750037523096487,0.006363239510010778,0
3239306,3,0,6.960080918273063e-05,0.006363239510010778,0
3239333,3,0,0.0022274099199694015,0.006363239510010778,0
3239350,3,0,0.00042063743148941307,0.006363239510010778,0
3239352,3,0,6.316666749822165e-05,0.006363239510010778,0
3239368,3,0,2.1049438025767538e-05,0.006363239510010778,0
3239493,3,0,2.418120158255581e-05,0.006363239510010778,0
3239507,3,0,0.0008768703926564897,0.006363239510010778,0
3239568,3,0,0.0003098303077952646,0.006363239510010778,0
3239600,3,0,4.407332376378646e-05,0.006363239510010778,0
3239658,3,0,0.0007605901539001964,0.006363239510010778,0
3239692,3,0,0.0006484871680661405,0.006363239510010778,0
3239720,3,0,6.294709581539138e-05,0.006363239510010778,0
3239837,3,0,0.004667549750891443,0.006363239510010778,0
3239869,3,0,0.024397103332785375,0.006363239510010778,1
3239898,3,0,0.033767711196135364,0.006363239510010778,1
3239981,3,0,6.544782917601924e-05,0.006363239510010778,0
3240015,3,0,0.0001553327343978492,0.006363239510010778,0
3240029,3,0,0.0001849350425221175,0.006363239510010778,0
3240033,3,0,0.00032803697979966336,0.006363239510010778,0
3240059,3,0,9.259146716450689e-05,0.006363239510010778,0
3240102,3,0,0.002261307904708657,0.006363239510010778,0
3240128,3,0,0.0001684937044934197,0.006363239510010778,0
3240178,3,0,4.344687200399942e-05,0.006363239510010778,0
3240246,3,0,0.0005697101144812867,0.006363239510010778,0
3240266,3,0,0.00022194471511985357,0.006363239510010778,0
3240269,3,0,0.0008033501411969243,0.006363239510010778,0
3240295,3,0,7.892797134930811e-05,0.006363239510010778,0
3240346,3,0,0.029967340141192105,0.006363239510010778,1
3240397,3,0,0.0001239510214275342,0.006363239510010778,0
3240455,3,0,5.254335333864693e-05,0.006363239510010778,0
3240473,3,0,0.0001985726935634897,0.006363239510010778,0
3240474,3,0,0.00017279997783272805,0.006363239510010778,0
3240496,3,0,0.0008703033305168823,0.006363239510010778,0
3240540,3,0,0.0011164249505948446,0.006363239510010778,0
3240557,3,0,0.0018136273855006648,0.006363239510010778,0
3240559,3,0,6.251098421030938e-05,0.006363239510010778,0
3240573,3,0,0.007144141054043339,0.006363239510010778,1
3240581,3,0,0.0004113433529810116,0.006363239510010778,0
3240592,3,0,6.595573520759572e-05,0.006363239510010778,0
3240621,3,0,0.012063442262343344,0.006363239510010778,1
3240730,3,0,0.0006425999588165417,0.006363239510010778,0
3240752,3,0,8.634408671500322e-05,0.006363239510010778,0
3240763,3,0,6.393349848069234e-05,0.006363239510010778,0
3240802,3,0,0.03236468375900806,0.006363239510010778,1
3240837,3,0,2.689833477974307e-05,0.006363239510010778,0
3240860,3,0,5.71939816772374e-05,0.006363239510010778,0
3240908,3,0,3.805473635992185e-05,0.006363239510010778,0
3240966,3,0,0.00013503696804195538,0.006363239510010778,0
3241002,3,0,0.00033965534359798563,0.006363239510010778,0
3241004,3,0,0.0001566278227593209,0.006363239510010778,0
3241009,3,0,6.357464958049368e-05,0.006363239510010778,0
3241038,3,0,0.0007871051167844123,0.006363239510010778,0
3241041,3,0,0.004480687873245293,0.006363239510010778,0
3241081,3,0,3.1007355796955364e-05,0.006363239510010778,0
3241129,3,0,0.0027956391940739895,0.006363239510010778,0
3241142,3,0,0.00011870559773635027,0.006363239510010778,0
3241229,3,0,0.0002729093053226525,0.006363239510010778,0
3241242,3,0,0.0008357109473020963,0.006363239510010778,0
3241345,3,0,4.391401808281927e-05,0.006363239510010778,0
3241358,3,0,0.018077239109861896,0.006363239510010778,1
3241391,3,0,0.0004977389058409896,0.006363239510010778,0
3241407,3,0,0.0002044331571700021,0.006363239510010778,0
3241438,3,0,0.007713036352486844,0.006363239510010778,1
3241450,3,0,0.00012465579297498962,0.006363239510010778,0
3241465,3,0,8.750921101813064e-05,0.006363239510010778,0
3241470,3,0,0.0001369265734156156,0.006363239510010778,0
3241498,3,0,0.00024080597810561478,0.006363239510010778,0
3241529,3,0,0.00034620454518170904,0.006363239510010778,0
3241575,3,0,0.0006035994963992051,0.006363239510010778,0
3241593,3,0,6.0559441031528335e-05,0.006363239510010778,0
3241787,3,0,0.000537357137326394,0.006363239510010778,0
3241982,3,0,0.0005077440936342003,0.006363239510010778,0
3242008,3,0,0.020152318494039746,0.006363239510010778,1
3242032,3,0,0.00425856757629845,0.006363239510010778,0
3242116,3,0,0.00011295706525827845,0.006363239510010778,0
3242144,3,0,7.918490444622792e-05,0.006363239510010778,0
3242198,3,0,1.382494653184997e-05,0.006363239510010778,0
3242301,3,0,0.0001815242273948623,0.006363239510010778,0
3242381,3,0,4.176228240920526e-05,0.006363239510010778,0
3242396,3,0,0.0001276378152941448,0.006363239510010778,0
3242410,3,0,0.00016188072258818,0.006363239510010778,0
3242433,3,0,0.0010408227581357708,0.006363239510010778,0
3242455,3,0,0.00017547620505760752,0.006363239510010778,0
3242474,3,0,2.4545332394190907e-05,0.006363239510010778,0
3242484,3,0,0.00044786733023614243,0.006363239510010778,0
3242536,3,0,0.0004573470214707305,0.006363239510010778,0
3242602,3,0,0.0018962636869859874,0.006363239510010778,0
3242634,3,0,0.00028656580586167185,0.006363239510010778,0
3242649,3,0,0.001929151659896379,0.006363239510010778,0
3242662,3,0,0.0014926366224635437,0.006363239510010778,0
3242732,3,0,0.00015618929181982223,0.006363239510010778,0
3242740,3,0,0.00011929341648868365,0.006363239510010778,0
3242779,3,0,7.030067063471538e-05,0.006363239510010778,0
3242781,3,0,0.0068756922660711105,0.006363239510010778,1
3242783,3,0,5.257945360751112e-05,0.006363239510010778,0
3242809,3,0,6.181022234784187e-05,0.006363239510010778,0
3242882,3,0,0.0004584095789837108,0.006363239510010778,0
3242889,3,0,4.5078007871201837e-05,0.006363239510010778,0
3242996,3,0,0.0001994230219059665,0.006363239510010778,0
3243104,3,0,5.531202410537592e-05,0.006363239510010778,0
3243107,3,0,0.11525417974251098,0.006363239510010778,1
3243141,3,0,0.00018903883129424475,0.006363239510010778,0
3243176,3,0,0.00014604828032814974,0.006363239510010778,0
3243183,3,0,7.884985786383638e-05,0.006363239510010778,0
3243191,3,0,6.0342996879501974e-05,0.006363239510010778,0
3243204,3,0,7.042042356807494e-05,0.006363239510010778,0
3243235,3,0,0.00030432062289636753,0.006363239510010778,0
3243238,3,0,0.0003824034523252665,0.006363239510010778,0
3243253,3,0,0.00026506074593893515,0.006363239510010778,0
3243327,3,0,0.00048217425570021803,0.006363239510010778,0
3243396,3,0,0.04621776522331807,0.006363239510010778,1
3243399,3,0,7.14299641554672e-05,0.006363239510010778,0
3243426,3,0,7.285378078631986e-05,0.006363239510010778,0
3243448,3,0,0.0003965001118265578,0.006363239510010778,0
3243496,3,0,0.00035609606070405666,0.006363239510010778,0
3243500,3,0,0.005859255280294744,0.006363239510010778,0
3243562,3,0,0.00195592293942776,0.006363239510010778,0
3243592,3,0,7.970012880666061e-05,0.006363239510010778,0
3243632,3,0,8.113891048260377e-05,0.006363239510010778,0
3243652,3,0,0.0002750684583155194,0.006363239510010778,0
3243692,3,0,0.00012531841677081954,0.006363239510010778,0
3243720,3,0,0.04673935057852836,0.006363239510010778,1
3243731,3,0,0.001680211158390487,0.006363239510010778,0
3243771,3,0,0.002458365598394022,0.006363239510010778,0
3243834,3,0,0.00027338811864200486,0.006363239510010778,0
3243906,3,0,7.330081587988043e-05,0.006363239510010778,0
3243923,3,0,0.039103062349694816,0.006363239510010778,1
3243947,3,0,0.00012125623630701456,0.006363239510010778,0
3243956,3,0,0.0004932315264062911,0.006363239510010778,0
3243973,3,0,0.00018432820185618396,0.006363239510010778,0
3243974,3,0,7.822645295391406e-05,0.006363239510010778,0
3243989,3,0,9.651154021824257e-05,0.006363239510010778,0
3243991,3,0,6.409515682570692e-05,0.006363239510010778,0
3244020,3,0,0.0001416569841226987,0.006363239510010778,0
3244077,3,0,3.151831276950819e-05,0.006363239510010778,0
3244110,3,0,0.00017467851719422343,0.006363239510010778,0
3244256,3,0,0.0034359703879665057,0.006363239510010778,0
3244262,3,0,1.5137309857530379e-05,0.006363239510010778,0
3244266,3,0,0.00010126318818892994,0.006363239510010778,0
3244309,3,0,0.0006188774110147972,0.006363239510010778,0
3244325,3,0,0.0010869472666044815,0.006363239510010778,0
3244331,3,0,0.00013363744800199432,0.006363239510010778,0
3244334,3,0,0.00015652391920025383,0.006363239510010778,0
3244417,3,0,9.207120968683789e-05,0.006363239510010778,0
3244463,3,0,0.001174861149721969,0.006363239510010778,0
3244478,3,0,0.005857904525445203,0.006363239510010778,0
3244638,3,0,0.00020107629794738235,0.006363239510010778,0
3244746,3,0,0.0026878012547566065,0.006363239510010778,0
3244750,3,0,0.0003788180253006696,0.006363239510010778,0
3244757,3,0,0.08146088830780993,0.006363239510010778,1
3244832,3,0,0.00017702786009771347,0.006363239510010778,0
3244843,3,0,6.596748595459796e-05,0.006363239510010778,0
3244855,3,0,0.019383052496162324,0.006363239510010778,1
3244873,3,0,0.008857064823431916,0.006363239510010778,1
3244923,3,0,0.00045470322227332674,0.006363239510010778,0
3244924,3,0,7.04273482741524e-05,0.006363239510010778,0
3244936,3,0,8.03348746597215e-05,0.006363239510010778,0
3244950,3,0,5.577412769690987e-05,0.006363239510010778,0
3244962,3,0,0.00015186325648821973,0.006363239510010778,0
3245010,3,0,0.0001412414397270308,0.006363239510010778,0
3245053,3,0,0.0008946874589537533,0.006363239510010778,0
3245076,3,0,0.0019521781657914634,0.006363239510010778,0
3245099,3,0,0.0002779959196915413,0.006363239510010778,0
3245156,3,0,0.009003023593337964,0.006363239510010778,1
3245189,3,0,0.00018240282184718557,0.006363239510010778,0
3245195,3,0,0.0005461251280198911,0.006363239510010778,0
3245228,3,0,0.012714586826670576,0.006363239510010778,1
3245242,3,0,0.0011356447972648493,0.006363239510010778,0
3245284,3,0,0.00033505875462759777,0.006363239510010778,0
3245325,3,0,0.00030278450652342943,0.006363239510010778,0
3245448,3,0,0.0003177493758360829,0.006363239510010778,0
3245561,3,0,0.0005323325204170845,0.006363239510010778,0
3245569,3,0,0.0011137243154465504,0.006363239510010778,0
3245579,3,0,0.0006181586136473445,0.006363239510010778,0
3245583,3,0,0.0004768760630978268,0.006363239510010778,0
3245595,3,0,0.0004777966490502133,0.006363239510010778,0
3245598,3,0,0.00010971937160874845,0.006363239510010778,0
3245610,3,0,0.0008813456022751777,0.006363239510010778,0
3245638,3,0,0.00011180739733576095,0.006363239510010778,0
3245640,3,0,0.007802661047221919,0.006363239510010778,1
3245666,3,0,0.0006310460379146073,0.006363239510010778,0
3245687,3,0,0.010106564214709273,0.006363239510010778,1
3245699,3,0,0.0004765946515150589,0.006363239510010778,0
3245711,3,0,0.000242330888600035,0.006363239510010778,0
3245800,3,0,0.001750410923184043,0.006363239510010778,0
3245812,3,0,0.0005146491531192672,0.006363239510010778,0
3245817,3,0,0.00012214753363950492,0.006363239510010778,0
3245877,3,0,0.011798426198401584,0.006363239510010778,1
3245900,3,0,5.689365495381737e-05,0.006363239510010778,0
3245943,3,0,0.001321217294753445,0.006363239510010778,0
3245961,3,0,0.0005172827877277298,0.006363239510010778,0
3245997,3,0,6.740118032208809e-05,0.006363239510010778,0
3254362,3,0,0.0009932868700518968,0.006363239510010778,0
3337780,3,0,8.150827979058036e-05,0.006363239510010778,0
3341717,3,0,0.00025515425051161574,0.006363239510010778,0
3349056,3,0,1.2780401805094508e-05,0.006363239510010778,0
3355848,3,0,0.0004578004781900189,0.006363239510010778,0
3545528,3,0,0.0002579846190020618,0.006363239510010778,0
3586644,3,0,0.002372025287240732,0.006363239510010778,0
3590596,3,0,0.001993718225062774,0.006363239510010778,0
3601838,3,0,0.0002430455694091309,0.006363239510010778,0
3699796,3,0,0.00025037951436133733,0.006363239510010778,0
3700333,3,0,5.1733466399129896e-05,0.006363239510010778,0
3738288,3,0,0.003144043490409021,0.006363239510010778,0
3812774,3,0,4.233045184464309e-05,0.006363239510010778,0
3829743,3,0,0.00011737845601581117,0.006363239510010778,0
3937576,3,0,0.0008540860013507309,0.006363239510010778,0
4074953,3,0,9.121126512464995e-06,0.006363239510010778,0
4101591,3,0,0.0002912145830857118,0.006363239510010778,0
4106670,3,0,0.00016449143478030503,0.006363239510010778,0
4117906,3,0,0.00032843928125997015,0.006363239510010778,0
4151821,3,0,0.0001450089425603581,0.006363239510010778,0
4170858,3,0,0.00023811281900277864,0.006363239510010778,0
4223974,3,0,0.0002153256457793894,0.006363239510010778,0
4252311,3,0,0.00011113548276304021,0.006363239510010778,0
4276367,3,0,0.0002968893048119507,0.006363239510010778,0
4289384,3,0,0.00016299888728053347,0.006363239510010778,0
4321220,3,0,0.00011898635911542592,0.006363239510010778,0
4369940,3,0,3.504266426903438e-05,0.006363239510010778,0
4373353,3,0,0.00048266788617594853,0.006363239510010778,0
4393835,3,0,0.00033208676044929527,0.006363239510010778,0
4394824,3,0,0.00014087627754110166,0.006363239510010778,0
4436362,3,0,0.0013034074156753775,0.006363239510010778,0
4457834,3,0,0.04374598261615756,0.006363239510010778,1
4476802,3,0,2.7336176173082823e-05,0.006363239510010778,0
4617012,3,0,8.499838801304402e-05,0.006363239510010778,0
4617314,3,0,0.00031258491093043804,0.006363239510010778,0
4618463,3,0,8.1914241614081e-05,0.006363239510010778,0
4622524,3,0,0.00021670491144711772,0.006363239510010778,0
4662681,3,0,2.1378638128221018e-05,0.006363239510010778,0
4667208,3,0,0.00013263171803396277,0.006363239510010778,0
4668364,3,0,6.178947024556073e-05,0.006363239510010778,0
4714602,3,0,0.0021234291376791363,0.006363239510010778,0
4889318,3,0,8.560217359790998e-05,0.006363239510010778,0
4889411,3,0,7.279922629733362e-05,0.006363239510010778,0
4993173,3,0,3.976404050200425e-05,0.006363239510010778,0
5038238,3,0,0.0004832847495480542,0.006363239510010778,0
5052702,3,0,0.00023125734853943618,0.006363239510010778,0
5054112,3,0,1.6985363929520486e-05,0.006363239510010778,0
5069368,3,0,0.0023405622518945803,0.006363239510010778,0
5113632,3,0,0.0001439199491843443,0.006363239510010778,0
5144290,3,0,0.0007486914494559423,0.006363239510010778,0
5155350,3,0,0.00026228640218229797,0.006363239510010778,0
5307096,3,0,0.00019005698149536407,0.006363239510010778,0
5307119,3,0,0.00023184933877372956,0.006363239510010778,0
5307122,3,0,0.0002863092639254692,0.006363239510010778,0
5307163,3,0,8.041017760565506e-05,0.006363239510010778,0
5307171,3,0,9.920567346908104e-06,0.006363239510010778,0
5307189,3,0,0.0012644719447407974,0.006363239510010778,0
5307227,3,0,0.0003666963113109995,0.006363239510010778,0
5307233,3,0,0.00038938915231957126,0.006363239510010778,0
5307256,3,0,0.0004550845013794474,0.006363239510010778,0
5307376,3,0,0.0007145025707866176,0.006363239510010778,0
5307419,3,0,8.981130890175912e-05,0.006363239510010778,0
5307438,3,0,0.0002153121543066764,0.006363239510010778,0
5307458,3,0,0.00010579519381834026,0.006363239510010778,0
5307476,3,0,0.00018449887795873382,0.006363239510010778,0
5307482,3,0,0.0009970819825607206,0.006363239510010778,0
5307485,3,0,0.00027542360889826873,0.006363239510010778,0
5307499,3,0,0.00021556834940226864,0.006363239510010778,0
5307523,3,0,0.00018038349463866642,0.006363239510010778,0
5307542,3,0,0.00021439189230668603,0.006363239510010778,0
5307579,3,0,0.0005875939680278007,0.006363239510010778,0
5307587,3,0,0.00013081698301912543,0.006363239510010778,0
5307598,3,0,0.0002994076511983179,0.006363239510010778,0
5307622,3,0,7.81178744081557e-05,0.006363239510010778,0
5307664,3,0,0.0008386305246300092,0.006363239510010778,0
5307681,3,0,0.01860810687409147,0.006363239510010778,1
5307689,3,0,5.609188853783113e-05,0.006363239510010778,0
5307692,3,0,0.0037799929091532456,0.006363239510010778,0
5307705,3,0,0.00033817010997833996,0.006363239510010778,0
5307713,3,0,1.5168582545234171e-05,0.006363239510010778,0
5307738,3,0,0.001540242525077207,0.006363239510010778,0
5307781,3,0,0.00015200526025450407,0.006363239510010778,0
5307799,3,0,0.0005159905890819829,0.006363239510010778,0
5307814,3,0,1.0102935842571877e-05,0.006363239510010778,0
5307816,3,0,0.00029382293254606186,0.006363239510010778,0
5307859,3,0,0.012922560582033903,0.006363239510010778,1
5307865,3,0,0.00036371743272914153,0.006363239510010778,0
5307904,3,0,4.067580292980207e-05,0.006363239510010778,0
5307921,3,0,9.394522739855053e-05,0.006363239510010778,0
5307926,3,0,0.0009342235079429696,0.006363239510010778,0
5307961,3,0,0.004696824795698869,0.006363239510010778,0
5307962,3,0,0.00014649789585708208,0.006363239510010778,0
5308018,3,0,0.0005439514227116523,0.006363239510010778,0
5308089,3,0,0.00030418559278672726,0.006363239510010778,0
5308116,3,0,0.00013991886768046927,0.006363239510010778,0
5308152,3,0,0.001167491692627821,0.006363239510010778,0
5308230,3,0,0.0003324780660992326,0.006363239510010778,0
5308238,3,0,0.0003162902575433132,0.006363239510010778,0
5308241,3,0,0.00012156782595194907,0.006363239510010778,0
5308292,3,0,0.00018263136055817947,0.006363239510010778,0
5308314,3,0,9.61611617431913e-05,0.006363239510010778,0
5308359,3,0,0.0002441497325209915,0.006363239510010778,0
5308365,3,0,0.0010061491853120387,0.006363239510010778,0
5308379,3,0,0.0003823879624458337,0.006363239510010778,0
5308381,3,0,0.00012810970711399431,0.006363239510010778,0
5308385,3,0,6.247066547654937e-05,0.006363239510010778,0
5308423,3,0,0.00018518637495876803,0.006363239510010778,0
5308453,3,0,0.0003310312801094152,0.006363239510010778,0
5308475,3,0,0.0005680839477022376,0.006363239510010778,0
5308478,3,0,0.0001235844615473515,0.006363239510010778,0
5308501,3,0,6.488112056647657e-05,0.006363239510010778,0
5308513,3,0,0.0016618809599725172,0.006363239510010778,0
5308523,3,0,0.0002489088441177372,0.006363239510010778,0
5308580,3,0,0.0001498229725866057,0.006363239510010778,0
5308667,3,0,5.3761467141775934e-05,0.006363239510010778,0
5308744,3,0,0.0011008779698063215,0.006363239510010778,0
5308803,3,0,8.374486788342981e-05,0.006363239510010778,0
5308840,3,0,0.00012215751617546702,0.006363239510010778,0
5308845,3,0,0.00017507404356218497,0.006363239510010778,0
5308929,3,0,5.9764027442236084e-05,0.006363239510010778,0
5308980,3,0,0.00012355809937606,0.006363239510010778,0
5309001,3,0,2.7876078408988075e-05,0.006363239510010778,0
5309032,3,0,0.00029901727192475794,0.006363239510010778,0
5309039,3,0,0.013639496239902307,0.006363239510010778,1
5309043,3,0,0.0007536081725339802,0.006363239510010778,0
5309115,3,0,0.00021098891476078495,0.006363239510010778,0
5309166,3,0,0.00015861494300935928,0.006363239510010778,0
5309201,3,0,0.00026260126576309903,0.006363239510010778,0
5309209,3,0,0.0007666152052575379,0.006363239510010778,0
5309210,3,0,0.00210560098180858,0.006363239510010778,0
5309220,3,0,0.0013720754702228007,0.006363239510010778,0
5309221,3,0,0.00014873078685942746,0.006363239510010778,0
5309239,3,0,0.0009451779149063059,0.006363239510010778,0
5309264,3,0,0.00013402362615725055,0.006363239510010778,0
5309285,3,0,7.672415764814246e-05,0.006363239510010778,0
5309314,3,0,0.0003248600956741479,0.006363239510010778,0
5309361,3,0,0.00013346432618501123,0.006363239510010778,0
5309382,3,0,0.0001919466271485888,0.006363239510010778,0
5309401,3,0,0.00013323299654183186,0.006363239510010778,0
5309430,3,0,0.0015828954401669447,0.006363239510010778,0
5309489,3,0,0.0005067029942394334,0.006363239510010778,0
5309528,3,0,0.0005924735788867779,0.006363239510010778,0
5309554,3,0,0.00032001491536579497,0.006363239510010778,0
5309621,3,0,0.0014079315552915765,0.006363239510010778,0
5309631,3,0,0.00013197695647103823,0.006363239510010778,0
5309697,3,0,0.00025375130995983566,0.006363239510010778,0
5309702,3,0,0.000168492335960731,0.006363239510010778,0
5309731,3,0,2.008064674694188e-05,0.006363239510010778,0
5309736,3,0,0.0005661436698385134,0.006363239510010778,0
5309776,3,0,0.0002896482482487842,0.006363239510010778,0
5309805,3,0,0.00108084671779193,0.006363239510010778,0
5309809,3,0,0.0003958333631657684,0.006363239510010778,0
5309824,3,0,9.77468574478314e-05,0.006363239510010778,0
5309825,3,0,0.00016937220235251549,0.006363239510010778,0
5309850,3,0,0.012104638682270664,0.006363239510010778,1
5309880,3,0,0.00022992152384796526,0.006363239510010778,0
5309909,3,0,0.000490585180466565,0.006363239510010778,0
5309972,3,0,0.0003017452018337936,0.006363239510010778,0
5309993,3,0,0.00020129255934332366,0.006363239510010778,0
5310015,3,0,0.0011719926947406432,0.006363239510010778,0
5310080,3,0,0.0002819018835773513,0.006363239510010778,0
5310082,3,0,9.095903388080132e-05,0.006363239510010778,0
5310124,3,0,0.0004135409872309563,0.006363239510010778,0
5310188,3,0,2.8683990657020805e-05,0.006363239510010778,0
5310213,3,0,0.0042123809397944835,0.006363239510010778,0
5310224,3,0,0.0004421962618020809,0.006363239510010778,0
5310360,3,0,0.00044128370448406174,0.006363239510010778,0
5310396,3,0,0.0001379253660045661,0.006363239510010778,0
5310409,3,0,1.7747747310265687e-05,0.006363239510010778,0
5310475,3,0,0.000124552711278907,0.006363239510010778,0
5310518,3,0,2.800123057728428e-05,0.006363239510010778,0
5310590,3,0,8.032275555626944e-05,0.006363239510010778,0
5310592,3,0,9.054466180559717e-05,0.006363239510010778,0
5310676,3,0,4.411230999333039e-05,0.006363239510010778,0
5310767,3,0,0.00012140466371415826,0.006363239510010778,0
5310786,3,0,0.00021542144551847615,0.006363239510010778,0
5310809,3,0,0.0010080034165622124,0.006363239510010778,0
5310810,3,0,0.0005606346626463615,0.006363239510010778,0
5310839,3,0,7.66184146275635e-05,0.006363239510010778,0
5377213,3,0,0.000612426105577858,0.006363239510010778,0
5378018,3,0,0.0007888298060984615,0.006363239510010778,0
5388977,3,0,0.005984004929112216,0.006363239510010778,0
5389175,3,0,0.00372477069309312,0.006363239510010778,0
5389178,3,0,0.0013879032223255853,0.006363239510010778,0
5389205,3,0,0.002411027828383095,0.006363239510010778,0
5389218,3,0,0.003271608574033827,0.006363239510010778,0
5389241,3,0,0.0011860335526743641,0.006363239510010778,0
5389254,3,0,0.002856589585167605,0.006363239510010778,0
5389265,3,0,6.655015013492387e-05,0.006363239510010778,0
5389394,3,0,0.0010076876417330859,0.006363239510010778,0
5389414,3,0,0.0006021071741801591,0.006363239510010778,0
5389423,3,0,0.00036902333962005463,0.006363239510010778,0
5389426,3,0,0.0003532280210363098,0.006363239510010778,0
5389507,3,0,0.0003956758068145402,0.006363239510010778,0
5389569,3,0,0.00012510004164956417,0.006363239510010778,0
5389624,3,0,0.00018095810637092948,0.006363239510010778,0
5389642,3,0,4.708328757757106e-05,0.006363239510010778,0
5389668,3,0,0.003521950740380906,0.006363239510010778,0
5389789,3,0,0.0004914487720692142,0.006363239510010778,0
5389793,3,0,5.9153377098338905e-05,0.006363239510010778,0
5389794,3,0,0.0004146013380460285,0.006363239510010778,0
5389825,3,0,0.0011738837382193365,0.006363239510010778,0
5389833,3,0,0.0009701340475874376,0.006363239510010778,0
5389855,3,0,0.00045273290506204887,0.006363239510010778,0
5389883,3,0,0.00037750074827104795,0.006363239510010778,0
5389921,3,0,0.0039089905663099046,0.006363239510010778,0
5389949,3,0,0.0011453831433875863,0.006363239510010778,0
5389993,3,0,0.0011686796933408701,0.006363239510010778,0
5390024,3,0,0.00025107770672487615,0.006363239510010778,0
5390042,3,0,0.0003961809619142076,0.006363239510010778,0
5391089,3,0,0.00042197624061212117,0.006363239510010778,0
5413149,3,0,0.00014378596185235585,0.006363239510010778,0
5413321,3,0,4.262625055063279e-05,0.006363239510010778,0
5538639,3,0,0.024581301267906135,0.006363239510010778,1
5601233,3,0,0.01467618764208692,0.006363239510010778,1
5702214,3,0,0.0007289918424778347,0.006363239510010778,0
5738848,3,0,0.000297779350577299,0.006363239510010778,0
5739119,3,0,0.00021061320460667528,0.006363239510010778,0
5739326,3,0,0.0003177455123999254,0.006363239510010778,0
5740730,3,0,0.009841061625521412,0.006363239510010778,1
5741854,3,0,0.00010494963129102792,0.006363239510010778,0
5742471,3,0,0.0008685209380923092,0.006363239510010778,0
5742518,3,0,0.00018577047466026647,0.006363239510010778,0
5742523,3,0,0.00075987973925412,0.006363239510010778,0
5766372,3,0,0.000784841984648801,0.006363239510010778,0
5768636,3,0,0.0004508271128609832,0.006363239510010778,0
5768998,3,0,0.0006825422761653351,0.006363239510010778,0
5769217,3,0,0.00019198465383459258,0.006363239510010778,0
5769577,3,0,0.00027713734550998987,0.006363239510010778,0
5770693,3,0,9.514469041496977e-05,0.006363239510010778,0
5771361,3,0,0.0005679997876749273,0.006363239510010778,0
5771369,3,0,0.0009753414252042911,0.006363239510010778,0
5771717,3,0,0.00024194213115202152,0.006363239510010778,0
5771719,3,0,0.0025800133702302873,0.006363239510010778,0
5783707,3,0,0.00014545690316988033,0.006363239510010778,0
6324551,3,0,0.007017639966076039,0.006363239510010778,1
6398932,3,0,0.0007494081037363225,0.006363239510010778,0
6398937,3,0,5.188648409306179e-05,0.006363239510010778,0
6400286,3,0,0.004079782557524432,0.006363239510010778,0
6411265,3,0,0.0034531191929343904,0.006363239510010778,0
6602681,3,0,0.001983548361474795,0.006363239510010778,0
6602699,3,0,4.705049243434488e-05,0.006363239510010778,0
6602709,3,0,0.0026789012823533586,0.006363239510010778,0
6602723,3,0,3.6404038298846976e-05,0.006363239510010778,0
6602738,3,0,0.0002505950389952284,0.006363239510010778,0
6602754,3,0,0.00016372910801414346,0.006363239510010778,0
6602755,3,0,0.0006861179898894115,0.006363239510010778,0
6602768,3,0,1.714396726972789e-05,0.006363239510010778,0
6602783,3,0,0.0002133162479700501,0.006363239510010778,0
6602788,3,0,0.00032548377978344496,0.006363239510010778,0
6602816,3,0,0.0005451851472338172,0.006363239510010778,0
6602853,3,0,7.81914851533921e-06,0.006363239510010778,0
6602864,3,0,0.00019507084424833456,0.006363239510010778,0
6602890,3,0,0.00014909504691175488,0.006363239510010778,0
6602918,3,0,7.903363223552697e-05,0.006363239510010778,0
6602952,3,0,0.00014325624620738678,0.006363239510010778,0
6602997,3,0,0.00017923481153723039,0.006363239510010778,0
6603040,3,0,6.22448135772012e-05,0.006363239510010778,0
6603043,3,0,0.00012482836699708605,0.006363239510010778,0
6603057,3,0,0.00027263211049115754,0.006363239510010778,0
6603105,3,0,0.01060597297640557,0.006363239510010778,1
6603143,3,0,0.000555247377719024,0.006363239510010778,0
6603169,3,0,0.0005863753900414473,0.006363239510010778,0
6603171,3,0,3.4287303632213575e-05,0.006363239510010778,0
6603173,3,0,0.00016331411472251013,0.006363239510010778,0
6603177,3,0,4.506382032011659e-05,0.006363239510010778,0
6603216,3,0,3.997917451720326e-05,0.006363239510010778,0
6603220,3,0,0.0007495861689325493,0.006363239510010778,0
6603222,3,0,3.933192506470594e-05,0.006363239510010778,0
6603227,3,0,0.00022666395847798055,0.006363239510010778,0
6603228,3,0,0.0006272153617441043,0.006363239510010778,0
6603234,3,0,0.00010717855391342982,0.006363239510010778,0
6603249,3,0,0.0003996140135456122,0.006363239510010778,0
6603281,3,0,0.0002837365597848592,0.006363239510010778,0
6603345,3,0,1.7124101782725576e-05,0.006363239510010778,0
6603405,3,0,0.0003748968532782636,0.006363239510010778,0
6603460,3,0,0.0002578822606062792,0.006363239510010778,0
6603474,3,0,0.00026573557345735605,0.006363239510010778,0
6603487,3,0,0.0005628324450087576,0.006363239510010778,0
6603496,3,0,6.212206721377068e-05,0.006363239510010778,0
6603505,3,0,0.00041895165117793393,0.006363239510010778,0
6603542,3,0,0.0003692146077834501,0.006363239510010778,0
6603561,3,0,4.822768902574688e-05,0.006363239510010778,0
6603593,3,0,0.00014965828538457518,0.006363239510010778,0
6603638,3,0,0.00092973723688748,0.006363239510010778,0
16048564,3,0,9.327053916840376e-05,0.006363239510010778,0
650772,4,1,0.010159757250528884,0.0041561612576207045,1
2201551,4,1,0.005768974400178806,0.0041561612576207045,1
3239940,4,1,0.017038060740313908,0.0041561612576207045,1
3240952,4,1,0.03139100773335581,0.0041561612576207045,1
3241578,4,1,0.007852840990078568,0.0041561612576207045,1
3246790,4,1,0.0041880871236258015,0.0041561612576207045,1
2247,4,0,0.00013023107347027567,0.0041561612576207045,0
2890,4,0,0.00021709017643683936,0.0041561612576207045,0
3332,4,0,0.0029017209416934827,0.0041561612576207045,0
3767,4,0,0.003637654617098414,0.0041561612576207045,0
4472,4,0,0.00016053020386699662,0.0041561612576207045,0
4622,4,0,0.00033612233095080295,0.0041561612576207045,0
4993,4,0,0.00014211601074849817,0.0041561612576207045,0
5505,4,0,0.0074229951058572795,0.0041561612576207045,1
8980,4,0,0.00010728677889707175,0.0041561612576207045,0
10145,4,0,0.0007078621672429106,0.0041561612576207045,0
24944,4,0,0.00019199475351970954,0.0041561612576207045,0
31130,4,0,0.0002600480964037071,0.0041561612576207045,0
36339,4,0,0.000994749235842202,0.0041561612576207045,0
40596,4,0,0.0005175827777675524,0.0041561612576207045,0
40672,4,0,0.00023956868778573208,0.0041561612576207045,0
54710,4,0,0.0008345598785570111,0.0041561612576207045,0
55662,4,0,0.004630848000631769,0.0041561612576207045,1
56375,4,0,0.00010699037987121687,0.0041561612576207045,0
62884,4,0,0.0006090442177701297,0.0041561612576207045,0
66062,4,0,2.8916161155021198e-05,0.0041561612576207045,0
70556,4,0,5.729340163285164e-05,0.0041561612576207045,0
70982,4,0,0.001899297551997618,0.0041561612576207045,0
72892,4,0,0.0009625951674780285,0.0041561612576207045,0
77918,4,0,2.2873941670432104e-05,0.0041561612576207045,0
78379,4,0,0.00010996079552319109,0.0041561612576207045,0
81988,4,0,1.9718627643650814e-05,0.0041561612576207045,0
95808,4,0,0.008842790930556677,0.0041561612576207045,1
98456,4,0,0.00012499539571059169,0.0041561612576207045,0
100081,4,0,0.0004927439769064572,0.0041561612576207045,0
100335,4,0,0.0007156203945389309,0.0041561612576207045,0
114337,4,0,0.00020026043282549632,0.0041561612576207045,0
118853,4,0,0.000527261931729649,0.0041561612576207045,0
120432,4,0,0.00036082293197465707,0.0041561612576207045,0
121269,4,0,0.0002835343583270443,0.0041561612576207045,0
128847,4,0,0.0003862031588967978,0.0041561612576207045,0
156524,4,0,0.000564228489929308,0.0041561612576207045,0
198996,4,0,2.293610440553751e-05,0.0041561612576207045,0
208296,4,0,0.005553798951859518,0.0041561612576207045,1
213226,4,0,0.001079542881952913,0.0041561612576207045,0
219761,4,0,0.00023924375829489203,0.0041561612576207045,0
224561,4,0,0.0006311972230906261,0.0041561612576207045,0
251641,4,0,0.0005321998935697411,0.0041561612576207045,0
259999,4,0,0.02013460358689722,0.0041561612576207045,1
260286,4,0,9.248568904633489e-05,0.0041561612576207045,0
265924,4,0,3.214883671072021e-05,0.0041561612576207045,0
268472,4,0,0.0009622066869234178,0.0041561612576207045,0
289502,4,0,0.0009035305233447058,0.0041561612576207045,0
291819,4,0,0.022794870110887655,0.0041561612576207045,1
292449,4,0,0.00021984798540222662,0.0041561612576207045,0
309333,4,0,1.614869068652877e-05,0.0041561612576207045,0
312894,4,0,0.0003021178398631671,0.0041561612576207045,0
315730,4,0,0.0002504801123637558,0.0041561612576207045,0
315777,4,0,0.001653740901848589,0.0041561612576207045,0
326810,4,0,0.0022155517659351873,0.0041561612576207045,0
340896,4,0,0.001768581185196578,0.0041561612576207045,0
343283,4,0,0.007483251104003438,0.0041561612576207045,1
346470,4,0,0.04606069827798513,0.0041561612576207045,1
351912,4,0,0.00010938559450353146,0.0041561612576207045,0
376002,4,0,0.000550824302469274,0.0041561612576207045,0
380185,4,0,8.721444001581375e-05,0.0041561612576207045,0
382416,4,0,0.00081990940441788,0.0041561612576207045,0
392871,4,0,0.0008485310635261507,0.0041561612576207045,0
399108,4,0,0.0041293403100030445,0.0041561612576207045,0
401019,4,0,1.586552863911822e-05,0.0041561612576207045,0
535726,4,0,0.00036326705696765544,0.0041561612576207045,0
539696,4,0,0.000158028273109539,0.0041561612576207045,0
551783,4,0,8.23828829498599e-06,0.0041561612576207045,0
558625,4,0,0.003464556866741388,0.0041561612576207045,0
559927,4,0,0.00037645450592124286,0.0041561612576207045,0
563671,4,0,0.0028198970022587293,0.0041561612576207045,0
563808,4,0,0.0004552016506844142,0.0041561612576207045,0
564290,4,0,0.00013642219308370197,0.0041561612576207045,0
564997,4,0,0.001441128843696208,0.0041561612576207045,0
566894,4,0,0.0001283484825778423,0.0041561612576207045,0
574171,4,0,0.00011147032594264333,0.0041561612576207045,0
579342,4,0,0.0015557353112616895,0.0041561612576207045,0
581744,4,0,4.436406842693825e-05,0.0041561612576207045,0
581852,4,0,0.00010933123710004609,0.0041561612576207045,0
583866,4,0,0.001155052680688236,0.0041561612576207045,0
584778,4,0,0.012083925871194062,0.0041561612576207045,1
585369,4,0,0.00020302822331498373,0.0041561612576207045,0
590865,4,0,0.0021621584671505157,0.0041561612576207045,0
593548,4,0,0.0009892225976854236,0.0041561612576207045,0
594242,4,0,9.231714659521274e-05,0.0041561612576207045,0
594596,4,0,0.003092323102743851,0.0041561612576207045,0
594943,4,0,0.0002872263277584907,0.0041561612576207045,0
595655,4,0,0.121285710028895,0.0041561612576207045,1
604935,4,0,8.310899474222344e-05,0.0041561612576207045,0
605807,4,0,0.0010602203009622876,0.0041561612576207045,0
609180,4,0,0.02142366055161175,0.0041561612576207045,1
610514,4,0,0.0002074191652081205,0.0041561612576207045,0
612560,4,0,0.00017256403762455177,0.0041561612576207045,0
614608,4,0,0.00037522585157862616,0.0041561612576207045,0
614867,4,0,0.0009469514770734468,0.0041561612576207045,0
616821,4,0,0.00015082260338909815,0.0041561612576207045,0
617036,4,0,0.001110804205241126,0.0041561612576207045,0
619028,4,0,0.004516073464550808,0.0041561612576207045,1
620261,4,0,1.5292001663957985e-05,0.0041561612576207045,0
622408,4,0,0.002333904152597012,0.0041561612576207045,0
623308,4,0,0.00010687571766833972,0.0041561612576207045,0
626230,4,0,0.009658682707858015,0.0041561612576207045,1
644409,4,0,0.0023643385575376993,0.0041561612576207045,0
644454,4,0,8.756377208751941e-05,0.0041561612576207045,0
644550,4,0,0.0005418738146945884,0.0041561612576207045,0
644574,4,0,0.004680005585290068,0.0041561612576207045,1
644581,4,0,0.00012861458540194235,0.0041561612576207045,0
644598,4,0,2.9911148195061144e-05,0.0041561612576207045,0
644639,4,0,0.009732228441197841,0.0041561612576207045,1
644649,4,0,0.00030004826196273674,0.0041561612576207045,0
644671,4,0,0.0002648317676392941,0.0041561612576207045,0
644693,4,0,0.0012007535873967874,0.0041561612576207045,0
644700,4,0,0.001535844724935392,0.0041561612576207045,0
644711,4,0,0.0004590770071200723,0.0041561612576207045,0
644755,4,0,3.0381068876293215e-05,0.0041561612576207045,0
644777,4,0,0.003469534305251195,0.0041561612576207045,0
644779,4,0,7.267670091830241e-05,0.0041561612576207045,0
644787,4,0,0.00016704614036970743,0.0041561612576207045,0
644808,4,0,0.0016376771696837542,0.0041561612576207045,0
644824,4,0,0.008169271362336084,0.0041561612576207045,1
644827,4,0,0.0002776301257528546,0.0041561612576207045,0
644835,4,0,5.163991633094958e-05,0.0041561612576207045,0
644850,4,0,8.844871964475551e-05,0.0041561612576207045,0
644881,4,0,3.486575348779067e-05,0.0041561612576207045,0
644883,4,0,8.1358140506518e-05,0.0041561612576207045,0
644887,4,0,0.002335563155022691,0.0041561612576207045,0
644928,4,0,0.004310439850139579,0.0041561612576207045,1
644947,4,0,0.007016271635527171,0.0041561612576207045,1
644948,4,0,0.0007131285436664876,0.0041561612576207045,0
644965,4,0,0.010005333491245934,0.0041561612576207045,1
645019,4,0,0.0003681284237654815,0.0041561612576207045,0
645021,4,0,0.00271919791276918,0.0041561612576207045,0
645042,4,0,0.00015834885245153432,0.0041561612576207045,0
645054,4,0,0.0005326073397474309,0.0041561612576207045,0
645114,4,0,6.981228253412686e-05,0.0041561612576207045,0
645118,4,0,0.0014157509026313162,0.0041561612576207045,0
645129,4,0,0.0005885504593706667,0.0041561612576207045,0
645168,4,0,4.6124560280689744e-05,0.0041561612576207045,0
645174,4,0,7.493387142767809e-05,0.0041561612576207045,0
645191,4,0,0.001746525622870781,0.0041561612576207045,0
645195,4,0,0.00018502603361449777,0.0041561612576207045,0
645253,4,0,3.5085210405540715e-05,0.0041561612576207045,0
645260,4,0,0.00010566911027483906,0.0041561612576207045,0
645277,4,0,9.180284663353834e-05,0.0041561612576207045,0
645287,4,0,0.0006388971714856377,0.0041561612576207045,0
645298,4,0,0.00021143288853111113,0.0041561612576207045,0
645311,4,0,0.0016021871641804155,0.0041561612576207045,0
645320,4,0,0.0001342241491881527,0.0041561612576207045,0
645407,4,0,8.526803590390989e-05,0.0041561612576207045,0
645428,4,0,0.0019506121428663945,0.0041561612576207045,0
645451,4,0,0.0011797472647055432,0.0041561612576207045,0
645453,4,0,0.00021551356555306138,0.0041561612576207045,0
645480,4,0,0.00023288016275669582,0.0041561612576207045,0
645502,4,0,0.0002888747912778932,0.0041561612576207045,0
645525,4,0,0.00015492078123500533,0.0041561612576207045,0
645553,4,0,1.5603202471935627e-05,0.0041561612576207045,0
645619,4,0,9.049602552467918e-06,0.0041561612576207045,0
645685,4,0,9.488538508512955e-05,0.0041561612576207045,0
645690,4,0,0.00014328745969238718,0.0041561612576207045,0
645696,4,0,0.00016206737844231704,0.0041561612576207045,0
645718,4,0,1.66823831205623e-05,0.0041561612576207045,0
645728,4,0,0.002071699435894459,0.0041561612576207045,0
645736,4,0,0.0010667190246588635,0.0041561612576207045,0
645738,4,0,0.0001325928335228413,0.0041561612576207045,0
645740,4,0,0.001435202173122899,0.0041561612576207045,0
645760,4,0,6.494870216989868e-05,0.0041561612576207045,0
645761,4,0,0.001527512496259817,0.0041561612576207045,0
645762,4,0,0.0008880380639114501,0.0041561612576207045,0
645782,4,0,0.006348517252143091,0.0041561612576207045,1
645786,4,0,0.0025369447988495965,0.0041561612576207045,0
645795,4,0,1.387877972169826e-05,0.0041561612576207045,0
645802,4,0,0.0009410410167347063,0.0041561612576207045,0
645807,4,0,0.029586590407939574,0.0041561612576207045,1
645856,4,0,0.0008061086401819943,0.0041561612576207045,0
645883,4,0,0.002642225197185063,0.0041561612576207045,0
645902,4,0,0.06533043603212625,0.0041561612576207045,1
645939,4,0,0.0014470662419253984,0.0041561612576207045,0
645965,4,0,0.0003439397715593872,0.0041561612576207045,0
646007,4,0,0.0018940617547419727,0.0041561612576207045,0
646031,4,0,0.00012190483544046856,0.0041561612576207045,0
646039,4,0,0.0006321788379914646,0.0041561612576207045,0
646041,4,0,0.0002216711842893424,0.0041561612576207045,0
646051,4,0,0.0012395039491170656,0.0041561612576207045,0
646059,4,0,0.0006162006584172684,0.0041561612576207045,0
646063,4,0,0.0003996965177746041,0.0041561612576207045,0
646087,4,0,5.072401948210705e-05,0.0041561612576207045,0
646089,4,0,0.013216564664253735,0.0041561612576207045,1
646098,4,0,0.000939297935187508,0.0041561612576207045,0
646123,4,0,5.43013829017736e-05,0.0041561612576207045,0
646148,4,0,6.212259878806087e-05,0.0041561612576207045,0
646171,4,0,0.00014937524986985862,0.0041561612576207045,0
646173,4,0,0.0001265212157108872,0.0041561612576207045,0
646180,4,0,0.0005827203791625644,0.0041561612576207045,0
646198,4,0,6.581885991474894e-05,0.0041561612576207045,0
646200,4,0,0.0021081560614486764,0.0041561612576207045,0
646207,4,0,0.004491330263520835,0.0041561612576207045,1
646218,4,0,0.0008597785517536074,0.0041561612576207045,0
646228,4,0,0.0006215494868764462,0.0041561612576207045,0
646242,4,0,0.00021014343608097638,0.0041561612576207045,0
646256,4,0,0.00024192717493353217,0.0041561612576207045,0
646288,4,0,0.00176526980463844,0.0041561612576207045,0
646325,4,0,0.0001386953256775765,0.0041561612576207045,0
646407,4,0,0.0007788752250903222,0.0041561612576207045,0
646409,4,0,0.0001373118099487159,0.0041561612576207045,0
646421,4,0,0.0005724388877609432,0.0041561612576207045,0
646450,4,0,0.0007312735297070349,0.0041561612576207045,0
646455,4,0,0.00013935381326250578,0.0041561612576207045,0
646463,4,0,0.00012746039921144296,0.0041561612576207045,0
646510,4,0,3.4577952050372855e-05,0.0041561612576207045,0
646521,4,0,0.0011481941539038133,0.0041561612576207045,0
646530,4,0,0.0006299333809103808,0.0041561612576207045,0
646588,4,0,0.001875085112054684,0.0041561612576207045,0
646603,4,0,0.00018546126864974478,0.0041561612576207045,0
646632,4,0,0.0006020725647769992,0.0041561612576207045,0
646636,4,0,5.169250933594884e-05,0.0041561612576207045,0
646643,4,0,0.0001689348287709446,0.0041561612576207045,0
646644,4,0,0.0007729596549346368,0.0041561612576207045,0
646645,4,0,0.00013105198809453586,0.0041561612576207045,0
646658,4,0,0.00019643221511383998,0.0041561612576207045,0
646713,4,0,6.762176915600607e-05,0.0041561612576207045,0
646767,4,0,0.0005634728682222882,0.0041561612576207045,0
646781,4,0,0.0002728006354556568,0.0041561612576207045,0
646820,4,0,0.00019881492979680084,0.0041561612576207045,0
646825,4,0,0.0006310005314995709,0.0041561612576207045,0
646853,4,0,0.00045774206793243043,0.0041561612576207045,0
646857,4,0,0.00011278257861977,0.0041561612576207045,0
646909,4,0,0.000632424380234331,0.0041561612576207045,0
646916,4,0,4.3825312713446414e-05,0.0041561612576207045,0
646922,4,0,0.001523905674669186,0.0041561612576207045,0
646942,4,0,0.0006472893107165754,0.0041561612576207045,0
646991,4,0,0.0029125665583800983,0.0041561612576207045,0
647010,4,0,0.006205932788959558,0.0041561612576207045,1
647011,4,0,0.0007048442699365414,0.0041561612576207045,0
647018,4,0,5.908385982222884e-05,0.0041561612576207045,0
647034,4,0,1.9146664876666506e-05,0.0041561612576207045,0
647041,4,0,0.007828863531364841,0.0041561612576207045,1
647044,4,0,0.003954492024176988,0.0041561612576207045,0
647060,4,0,0.0008127527641284853,0.0041561612576207045,0
647064,4,0,0.000747655805953154,0.0041561612576207045,0
647096,4,0,0.002295078950315868,0.0041561612576207045,0
647100,4,0,8.471373284943686e-05,0.0041561612576207045,0
647112,4,0,0.00023010476966058458,0.0041561612576207045,0
647114,4,0,0.0005826648036326386,0.0041561612576207045,0
647118,4,0,7.959682902045396e-05,0.0041561612576207045,0
647132,4,0,0.00013423515003523753,0.0041561612576207045,0
647134,4,0,8.996515126347391e-05,0.0041561612576207045,0
647135,4,0,0.00010861001687710416,0.0041561612576207045,0
647139,4,0,0.000998560288090846,0.0041561612576207045,0
647142,4,0,0.0007570249301114252,0.0041561612576207045,0
647193,4,0,0.0004077788836250235,0.0041561612576207045,0
647232,4,0,0.001301362925126572,0.0041561612576207045,0
647259,4,0,0.0017591613583111004,0.0041561612576207045,0
647279,4,0,0.00010183294109094883,0.0041561612576207045,0
647280,4,0,0.00015480557205779254,0.0041561612576207045,0
647282,4,0,0.00018786743748786054,0.0041561612576207045,0
647304,4,0,0.0016275849027973517,0.0041561612576207045,0
647308,4,0,7.982125192106096e-05,0.0041561612576207045,0
647351,4,0,0.001282001243964,0.0041561612576207045,0
647400,4,0,8.513913092300213e-07,0.0041561612576207045,0
647442,4,0,0.0006732440767936564,0.0041561612576207045,0
647446,4,0,0.00018955088624960007,0.0041561612576207045,0
647454,4,0,0.0005631164512919659,0.0041561612576207045,0
647486,4,0,0.0006021406391583866,0.0041561612576207045,0
647544,4,0,3.175328362736141e-05,0.0041561612576207045,0
647550,4,0,0.00011593583286306608,0.0041561612576207045,0
647559,4,0,0.00045712615224280894,0.0041561612576207045,0
647581,4,0,0.001448599063561474,0.0041561612576207045,0
647619,4,0,0.0014228237517815198,0.0041561612576207045,0
647666,4,0,0.0007819808522909001,0.0041561612576207045,0
647669,4,0,0.00010925661164590264,0.0041561612576207045,0
647703,4,0,0.007742838837024661,0.0041561612576207045,1
647724,4,0,0.0010839995619708102,0.0041561612576207045,0
647738,4,0,0.00022271719240952192,0.0041561612576207045,0
647779,4,0,0.00012277322279945723,0.0041561612576207045,0
647806,4,0,0.0005108120976908195,0.0041561612576207045,0
647815,4,0,0.001174365523313237,0.0041561612576207045,0
647820,4,0,7.107039846988583e-05,0.0041561612576207045,0
647832,4,0,0.00020439794461877186,0.0041561612576207045,0
647836,4,0,0.02413495448320926,0.0041561612576207045,1
647845,4,0,0.0003925609652067943,0.0041561612576207045,0
647856,4,0,0.0003981785117187912,0.0041561612576207045,0
647864,4,0,0.000578682133855505,0.0041561612576207045,0
647911,4,0,0.0005632417895976232,0.0041561612576207045,0
647930,4,0,0.0003939429759593934,0.0041561612576207045,0
647934,4,0,0.0005302354632475534,0.0041561612576207045,0
647962,4,0,8.790099964732441e-05,0.0041561612576207045,0
647992,4,0,0.0001105279465825424,0.0041561612576207045,0
647995,4,0,7.503946864416961e-05,0.0041561612576207045,0
648035,4,0,0.0016406828509939382,0.0041561612576207045,0
648075,4,0,0.00017923668411659805,0.0041561612576207045,0
648121,4,0,0.00035283142085664723,0.0041561612576207045,0
648148,4,0,0.00022496876141011273,0.0041561612576207045,0
648153,4,0,0.00029869091243765115,0.0041561612576207045,0
648158,4,0,0.00041176306314261103,0.0041561612576207045,0
648247,4,0,0.010196837526054095,0.0041561612576207045,1
648311,4,0,0.00010349561981617996,0.0041561612576207045,0
648320,4,0,0.001961160777847202,0.0041561612576207045,0
648341,4,0,0.00020246871274705127,0.0041561612576207045,0
648346,4,0,0.00012243935762721008,0.0041561612576207045,0
648355,4,0,0.01491274573200379,0.0041561612576207045,1
648360,4,0,0.00038573348286152857,0.0041561612576207045,0
648376,4,0,0.0006467138028870235,0.0041561612576207045,0
648403,4,0,0.0008454179737188458,0.0041561612576207045,0
648416,4,0,0.0018968151474101362,0.0041561612576207045,0
648433,4,0,0.0003695421808931684,0.0041561612576207045,0
648443,4,0,0.00017191027252348644,0.0041561612576207045,0
648476,4,0,0.0002984281491300392,0.0041561612576207045,0
648489,4,0,0.0003760642384472064,0.0041561612576207045,0
648538,4,0,0.00029464719530357305,0.0041561612576207045,0
648568,4,0,0.0004542849585415105,0.0041561612576207045,0
648576,4,0,0.00014337817973332566,0.0041561612576207045,0
648593,4,0,0.00016334373214497224,0.0041561612576207045,0
648601,4,0,0.00031252569403160716,0.0041561612576207045,0
648678,4,0,0.00012624077106923926,0.0041561612576207045,0
648692,4,0,0.0001528774922118313,0.0041561612576207045,0
648694,4,0,0.0001346853735615778,0.0041561612576207045,0
648707,4,0,0.0016158645734549234,0.0041561612576207045,0
648790,4,0,5.95317091575395e-05,0.0041561612576207045,0
648800,4,0,0.02141187446789862,0.0041561612576207045,1
648867,4,0,3.0348262732147898e-05,0.0041561612576207045,0
648884,4,0,4.599821738611361e-05,0.0041561612576207045,0
648914,4,0,0.000169213232521188,0.0041561612576207045,0
648937,4,0,0.001084473690570078,0.0041561612576207045,0
648963,4,0,0.000786009527668794,0.0041561612576207045,0
649011,4,0,0.0005950361803628928,0.0041561612576207045,0
649017,4,0,0.001981391422843562,0.0041561612576207045,0
649019,4,0,0.000519395642898239,0.0041561612576207045,0
649027,4,0,0.00023000833212413654,0.0041561612576207045,0
649070,4,0,0.005291890867180579,0.0041561612576207045,1
649074,4,0,0.013515911045188995,0.0041561612576207045,1
649083,4,0,0.00010522098945936684,0.0041561612576207045,0
649095,4,0,0.0004160717757496364,0.0041561612576207045,0
649104,4,0,0.00010869515007917973,0.0041561612576207045,0
649132,4,0,0.0002712191365449633,0.0041561612576207045,0
649139,4,0,8.927078107368051e-05,0.0041561612576207045,0
649196,4,0,0.00020703364154177602,0.0041561612576207045,0
649204,4,0,0.00013759764983630973,0.0041561612576207045,0
649209,4,0,0.0003797858174807014,0.0041561612576207045,0
649253,4,0,0.00039019129540248017,0.0041561612576207045,0
649263,4,0,9.167715698902108e-05,0.0041561612576207045,0
649280,4,0,0.001186817803662449,0.0041561612576207045,0
649287,4,0,4.286070772054845e-05,0.0041561612576207045,0
649291,4,0,0.0001375348613486519,0.0041561612576207045,0
649295,4,0,0.0002572177623539139,0.0041561612576207045,0
649314,4,0,0.0002785725993293073,0.0041561612576207045,0
649324,4,0,2.3048049582310805e-05,0.0041561612576207045,0
649349,4,0,0.006287234236091926,0.0041561612576207045,1
649395,4,0,0.0008823069975492623,0.0041561612576207045,0
649399,4,0,5.871010877296514e-05,0.0041561612576207045,0
649408,4,0,0.0002080782993368545,0.0041561612576207045,0
649443,4,0,0.001124806646072478,0.0041561612576207045,0
649458,4,0,0.0005680159683161388,0.0041561612576207045,0
649492,4,0,0.0002977980539456433,0.0041561612576207045,0
649523,4,0,0.0008136259428693738,0.0041561612576207045,0
649530,4,0,0.0015400262768253434,0.0041561612576207045,0
649536,4,0,0.00035771875552078095,0.0041561612576207045,0
649585,4,0,0.0007314228786626969,0.0041561612576207045,0
649587,4,0,8.115810832155688e-05,0.0041561612576207045,0
649610,4,0,0.00013454149617419883,0.0041561612576207045,0
649638,4,0,0.00022207729335439757,0.0041561612576207045,0
649682,4,0,0.00036765482227108426,0.0041561612576207045,0
649702,4,0,0.00021014964971783644,0.0041561612576207045,0
649715,4,0,6.18082546809577e-05,0.0041561612576207045,0
649728,4,0,0.0005137095975244109,0.0041561612576207045,0
649752,4,0,4.492727315266429e-05,0.0041561612576207045,0
649856,4,0,0.0002990861714046865,0.0041561612576207045,0
649882,4,0,1.2805798466672799e-05,0.0041561612576207045,0
649886,4,0,8.236262912245878e-05,0.0041561612576207045,0
649888,4,0,0.0010380773040925297,0.0041561612576207045,0
649893,4,0,0.00030405744606132155,0.0041561612576207045,0
649901,4,0,0.00022947050905518587,0.0041561612576207045,0
649940,4,0,0.0003943034494187093,0.0041561612576207045,0
649957,4,0,0.0003827660222238062,0.0041561612576207045,0
649967,4,0,0.0021575608717358686,0.0041561612576207045,0
649989,4,0,7.278504076820508e-05,0.0041561612576207045,0
649999,4,0,0.0005956871631195598,0.0041561612576207045,0
650091,4,0,0.0010220353644333092,0.0041561612576207045,0
650094,4,0,0.0008143290555155456,0.0041561612576207045,0
650135,4,0,0.0030347778667561046,0.0041561612576207045,0
650138,4,0,0.0011665333150115845,0.0041561612576207045,0
650141,4,0,0.0009401754391653976,0.0041561612576207045,0
650216,4,0,0.0004448548938733198,0.0041561612576207045,0
650234,4,0,0.0002754626903070036,0.0041561612576207045,0
650236,4,0,0.0001129561286058555,0.0041561612576207045,0
650237,4,0,0.0006562114794437077,0.0041561612576207045,0
650242,4,0,0.0009988840340695291,0.0041561612576207045,0
650246,4,0,0.00023735403971357374,0.0041561612576207045,0
650252,4,0,0.00013863797511041062,0.0041561612576207045,0
650254,4,0,0.00027047445024688983,0.0041561612576207045,0
650269,4,0,0.0001005435422504521,0.0041561612576207045,0
650278,4,0,0.010648471383925672,0.0041561612576207045,1
650366,4,0,0.0007338065831761889,0.0041561612576207045,0
650383,4,0,0.0012720617988446203,0.0041561612576207045,0
650406,4,0,0.0002561072863814547,0.0041561612576207045,0
650426,4,0,0.0001926690870249,0.0041561612576207045,0
650462,4,0,0.0005827047775218804,0.0041561612576207045,0
650488,4,0,0.00010650212090856311,0.0041561612576207045,0
650509,4,0,0.0006380122154695163,0.0041561612576207045,0
650512,4,0,0.0004994036294462625,0.0041561612576207045,0
650536,4,0,0.0013700494429082987,0.0041561612576207045,0
650568,4,0,0.0006848126483197199,0.0041561612576207045,0
650578,4,0,2.6762209614752316e-05,0.0041561612576207045,0
650587,4,0,0.0008827162124742309,0.0041561612576207045,0
650588,4,0,0.0001739882430062746,0.0041561612576207045,0
650679,4,0,8.72813260375861e-05,0.0041561612576207045,0
650720,4,0,0.00010807634690728183,0.0041561612576207045,0
650726,4,0,0.000308613275482623,0.0041561612576207045,0
650738,4,0,0.0003428432991284887,0.0041561612576207045,0
650740,4,0,3.240480157312561e-05,0.0041561612576207045,0
650749,4,0,0.0006285623424630449,0.0041561612576207045,0
650758,4,0,0.0011092675130716719,0.0041561612576207045,0
650815,4,0,0.00040919911953700856,0.0041561612576207045,0
650869,4,0,0.010230490968217728,0.0041561612576207045,1
650899,4,0,0.0002722314968196408,0.0041561612576207045,0
650973,4,0,0.00012929928605651456,0.0041561612576207045,0
650977,4,0,0.0009011929353733069,0.0041561612576207045,0
650985,4,0,0.00047658543064345283,0.0041561612576207045,0
651009,4,0,0.00048515130185218335,0.0041561612576207045,0
651016,4,0,7.528865705871283e-05,0.0041561612576207045,0
651017,4,0,0.00014913478742979087,0.0041561612576207045,0
651036,4,0,4.792950361152572e-05,0.0041561612576207045,0
651075,4,0,0.012067283908382832,0.0041561612576207045,1
651114,4,0,0.00023169635487141569,0.0041561612576207045,0
651122,4,0,0.00032473698405425437,0.0041561612576207045,0
651145,4,0,0.0002600909394118601,0.0041561612576207045,0
651155,4,0,0.00033848423209700693,0.0041561612576207045,0
651221,4,0,0.00014629562007169796,0.0041561612576207045,0
651228,4,0,0.0615053944739795,0.0041561612576207045,1
651240,4,0,0.009168865315964595,0.0041561612576207045,1
651249,4,0,0.00018355136328302045,0.0041561612576207045,0
651263,4,0,0.0014917129290101419,0.0041561612576207045,0
651284,4,0,0.00012786679588008582,0.0041561612576207045,0
651362,4,0,0.0003105440168147833,0.0041561612576207045,0
651365,4,0,0.0001058552482383798,0.0041561612576207045,0
651366,4,0,0.00030262196249106606,0.0041561612576207045,0
651386,4,0,0.00048736454677883185,0.0041561612576207045,0
651396,4,0,0.0016595587901463151,0.0041561612576207045,0
651408,4,0,0.002029774264526534,0.0041561612576207045,0
651468,4,0,4.2440045376409675e-05,0.0041561612576207045,0
651519,4,0,4.407923828869138e-05,0.0041561612576207045,0
651527,4,0,0.00031170941976452833,0.0041561612576207045,0
651574,4,0,0.0005420125452950159,0.0041561612576207045,0
651577,4,0,0.0005463783526006832,0.0041561612576207045,0
651584,4,0,0.001978069646695794,0.0041561612576207045,0
651626,4,0,0.00013287709614321844,0.0041561612576207045,0
651660,4,0,0.03099826577758705,0.0041561612576207045,1
651703,4,0,0.003170022755674506,0.0041561612576207045,0
651711,4,0,0.0027091350265980017,0.0041561612576207045,0
651717,4,0,0.00011649358514887088,0.0041561612576207045,0
651718,4,0,0.0005631047385024292,0.0041561612576207045,0
651737,4,0,7.274681872168004e-05,0.0041561612576207045,0
651739,4,0,0.0008037387646233739,0.0041561612576207045,0
651741,4,0,0.009318910656027527,0.0041561612576207045,1
651746,4,0,0.0027088881471460952,0.0041561612576207045,0
651762,4,0,0.001445311378905372,0.0041561612576207045,0
651848,4,0,0.0003159631230108492,0.0041561612576207045,0
651860,4,0,0.0005123159441514838,0.0041561612576207045,0
651871,4,0,0.00036076267207452,0.0041561612576207045,0
651875,4,0,0.00011188852773649794,0.0041561612576207045,0
651885,4,0,7.52686075623504e-05,0.0041561612576207045,0
651886,4,0,0.0008571993281113826,0.0041561612576207045,0
651898,4,0,7.547860234376915e-05,0.0041561612576207045,0
651905,4,0,3.130860209905948e-05,0.0041561612576207045,0
651911,4,0,0.00014747014984984222,0.0041561612576207045,0
651921,4,0,2.35327451180678e-05,0.0041561612576207045,0
651953,4,0,4.925568768778674e-05,0.0041561612576207045,0
651976,4,0,0.0011921808361229408,0.0041561612576207045,0
652003,4,0,0.0007989891943644891,0.0041561612576207045,0
652019,4,0,0.000320411514117148,0.0041561612576207045,0
652039,4,0,4.753856471760921e-05,0.0041561612576207045,0
652056,4,0,2.2482208802210174e-05,0.0041561612576207045,0
652109,4,0,0.006020462725786903,0.0041561612576207045,1
652119,4,0,0.0028362169448521916,0.0041561612576207045,0
652127,4,0,0.003519039354644332,0.0041561612576207045,0
652149,4,0,0.0003389967402766593,0.0041561612576207045,0
652151,4,0,0.0007552100790899927,0.0041561612576207045,0
652153,4,0,0.0001736409551894393,0.0041561612576207045,0
652171,4,0,4.066868108911121e-05,0.0041561612576207045,0
652229,4,0,0.0009668898046235448,0.0041561612576207045,0
652231,4,0,0.00034188509645542876,0.0041561612576207045,0
652313,4,0,1.7788082675137234e-05,0.0041561612576207045,0
652332,4,0,8.160179706922396e-05,0.0041561612576207045,0
652349,4,0,0.0006705491140238063,0.0041561612576207045,0
652388,4,0,0.009753210086932609,0.0041561612576207045,1
652392,4,0,0.001425173336229234,0.0041561612576207045,0
652403,4,0,8.581458200827071e-05,0.0041561612576207045,0
652436,4,0,0.001043123962329479,0.0041561612576207045,0
652474,4,0,0.0004111052896198008,0.0041561612576207045,0
652479,4,0,0.00028602485625650213,0.0041561612576207045,0
652494,4,0,0.0001051089320020338,0.0041561612576207045,0
652522,4,0,0.001111612485865639,0.0041561612576207045,0
652547,4,0,0.00011945303657953603,0.0041561612576207045,0
652549,4,0,0.000237503939468278,0.0041561612576207045,0
652555,4,0,7.325437390190602e-05,0.0041561612576207045,0
652567,4,0,0.0002085287929637867,0.0041561612576207045,0
652586,4,0,0.0001623951310796963,0.0041561612576207045,0
652602,4,0,0.0010727148575324298,0.0041561612576207045,0
652675,4,0,0.009110993315104145,0.0041561612576207045,1
652676,4,0,0.0009540147992940568,0.0041561612576207045,0
652680,4,0,0.0001807063373126435,0.0041561612576207045,0
652687,4,0,2.0454149924772735e-05,0.0041561612576207045,0
652689,4,0,0.00030454153989237676,0.0041561612576207045,0
652703,4,0,2.213747064342638e-05,0.0041561612576207045,0
652812,4,0,0.00010599398680682304,0.0041561612576207045,0
652818,4,0,0.012728498239570974,0.0041561612576207045,1
652823,4,0,6.866130138523544e-05,0.0041561612576207045,0
652829,4,0,0.0001505579450202609,0.0041561612576207045,0
652854,4,0,0.002806302472177118,0.0041561612576207045,0
652899,4,0,3.545239207066397e-05,0.0041561612576207045,0
652906,4,0,0.00031637633491534475,0.0041561612576207045,0
652931,4,0,0.000492465656913577,0.0041561612576207045,0
652942,4,0,0.008340360758598928,0.0041561612576207045,1
652981,4,0,0.008042041827772971,0.0041561612576207045,1
653003,4,0,0.00018641905546881818,0.0041561612576207045,0
653036,4,0,0.0009811594110413632,0.0041561612576207045,0
653040,4,0,0.0012018055647693995,0.0041561612576207045,0
653046,4,0,0.0036736245609020643,0.0041561612576207045,0
653070,4,0,0.000233451915771577,0.0041561612576207045,0
653159,4,0,0.0019036398914741015,0.0041561612576207045,0
653174,4,0,7.051230226014164e-05,0.0041561612576207045,0
653198,4,0,4.248021644886276e-05,0.0041561612576207045,0
653201,4,0,0.00041595920119678225,0.0041561612576207045,0
653223,4,0,0.0003045366053404654,0.0041561612576207045,0
653226,4,0,3.245446829062514e-05,0.0041561612576207045,0
653283,4,0,0.00037080667560640903,0.0041561612576207045,0
653288,4,0,0.0045050787911452,0.0041561612576207045,1
653319,4,0,9.689870446269836e-05,0.0041561612576207045,0
653398,4,0,0.0003176457399906009,0.0041561612576207045,0
653402,4,0,7.23381913313465e-05,0.0041561612576207045,0
653437,4,0,0.0003167673069264773,0.0041561612576207045,0
653477,4,0,0.00011055478665009467,0.0041561612576207045,0
653488,4,0,0.0004982787039355048,0.0041561612576207045,0
653536,4,0,0.00036902352491857904,0.0041561612576207045,0
653539,4,0,0.0003102480842915034,0.0041561612576207045,0
653560,4,0,0.0013080736567473031,0.0041561612576207045,0
653563,4,0,3.660935154581858e-05,0.0041561612576207045,0
653567,4,0,0.00014448466934410177,0.0041561612576207045,0
653580,4,0,0.000734494807619415,0.0041561612576207045,0
653582,4,0,4.444471078467747e-05,0.0041561612576207045,0
653603,4,0,0.0008300476565959304,0.0041561612576207045,0
653641,4,0,0.00046277445878782126,0.0041561612576207045,0
653651,4,0,0.0018464108783175807,0.0041561612576207045,0
653667,4,0,0.001358937956743684,0.0041561612576207045,0
653676,4,0,0.00012558675596231338,0.0041561612576207045,0
653724,4,0,0.011011293219532113,0.0041561612576207045,1
653761,4,0,0.006566844395871505,0.0041561612576207045,1
653778,4,0,4.008487914922191e-05,0.0041561612576207045,0
653797,4,0,6.051384798623816e-05,0.0041561612576207045,0
653801,4,0,8.369686138954402e-05,0.0041561612576207045,0
653806,4,0,0.0007723739491411858,0.0041561612576207045,0
653811,4,0,0.004332613812986958,0.0041561612576207045,1
653903,4,0,7.906505570369055e-05,0.0041561612576207045,0
653908,4,0,0.00021299553253571152,0.0041561612576207045,0
653920,4,0,0.0006848515917667115,0.0041561612576207045,0
653921,4,0,0.0003144273064362777,0.0041561612576207045,0
653963,4,0,0.000191811725405231,0.0041561612576207045,0
653967,4,0,0.0018942981959379312,0.0041561612576207045,0
653988,4,0,0.0002750658601137879,0.0041561612576207045,0
654019,4,0,0.0022783561120113794,0.0041561612576207045,0
654057,4,0,2.402179048144344e-05,0.0041561612576207045,0
654059,4,0,2.5300030343498925e-05,0.0041561612576207045,0
654097,4,0,0.001545764437571467,0.0041561612576207045,0
654183,4,0,8.260411660271218e-05,0.0041561612576207045,0
654199,4,0,8.536102911155942e-05,0.0041561612576207045,0
654200,4,0,0.00014038660574021539,0.0041561612576207045,0
654217,4,0,0.00010762247377859834,0.0041561612576207045,0
654223,4,0,0.00021304513391387557,0.0041561612576207045,0
654295,4,0,0.0019713431831127446,0.0041561612576207045,0
654306,4,0,0.0009936664747446692,0.0041561612576207045,0
654312,4,0,0.0016189505988582933,0.0041561612576207045,0
654314,4,0,9.392773640773881e-05,0.0041561612576207045,0
654325,4,0,0.00041963001698685424,0.0041561612576207045,0
654341,4,0,0.00017403854375166078,0.0041561612576207045,0
654362,4,0,0.002087406856668844,0.0041561612576207045,0
654420,4,0,5.966226465858648e-05,0.0041561612576207045,0
654423,4,0,0.00028866570340121647,0.0041561612576207045,0
654426,4,0,0.004405166212765992,0.0041561612576207045,1
654436,4,0,0.00021567080502797573,0.0041561612576207045,0
654477,4,0,0.00029410926437601243,0.0041561612576207045,0
654482,4,0,0.00040998585534093363,0.0041561612576207045,0
654487,4,0,0.00018667086101933648,0.0041561612576207045,0
654491,4,0,0.0004967869380818087,0.0041561612576207045,0
654551,4,0,0.0007996045313401987,0.0041561612576207045,0
654666,4,0,0.0005953596597911097,0.0041561612576207045,0
654700,4,0,0.0010321501273271218,0.0041561612576207045,0
654706,4,0,0.00050308726324738,0.0041561612576207045,0
654721,4,0,0.0018583864253255656,0.0041561612576207045,0
654745,4,0,4.0233197084543054e-05,0.0041561612576207045,0
654780,4,0,6.998933656722291e-05,0.0041561612576207045,0
654791,4,0,0.0002251169895167655,0.0041561612576207045,0
654831,4,0,0.001995934555041519,0.0041561612576207045,0
654833,4,0,0.0010108630766875785,0.0041561612576207045,0
654834,4,0,0.0009741917042461721,0.0041561612576207045,0
654892,4,0,0.000124330678313164,0.0041561612576207045,0
654907,4,0,0.00331392596797998,0.0041561612576207045,0
654919,4,0,4.5804707397541495e-05,0.0041561612576207045,0
654925,4,0,0.0020400243640317033,0.0041561612576207045,0
654933,4,0,0.00014852796130527724,0.0041561612576207045,0
654940,4,0,0.00031414753301715176,0.0041561612576207045,0
654941,4,0,0.0022189504930118305,0.0041561612576207045,0
654951,4,0,0.0001490067903113002,0.0041561612576207045,0
654962,4,0,0.0003941779446599679,0.0041561612576207045,0
654985,4,0,0.0011107824835768173,0.0041561612576207045,0
655001,4,0,0.0006589976758318387,0.0041561612576207045,0
655004,4,0,0.00025243142941328966,0.0041561612576207045,0
655005,4,0,4.663032238961033e-05,0.0041561612576207045,0
655047,4,0,0.00047519636529561276,0.0041561612576207045,0
655050,4,0,0.0008576769892775379,0.0041561612576207045,0
655080,4,0,0.006512854407476199,0.0041561612576207045,1
655110,4,0,0.0004048575906254019,0.0041561612576207045,0
655121,4,0,0.00010110699401846578,0.0041561612576207045,0
655168,4,0,0.00016694024022360194,0.0041561612576207045,0
655222,4,0,3.221055584708761e-05,0.0041561612576207045,0
655282,4,0,0.00022108693270731883,0.0041561612576207045,0
655294,4,0,0.00046723406199386416,0.0041561612576207045,0
655300,4,0,0.000397720342189719,0.0041561612576207045,0
655311,4,0,0.0141417264825637,0.0041561612576207045,1
655408,4,0,8.430641999322538e-05,0.0041561612576207045,0
655423,4,0,3.45598787322591e-05,0.0041561612576207045,0
655434,4,0,8.179535553974646e-05,0.0041561612576207045,0
655453,4,0,0.0003625362860479475,0.0041561612576207045,0
655513,4,0,0.002209072708502566,0.0041561612576207045,0
655551,4,0,0.0001295697631596989,0.0041561612576207045,0
655558,4,0,0.0002076862287570001,0.0041561612576207045,0
655569,4,0,1.7535346516906664e-05,0.0041561612576207045,0
655614,4,0,0.0008549039987182706,0.0041561612576207045,0
655615,4,0,0.00017093323167242263,0.0041561612576207045,0
655617,4,0,0.00466348116268641,0.0041561612576207045,1
655624,4,0,0.0035119020082238707,0.0041561612576207045,0
655634,4,0,0.00022902993539369973,0.0041561612576207045,0
655650,4,0,0.0011297557031058995,0.0041561612576207045,0
655663,4,0,0.00012852764887745654,0.0041561612576207045,0
655702,4,0,4.6712419176582824e-05,0.0041561612576207045,0
655712,4,0,8.543292654748195e-05,0.0041561612576207045,0
655749,4,0,0.00024385924907806413,0.0041561612576207045,0
655778,4,0,4.502922371399826e-06,0.0041561612576207045,0
655815,4,0,0.00010677208635678702,0.0041561612576207045,0
655819,4,0,7.748499154819389e-05,0.0041561612576207045,0
655832,4,0,0.00010023408589944888,0.0041561612576207045,0
655854,4,0,0.0010962784371275555,0.0041561612576207045,0
655860,4,0,0.00011020047288074075,0.0041561612576207045,0
655863,4,0,0.00018629853314264285,0.0041561612576207045,0
655890,4,0,0.00034462267265431365,0.0041561612576207045,0
655914,4,0,0.00014288047509125604,0.0041561612576207045,0
656009,4,0,9.074629266264464e-05,0.0041561612576207045,0
656067,4,0,0.001161659677956484,0.0041561612576207045,0
656076,4,0,0.001505439156574801,0.0041561612576207045,0
656090,4,0,8.588377256544641e-05,0.0041561612576207045,0
656114,4,0,0.00012548097673328615,0.0041561612576207045,0
656140,4,0,0.0019172359628355418,0.0041561612576207045,0
656183,4,0,0.0003485389730691377,0.0041561612576207045,0
656184,4,0,0.0011601393764772345,0.0041561612576207045,0
656193,4,0,3.183772606649577e-05,0.0041561612576207045,0
656220,4,0,0.0024367284054906497,0.0041561612576207045,0
656233,4,0,0.00016136603152634216,0.0041561612576207045,0
656262,4,0,0.000519880450988343,0.0041561612576207045,0
656274,4,0,6.694878751639076e-05,0.0041561612576207045,0
656279,4,0,0.0019558928545945035,0.0041561612576207045,0
656312,4,0,0.00011710567619110723,0.0041561612576207045,0
656317,4,0,0.0008322935090386462,0.0041561612576207045,0
656320,4,0,0.0019526077351267035,0.0041561612576207045,0
656326,4,0,0.0001062195752836652,0.0041561612576207045,0
656334,4,0,0.002872728630750236,0.0041561612576207045,0
656350,4,0,0.0001734438325654118,0.0041561612576207045,0
656353,4,0,3.740286197627343e-05,0.0041561612576207045,0
656381,4,0,6.998682677303501e-05,0.0041561612576207045,0
657539,4,0,0.0001023199743181129,0.0041561612576207045,0
657582,4,0,0.006730509685177275,0.0041561612576207045,1
657594,4,0,3.512004125556986e-05,0.0041561612576207045,0
657710,4,0,1.608493734679661e-05,0.0041561612576207045,0
657871,4,0,0.0003536267869261453,0.0041561612576207045,0
657901,4,0,0.0002144505698081952,0.0041561612576207045,0
657903,4,0,0.00011936228694173152,0.0041561612576207045,0
657995,4,0,0.0002867597877657619,0.0041561612576207045,0
658038,4,0,0.0006424120923201889,0.0041561612576207045,0
658090,4,0,3.7101049857460584e-05,0.0041561612576207045,0
658159,4,0,0.0011968443002760938,0.0041561612576207045,0
658191,4,0,0.0025418791422411207,0.0041561612576207045,0
658240,4,0,0.00035207305580828123,0.0041561612576207045,0
658245,4,0,0.0001969854881584533,0.0041561612576207045,0
658250,4,0,0.0034581197338568676,0.0041561612576207045,0
658307,4,0,4.194221694329022e-05,0.0041561612576207045,0
658372,4,0,0.004529972966654332,0.0041561612576207045,1
658384,4,0,0.0004992291021188332,0.0041561612576207045,0
658433,4,0,0.004692631747534815,0.0041561612576207045,1
658465,4,0,9.940025342122232e-05,0.0041561612576207045,0
658564,4,0,7.476774523105277e-05,0.0041561612576207045,0
658581,4,0,0.0128195044422136,0.0041561612576207045,1
658590,4,0,0.002154039984444903,0.0041561612576207045,0
658598,4,0,0.0024171887704460423,0.0041561612576207045,0
658615,4,0,0.0002020839176318891,0.0041561612576207045,0
658650,4,0,0.0017948250873577448,0.0041561612576207045,0
658663,4,0,0.00010190818270345898,0.0041561612576207045,0
658683,4,0,0.00018074892308268228,0.0041561612576207045,0
658721,4,0,9.596309179173573e-05,0.0041561612576207045,0
658810,4,0,7.186827481743373e-05,0.0041561612576207045,0
658813,4,0,0.00711805449771129,0.0041561612576207045,1
658868,4,0,0.0027561846703547757,0.0041561612576207045,0
658952,4,0,0.0006405620405360525,0.0041561612576207045,0
658954,4,0,0.00021975239805988636,0.0041561612576207045,0
658997,4,0,6.089054639923976e-05,0.0041561612576207045,0
659084,4,0,0.000831735289925613,0.0041561612576207045,0
659191,4,0,0.0037375661201410858,0.0041561612576207045,0
659292,4,0,4.2227178245072986e-05,0.0041561612576207045,0
659422,4,0,0.00014448481514214102,0.0041561612576207045,0
659423,4,0,0.0017323242338651255,0.0041561612576207045,0
659467,4,0,0.00033597288060347233,0.0041561612576207045,0
659502,4,0,0.0007602033060087319,0.0041561612576207045,0
659520,4,0,0.0010015126172725217,0.0041561612576207045,0
659577,4,0,0.00019712021475539718,0.0041561612576207045,0
659634,4,0,0.0012559759320044527,0.0041561612576207045,0
659663,4,0,0.0004984486760481851,0.0041561612576207045,0
659745,4,0,0.00014931043895688814,0.0041561612576207045,0
659773,4,0,0.0007138502153008836,0.0041561612576207045,0
659799,4,0,0.0012540044768909486,0.0041561612576207045,0
659811,4,0,0.00035368107065402826,0.0041561612576207045,0
659819,4,0,0.0001055481441566614,0.0041561612576207045,0
659844,4,0,0.0002516845955540553,0.0041561612576207045,0
659972,4,0,0.0017559157748086901,0.0041561612576207045,0
660101,4,0,5.733894269528869e-05,0.0041561612576207045,0
660147,4,0,0.002244505749327843,0.0041561612576207045,0
660157,4,0,0.0002546410802808089,0.0041561612576207045,0
660171,4,0,0.00039809295652803577,0.0041561612576207045,0
660178,4,0,9.261152862598283e-05,0.0041561612576207045,0
660241,4,0,0.00014400797620710718,0.0041561612576207045,0
660257,4,0,0.0001332615883257284,0.0041561612576207045,0
660278,4,0,0.00015614663298009856,0.0041561612576207045,0
660309,4,0,7.271350701849452e-05,0.0041561612576207045,0
660363,4,0,0.0015849827604722086,0.0041561612576207045,0
660372,4,0,0.003182365155192109,0.0041561612576207045,0
660379,4,0,8.016320025537455e-05,0.0041561612576207045,0
660384,4,0,0.0004376475132290569,0.0041561612576207045,0
660411,4,0,0.00010859144648985564,0.0041561612576207045,0
660431,4,0,0.0019294166303109423,0.0041561612576207045,0
660451,4,0,9.358085152356605e-05,0.0041561612576207045,0
660496,4,0,2.7064634431479852e-05,0.0041561612576207045,0
660502,4,0,0.00016269501494586825,0.0041561612576207045,0
660545,4,0,0.0008470985695222961,0.0041561612576207045,0
660562,4,0,4.973199906145837e-05,0.0041561612576207045,0
660572,4,0,0.0003463918721811862,0.0041561612576207045,0
660593,4,0,0.0001318092362179784,0.0041561612576207045,0
660673,4,0,0.00046887059852093445,0.0041561612576207045,0
660681,4,0,4.122333561567044e-05,0.0041561612576207045,0
660689,4,0,0.00017488353552431982,0.0041561612576207045,0
660706,4,0,0.008721305230361652,0.0041561612576207045,1
660756,4,0,7.017232271976136e-05,0.0041561612576207045,0
660778,4,0,1.1765968766043715e-05,0.0041561612576207045,0
660801,4,0,0.0004169505768812537,0.0041561612576207045,0
660804,4,0,0.0004827078090663031,0.0041561612576207045,0
660815,4,0,7.859849298833135e-05,0.0041561612576207045,0
660845,4,0,0.0013325802776589036,0.0041561612576207045,0
660995,4,0,0.0032535906448844672,0.0041561612576207045,0
661044,4,0,0.0010526280329071407,0.0041561612576207045,0
661076,4,0,0.01172902431881983,0.0041561612576207045,1
661114,4,0,0.008247841480562693,0.0041561612576207045,1
661199,4,0,0.00042842864569010556,0.0041561612576207045,0
661253,4,0,0.00027291379135739195,0.0041561612576207045,0
661332,4,0,0.00011608357152855985,0.0041561612576207045,0
661345,4,0,0.009902213575638438,0.0041561612576207045,1
661517,4,0,0.00048127969250271607,0.0041561612576207045,0
661521,4,0,0.00033769486978750963,0.0041561612576207045,0
661563,4,0,0.0006566129816867124,0.0041561612576207045,0
661614,4,0,1.787660132533277e-05,0.0041561612576207045,0
661695,4,0,0.002766353958897059,0.0041561612576207045,0
661705,4,0,0.0014158403557191774,0.0041561612576207045,0
661737,4,0,5.059910781885919e-05,0.0041561612576207045,0
661740,4,0,0.0008841995863553396,0.0041561612576207045,0
661775,4,0,0.00021789715658932063,0.0041561612576207045,0
661804,4,0,8.918467758819902e-05,0.0041561612576207045,0
661836,4,0,0.00044211244542828425,0.0041561612576207045,0
661874,4,0,0.0001973671582080672,0.0041561612576207045,0
661884,4,0,0.00019195454632615352,0.0041561612576207045,0
661939,4,0,0.00011874261082005371,0.0041561612576207045,0
661949,4,0,4.6192138206579794e-05,0.0041561612576207045,0
661992,4,0,0.0006187297104129503,0.0041561612576207045,0
661999,4,0,0.04515490006346837,0.0041561612576207045,1
662022,4,0,0.001934340712904314,0.0041561612576207045,0
662097,4,0,0.0004423021548112711,0.0041561612576207045,0
662108,4,0,0.00019811800880996,0.0041561612576207045,0
662114,4,0,0.00011126295158026073,0.0041561612576207045,0
662194,4,0,0.0011909508319483282,0.0041561612576207045,0
662230,4,0,0.0023373336866126773,0.0041561612576207045,0
662252,4,0,0.00012452901377322937,0.0041561612576207045,0
662269,4,0,0.00010181160397286275,0.0041561612576207045,0
662280,4,0,0.00011790964230374846,0.0041561612576207045,0
662299,4,0,0.00010990919440875946,0.0041561612576207045,0
662300,4,0,0.0004685887209179397,0.0041561612576207045,0
662361,4,0,0.0006300119161391961,0.0041561612576207045,0
662382,4,0,0.000216889683174087,0.0041561612576207045,0
662418,4,0,0.0018677616027652014,0.0041561612576207045,0
662440,4,0,0.0008239944629349526,0.0041561612576207045,0
662443,4,0,0.0001922352498076496,0.0041561612576207045,0
662467,4,0,0.00039688982833823106,0.0041561612576207045,0
662507,4,0,0.0007303458895879586,0.0041561612576207045,0
662566,4,0,8.920647892730917e-05,0.0041561612576207045,0
662598,4,0,0.00015355577218020188,0.0041561612576207045,0
662604,4,0,0.0003876175780853998,0.0041561612576207045,0
662614,4,0,0.00012281392876908415,0.0041561612576207045,0
662649,4,0,0.00015799121333152325,0.0041561612576207045,0
662662,4,0,0.00023016347851507194,0.0041561612576207045,0
662735,4,0,0.00022738325005521324,0.0041561612576207045,0
662803,4,0,0.0011002348724247137,0.0041561612576207045,0
662845,4,0,0.0004002667472636607,0.0041561612576207045,0
662852,4,0,0.00035190657209384715,0.0041561612576207045,0
662873,4,0,0.00014382908481257119,0.0041561612576207045,0
662878,4,0,9.680136145572104e-05,0.0041561612576207045,0
662884,4,0,0.000326426242517805,0.0041561612576207045,0
662926,4,0,9.297715331301382e-05,0.0041561612576207045,0
662966,4,0,8.00024747666084e-05,0.0041561612576207045,0
662995,4,0,0.001681201604260792,0.0041561612576207045,0
663009,4,0,0.012816392178643273,0.0041561612576207045,1
663014,4,0,0.0002736033669668079,0.0041561612576207045,0
663021,4,0,0.00047048246123006075,0.0041561612576207045,0
663025,4,0,0.00035087685265758643,0.0041561612576207045,0
663043,4,0,0.007989646775346684,0.0041561612576207045,1
663057,4,0,2.7292093632200557e-05,0.0041561612576207045,0
663101,4,0,0.00012779439886220043,0.0041561612576207045,0
663161,4,0,0.00018111173920451704,0.0041561612576207045,0
663174,4,0,0.00015963001357281688,0.0041561612576207045,0
663262,4,0,0.0014539370014454,0.0041561612576207045,0
663274,4,0,0.00035578273507407075,0.0041561612576207045,0
663286,4,0,9.391746166648612e-05,0.0041561612576207045,0
663376,4,0,0.0007465791844872086,0.0041561612576207045,0
663395,4,0,0.0003063204562396149,0.0041561612576207045,0
663404,4,0,0.0008804418435172339,0.0041561612576207045,0
663440,4,0,0.00022687011469808483,0.0041561612576207045,0
663461,4,0,0.00010922945286861685,0.0041561612576207045,0
663500,4,0,0.00014171888071076968,0.0041561612576207045,0
663510,4,0,7.414860582416627e-05,0.0041561612576207045,0
663534,4,0,0.001166140733827245,0.0041561612576207045,0
663576,4,0,0.0005179066174163335,0.0041561612576207045,0
663587,4,0,0.0006140405292702548,0.0041561612576207045,0
663619,4,0,0.00046570532980387953,0.0041561612576207045,0
663635,4,0,0.001963423317700525,0.0041561612576207045,0
663643,4,0,0.00035331303880914357,0.0041561612576207045,0
663659,4,0,0.005906071065922718,0.0041561612576207045,1
663676,4,0,0.0017751462532362107,0.0041561612576207045,0
663678,4,0,0.0007224004779621796,0.0041561612576207045,0
663680,4,0,0.00011217758789626924,0.0041561612576207045,0
663688,4,0,2.6105103104574268e-05,0.0041561612576207045,0
663757,4,0,5.6519933173461036e-05,0.0041561612576207045,0
663780,4,0,0.00016709185511276016,0.0041561612576207045,0
663783,4,0,0.0003004941797907587,0.0041561612576207045,0
663788,4,0,0.0002859518597682489,0.0041561612576207045,0
663800,4,0,0.0012495452221325243,0.0041561612576207045,0
663839,4,0,0.004362093948604237,0.0041561612576207045,1
663855,4,0,7.3804657216730545e-06,0.0041561612576207045,0
663880,4,0,0.006346998441943532,0.0041561612576207045,1
663947,4,0,0.0012388317972429521,0.0041561612576207045,0
663950,4,0,8.182550994458849e-05,0.0041561612576207045,0
663994,4,0,4.356420572557189e-05,0.0041561612576207045,0
664027,4,0,0.0006427059460857911,0.0041561612576207045,0
664063,4,0,0.000989582038422315,0.0041561612576207045,0
664137,4,0,0.003477951001900665,0.0041561612576207045,0
664146,4,0,0.00012442336035775427,0.0041561612576207045,0
664196,4,0,4.2241383296591756e-05,0.0041561612576207045,0
664252,4,0,0.000848695285761675,0.0041561612576207045,0
664254,4,0,0.00032009252859530025,0.0041561612576207045,0
664256,4,0,0.0003570306286471612,0.0041561612576207045,0
664283,4,0,0.00018326351337929252,0.0041561612576207045,0
664384,4,0,0.00017764381476831673,0.0041561612576207045,0
664401,4,0,0.0003178878603537796,0.0041561612576207045,0
664407,4,0,0.0028239658307414916,0.0041561612576207045,0
664448,4,0,0.0001926913773787058,0.0041561612576207045,0
664449,4,0,0.00029517629477973493,0.0041561612576207045,0
664467,4,0,0.0020418239551197406,0.0041561612576207045,0
664478,4,0,0.0003376900426261615,0.0041561612576207045,0
664493,4,0,0.0009995639046866693,0.0041561612576207045,0
664555,4,0,0.016402041361447406,0.0041561612576207045,1
664629,4,0,0.0014428529423347958,0.0041561612576207045,0
664630,4,0,8.820176113057192e-05,0.0041561612576207045,0
664648,4,0,0.0001247631406158827,0.0041561612576207045,0
664730,4,0,0.0007467753419530445,0.0041561612576207045,0
664760,4,0,0.0017707247400299945,0.0041561612576207045,0
664798,4,0,0.0011970573405905632,0.0041561612576207045,0
664803,4,0,0.0008553262226406477,0.0041561612576207045,0
664805,4,0,0.0005844563282464666,0.0041561612576207045,0
664826,4,0,0.0001874908027266451,0.0041561612576207045,0
664856,4,0,0.00014187589895029739,0.0041561612576207045,0
664877,4,0,0.0017993102522221858,0.0041561612576207045,0
665030,4,0,0.0037006270077462496,0.0041561612576207045,0
665044,4,0,0.0001806601188846776,0.0041561612576207045,0
665045,4,0,0.00013347761281258798,0.0041561612576207045,0
665054,4,0,0.0002177105487116186,0.0041561612576207045,0
665065,4,0,7.274994764478146e-05,0.0041561612576207045,0
665066,4,0,0.00013700056896514005,0.0041561612576207045,0
665106,4,0,0.0003044808457055812,0.0041561612576207045,0
665113,4,0,0.00034524201537942955,0.0041561612576207045,0
665116,4,0,0.00030957212803557773,0.0041561612576207045,0
665118,4,0,0.0003541031418828243,0.0041561612576207045,0
665129,4,0,0.0006250290517234722,0.0041561612576207045,0
665136,4,0,0.00026702730636999245,0.0041561612576207045,0
665183,4,0,0.001009953106026901,0.0041561612576207045,0
665187,4,0,0.0007729372935084665,0.0041561612576207045,0
665232,4,0,0.0011588347272420457,0.0041561612576207045,0
665256,4,0,0.00017457926240130233,0.0041561612576207045,0
665285,4,0,0.0004729795670439777,0.0041561612576207045,0
665370,4,0,0.004756191748094693,0.0041561612576207045,1
665399,4,0,0.0007628105506334,0.0041561612576207045,0
665407,4,0,0.0001593646939356785,0.0041561612576207045,0
665458,4,0,0.006269323674718055,0.0041561612576207045,1
665474,4,0,0.0016431722410079875,0.0041561612576207045,0
665485,4,0,3.972876684387954e-05,0.0041561612576207045,0
665498,4,0,0.016473872431844266,0.0041561612576207045,1
665520,4,0,0.0003653983136673158,0.0041561612576207045,0
665524,4,0,0.0015224775546923885,0.0041561612576207045,0
665559,4,0,0.0007331554552267794,0.0041561612576207045,0
665593,4,0,9.911620501442589e-05,0.0041561612576207045,0
665598,4,0,4.3116200309497476e-05,0.0041561612576207045,0
665605,4,0,0.0018060264760814478,0.0041561612576207045,0
665608,4,0,4.987908233706792e-05,0.0041561612576207045,0
665644,4,0,0.011769617534540715,0.0041561612576207045,1
665657,4,0,0.0002803308016141674,0.0041561612576207045,0
665673,4,0,0.010146358344797877,0.0041561612576207045,1
665693,4,0,0.00024313792248469002,0.0041561612576207045,0
665740,4,0,0.0007326248874034977,0.0041561612576207045,0
665744,4,0,0.0008995252375065403,0.0041561612576207045,0
665792,4,0,0.0008735457705167605,0.0041561612576207045,0
665814,4,0,0.0006803837181221016,0.0041561612576207045,0
665868,4,0,0.0010743656825385698,0.0041561612576207045,0
665901,4,0,8.243725316826013e-05,0.0041561612576207045,0
665917,4,0,0.0007505893168139227,0.0041561612576207045,0
665934,4,0,0.0009296695203185038,0.0041561612576207045,0
665957,4,0,0.0037032253939599784,0.0041561612576207045,0
665961,4,0,0.00036903235868936016,0.0041561612576207045,0
665974,4,0,0.0004722912518188933,0.0041561612576207045,0
665992,4,0,0.016751378861122736,0.0041561612576207045,1
666063,4,0,0.0017996424216799084,0.0041561612576207045,0
666107,4,0,0.0006923721738099713,0.0041561612576207045,0
666148,4,0,0.0017977354682776764,0.0041561612576207045,0
666149,4,0,0.00011526318763129196,0.0041561612576207045,0
666201,4,0,0.0012891487723638423,0.0041561612576207045,0
666237,4,0,0.0006173457642345435,0.0041561612576207045,0
666251,4,0,9.597608117487206e-05,0.0041561612576207045,0
666259,4,0,0.0004711887871121735,0.0041561612576207045,0
666266,4,0,0.00019785269345762855,0.0041561612576207045,0
666307,4,0,0.0026944010728503637,0.0041561612576207045,0
666310,4,0,0.0002489695217074808,0.0041561612576207045,0
666357,4,0,9.903493919347561e-05,0.0041561612576207045,0
666399,4,0,8.101519862339121e-05,0.0041561612576207045,0
666405,4,0,0.00021465461266544216,0.0041561612576207045,0
666470,4,0,0.0015781073262351394,0.0041561612576207045,0
666515,4,0,0.008683657949922659,0.0041561612576207045,1
666522,4,0,0.0077400012198762325,0.0041561612576207045,1
666548,4,0,1.4280169485002695e-05,0.0041561612576207045,0
666557,4,0,0.00044885385649267857,0.0041561612576207045,0
666560,4,0,0.0022162009115990868,0.0041561612576207045,0
666564,4,0,0.00020558558721296246,0.0041561612576207045,0
666568,4,0,0.00012046229762557913,0.0041561612576207045,0
666572,4,0,0.0007518165405188629,0.0041561612576207045,0
666578,4,0,0.04254549706426326,0.0041561612576207045,1
666623,4,0,0.00023247497994382307,0.0041561612576207045,0
666667,4,0,0.004815202050026006,0.0041561612576207045,1
666682,4,0,8.234349011314077e-05,0.0041561612576207045,0
666685,4,0,0.0001551041633152592,0.0041561612576207045,0
666692,4,0,2.451358293674311e-05,0.0041561612576207045,0
666728,4,0,0.0003024694584768377,0.0041561612576207045,0
666730,4,0,0.00013250778913174508,0.0041561612576207045,0
666756,4,0,0.0008003968791942548,0.0041561612576207045,0
666819,4,0,0.00012769403035878642,0.0041561612576207045,0
666822,4,0,6.531698674837182e-05,0.0041561612576207045,0
666868,4,0,0.00425441663607161,0.0041561612576207045,1
666877,4,0,0.0019378232808062747,0.0041561612576207045,0
666886,4,0,0.00011046340249500583,0.0041561612576207045,0
667011,4,0,0.00012763306337512775,0.0041561612576207045,0
667020,4,0,0.00021186705288289706,0.0041561612576207045,0
667035,4,0,0.0003033283506505193,0.0041561612576207045,0
667039,4,0,0.0014101333668553842,0.0041561612576207045,0
667043,4,0,5.59450934222044e-05,0.0041561612576207045,0
667085,4,0,0.0005256468327085966,0.0041561612576207045,0
667102,4,0,3.363470171300046e-05,0.0041561612576207045,0
667133,4,0,0.00024204321009125884,0.0041561612576207045,0
667160,4,0,0.0004532231625565207,0.0041561612576207045,0
667165,4,0,0.0016191440712869925,0.0041561612576207045,0
667183,4,0,6.307166463530946e-05,0.0041561612576207045,0
667189,4,0,0.00031673285481538706,0.0041561612576207045,0
667218,4,0,0.0009265501987354307,0.0041561612576207045,0
667244,4,0,0.00018810982507770144,0.0041561612576207045,0
667258,4,0,0.00021852032632089195,0.0041561612576207045,0
667292,4,0,0.00016861668620136557,0.0041561612576207045,0
667295,4,0,0.00015227899026157662,0.0041561612576207045,0
667307,4,0,0.01233941595947479,0.0041561612576207045,1
667309,4,0,0.00017288491396680726,0.0041561612576207045,0
667327,4,0,0.00017275956330292346,0.0041561612576207045,0
667353,4,0,0.0028914378952179564,0.0041561612576207045,0
667362,4,0,5.144716379293951e-05,0.0041561612576207045,0
667371,4,0,0.008152293005535455,0.0041561612576207045,1
667377,4,0,0.0014331522842892293,0.0041561612576207045,0
668120,4,0,0.0007339753124313631,0.0041561612576207045,0
668310,4,0,0.001020337334248073,0.0041561612576207045,0
669400,4,0,0.0009924612494629143,0.0041561612576207045,0
669405,4,0,0.0030591421412661858,0.0041561612576207045,0
669588,4,0,0.000779328933639406,0.0041561612576207045,0
671759,4,0,0.00019850604722752887,0.0041561612576207045,0
672053,4,0,0.0007681075892184907,0.0041561612576207045,0
672059,4,0,0.0005019027938061888,0.0041561612576207045,0
673607,4,0,0.00012928256023159092,0.0041561612576207045,0
674054,4,0,0.010587022704801748,0.0041561612576207045,1
677167,4,0,0.00015516530022761888,0.0041561612576207045,0
677762,4,0,2.6195419886686156e-05,0.0041561612576207045,0
678688,4,0,0.0011469501728104835,0.0041561612576207045,0
681612,4,0,0.002996689743423231,0.0041561612576207045,0
681971,4,0,0.0004371286696992856,0.0041561612576207045,0
682894,4,0,0.00365319776500948,0.0041561612576207045,0
683777,4,0,0.02117749670965658,0.0041561612576207045,1
684352,4,0,0.00014616688959035424,0.0041561612576207045,0
684365,4,0,0.0008668212161461345,0.0041561612576207045,0
684507,4,0,0.0001721062642963798,0.0041561612576207045,0
686900,4,0,0.0010185022262823348,0.0041561612576207045,0
689600,4,0,0.004140120648918287,0.0041561612576207045,0
689978,4,0,0.0007061229410954699,0.0041561612576207045,0
691702,4,0,0.059478303581452646,0.0041561612576207045,1
694064,4,0,0.0001045650641922726,0.0041561612576207045,0
695003,4,0,8.130677366925369e-05,0.0041561612576207045,0
696828,4,0,0.0016975342994671697,0.0041561612576207045,0
696847,4,0,0.0005654187314907688,0.0041561612576207045,0
696873,4,0,0.011332918098238337,0.0041561612576207045,1
698766,4,0,6.236560529666386e-05,0.0041561612576207045,0
698967,4,0,0.004751251928335732,0.0041561612576207045,1
700083,4,0,7.111943199419803e-05,0.0041561612576207045,0
700087,4,0,0.00014731967176802841,0.0041561612576207045,0
700946,4,0,0.005459905219571256,0.0041561612576207045,1
702830,4,0,0.0005595907700905552,0.0041561612576207045,0
704517,4,0,0.01901988974175628,0.0041561612576207045,1
704717,4,0,0.0019170774553627441,0.0041561612576207045,0
706106,4,0,0.015469311062623827,0.0041561612576207045,1
706865,4,0,0.00019167378523629093,0.0041561612576207045,0
707551,4,0,0.00047637794369471986,0.0041561612576207045,0
707553,4,0,0.0004586107948914373,0.0041561612576207045,0
707572,4,0,0.0016332691126641076,0.0041561612576207045,0
707723,4,0,0.007844840861570942,0.0041561612576207045,1
707782,4,0,0.0026016194139822407,0.0041561612576207045,0
708775,4,0,5.198785111143742e-05,0.0041561612576207045,0
708862,4,0,0.0008376474421400035,0.0041561612576207045,0
709905,4,0,9.570446489967663e-05,0.0041561612576207045,0
711116,4,0,0.0014921764969860652,0.0041561612576207045,0
711236,4,0,0.0015441631817161466,0.0041561612576207045,0
711239,4,0,5.805259661118648e-05,0.0041561612576207045,0
711442,4,0,6.394479115878598e-05,0.0041561612576207045,0
712056,4,0,0.0001873238029923793,0.0041561612576207045,0
712285,4,0,0.0029306291996404766,0.0041561612576207045,0
712407,4,0,0.0020366849543479045,0.0041561612576207045,0
712700,4,0,0.001699048046694893,0.0041561612576207045,0
713101,4,0,0.0009753605460793461,0.0041561612576207045,0
713198,4,0,0.0006978530516118657,0.0041561612576207045,0
714971,4,0,0.0035206744132294733,0.0041561612576207045,0
715192,4,0,0.001800009074406249,0.0041561612576207045,0
715516,4,0,0.0008529771316985587,0.0041561612576207045,0
715668,4,0,0.00035611781981381935,0.0041561612576207045,0
715902,4,0,7.721436016161646e-05,0.0041561612576207045,0
716454,4,0,3.725416698234767e-05,0.0041561612576207045,0
716459,4,0,0.013151958572960719,0.0041561612576207045,1
717559,4,0,0.0034733505745711125,0.0041561612576207045,0
718139,4,0,0.07702235908924256,0.0041561612576207045,1
718621,4,0,0.0007119152566096127,0.0041561612576207045,0
718726,4,0,0.00013749693561754847,0.0041561612576207045,0
719065,4,0,0.00018196900905482954,0.0041561612576207045,0
719570,4,0,3.6999417763667196e-05,0.0041561612576207045,0
719649,4,0,4.765461635156023e-05,0.0041561612576207045,0
721377,4,0,0.0004680256520084024,0.0041561612576207045,0
721948,4,0,0.0017724632162463905,0.0041561612576207045,0
722328,4,0,9.97298589838394e-06,0.0041561612576207045,0
722750,4,0,0.00010482147478885507,0.0041561612576207045,0
722970,4,0,0.012381279491581585,0.0041561612576207045,1
723622,4,0,0.00022495702195473148,0.0041561612576207045,0
725617,4,0,0.000128460946015463,0.0041561612576207045,0
725878,4,0,0.029109861558478868,0.0041561612576207045,1
726571,4,0,6.036666275719215e-05,0.0041561612576207045,0
726833,4,0,0.0015473389452873867,0.0041561612576207045,0
726949,4,0,0.00032816842843988084,0.0041561612576207045,0
727263,4,0,0.008953363620321978,0.0041561612576207045,1
727733,4,0,0.0003386137862143943,0.0041561612576207045,0
728109,4,0,0.0005083845086109585,0.0041561612576207045,0
728234,4,0,0.001284471201641306,0.0041561612576207045,0
728881,4,0,0.003160754625819973,0.0041561612576207045,0
729097,4,0,0.0005106417230936457,0.0041561612576207045,0
729581,4,0,0.0013103953204900405,0.0041561612576207045,0
730700,4,0,0.001486322463493906,0.0041561612576207045,0
731715,4,0,0.0015784995103450144,0.0041561612576207045,0
732211,4,0,0.003079816969498387,0.0041561612576207045,0
732522,4,0,0.0004715351579955389,0.0041561612576207045,0
734738,4,0,0.00159435910290203,0.0041561612576207045,0
734783,4,0,0.0001561170923081823,0.0041561612576207045,0
735033,4,0,0.0024674380189185475,0.0041561612576207045,0
735089,4,0,0.004395445442784733,0.0041561612576207045,1
735658,4,0,7.969668914179092e-05,0.0041561612576207045,0
735674,4,0,0.0002231247319743062,0.0041561612576207045,0
738257,4,0,0.000246981838847564,0.0041561612576207045,0
738389,4,0,1.0018360340771898e-05,0.0041561612576207045,0
740149,4,0,8.002448520906572e-05,0.0041561612576207045,0
740366,4,0,0.004504824108516792,0.0041561612576207045,1
741168,4,0,0.00887551581701859,0.0041561612576207045,1
741270,4,0,0.00023301431301169176,0.0041561612576207045,0
741690,4,0,0.0012315930319731943,0.0041561612576207045,0
742647,4,0,0.0004003859150280376,0.0041561612576207045,0
743020,4,0,0.0003426633289214236,0.0041561612576207045,0
743852,4,0,7.936762101021934e-05,0.0041561612576207045,0
744022,4,0,0.0001499688232296463,0.0041561612576207045,0
744039,4,0,0.00028657651354541743,0.0041561612576207045,0
744944,4,0,0.00010899394702427637,0.0041561612576207045,0
745019,4,0,0.0002567226394370435,0.0041561612576207045,0
745080,4,0,1.738684463399434e-05,0.0041561612576207045,0
745111,4,0,0.000369634936635635,0.0041561612576207045,0
746094,4,0,0.0012328294856261961,0.0041561612576207045,0
747107,4,0,0.002609567040961369,0.0041561612576207045,0
747969,4,0,0.0008303355303993509,0.0041561612576207045,0
748842,4,0,0.003655174303403878,0.0041561612576207045,0
749052,4,0,0.0003449987457190443,0.0041561612576207045,0
749148,4,0,8.241205024480964e-05,0.0041561612576207045,0
750627,4,0,0.004384745587632958,0.0041561612576207045,1
750661,4,0,0.0008385512949202416,0.0041561612576207045,0
750885,4,0,0.0014724587318387806,0.0041561612576207045,0
751074,4,0,2.5268201721656007e-05,0.0041561612576207045,0
751264,4,0,0.0704478238993688,0.0041561612576207045,1
751279,4,0,9.707770603813317e-05,0.0041561612576207045,0
751281,4,0,0.0002855015015583598,0.0041561612576207045,0
751798,4,0,1.7505931748004207e-05,0.0041561612576207045,0
751867,4,0,0.0005688598646896166,0.0041561612576207045,0
751895,4,0,0.0050909607934824545,0.0041561612576207045,1
752171,4,0,0.018684861961336608,0.0041561612576207045,1
752372,4,0,0.0013318499738455445,0.0041561612576207045,0
752844,4,0,0.0025229535850926563,0.0041561612576207045,0
752847,4,0,0.00997868673953222,0.0041561612576207045,1
753020,4,0,0.005265873020877051,0.0041561612576207045,1
753260,4,0,0.00043713242530766296,0.0041561612576207045,0
753358,4,0,0.0006910994997645793,0.0041561612576207045,0
753886,4,0,0.010783023169771786,0.0041561612576207045,1
754113,4,0,0.010408892085919927,0.0041561612576207045,1
755735,4,0,0.0034120034528194185,0.0041561612576207045,0
755897,4,0,0.005599768634263422,0.0041561612576207045,1
755995,4,0,0.0010099708061238706,0.0041561612576207045,0
756512,4,0,0.0012111611249870724,0.0041561612576207045,0
756681,4,0,2.9888630941535857e-05,0.0041561612576207045,0
756722,4,0,3.7167241174758866e-05,0.0041561612576207045,0
756741,4,0,0.0007946440354316889,0.0041561612576207045,0
756751,4,0,0.0006162462068070024,0.0041561612576207045,0
757392,4,0,0.0027312123235096954,0.0041561612576207045,0
758292,4,0,0.00013423188865896514,0.0041561612576207045,0
760119,4,0,0.0008082321514947044,0.0041561612576207045,0
760469,4,0,0.0010332792690722337,0.0041561612576207045,0
760806,4,0,0.0003669175858503666,0.0041561612576207045,0
761429,4,0,0.007210255638452121,0.0041561612576207045,1
761836,4,0,5.3281354345287365e-05,0.0041561612576207045,0
762378,4,0,0.0012832038276600617,0.0041561612576207045,0
762675,4,0,0.007248881042703201,0.0041561612576207045,1
762736,4,0,0.0048927632414568194,0.0041561612576207045,1
763045,4,0,0.00037326035977157325,0.0041561612576207045,0
763455,4,0,0.0478922928813916,0.0041561612576207045,1
764449,4,0,0.0018083643066865403,0.0041561612576207045,0
765292,4,0,0.005722443488671343,0.0041561612576207045,1
766535,4,0,0.014022862069849927,0.0041561612576207045,1
767774,4,0,0.0002750632519321274,0.0041561612576207045,0
768261,4,0,1.4525880665228304e-05,0.0041561612576207045,0
768313,4,0,0.000319030142311953,0.0041561612576207045,0
769153,4,0,0.002983312415434658,0.0041561612576207045,0
770997,4,0,0.007460938751640705,0.0041561612576207045,1
772865,4,0,0.001605775676929809,0.0041561612576207045,0
773130,4,0,0.004891789080293591,0.0041561612576207045,1
773470,4,0,0.016701440219824944,0.0041561612576207045,1
774061,4,0,0.0006049608360597973,0.0041561612576207045,0
774163,4,0,0.0001681653179246733,0.0041561612576207045,0
776233,4,0,0.012652812296630376,0.0041561612576207045,1
777911,4,0,0.0004197055497743485,0.0041561612576207045,0
778318,4,0,0.0011209467353070874,0.0041561612576207045,0
778356,4,0,0.0006456070956150383,0.0041561612576207045,0
778503,4,0,6.1609071563957015e-06,0.0041561612576207045,0
779111,4,0,0.002531586434532505,0.0041561612576207045,0
779825,4,0,1.951419341379812e-05,0.0041561612576207045,0
781537,4,0,0.0009815135479154613,0.0041561612576207045,0
782253,4,0,2.6388160988156513e-05,0.0041561612576207045,0
782388,4,0,3.6309692305338695e-05,0.0041561612576207045,0
783405,4,0,0.0002534709041782559,0.0041561612576207045,0
783815,4,0,4.894162881133124e-05,0.0041561612576207045,0
784352,4,0,0.001227610768105336,0.0041561612576207045,0
785218,4,0,0.010029489631639606,0.0041561612576207045,1
785682,4,0,0.004542162059351233,0.0041561612576207045,1
786092,4,0,0.0002581346632632062,0.0041561612576207045,0
786094,4,0,0.004317397711175291,0.0041561612576207045,1
786395,4,0,0.0010624805964700407,0.0041561612576207045,0
787512,4,0,0.00047135576813102804,0.0041561612576207045,0
788156,4,0,3.417384899158819e-05,0.0041561612576207045,0
789066,4,0,0.0005560003629884924,0.0041561612576207045,0
789790,4,0,0.03897222889172565,0.0041561612576207045,1
789874,4,0,0.0001328400535901385,0.0041561612576207045,0
791826,4,0,0.0007113080464767508,0.0041561612576207045,0
795012,4,0,0.00013795086275911547,0.0041561612576207045,0
795356,4,0,0.00022942059035084236,0.0041561612576207045,0
795665,4,0,0.005430701558908349,0.0041561612576207045,1
796001,4,0,0.0008944729977253729,0.0041561612576207045,0
798678,4,0,6.335319127193328e-05,0.0041561612576207045,0
799768,4,0,0.000350255612998173,0.0041561612576207045,0
801986,4,0,0.0019248936109320027,0.0041561612576207045,0
802802,4,0,0.0001473280841736374,0.0041561612576207045,0
802882,4,0,0.0009747520821878605,0.0041561612576207045,0
803187,4,0,0.00038585135425659773,0.0041561612576207045,0
804120,4,0,0.0004125751553249408,0.0041561612576207045,0
804430,4,0,0.0005461244609418742,0.0041561612576207045,0
804599,4,0,0.0010538128181654604,0.0041561612576207045,0
804700,4,0,0.0050896963419495974,0.0041561612576207045,1
805052,4,0,0.0003651562100865614,0.0041561612576207045,0
805566,4,0,0.0008742918568223667,0.0041561612576207045,0
806451,4,0,0.0004406439865319911,0.0041561612576207045,0
806569,4,0,0.00017341494672012153,0.0041561612576207045,0
806798,4,0,5.012272629187934e-05,0.0041561612576207045,0
806956,4,0,0.0006304779130202719,0.0041561612576207045,0
807069,4,0,0.0008064593248931061,0.0041561612576207045,0
807803,4,0,2.889694946360764e-05,0.0041561612576207045,0
807848,4,0,6.424763419992947e-05,0.0041561612576207045,0
807852,4,0,0.0005288484641059434,0.0041561612576207045,0
807933,4,0,0.004585747853058078,0.0041561612576207045,1
817953,4,0,0.00011374625959058028,0.0041561612576207045,0
818197,4,0,0.0005647419660969138,0.0041561612576207045,0
818944,4,0,0.0002924868389465778,0.0041561612576207045,0
821825,4,0,6.153250697581461e-05,0.0041561612576207045,0
821828,4,0,0.0011231561002861539,0.0041561612576207045,0
827641,4,0,0.0007119683269570547,0.0041561612576207045,0
829467,4,0,0.00808715676429218,0.0041561612576207045,1
829832,4,0,7.859446545464421e-05,0.0041561612576207045,0
829881,4,0,0.0023068746147040433,0.0041561612576207045,0
829956,4,0,0.0033061693845803006,0.0041561612576207045,0
830687,4,0,0.000713060272729002,0.0041561612576207045,0
831035,4,0,0.005546267103487519,0.0041561612576207045,1
831076,4,0,0.00011621112634962861,0.0041561612576207045,0
834331,4,0,0.00020051570571296673,0.0041561612576207045,0
834465,4,0,0.001303147877162577,0.0041561612576207045,0
834799,4,0,8.088465743409777e-05,0.0041561612576207045,0
838667,4,0,0.0023990902267629604,0.0041561612576207045,0
840403,4,0,6.190228672346892e-05,0.0041561612576207045,0
843845,4,0,0.0006535517435345965,0.0041561612576207045,0
844176,4,0,4.893433687920073e-05,0.0041561612576207045,0
845247,4,0,8.306575736498978e-05,0.0041561612576207045,0
845559,4,0,4.138129338160894e-05,0.0041561612576207045,0
846435,4,0,1.6633363366337692e-05,0.0041561612576207045,0
846884,4,0,0.00010612905953142773,0.0041561612576207045,0
848725,4,0,5.321925324121495e-05,0.0041561612576207045,0
849342,4,0,0.0010851005952208057,0.0041561612576207045,0
851036,4,0,0.0008137513018742079,0.0041561612576207045,0
851257,4,0,0.00019896435818270614,0.0041561612576207045,0
852322,4,0,0.002087626812421085,0.0041561612576207045,0
852899,4,0,0.010486770995065222,0.0041561612576207045,1
853565,4,0,0.000190406120732678,0.0041561612576207045,0
855628,4,0,0.0002355346724021542,0.0041561612576207045,0
866473,4,0,0.022031044532803207,0.0041561612576207045,1
866653,4,0,4.662973247268066e-05,0.0041561612576207045,0
866852,4,0,0.0003932734140087384,0.0041561612576207045,0
866934,4,0,0.00015257610945153917,0.0041561612576207045,0
867456,4,0,0.00024019981252137312,0.0041561612576207045,0
867647,4,0,3.1342308903706846e-05,0.0041561612576207045,0
867819,4,0,0.000567842339022787,0.0041561612576207045,0
868062,4,0,0.0008446763475848979,0.0041561612576207045,0
868124,4,0,2.8734592292394217e-05,0.0041561612576207045,0
868671,4,0,0.0036796006751587335,0.0041561612576207045,0
868798,4,0,0.0006198979687352199,0.0041561612576207045,0
869161,4,0,0.0010354886096271853,0.0041561612576207045,0
871711,4,0,0.00014261226070653936,0.0041561612576207045,0
871907,4,0,0.005464225735806591,0.0041561612576207045,1
871987,4,0,0.0004194508793506594,0.0041561612576207045,0
872966,4,0,0.000563657278339955,0.0041561612576207045,0
872988,4,0,5.8449301296752944e-05,0.0041561612576207045,0
873445,4,0,4.996197647886849e-05,0.0041561612576207045,0
873454,4,0,0.0005914320015952351,0.0041561612576207045,0
873730,4,0,0.0003008693460276923,0.0041561612576207045,0
874620,4,0,0.000406945020463595,0.0041561612576207045,0
875239,4,0,0.00036185246796757514,0.0041561612576207045,0
876196,4,0,0.0018331386370797308,0.0041561612576207045,0
876336,4,0,0.0002695127254700999,0.0041561612576207045,0
877291,4,0,0.0003168480626245806,0.0041561612576207045,0
877361,4,0,0.025333688336166314,0.0041561612576207045,1
878012,4,0,0.00018164239483581062,0.0041561612576207045,0
878737,4,0,0.0012974127246489294,0.0041561612576207045,0
878973,4,0,0.0013655279973304067,0.0041561612576207045,0
879314,4,0,0.0004312777445204425,0.0041561612576207045,0
879683,4,0,0.0029359278331229297,0.0041561612576207045,0
879920,4,0,2.4819340851821154e-05,0.0041561612576207045,0
880397,4,0,0.0003534849975911638,0.0041561612576207045,0
882091,4,0,0.0001473147583263562,0.0041561612576207045,0
882138,4,0,0.00035435020059429857,0.0041561612576207045,0
882309,4,0,0.0018968805167548996,0.0041561612576207045,0
883703,4,0,0.004477315489679158,0.0041561612576207045,1
884056,4,0,0.0006882657293965011,0.0041561612576207045,0
885902,4,0,6.693279118698248e-05,0.0041561612576207045,0
886358,4,0,0.001126658792420272,0.0041561612576207045,0
886632,4,0,0.006014831881778114,0.0041561612576207045,1
887018,4,0,0.0019967897111429203,0.0041561612576207045,0
887689,4,0,0.005791175168462818,0.0041561612576207045,1
887885,4,0,0.00034265067174154293,0.0041561612576207045,0
887918,4,0,0.0011474508593299429,0.0041561612576207045,0
888352,4,0,0.0002689032135142161,0.0041561612576207045,0
888356,4,0,0.0005491530290928062,0.0041561612576207045,0
888381,4,0,0.0007386471069172995,0.0041561612576207045,0
888389,4,0,0.0003405445010065575,0.0041561612576207045,0
888955,4,0,0.00013383011284263678,0.0041561612576207045,0
889490,4,0,0.0015289766112752342,0.0041561612576207045,0
889783,4,0,0.000624350662111616,0.0041561612576207045,0
890981,4,0,0.0010442648906138162,0.0041561612576207045,0
891016,4,0,0.0003549246830107337,0.0041561612576207045,0
891159,4,0,0.0016023517746474607,0.0041561612576207045,0
891614,4,0,0.0006469334990563727,0.0041561612576207045,0
891719,4,0,0.0016850235348371875,0.0041561612576207045,0
891895,4,0,0.00024010581368625236,0.0041561612576207045,0
892034,4,0,0.002163657950679956,0.0041561612576207045,0
892370,4,0,0.00016635584314016356,0.0041561612576207045,0
892450,4,0,0.00019801917321559412,0.0041561612576207045,0
892464,4,0,0.003019304222796429,0.0041561612576207045,0
893083,4,0,0.009902270757439763,0.0041561612576207045,1
894278,4,0,0.0004751036731890719,0.0041561612576207045,0
894444,4,0,0.0001350209483188408,0.0041561612576207045,0
894506,4,0,0.0001208362754311239,0.0041561612576207045,0
895152,4,0,7.025217096786078e-05,0.0041561612576207045,0
895337,4,0,0.0008349694988569874,0.0041561612576207045,0
895500,4,0,0.035186230025387844,0.0041561612576207045,1
896200,4,0,0.00020404924120849942,0.0041561612576207045,0
896784,4,0,0.0066898792735863195,0.0041561612576207045,1
897854,4,0,0.00026261702942690203,0.0041561612576207045,0
898080,4,0,0.011976787939217366,0.0041561612576207045,1
898381,4,0,0.00019967751303654903,0.0041561612576207045,0
898637,4,0,0.040596689280927106,0.0041561612576207045,1
898934,4,0,0.00012621021802226062,0.0041561612576207045,0
898987,4,0,1.9843308197092277e-05,0.0041561612576207045,0
899246,4,0,0.004029807828013121,0.0041561612576207045,0
900732,4,0,6.428797989172245e-05,0.0041561612576207045,0
900747,4,0,0.0005093480208681607,0.0041561612576207045,0
913865,4,0,0.0006806839118714759,0.0041561612576207045,0
920276,4,0,0.00014435985260066587,0.0041561612576207045,0
932628,4,0,0.002851955750796708,0.0041561612576207045,0
934649,4,0,0.003942718279739258,0.0041561612576207045,0
934699,4,0,0.000984078586662389,0.0041561612576207045,0
934908,4,0,0.001907181584562499,0.0041561612576207045,0
934925,4,0,0.0032719827085261515,0.0041561612576207045,0
935141,4,0,7.962787023621301e-05,0.0041561612576207045,0
936550,4,0,0.0020353852803498,0.0041561612576207045,0
937680,4,0,3.4208203116272325e-05,0.0041561612576207045,0
938026,4,0,0.0025423109362266204,0.0041561612576207045,0
944135,4,0,0.0003268555678920047,0.0041561612576207045,0
944882,4,0,0.02861090411611343,0.0041561612576207045,1
946220,4,0,0.0009096733330764946,0.0041561612576207045,0
952729,4,0,3.603617801899635e-05,0.0041561612576207045,0
953039,4,0,0.0017461321456234313,0.0041561612576207045,0
953045,4,0,0.00663575022107468,0.0041561612576207045,1
955338,4,0,6.221973267930118e-05,0.0041561612576207045,0
955961,4,0,4.7175096768967115e-05,0.0041561612576207045,0
962573,4,0,0.016471178027153345,0.0041561612576207045,1
963166,4,0,0.0007273840220529004,0.0041561612576207045,0
964722,4,0,0.0004573129499497603,0.0041561612576207045,0
965836,4,0,7.0441463139103e-05,0.0041561612576207045,0
967758,4,0,0.002175131692139372,0.0041561612576207045,0
969221,4,0,5.2334107231147224e-05,0.0041561612576207045,0
970201,4,0,0.00012972344200571135,0.0041561612576207045,0
970243,4,0,5.8530241762937154e-05,0.0041561612576207045,0
970768,4,0,0.0002314144513123294,0.0041561612576207045,0
970822,4,0,0.019359953900837043,0.0041561612576207045,1
970916,4,0,0.0002789639176953008,0.0041561612576207045,0
971081,4,0,0.0014694706063660811,0.0041561612576207045,0
971444,4,0,8.610095643049533e-05,0.0041561612576207045,0
971446,4,0,0.0012430058791718915,0.0041561612576207045,0
971509,4,0,0.00033856306990509246,0.0041561612576207045,0
972531,4,0,0.0013605945879318886,0.0041561612576207045,0
973170,4,0,0.002928706954531595,0.0041561612576207045,0
973290,4,0,0.0002737546013230518,0.0041561612576207045,0
973292,4,0,0.00014583769210456147,0.0041561612576207045,0
973463,4,0,0.0003246951319639975,0.0041561612576207045,0
973869,4,0,0.0026160569341620995,0.0041561612576207045,0
974089,4,0,0.00029272408333938494,0.0041561612576207045,0
974127,4,0,0.00013980657567992565,0.0041561612576207045,0
974197,4,0,0.00318856340710836,0.0041561612576207045,0
974764,4,0,6.925680203349352e-05,0.0041561612576207045,0
974773,4,0,0.039149926667432756,0.0041561612576207045,1
974833,4,0,0.00033831060784283393,0.0041561612576207045,0
975175,4,0,0.001367522616310109,0.0041561612576207045,0
975498,4,0,0.0001807779273079513,0.0041561612576207045,0
975891,4,0,1.5836683506002904e-05,0.0041561612576207045,0
976690,4,0,4.657862540768373e-05,0.0041561612576207045,0
977152,4,0,5.033426019605101e-05,0.0041561612576207045,0
977239,4,0,5.059422186051354e-05,0.0041561612576207045,0
977348,4,0,0.00019971554269083294,0.0041561612576207045,0
977447,4,0,6.200206186862626e-05,0.0041561612576207045,0
978143,4,0,0.00031927427880464867,0.0041561612576207045,0
980267,4,0,1.819339773867678e-05,0.0041561612576207045,0
982232,4,0,3.0984937694774096e-05,0.0041561612576207045,0
983993,4,0,0.009416491391615529,0.0041561612576207045,1
984602,4,0,0.00014388562238516853,0.0041561612576207045,0
987751,4,0,0.009054063198853865,0.0041561612576207045,1
987772,4,0,0.028435733526334866,0.0041561612576207045,1
989299,4,0,0.00015040024421770164,0.0041561612576207045,0
989400,4,0,0.0003267527140746745,0.0041561612576207045,0
998067,4,0,0.0002253960426543217,0.0041561612576207045,0
1001145,4,0,0.00021553369522538942,0.0041561612576207045,0
1001344,4,0,0.000626478988342955,0.0041561612576207045,0
1007761,4,0,0.0005930254636609824,0.0041561612576207045,0
1009399,4,0,0.00042579543602483443,0.0041561612576207045,0
1010579,4,0,0.0018376624537128127,0.0041561612576207045,0
1011581,4,0,0.002040963924295906,0.0041561612576207045,0
1014082,4,0,0.001899958206935025,0.0041561612576207045,0
1018416,4,0,2.1842312754836723e-05,0.0041561612576207045,0
1033463,4,0,0.00034679656235255847,0.0041561612576207045,0
1041177,4,0,0.00396682146217559,0.0041561612576207045,0
1067716,4,0,0.0028743363919439915,0.0041561612576207045,0
1069561,4,0,0.00010223924977644147,0.0041561612576207045,0
1071785,4,0,8.350396260990326e-05,0.0041561612576207045,0
1071837,4,0,0.00019326125446589241,0.0041561612576207045,0
1071955,4,0,9.346728659400232e-05,0.0041561612576207045,0
1072099,4,0,0.00012066013633273362,0.0041561612576207045,0
1072554,4,0,0.0004440278679208048,0.0041561612576207045,0
1072843,4,0,0.000641612433405035,0.0041561612576207045,0
1073056,4,0,0.00024688590476704494,0.0041561612576207045,0
1075523,4,0,0.00035824717788925103,0.0041561612576207045,0
1076406,4,0,0.0008695781024617061,0.0041561612576207045,0
1079334,4,0,0.0003355324762804841,0.0041561612576207045,0
1080239,4,0,0.0006878549157631629,0.0041561612576207045,0
1080508,4,0,2.5659129395817543e-05,0.0041561612576207045,0
1080740,4,0,0.0003479110723318229,0.0041561612576207045,0
1081542,4,0,0.0015692952037236734,0.0041561612576207045,0
1081942,4,0,0.002525047531453669,0.0041561612576207045,0
1081951,4,0,0.0023323443958139815,0.0041561612576207045,0
1082618,4,0,2.4014576481864728e-05,0.0041561612576207045,0
1082946,4,0,0.0011842854638186916,0.0041561612576207045,0
1082993,4,0,0.0006124400443904543,0.0041561612576207045,0
1083196,4,0,0.000928262520052869,0.0041561612576207045,0
1085027,4,0,4.026889535170546e-05,0.0041561612576207045,0
1085354,4,0,1.752148278152742e-05,0.0041561612576207045,0
1085591,4,0,0.0017376856911814037,0.0041561612576207045,0
1085660,4,0,0.00023746487346795812,0.0041561612576207045,0
1086737,4,0,0.0013453176243999985,0.0041561612576207045,0
1088156,4,0,0.0009761735024168,0.0041561612576207045,0
1088486,4,0,0.00015235308245903668,0.0041561612576207045,0
1089006,4,0,0.0006832308643808357,0.0041561612576207045,0
1089316,4,0,5.0852406859657056e-05,0.0041561612576207045,0
1091486,4,0,0.0005746250033710275,0.0041561612576207045,0
1091567,4,0,0.00021499530086190196,0.0041561612576207045,0
1091589,4,0,7.67219850935997e-05,0.0041561612576207045,0
1091694,4,0,0.00012029642934411895,0.0041561612576207045,0
1091871,4,0,0.007754531603893477,0.0041561612576207045,1
1092928,4,0,0.0014477686931391666,0.0041561612576207045,0
1093318,4,0,9.458637455374539e-05,0.0041561612576207045,0
1093449,4,0,0.006627163417689253,0.0041561612576207045,1
1093786,4,0,0.0039013366968708428,0.0041561612576207045,0
1094264,4,0,1.739531878220519e-05,0.0041561612576207045,0
1095869,4,0,0.002050008956481364,0.0041561612576207045,0
1101752,4,0,0.001722873172960168,0.0041561612576207045,0
1108286,4,0,0.00016062053361731173,0.0041561612576207045,0
1116206,4,0,0.00034941465303593597,0.0041561612576207045,0
1122279,4,0,0.005772338263836358,0.0041561612576207045,1
1122589,4,0,0.0039755127222854255,0.0041561612576207045,0
1124477,4,0,0.00048625773252461126,0.0041561612576207045,0
1142615,4,0,0.0021525978216412112,0.0041561612576207045,0
1147959,4,0,0.0002845546714569301,0.0041561612576207045,0
1147998,4,0,0.00029454568540292024,0.0041561612576207045,0
1148054,4,0,0.00023105357158682564,0.0041561612576207045,0
1152638,4,0,0.003203972515734457,0.0041561612576207045,0
1154993,4,0,0.00030216656360019324,0.0041561612576207045,0
1155029,4,0,0.00021225693327702337,0.0041561612576207045,0
1158078,4,0,0.001164953511112399,0.0041561612576207045,0
1177169,4,0,0.004122293282474178,0.0041561612576207045,0
1179061,4,0,0.027532140612634017,0.0041561612576207045,1
1182237,4,0,0.0001358200522308482,0.0041561612576207045,0
1187349,4,0,0.03276846818177343,0.0041561612576207045,1
1190491,4,0,0.00045437554660554324,0.0041561612576207045,0
1214066,4,0,0.0002468424123651142,0.0041561612576207045,0
1214377,4,0,0.002490372437386917,0.0041561612576207045,0
1219451,4,0,0.00017669933974054982,0.0041561612576207045,0
1221347,4,0,0.016465477141193636,0.0041561612576207045,1
1223781,4,0,0.001017949001230907,0.0041561612576207045,0
1225794,4,0,0.002350972716044054,0.0041561612576207045,0
1242044,4,0,2.473312726987672e-05,0.0041561612576207045,0
1242497,4,0,0.0013184146204837468,0.0041561612576207045,0
1242603,4,0,0.00024719109522370426,0.0041561612576207045,0
1242674,4,0,0.013046943569821418,0.0041561612576207045,1
1242717,4,0,0.0018718329810025202,0.0041561612576207045,0
1243533,4,0,0.018512078348790484,0.0041561612576207045,1
1244181,4,0,0.0005109604052051521,0.0041561612576207045,0
1244312,4,0,0.00881126541037355,0.0041561612576207045,1
1244756,4,0,0.006552123752861982,0.0041561612576207045,1
1245271,4,0,0.00014525114062879224,0.0041561612576207045,0
1245842,4,0,0.0002953039052813356,0.0041561612576207045,0
1246054,4,0,0.0010679206325324864,0.0041561612576207045,0
1246150,4,0,0.0003122140505524003,0.0041561612576207045,0
1246228,4,0,0.010907204227665005,0.0041561612576207045,1
1246498,4,0,0.0008150402835779553,0.0041561612576207045,0
1246639,4,0,0.00024320115447917695,0.0041561612576207045,0
1246640,4,0,0.00035557123308940336,0.0041561612576207045,0
1246818,4,0,0.0010848239607001322,0.0041561612576207045,0
1246885,4,0,0.0001495629145203184,0.0041561612576207045,0
1247133,4,0,0.00016781848611449726,0.0041561612576207045,0
1247515,4,0,0.00045662445515328945,0.0041561612576207045,0
1247675,4,0,0.0007696585884617903,0.0041561612576207045,0
1248098,4,0,0.0004079184388670439,0.0041561612576207045,0
1248220,4,0,1.504184619340859e-05,0.0041561612576207045,0
1248271,4,0,0.007967938935709452,0.0041561612576207045,1
1248403,4,0,0.00031090911378586815,0.0041561612576207045,0
1248962,4,0,0.0002117394930667696,0.0041561612576207045,0
1249414,4,0,0.0006271338325505483,0.0041561612576207045,0
1249620,4,0,0.0003538124514474746,0.0041561612576207045,0
1249773,4,0,0.0018020961284061171,0.0041561612576207045,0
1249883,4,0,0.0002288461481669513,0.0041561612576207045,0
1249965,4,0,0.0005897414545134778,0.0041561612576207045,0
1250513,4,0,0.0008918414599861764,0.0041561612576207045,0
1251288,4,0,0.002395512305483967,0.0041561612576207045,0
1251504,4,0,0.0005636830112384916,0.0041561612576207045,0
1251528,4,0,0.0005500604840733392,0.0041561612576207045,0
1251686,4,0,0.00012102183130547156,0.0041561612576207045,0
1252314,4,0,8.298051378114503e-06,0.0041561612576207045,0
1252702,4,0,1.4158301884490508e-05,0.0041561612576207045,0
1253393,4,0,9.084709465871628e-05,0.0041561612576207045,0
1253634,4,0,0.00034401471559010883,0.0041561612576207045,0
1254488,4,0,0.00043013172985308383,0.0041561612576207045,0
1254675,4,0,0.010577875928745494,0.0041561612576207045,1
1256340,4,0,0.0013441095235420181,0.0041561612576207045,0
1256544,4,0,0.00358661085792132,0.0041561612576207045,0
1258480,4,0,0.0005528175502986801,0.0041561612576207045,0
1258688,4,0,1.3901212532355602e-05,0.0041561612576207045,0
1258912,4,0,0.00017217299677753798,0.0041561612576207045,0
1259463,4,0,0.012488182863032925,0.0041561612576207045,1
1260040,4,0,2.7587794895254747e-05,0.0041561612576207045,0
1260993,4,0,0.004237528230569555,0.0041561612576207045,1
1261363,4,0,0.0001523067820601493,0.0041561612576207045,0
1261934,4,0,9.266883460858624e-05,0.0041561612576207045,0
1262256,4,0,0.00041076597070000725,0.0041561612576207045,0
1263051,4,0,0.00015553841226637505,0.0041561612576207045,0
1263066,4,0,0.0011406137051143187,0.0041561612576207045,0
1263106,4,0,0.002559635366039234,0.0041561612576207045,0
1267183,4,0,0.00043487767832959715,0.0041561612576207045,0
1267444,4,0,0.000722240782222202,0.0041561612576207045,0
1285074,4,0,0.00010367723074500561,0.0041561612576207045,0
1286653,4,0,3.791269113247928e-05,0.0041561612576207045,0
1288687,4,0,0.0006442888787441686,0.0041561612576207045,0
1289307,4,0,0.0014693065230731973,0.0041561612576207045,0
1291335,4,0,0.025044492780251018,0.0041561612576207045,1
1292700,4,0,0.0009155972043978017,0.0041561612576207045,0
1293092,4,0,0.0009476538645752735,0.0041561612576207045,0
1293902,4,0,0.0003810926740063031,0.0041561612576207045,0
1294862,4,0,0.00036581054373171964,0.0041561612576207045,0
1296011,4,0,0.003130298979792526,0.0041561612576207045,0
1297632,4,0,0.0007000948699029739,0.0041561612576207045,0
1298184,4,0,0.0036539611208954545,0.0041561612576207045,0
1299483,4,0,0.0018006568898982105,0.0041561612576207045,0
1300699,4,0,0.0023614371123677944,0.0041561612576207045,0
1301379,4,0,0.005498237990795292,0.0041561612576207045,1
1304554,4,0,0.0014563719823776904,0.0041561612576207045,0
1305960,4,0,0.0002320668567663725,0.0041561612576207045,0
1306381,4,0,0.000471848644076856,0.0041561612576207045,0
1306673,4,0,0.000163449823023174,0.0041561612576207045,0
1307216,4,0,0.0005268585302704037,0.0041561612576207045,0
1307809,4,0,0.0007188126404163379,0.0041561612576207045,0
1307930,4,0,0.03018422181432254,0.0041561612576207045,1
1308631,4,0,0.0005773883845028556,0.0041561612576207045,0
1309961,4,0,0.008380219629489195,0.0041561612576207045,1
1310128,4,0,0.0009380642122831081,0.0041561612576207045,0
1311013,4,0,0.008243506411424259,0.0041561612576207045,1
1311354,4,0,0.012831422702988884,0.0041561612576207045,1
1312458,4,0,2.778631173663177e-05,0.0041561612576207045,0
1313317,4,0,0.00030760185989434606,0.0041561612576207045,0
1313539,4,0,0.0014935589775662938,0.0041561612576207045,0
1313557,4,0,0.00010960430663667406,0.0041561612576207045,0
1313782,4,0,0.0036237969803727256,0.0041561612576207045,0
1314911,4,0,0.0016863409967135048,0.0041561612576207045,0
1315118,4,0,0.016006024088036846,0.0041561612576207045,1
1315470,4,0,0.00033151372328750044,0.0041561612576207045,0
1316457,4,0,0.022416488150593137,0.0041561612576207045,1
1316683,4,0,0.001776684386655296,0.0041561612576207045,0
1317173,4,0,0.0010738355250481772,0.0041561612576207045,0
1318207,4,0,0.00026674314827032956,0.0041561612576207045,0
1318439,4,0,0.00014847023881288211,0.0041561612576207045,0
1319426,4,0,0.0005801575899624995,0.0041561612576207045,0
1322134,4,0,0.00046670554012378786,0.0041561612576207045,0
1325794,4,0,9.956466426757486e-05,0.0041561612576207045,0
1327590,4,0,0.0004982712833236734,0.0041561612576207045,0
1331214,4,0,0.044394799861997215,0.0041561612576207045,1
1333953,4,0,7.509648922377304e-05,0.0041561612576207045,0
1343462,4,0,6.572101642055898e-05,0.0041561612576207045,0
1347824,4,0,0.0006252411734028197,0.0041561612576207045,0
1355631,4,0,0.0010730227683587736,0.0041561612576207045,0
1355806,4,0,0.008027146778468707,0.0041561612576207045,1
1355914,4,0,0.0012050388382263291,0.0041561612576207045,0
1359190,4,0,5.8276803952987444e-05,0.0041561612576207045,0
1360786,4,0,0.00020828819275484176,0.0041561612576207045,0
1367184,4,0,0.0023835152477847776,0.0041561612576207045,0
1370292,4,0,0.009908168833647658,0.0041561612576207045,1
1370828,4,0,0.001332634799395724,0.0041561612576207045,0
1379047,4,0,0.00010522373072526992,0.0041561612576207045,0
1379093,4,0,8.25339133766023e-05,0.0041561612576207045,0
1379312,4,0,0.0001222155359127996,0.0041561612576207045,0
1380165,4,0,0.00934522409223924,0.0041561612576207045,1
1381789,4,0,0.05982875965336985,0.0041561612576207045,1
1384156,4,0,0.0005292017497058549,0.0041561612576207045,0
1397951,4,0,2.0378481023186595e-05,0.0041561612576207045,0
1503091,4,0,0.002420567804617481,0.0041561612576207045,0
1508831,4,0,0.0005810858623066724,0.0041561612576207045,0
1518343,4,0,0.001078747675027471,0.0041561612576207045,0
1518884,4,0,0.08261886066571227,0.0041561612576207045,1
1518984,4,0,0.00035118652716798507,0.0041561612576207045,0
1519307,4,0,0.0009685821309537753,0.0041561612576207045,0
1522463,4,0,0.00036538678731586955,0.0041561612576207045,0
1528128,4,0,0.00034303361595903147,0.0041561612576207045,0
1547858,4,0,0.0013628717824827228,0.0041561612576207045,0
1560367,4,0,6.296276820787716e-05,0.0041561612576207045,0
1562703,4,0,0.0008088957162450666,0.0041561612576207045,0
1562746,4,0,0.00035199890727722396,0.0041561612576207045,0
1569645,4,0,0.03630370812397595,0.0041561612576207045,1
1576577,4,0,0.00016175142576634665,0.0041561612576207045,0
1583751,4,0,0.0027443832931633018,0.0041561612576207045,0
1594276,4,0,0.0012138424776255562,0.0041561612576207045,0
1603379,4,0,0.0006615832443802407,0.0041561612576207045,0
1622624,4,0,0.00016122409070704744,0.0041561612576207045,0
1623755,4,0,0.00014845198389780857,0.0041561612576207045,0
1626931,4,0,0.0014454322149106648,0.0041561612576207045,0
1644659,4,0,7.222589165286971e-05,0.0041561612576207045,0
1733533,4,0,2.193896361586654e-05,0.0041561612576207045,0
1736507,4,0,0.00017937983774203218,0.0041561612576207045,0
1815493,4,0,0.0005594109774534774,0.0041561612576207045,0
1815814,4,0,2.9762099174082985e-05,0.0041561612576207045,0
1817779,4,0,0.0003910066995929536,0.0041561612576207045,0
1825732,4,0,0.00013422792596073804,0.0041561612576207045,0
1831382,4,0,0.0029047481697510365,0.0041561612576207045,0
1839776,4,0,0.0009710811081115484,0.0041561612576207045,0
1850575,4,0,0.00010079098335719526,0.0041561612576207045,0
1859047,4,0,0.001054605365880159,0.0041561612576207045,0
1869428,4,0,0.00020686816546839623,0.0041561612576207045,0
1889597,4,0,0.0002518257296807199,0.0041561612576207045,0
1896583,4,0,0.0005456364344602116,0.0041561612576207045,0
1900114,4,0,2.9419644686784037e-05,0.0041561612576207045,0
1910104,4,0,0.00021519691055206104,0.0041561612576207045,0
1927286,4,0,0.0004913416545738068,0.0041561612576207045,0
1942568,4,0,0.00030811218945683497,0.0041561612576207045,0
1955462,4,0,0.0004705930146042115,0.0041561612576207045,0
1958182,4,0,0.00012599467987992903,0.0041561612576207045,0
1984010,4,0,0.009023849363558186,0.0041561612576207045,1
1987882,4,0,7.245973258504556e-05,0.0041561612576207045,0
1991436,4,0,0.0025458778135676653,0.0041561612576207045,0
2024843,4,0,0.0004955934362916627,0.0041561612576207045,0
2028808,4,0,0.0015573979457434535,0.0041561612576207045,0
2029949,4,0,0.000957116245645688,0.0041561612576207045,0
2047114,4,0,0.0004244131355210673,0.0041561612576207045,0
2049312,4,0,0.0008909811269791518,0.0041561612576207045,0
2049979,4,0,0.00023036757446886098,0.0041561612576207045,0
2051006,4,0,0.005845565572445032,0.0041561612576207045,1
2051211,4,0,0.010026985518951986,0.0041561612576207045,1
2052841,4,0,0.0002514503003785363,0.0041561612576207045,0
2054543,4,0,7.519483579656238e-05,0.0041561612576207045,0
2055782,4,0,0.01841353911573123,0.0041561612576207045,1
2057726,4,0,0.0028209112325648317,0.0041561612576207045,0
2057897,4,0,0.00046702418166228013,0.0041561612576207045,0
2058390,4,0,0.0001385373898620042,0.0041561612576207045,0
2058422,4,0,0.0013641086420828586,0.0041561612576207045,0
2059107,4,0,0.00023079666805568997,0.0041561612576207045,0
2062266,4,0,0.000851244380293186,0.0041561612576207045,0
2062280,4,0,0.0004565396629870656,0.0041561612576207045,0
2063687,4,0,0.004437109887284485,0.0041561612576207045,1
2078698,4,0,0.0006550574678580964,0.0041561612576207045,0
2080513,4,0,0.00010415249651359688,0.0041561612576207045,0
2082094,4,0,0.0006140082329064668,0.0041561612576207045,0
2082388,4,0,0.001688649065767241,0.0041561612576207045,0
2082848,4,0,0.0038168068395672385,0.0041561612576207045,0
2083475,4,0,0.0003793994239554972,0.0041561612576207045,0
2083748,4,0,0.005804241792208027,0.0041561612576207045,1
2084275,4,0,9.123257520565142e-05,0.0041561612576207045,0
2084400,4,0,0.005120860343097207,0.0041561612576207045,1
2085560,4,0,0.0021956030576407545,0.0041561612576207045,0
2085773,4,0,0.01134214031551661,0.0041561612576207045,1
2086763,4,0,0.006703506592988869,0.0041561612576207045,1
2087463,4,0,0.0011367263326287247,0.0041561612576207045,0
2088404,4,0,3.816752997745729e-05,0.0041561612576207045,0
2088471,4,0,0.009124392267535657,0.0041561612576207045,1
2088481,4,0,0.00015386118282315663,0.0041561612576207045,0
2088492,4,0,0.002805800755953635,0.0041561612576207045,0
2088982,4,0,0.00241226187437808,0.0041561612576207045,0
2089454,4,0,0.004885969085975593,0.0041561612576207045,1
2090020,4,0,0.00012243618074719043,0.0041561612576207045,0
2092993,4,0,0.00018769729959004848,0.0041561612576207045,0
2093597,4,0,0.0024240911977863036,0.0041561612576207045,0
2093698,4,0,0.0011751310276249822,0.0041561612576207045,0
2093873,4,0,0.0006896522176795043,0.0041561612576207045,0
2094121,4,0,0.0010219106452284657,0.0041561612576207045,0
2095823,4,0,0.010077404740052242,0.0041561612576207045,1
2096770,4,0,0.0003555805038035681,0.0041561612576207045,0
2097136,4,0,0.0003378593445823225,0.0041561612576207045,0
2097453,4,0,0.002335747957400464,0.0041561612576207045,0
2098213,4,0,0.00016557972555544158,0.0041561612576207045,0
2099071,4,0,0.00330924781697568,0.0041561612576207045,0
2100927,4,0,0.0002381225360538893,0.0041561612576207045,0
2101014,4,0,0.0021186854635746187,0.0041561612576207045,0
2102328,4,0,0.0007017769945084475,0.0041561612576207045,0
2102567,4,0,0.002313507953999548,0.0041561612576207045,0
2102658,4,0,0.0001220832651316723,0.0041561612576207045,0
2102837,4,0,0.0001965231734521126,0.0041561612576207045,0
2103114,4,0,0.0014446679462998453,0.0041561612576207045,0
2103175,4,0,0.001857069075816748,0.0041561612576207045,0
2103434,4,0,2.684049461075821e-05,0.0041561612576207045,0
2104218,4,0,0.008741573810100503,0.0041561612576207045,1
2104363,4,0,0.0017269196602153558,0.0041561612576207045,0
2104794,4,0,0.00014035287594325258,0.0041561612576207045,0
2105608,4,0,8.279831943503695e-05,0.0041561612576207045,0
2106600,4,0,0.00016413404215244717,0.0041561612576207045,0
2112279,4,0,0.024915408168581427,0.0041561612576207045,1
2114543,4,0,2.102282279718896e-05,0.0041561612576207045,0
2115012,4,0,0.014053862554017348,0.0041561612576207045,1
2116735,4,0,0.0018760881461720887,0.0041561612576207045,0
2116742,4,0,0.004027901722761147,0.0041561612576207045,0
2117969,4,0,0.018505650454300762,0.0041561612576207045,1
2120139,4,0,0.00010878489153481716,0.0041561612576207045,0
2121217,4,0,0.022583159273133997,0.0041561612576207045,1
2121562,4,0,0.001197107892883636,0.0041561612576207045,0
2123287,4,0,0.0023861548702538396,0.0041561612576207045,0
2123310,4,0,7.044164816905517e-05,0.0041561612576207045,0
2123585,4,0,9.070491554556348e-06,0.0041561612576207045,0
2124211,4,0,0.0011744506918249728,0.0041561612576207045,0
2124214,4,0,0.0005149437983039886,0.0041561612576207045,0
2124686,4,0,0.0008773879733944836,0.0041561612576207045,0
2125096,4,0,0.00216361290383764,0.0041561612576207045,0
2125861,4,0,0.0011587173632867903,0.0041561612576207045,0
2126247,4,0,0.006416095969973765,0.0041561612576207045,1
2127366,4,0,0.0019136278608231961,0.0041561612576207045,0
2127840,4,0,0.0003037723453282994,0.0041561612576207045,0
2128154,4,0,0.0003926124508153648,0.0041561612576207045,0
2128214,4,0,0.0008476066736776535,0.0041561612576207045,0
2128947,4,0,0.011014044465870586,0.0041561612576207045,1
2137833,4,0,0.0004225182442647371,0.0041561612576207045,0
2138175,4,0,0.004591963973029785,0.0041561612576207045,1
2139613,4,0,7.29188741925201e-05,0.0041561612576207045,0
2139962,4,0,0.0002662016563116401,0.0041561612576207045,0
2141449,4,0,2.060882736904821e-05,0.0041561612576207045,0
2146364,4,0,0.00016725117153739476,0.0041561612576207045,0
2147234,4,0,0.0006734496533220716,0.0041561612576207045,0
2148446,4,0,0.00046013939800280956,0.0041561612576207045,0
2148474,4,0,0.0003628259314252721,0.0041561612576207045,0
2150002,4,0,0.00017209120295512363,0.0041561612576207045,0
2152945,4,0,0.00012138739113992733,0.0041561612576207045,0
2153028,4,0,0.00013159963829529692,0.0041561612576207045,0
2153108,4,0,0.00024206650997155311,0.0041561612576207045,0
2155040,4,0,2.210493668321074e-05,0.0041561612576207045,0
2155049,4,0,4.457527053597493e-05,0.0041561612576207045,0
2155154,4,0,0.0029995075547968797,0.0041561612576207045,0
2155707,4,0,0.00011912620289626862,0.0041561612576207045,0
2155761,4,0,0.00024862890441937677,0.0041561612576207045,0
2155806,4,0,0.0004951019557043623,0.0041561612576207045,0
2157644,4,0,0.0004017860997507822,0.0041561612576207045,0
2159423,4,0,0.00014394338911949113,0.0041561612576207045,0
2160217,4,0,0.00024024517980755973,0.0041561612576207045,0
2160380,4,0,0.0021207875606216475,0.0041561612576207045,0
2160486,4,0,0.0011378078268600227,0.0041561612576207045,0
2161358,4,0,0.03817041363484776,0.0041561612576207045,1
2161565,4,0,0.0038314734981419354,0.0041561612576207045,0
2161667,4,0,0.02967020478342593,0.0041561612576207045,1
2161776,4,0,0.00044574078593784353,0.0041561612576207045,0
2161805,4,0,0.01588283909086828,0.0041561612576207045,1
2163142,4,0,0.00022865992971474685,0.0041561612576207045,0
2163945,4,0,0.0009689487942604099,0.0041561612576207045,0
2165506,4,0,0.00016706839424622793,0.0041561612576207045,0
2167095,4,0,8.713005674957053e-05,0.0041561612576207045,0
2168362,4,0,0.0002477651432300623,0.0041561612576207045,0
2171634,4,0,0.00046567196766860775,0.0041561612576207045,0
2171776,4,0,3.143937285179787e-05,0.0041561612576207045,0
2173039,4,0,4.9129833066481185e-05,0.0041561612576207045,0
2173474,4,0,0.0017839460795260253,0.0041561612576207045,0
2173787,4,0,0.004027957260681213,0.0041561612576207045,0
2174082,4,0,0.00022890813955650632,0.0041561612576207045,0
2184820,4,0,0.0036526032427405567,0.0041561612576207045,0
2187172,4,0,0.0001255204130685717,0.0041561612576207045,0
2187408,4,0,4.260377452338608e-05,0.0041561612576207045,0
2188733,4,0,0.000750389361899554,0.0041561612576207045,0
2192185,4,0,0.00014974032612876637,0.0041561612576207045,0
2193118,4,0,0.0005644875914566764,0.0041561612576207045,0
2193152,4,0,0.017382716496623287,0.0041561612576207045,1
2193273,4,0,0.0001874432291974169,0.0041561612576207045,0
2193374,4,0,0.0005608894156848588,0.0041561612576207045,0
2195465,4,0,0.00018284075593186913,0.0041561612576207045,0
2197105,4,0,0.011153632568824122,0.0041561612576207045,1
2198258,4,0,5.899199519897178e-05,0.0041561612576207045,0
2200528,4,0,0.0003678748034624442,0.0041561612576207045,0
2201055,4,0,0.00034132441329028497,0.0041561612576207045,0
2201485,4,0,0.00035152026300729614,0.0041561612576207045,0
2201536,4,0,0.0007895063315557315,0.0041561612576207045,0
2202367,4,0,9.73273412296769e-05,0.0041561612576207045,0
2202438,4,0,0.0003407043486604855,0.0041561612576207045,0
2202737,4,0,0.00024324027925742028,0.0041561612576207045,0
2203342,4,0,0.0001896412117557983,0.0041561612576207045,0
2203370,4,0,0.00010768479771291486,0.0041561612576207045,0
2206868,4,0,0.02004364726347057,0.0041561612576207045,1
2207086,4,0,0.0003347436534480399,0.0041561612576207045,0
2207997,4,0,0.0009577372682258769,0.0041561612576207045,0
2208079,4,0,0.004169006840864285,0.0041561612576207045,1
2209150,4,0,0.002953014671452665,0.0041561612576207045,0
2213825,4,0,0.003454077039789781,0.0041561612576207045,0
2215139,4,0,0.0006239013121144173,0.0041561612576207045,0
2215722,4,0,0.004972589312083202,0.0041561612576207045,1
2216025,4,0,0.000479403907005826,0.0041561612576207045,0
2216263,4,0,0.00165570819038685,0.0041561612576207045,0
2216723,4,0,0.00032553807171377045,0.0041561612576207045,0
2216933,4,0,0.00010379722600357262,0.0041561612576207045,0
2217915,4,0,9.341992636749601e-05,0.0041561612576207045,0
2218678,4,0,0.00010207491425319846,0.0041561612576207045,0
2219051,4,0,0.0014803830561922607,0.0041561612576207045,0
2219625,4,0,0.00028387991405703916,0.0041561612576207045,0
2219850,4,0,3.2155511484223485e-05,0.0041561612576207045,0
2220141,4,0,0.0014414042084139977,0.0041561612576207045,0
2220255,4,0,0.0019518338103991333,0.0041561612576207045,0
2221829,4,0,0.004100681475001379,0.0041561612576207045,0
2221887,4,0,0.00037979133046546986,0.0041561612576207045,0
2222284,4,0,0.0005361592516200835,0.0041561612576207045,0
2222386,4,0,0.011922828754551655,0.0041561612576207045,1
2222528,4,0,0.0005121885985976057,0.0041561612576207045,0
2222600,4,0,0.0008312803922552653,0.0041561612576207045,0
2223617,4,0,0.00022057567402645117,0.0041561612576207045,0
2224441,4,0,0.0014975708087953418,0.0041561612576207045,0
2224761,4,0,0.000428980517249574,0.0041561612576207045,0
2224815,4,0,5.7643302763651264e-05,0.0041561612576207045,0
2225369,4,0,0.003768219685627587,0.0041561612576207045,0
2225699,4,0,0.0001500345046077734,0.0041561612576207045,0
2226989,4,0,0.0006342115390360681,0.0041561612576207045,0
2227640,4,0,0.00022329192066393715,0.0041561612576207045,0
2227811,4,0,0.0001445376949922305,0.0041561612576207045,0
2228153,4,0,0.00458952890221796,0.0041561612576207045,1
2228185,4,0,0.0002220463276071769,0.0041561612576207045,0
2228514,4,0,0.00021130648733083449,0.0041561612576207045,0
2228581,4,0,0.021836520319992496,0.0041561612576207045,1
2228715,4,0,8.557986330250959e-05,0.0041561612576207045,0
2228802,4,0,0.0008736171681107921,0.0041561612576207045,0
2229966,4,0,0.00019115948782945382,0.0041561612576207045,0
2230978,4,0,0.0001829513222096111,0.0041561612576207045,0
2231318,4,0,0.00041692006641942827,0.0041561612576207045,0
2231830,4,0,0.0002492658175449783,0.0041561612576207045,0
2232362,4,0,0.001510877937299438,0.0041561612576207045,0
2234387,4,0,0.016817828250288262,0.0041561612576207045,1
2234685,4,0,0.0017086306305359245,0.0041561612576207045,0
2235769,4,0,0.00012774180553871232,0.0041561612576207045,0
2237015,4,0,0.0005517976923386913,0.0041561612576207045,0
2237155,4,0,0.0002225703862362217,0.0041561612576207045,0
2237500,4,0,4.042026520315309e-05,0.0041561612576207045,0
2238230,4,0,0.00021036082692370742,0.0041561612576207045,0
2238736,4,0,0.0006604688445222073,0.0041561612576207045,0
2242822,4,0,0.001216704039615958,0.0041561612576207045,0
2242999,4,0,2.2398702414766425e-05,0.0041561612576207045,0
2243534,4,0,0.0005666799726372963,0.0041561612576207045,0
2244178,4,0,0.00021238397503635487,0.0041561612576207045,0
2245802,4,0,0.002988241220562799,0.0041561612576207045,0
2251058,4,0,0.0005498915800613929,0.0041561612576207045,0
2256070,4,0,0.00492877027259019,0.0041561612576207045,1
2262811,4,0,0.0017542343455999566,0.0041561612576207045,0
2265316,4,0,0.0013750350438398692,0.0041561612576207045,0
2269434,4,0,6.125587905804265e-05,0.0041561612576207045,0
2271086,4,0,4.2797425335431105e-05,0.0041561612576207045,0
2272440,4,0,0.0004990022450099646,0.0041561612576207045,0
2279282,4,0,0.00012472933441326554,0.0041561612576207045,0
2280418,4,0,0.00010957023193148042,0.0041561612576207045,0
2282473,4,0,0.0029040277223278564,0.0041561612576207045,0
2287730,4,0,2.876619552961553e-05,0.0041561612576207045,0
2287872,4,0,0.0012007534419280611,0.0041561612576207045,0
2297776,4,0,0.0003645506395245587,0.0041561612576207045,0
2300454,4,0,6.299406323463182e-05,0.0041561612576207045,0
2302000,4,0,0.00019630332258247017,0.0041561612576207045,0
2302373,4,0,0.00011635120720125694,0.0041561612576207045,0
2304338,4,0,7.115484060888734e-05,0.0041561612576207045,0
2304667,4,0,5.843615948427418e-05,0.0041561612576207045,0
2307744,4,0,0.001766078983148847,0.0041561612576207045,0
2309802,4,0,0.00035494799338296653,0.0041561612576207045,0
2310667,4,0,0.00023833250914714912,0.0041561612576207045,0
2314524,4,0,0.000183316843147709,0.0041561612576207045,0
2315252,4,0,0.0005531487343990326,0.0041561612576207045,0
2315991,4,0,0.0002090290058599406,0.0041561612576207045,0
2316531,4,0,0.0007046884637466476,0.0041561612576207045,0
2318451,4,0,0.007118708470300359,0.0041561612576207045,1
2322057,4,0,0.0005504742234123283,0.0041561612576207045,0
2324308,4,0,0.006325237079307802,0.0041561612576207045,1
2324877,4,0,0.0005493146797714282,0.0041561612576207045,0
2324995,4,0,0.0003778570564512474,0.0041561612576207045,0
2325026,4,0,0.0003590413424295394,0.0041561612576207045,0
2328849,4,0,0.00020792814193961728,0.0041561612576207045,0
2329280,4,0,0.00023896899050801642,0.0041561612576207045,0
2329950,4,0,0.0016812913652350238,0.0041561612576207045,0
2330102,4,0,0.0001224800341273844,0.0041561612576207045,0
2330315,4,0,9.910291088061285e-05,0.0041561612576207045,0
2332671,4,0,0.00034283634930529845,0.0041561612576207045,0
2335673,4,0,0.0007240961719379665,0.0041561612576207045,0
2341868,4,0,0.00019651140876743628,0.0041561612576207045,0
2343526,4,0,0.00010752121295380561,0.0041561612576207045,0
2343552,4,0,0.00042671072405325703,0.0041561612576207045,0
2346191,4,0,0.00017217882556041952,0.0041561612576207045,0
2347383,4,0,0.00022076830694709565,0.0041561612576207045,0
2353476,4,0,0.006234526084235006,0.0041561612576207045,1
2353609,4,0,0.0021835588356303444,0.0041561612576207045,0
2354135,4,0,0.004176712482634134,0.0041561612576207045,1
2354633,4,0,0.0016132929590749385,0.0041561612576207045,0
2355186,4,0,0.0010707462640489969,0.0041561612576207045,0
2355354,4,0,0.0007229429941846561,0.0041561612576207045,0
2355446,4,0,0.0009206166061767872,0.0041561612576207045,0
2357907,4,0,0.0021622049732176224,0.0041561612576207045,0
2361005,4,0,0.009983167895708755,0.0041561612576207045,1
2361864,4,0,0.002022913598186118,0.0041561612576207045,0
2362535,4,0,0.000443856836620155,0.0041561612576207045,0
2362738,4,0,0.00015947890870840204,0.0041561612576207045,0
2363825,4,0,0.0009438874318793833,0.0041561612576207045,0
2365243,4,0,0.08699747713565167,0.0041561612576207045,1
2365321,4,0,0.0008521924193615861,0.0041561612576207045,0
2368254,4,0,0.0037475959416214456,0.0041561612576207045,0
2368420,4,0,0.001879126747980069,0.0041561612576207045,0
2369828,4,0,0.006160159399649825,0.0041561612576207045,1
2370057,4,0,9.478177489208978e-05,0.0041561612576207045,0
2372730,4,0,0.00031122468204654286,0.0041561612576207045,0
2374045,4,0,0.0011482925267109168,0.0041561612576207045,0
2374508,4,0,0.00042937791863451865,0.0041561612576207045,0
2374635,4,0,9.074618719731178e-05,0.0041561612576207045,0
2374960,4,0,0.0010478424500416173,0.0041561612576207045,0
2376185,4,0,0.0005331020407778222,0.0041561612576207045,0
2376685,4,0,0.003310680197710346,0.0041561612576207045,0
2377032,4,0,0.0012268568695829813,0.0041561612576207045,0
2378098,4,0,0.000810629009272875,0.0041561612576207045,0
2382010,4,0,0.00021680097574372295,0.0041561612576207045,0
2383751,4,0,0.001286129844177304,0.0041561612576207045,0
2388429,4,0,0.00033147188846261447,0.0041561612576207045,0
2388600,4,0,0.00038380257817256455,0.0041561612576207045,0
2390784,4,0,0.003123488641201831,0.0041561612576207045,0
2393913,4,0,0.0002411275933312096,0.0041561612576207045,0
2395269,4,0,0.0006939090403043178,0.0041561612576207045,0
2395685,4,0,0.0005695745556810475,0.0041561612576207045,0
2401504,4,0,0.00022704476654989496,0.0041561612576207045,0
2404328,4,0,0.0023605894052714112,0.0041561612576207045,0
2407516,4,0,0.0004923575839689101,0.0041561612576207045,0
2416006,4,0,0.0018605988164028765,0.0041561612576207045,0
2417050,4,0,0.04688434123332654,0.0041561612576207045,1
2420006,4,0,0.0002453393212457429,0.0041561612576207045,0
2421595,4,0,0.0012748714440889884,0.0041561612576207045,0
2426621,4,0,8.115448229326627e-05,0.0041561612576207045,0
2429887,4,0,0.0017384582672885641,0.0041561612576207045,0
2432411,4,0,0.0015163922258699752,0.0041561612576207045,0
2434011,4,0,0.00026522831871284843,0.0041561612576207045,0
2434526,4,0,0.007779200295430147,0.0041561612576207045,1
2434650,4,0,0.0195049009572132,0.0041561612576207045,1
2487241,4,0,0.0002872386101754739,0.0041561612576207045,0
2488274,4,0,0.000459906127464683,0.0041561612576207045,0
2489851,4,0,0.00031765067635763325,0.0041561612576207045,0
2494879,4,0,0.0004315129666187643,0.0041561612576207045,0
2496240,4,0,0.003990639894873599,0.0041561612576207045,0
2501747,4,0,0.0029367117948998988,0.0041561612576207045,0
2523454,4,0,4.3222115980072125e-05,0.0041561612576207045,0
2524738,4,0,0.0008281154487606724,0.0041561612576207045,0
2525769,4,0,0.0003684891488401377,0.0041561612576207045,0
2529929,4,0,0.003092710381878395,0.0041561612576207045,0
2530535,4,0,0.00247233023666067,0.0041561612576207045,0
2532000,4,0,0.005406226653089654,0.0041561612576207045,1
2532818,4,0,0.0005593709420908489,0.0041561612576207045,0
2537363,4,0,0.001257251711149213,0.0041561612576207045,0
2537876,4,0,0.00011933816641626555,0.0041561612576207045,0
2539711,4,0,0.010074833445450264,0.0041561612576207045,1
2539948,4,0,0.0004620357599671598,0.0041561612576207045,0
2544502,4,0,0.0013530263707761457,0.0041561612576207045,0
2546429,4,0,0.00021569469432755647,0.0041561612576207045,0
2549945,4,0,0.0005185437433870817,0.0041561612576207045,0
2553127,4,0,0.00010422675043766909,0.0041561612576207045,0
2555145,4,0,0.00024285649418814907,0.0041561612576207045,0
2560737,4,0,0.00011631145429078514,0.0041561612576207045,0
2562136,4,0,0.00021784897459306153,0.0041561612576207045,0
2566868,4,0,0.00016769941838704684,0.0041561612576207045,0
2567904,4,0,0.010825199421742588,0.0041561612576207045,1
2568195,4,0,0.0004091908381837594,0.0041561612576207045,0
2570052,4,0,0.0006260685173239929,0.0041561612576207045,0
2570985,4,0,0.0009654548737691489,0.0041561612576207045,0
2572847,4,0,0.00028402696625314146,0.0041561612576207045,0
2572850,4,0,0.0018753354467104856,0.0041561612576207045,0
2572923,4,0,5.597110487471652e-05,0.0041561612576207045,0
2575703,4,0,0.00012285988150429868,0.0041561612576207045,0
2576650,4,0,0.0005356141783593293,0.0041561612576207045,0
2579812,4,0,0.0002688170475965383,0.0041561612576207045,0
2587014,4,0,0.0005080343954376913,0.0041561612576207045,0
2587324,4,0,0.0008433320477136763,0.0041561612576207045,0
2594362,4,0,0.002280963778097055,0.0041561612576207045,0
2594878,4,0,0.002769285211878283,0.0041561612576207045,0
2600150,4,0,0.001394089788908376,0.0041561612576207045,0
2601751,4,0,0.05030562942657494,0.0041561612576207045,1
2605165,4,0,0.00029089511649400357,0.0041561612576207045,0
2608751,4,0,0.00024939092353524106,0.0041561612576207045,0
2608898,4,0,0.004988944781547484,0.0041561612576207045,1
2610084,4,0,0.00013802819512263815,0.0041561612576207045,0
2610946,4,0,0.0032925389893065367,0.0041561612576207045,0
2614027,4,0,6.845994916851556e-05,0.0041561612576207045,0
2622461,4,0,0.0001301298446269573,0.0041561612576207045,0
2622633,4,0,0.004220352437624989,0.0041561612576207045,1
2649806,4,0,0.0013068345235133542,0.0041561612576207045,0
2677903,4,0,0.05016082733002226,0.0041561612576207045,1
2695467,4,0,0.0033705963639625693,0.0041561612576207045,0
2712691,4,0,0.0004921206888202683,0.0041561612576207045,0
2729567,4,0,0.00026993120572071314,0.0041561612576207045,0
2737879,4,0,0.00037876502262556357,0.0041561612576207045,0
2738648,4,0,0.00015117044132323442,0.0041561612576207045,0
2754497,4,0,0.002424000899043549,0.0041561612576207045,0
2770853,4,0,0.0005088637637355888,0.0041561612576207045,0
2787068,4,0,0.0003116168338334064,0.0041561612576207045,0
2787276,4,0,0.0008556109904188255,0.0041561612576207045,0
2789524,4,0,0.0012692267753907037,0.0041561612576207045,0
2791996,4,0,0.0001829380511698327,0.0041561612576207045,0
2792080,4,0,0.008320840654592427,0.0041561612576207045,1
2815569,4,0,0.000730663265640604,0.0041561612576207045,0
2815883,4,0,0.0025941509203329465,0.0041561612576207045,0
2817610,4,0,0.0004934488728023851,0.0041561612576207045,0
2833465,4,0,0.001147317036356745,0.0041561612576207045,0
2833588,4,0,6.595578933743815e-05,0.0041561612576207045,0
2833899,4,0,0.0006170210206406303,0.0041561612576207045,0
2834692,4,0,0.0012484363700244411,0.0041561612576207045,0
2836847,4,0,0.00170290602569263,0.0041561612576207045,0
2837747,4,0,0.0036368118683044615,0.0041561612576207045,0
2838041,4,0,2.5192291129830677e-05,0.0041561612576207045,0
2838347,4,0,0.00012556143680800396,0.0041561612576207045,0
2838665,4,0,8.350062225625059e-05,0.0041561612576207045,0
2838945,4,0,0.00021144352849045167,0.0041561612576207045,0
2841450,4,0,3.078279346025049e-05,0.0041561612576207045,0
2841540,4,0,0.00098166059377805,0.0041561612576207045,0
2842236,4,0,0.0001826960299423647,0.0041561612576207045,0
2843557,4,0,9.089619720142109e-05,0.0041561612576207045,0
2843634,4,0,0.00022105476107001318,0.0041561612576207045,0
2843981,4,0,0.0004138210578554718,0.0041561612576207045,0
2845380,4,0,0.0001280523391946168,0.0041561612576207045,0
2846177,4,0,1.28843252513796e-05,0.0041561612576207045,0
2846771,4,0,9.891512470502087e-05,0.0041561612576207045,0
2846811,4,0,0.00017556290531270063,0.0041561612576207045,0
2849921,4,0,0.00028646338468088934,0.0041561612576207045,0
2850672,4,0,0.0004106679581070514,0.0041561612576207045,0
2850847,4,0,0.018065674260081658,0.0041561612576207045,1
2853180,4,0,0.0004427183023708261,0.0041561612576207045,0
2853308,4,0,4.901270284516423e-05,0.0041561612576207045,0
2853673,4,0,0.00032040822260909804,0.0041561612576207045,0
2857390,4,0,7.60423124759437e-05,0.0041561612576207045,0
2858178,4,0,0.00042004060113160705,0.0041561612576207045,0
2858584,4,0,4.622293530099592e-05,0.0041561612576207045,0
2859403,4,0,0.00048258755314509015,0.0041561612576207045,0
2862827,4,0,0.0004398974361241466,0.0041561612576207045,0
2863460,4,0,0.0002570402379365398,0.0041561612576207045,0
2865441,4,0,0.00033547873498234316,0.0041561612576207045,0
2867174,4,0,0.0001841047150648569,0.0041561612576207045,0
2868561,4,0,0.0033185195528678945,0.0041561612576207045,0
2869084,4,0,0.00011209877547828612,0.0041561612576207045,0
2870733,4,0,0.0009358543915616991,0.0041561612576207045,0
2872881,4,0,0.001003146142762111,0.0041561612576207045,0
2874832,4,0,0.00010094353810959029,0.0041561612576207045,0
2877676,4,0,5.0697752280268345e-05,0.0041561612576207045,0
2879414,4,0,0.00010648112402017085,0.0041561612576207045,0
2881528,4,0,9.289883924927812e-05,0.0041561612576207045,0
2882430,4,0,1.2407251462013913e-05,0.0041561612576207045,0
2888082,4,0,0.00010611222523986848,0.0041561612576207045,0
2894368,4,0,0.00038843833569661304,0.0041561612576207045,0
2896655,4,0,0.0007277851014477035,0.0041561612576207045,0
2897350,4,0,4.093852279441975e-05,0.0041561612576207045,0
2897810,4,0,0.00010831265272449508,0.0041561612576207045,0
2897943,4,0,0.001091846747916149,0.0041561612576207045,0
2897994,4,0,0.0013781534922462629,0.0041561612576207045,0
2898093,4,0,0.0013894079959273736,0.0041561612576207045,0
2900629,4,0,0.0005651249354286961,0.0041561612576207045,0
2902543,4,0,0.0005279332457959083,0.0041561612576207045,0
2902662,4,0,0.00026925670777478935,0.0041561612576207045,0
2902982,4,0,5.441133894670799e-05,0.0041561612576207045,0
2905047,4,0,0.00027310435596714707,0.0041561612576207045,0
2905134,4,0,6.517192200301643e-05,0.0041561612576207045,0
2907590,4,0,0.0007016954314944952,0.0041561612576207045,0
2909142,4,0,0.0013258991689154872,0.0041561612576207045,0
2909267,4,0,0.0039329786504677805,0.0041561612576207045,0
2913510,4,0,0.002271471209519252,0.0041561612576207045,0
2916991,4,0,0.009772408071888596,0.0041561612576207045,1
2918172,4,0,0.0006227536121667067,0.0041561612576207045,0
2920226,4,0,6.619431217464168e-05,0.0041561612576207045,0
2921928,4,0,7.372467176726528e-05,0.0041561612576207045,0
2925819,4,0,0.0007865503930048361,0.0041561612576207045,0
2926676,4,0,8.397423235493056e-05,0.0041561612576207045,0
2926939,4,0,0.00035154959377766836,0.0041561612576207045,0
2927070,4,0,0.004393415483182774,0.0041561612576207045,1
2927588,4,0,0.0002257965011864599,0.0041561612576207045,0
2928086,4,0,1.5277856881588908e-05,0.0041561612576207045,0
2928258,4,0,0.0001651542378274629,0.0041561612576207045,0
2928755,4,0,0.004367621462758134,0.0041561612576207045,1
2930384,4,0,0.0005088005738243869,0.0041561612576207045,0
2930751,4,0,5.746879775557865e-05,0.0041561612576207045,0
2931572,4,0,3.599075545241751e-05,0.0041561612576207045,0
2932254,4,0,0.00014172000000519416,0.0041561612576207045,0
2932338,4,0,0.0008135875967226254,0.0041561612576207045,0
2933488,4,0,1.6713269389353036e-05,0.0041561612576207045,0
2936743,4,0,0.00018612518934596825,0.0041561612576207045,0
2937604,4,0,3.646080234458769e-05,0.0041561612576207045,0
2937693,4,0,0.00013471018050619998,0.0041561612576207045,0
2940044,4,0,0.0012710288228487056,0.0041561612576207045,0
2941241,4,0,0.0007715081589678258,0.0041561612576207045,0
2941295,4,0,0.00022131316530283108,0.0041561612576207045,0
2941730,4,0,0.0001627878741617345,0.0041561612576207045,0
2942113,4,0,0.0015186872006094164,0.0041561612576207045,0
2942221,4,0,0.003463430193055106,0.0041561612576207045,0
2942607,4,0,6.786007682476723e-05,0.0041561612576207045,0
2942924,4,0,2.3002088843898754e-05,0.0041561612576207045,0
2943076,4,0,0.0012495878340009303,0.0041561612576207045,0
2943362,4,0,0.002084068499704899,0.0041561612576207045,0
2943430,4,0,0.00015626640298504834,0.0041561612576207045,0
2943434,4,0,8.570203098819373e-05,0.0041561612576207045,0
2943559,4,0,0.00012668999544047997,0.0041561612576207045,0
2944268,4,0,0.00011707112727832303,0.0041561612576207045,0
2944357,4,0,7.039657993208496e-05,0.0041561612576207045,0
2945254,4,0,0.001034407517913287,0.0041561612576207045,0
2945445,4,0,6.583370188012664e-05,0.0041561612576207045,0
2945782,4,0,6.65157021355867e-05,0.0041561612576207045,0
2946024,4,0,0.0006298699625677137,0.0041561612576207045,0
2946368,4,0,0.0021865410836658127,0.0041561612576207045,0
2947094,4,0,0.0003336449373213873,0.0041561612576207045,0
2947109,4,0,0.000712600283530409,0.0041561612576207045,0
2947960,4,0,0.0010403833628487896,0.0041561612576207045,0
2948212,4,0,0.000976457796065318,0.0041561612576207045,0
2949690,4,0,9.024454900103249e-05,0.0041561612576207045,0
2950288,4,0,0.0006536492437463316,0.0041561612576207045,0
2950528,4,0,0.0005948566211125475,0.0041561612576207045,0
2950651,4,0,0.0004977989264460263,0.0041561612576207045,0
2950653,4,0,0.0017239126530128974,0.0041561612576207045,0
2950893,4,0,0.0010229612036677573,0.0041561612576207045,0
2951616,4,0,6.11213420984452e-05,0.0041561612576207045,0
2951623,4,0,0.00027245541393198657,0.0041561612576207045,0
2951775,4,0,2.62588835689265e-05,0.0041561612576207045,0
2952601,4,0,0.0002683115100851705,0.0041561612576207045,0
2953159,4,0,0.0027811074091953995,0.0041561612576207045,0
2953184,4,0,0.0006227499341843567,0.0041561612576207045,0
2953547,4,0,0.0022081409139273703,0.0041561612576207045,0
2953553,4,0,0.0017080674286011394,0.0041561612576207045,0
2953828,4,0,0.00011415851377151043,0.0041561612576207045,0
2953834,4,0,0.002324428837357685,0.0041561612576207045,0
2953887,4,0,0.004521496146932313,0.0041561612576207045,1
2955469,4,0,0.0013189665246284236,0.0041561612576207045,0
2956109,4,0,0.00014671514377155963,0.0041561612576207045,0
2956626,4,0,0.001188614239148645,0.0041561612576207045,0
2956716,4,0,0.00011936122532213085,0.0041561612576207045,0
2956779,4,0,0.0011311583417350493,0.0041561612576207045,0
2956983,4,0,0.000189120493501946,0.0041561612576207045,0
2960972,4,0,0.00030453310111137714,0.0041561612576207045,0
2961555,4,0,0.00016307337078236053,0.0041561612576207045,0
2961599,4,0,0.0006905887731456349,0.0041561612576207045,0
2961794,4,0,0.00048510489979324223,0.0041561612576207045,0
2961797,4,0,0.00021678864087192558,0.0041561612576207045,0
2962907,4,0,0.006451942251854694,0.0041561612576207045,1
2963151,4,0,3.01726502719647e-05,0.0041561612576207045,0
2963437,4,0,0.0002652718612275597,0.0041561612576207045,0
2963440,4,0,0.00028962547795660046,0.0041561612576207045,0
2963572,4,0,0.0009370824115648165,0.0041561612576207045,0
2963971,4,0,0.0005745804126403819,0.0041561612576207045,0
2964488,4,0,0.0002258929000387199,0.0041561612576207045,0
2964527,4,0,0.00045285209173980163,0.0041561612576207045,0
2965113,4,0,0.00015836891500634574,0.0041561612576207045,0
2965125,4,0,0.0003576856122108873,0.0041561612576207045,0
2966212,4,0,0.001269570501587173,0.0041561612576207045,0
2966996,4,0,0.0011499896421256744,0.0041561612576207045,0
2967368,4,0,0.0005988614862195644,0.0041561612576207045,0
2967875,4,0,0.0001788120225231803,0.0041561612576207045,0
2968266,4,0,0.0006264565051580418,0.0041561612576207045,0
2968626,4,0,0.00036475001768007507,0.0041561612576207045,0
2968701,4,0,3.820547309236953e-05,0.0041561612576207045,0
2968841,4,0,0.00011057511093122511,0.0041561612576207045,0
2970406,4,0,0.0022820060437965433,0.0041561612576207045,0
2970413,4,0,0.0045529746945902096,0.0041561612576207045,1
2970485,4,0,0.0007736520263779882,0.0041561612576207045,0
2970609,4,0,0.0007740485986408609,0.0041561612576207045,0
2970772,4,0,0.004108511198227456,0.0041561612576207045,0
2971361,4,0,0.0003512138570922592,0.0041561612576207045,0
2971411,4,0,0.0027855240794649196,0.0041561612576207045,0
2971605,4,0,0.0013155128198594987,0.0041561612576207045,0
2972136,4,0,0.00015925056197210882,0.0041561612576207045,0
2972284,4,0,0.0012201077161179046,0.0041561612576207045,0
2973202,4,0,0.00015772159810479883,0.0041561612576207045,0
2973613,4,0,0.00029146837335167057,0.0041561612576207045,0
2973848,4,0,0.001620768487456635,0.0041561612576207045,0
2973864,4,0,0.002922009983982301,0.0041561612576207045,0
2974031,4,0,0.0002500374261221338,0.0041561612576207045,0
2974815,4,0,4.767780158519468e-05,0.0041561612576207045,0
2976301,4,0,0.00030646075390507356,0.0041561612576207045,0
2977461,4,0,0.0010337997065216961,0.0041561612576207045,0
2978869,4,0,0.003217431524459028,0.0041561612576207045,0
2979076,4,0,2.303347712515096e-05,0.0041561612576207045,0
2979657,4,0,0.0002563308050313528,0.0041561612576207045,0
2980101,4,0,0.0004613305542480072,0.0041561612576207045,0
2980232,4,0,3.689587358410145e-05,0.0041561612576207045,0
2980561,4,0,4.6476975321844304e-05,0.0041561612576207045,0
2980747,4,0,0.001908856052710768,0.0041561612576207045,0
2981050,4,0,0.00021290471035270014,0.0041561612576207045,0
2981624,4,0,0.0001385876374858226,0.0041561612576207045,0
2981897,4,0,0.00022950128935691566,0.0041561612576207045,0
2983197,4,0,9.811061917886722e-05,0.0041561612576207045,0
2984703,4,0,0.0004154305802476032,0.0041561612576207045,0
2984759,4,0,0.0013757037154661896,0.0041561612576207045,0
2989139,4,0,0.00012591266036999363,0.0041561612576207045,0
2991757,4,0,0.00011080437194588477,0.0041561612576207045,0
2991858,4,0,0.00011816056090038478,0.0041561612576207045,0
2997517,4,0,0.00256601070875222,0.0041561612576207045,0
2997524,4,0,0.0003413404333016376,0.0041561612576207045,0
2997544,4,0,0.00017841729176756605,0.0041561612576207045,0
2997550,4,0,0.00012443966327322124,0.0041561612576207045,0
2997576,4,0,0.0005349845635252411,0.0041561612576207045,0
2997580,4,0,0.0009884842148979755,0.0041561612576207045,0
2997617,4,0,0.00015099905533232514,0.0041561612576207045,0
2997620,4,0,0.0008158037114073361,0.0041561612576207045,0
2997653,4,0,0.00012133676168245961,0.0041561612576207045,0
2997676,4,0,0.0003372786081518229,0.0041561612576207045,0
2997687,4,0,0.00017190243594446508,0.0041561612576207045,0
2997696,4,0,0.0005222181024538061,0.0041561612576207045,0
2997707,4,0,0.0003434749568372364,0.0041561612576207045,0
2997709,4,0,0.0012185041152826712,0.0041561612576207045,0
2997719,4,0,0.0005421462691098583,0.0041561612576207045,0
2997741,4,0,0.0007447254515583993,0.0041561612576207045,0
2997769,4,0,3.9371256433195485e-05,0.0041561612576207045,0
2997776,4,0,0.00025873359974847135,0.0041561612576207045,0
2997797,4,0,7.252089831145817e-05,0.0041561612576207045,0
2997819,4,0,0.0010620048201954418,0.0041561612576207045,0
2997845,4,0,0.00021309110325863525,0.0041561612576207045,0
2997870,4,0,0.00040992394886637677,0.0041561612576207045,0
2997958,4,0,0.00013359245569289063,0.0041561612576207045,0
2997960,4,0,5.622741806593715e-05,0.0041561612576207045,0
2997972,4,0,0.00017025188431148245,0.0041561612576207045,0
2997975,4,0,0.0034017948393281136,0.0041561612576207045,0
2998007,4,0,5.962454553673971e-05,0.0041561612576207045,0
2998012,4,0,6.988277810585192e-05,0.0041561612576207045,0
2998017,4,0,0.0009802155406766274,0.0041561612576207045,0
2998021,4,0,0.00024559618957063794,0.0041561612576207045,0
2998087,4,0,3.787494609823991e-05,0.0041561612576207045,0
2998103,4,0,0.0015727081793770136,0.0041561612576207045,0
2998142,4,0,0.00012004642695886256,0.0041561612576207045,0
2998165,4,0,0.0001582261509287345,0.0041561612576207045,0
2998168,4,0,0.00046765665623606554,0.0041561612576207045,0
2998228,4,0,0.0019538246373032074,0.0041561612576207045,0
2998236,4,0,0.00014750193320782275,0.0041561612576207045,0
2998291,4,0,7.829750496381318e-05,0.0041561612576207045,0
2998292,4,0,0.00019123770107110368,0.0041561612576207045,0
2998317,4,0,0.0005495636726956043,0.0041561612576207045,0
2998324,4,0,0.0003074581123548183,0.0041561612576207045,0
2998381,4,0,0.0011737865122257232,0.0041561612576207045,0
2998413,4,0,0.0003988984549839548,0.0041561612576207045,0
2998416,4,0,0.01364595484891808,0.0041561612576207045,1
2998420,4,0,0.0004987662445172537,0.0041561612576207045,0
2998503,4,0,0.0003006169822597247,0.0041561612576207045,0
2998515,4,0,0.0009239113958406129,0.0041561612576207045,0
2998517,4,0,0.0002710719936002794,0.0041561612576207045,0
2998591,4,0,0.0014773532091274433,0.0041561612576207045,0
2998598,4,0,4.166466735476203e-05,0.0041561612576207045,0
2998601,4,0,6.648374231252724e-05,0.0041561612576207045,0
2998624,4,0,6.691046093443646e-05,0.0041561612576207045,0
2998635,4,0,0.021342486506299625,0.0041561612576207045,1
2998670,4,0,0.006698245733303845,0.0041561612576207045,1
2998701,4,0,0.00012946821039577195,0.0041561612576207045,0
2998731,4,0,0.0010871476036186777,0.0041561612576207045,0
2998736,4,0,0.0006856864560194549,0.0041561612576207045,0
2998743,4,0,0.0004683140712040931,0.0041561612576207045,0
2998783,4,0,0.00034264847648036924,0.0041561612576207045,0
2998784,4,0,0.0023092802830251714,0.0041561612576207045,0
2998802,4,0,0.008215030737539613,0.0041561612576207045,1
2998809,4,0,0.002270463163771439,0.0041561612576207045,0
2998821,4,0,0.00019019339184221453,0.0041561612576207045,0
2998830,4,0,0.00041999849092765626,0.0041561612576207045,0
2998873,4,0,9.58881215234105e-05,0.0041561612576207045,0
2998904,4,0,8.182617228505985e-05,0.0041561612576207045,0
2998911,4,0,0.0030782697080682844,0.0041561612576207045,0
2998943,4,0,1.4066707732020448e-05,0.0041561612576207045,0
2998974,4,0,0.0009642085844309217,0.0041561612576207045,0
2998987,4,0,0.0003802286584075078,0.0041561612576207045,0
2998988,4,0,0.00034404185469881537,0.0041561612576207045,0
2999015,4,0,0.002994756383137054,0.0041561612576207045,0
2999017,4,0,0.0004898787475946808,0.0041561612576207045,0
2999074,4,0,0.0007968886367034071,0.0041561612576207045,0
2999076,4,0,0.000161626644451745,0.0041561612576207045,0
2999084,4,0,0.0006552582989905763,0.0041561612576207045,0
2999088,4,0,0.0001221502289532945,0.0041561612576207045,0
2999128,4,0,0.0003846114213157492,0.0041561612576207045,0
2999168,4,0,0.00195176923068598,0.0041561612576207045,0
2999191,4,0,0.00046462848477899513,0.0041561612576207045,0
2999202,4,0,0.00013131645464066488,0.0041561612576207045,0
2999219,4,0,0.0016134328516298627,0.0041561612576207045,0
2999238,4,0,0.0008300640046867543,0.0041561612576207045,0
2999254,4,0,0.00014555096426624732,0.0041561612576207045,0
2999261,4,0,0.00033997757001775727,0.0041561612576207045,0
2999266,4,0,0.00021205911179897916,0.0041561612576207045,0
2999279,4,0,8.574403016590319e-05,0.0041561612576207045,0
2999290,4,0,0.0010176835055427987,0.0041561612576207045,0
2999352,4,0,0.00026544659642665987,0.0041561612576207045,0
2999379,4,0,0.00011508020937878253,0.0041561612576207045,0
2999438,4,0,0.00028134191720148057,0.0041561612576207045,0
2999478,4,0,0.00040804609857860916,0.0041561612576207045,0
2999525,4,0,0.000119719249067073,0.0041561612576207045,0
2999552,4,0,0.00021227927237915504,0.0041561612576207045,0
2999565,4,0,0.00020346262147494625,0.0041561612576207045,0
2999583,4,0,0.0034843006499302746,0.0041561612576207045,0
2999611,4,0,0.001989502457376613,0.0041561612576207045,0
2999616,4,0,0.0006238602712439779,0.0041561612576207045,0
2999618,4,0,0.0021207874994486975,0.0041561612576207045,0
2999646,4,0,0.00022989332370368335,0.0041561612576207045,0
2999652,4,0,0.0003158467380098888,0.0041561612576207045,0
2999658,4,0,0.00018752467847961662,0.0041561612576207045,0
2999684,4,0,0.0005612756824784301,0.0041561612576207045,0
2999691,4,0,0.0016354048142432776,0.0041561612576207045,0
2999702,4,0,1.443322578190792e-05,0.0041561612576207045,0
2999703,4,0,0.009778843724143907,0.0041561612576207045,1
2999707,4,0,0.001173188683293183,0.0041561612576207045,0
2999730,4,0,0.0003802094531281777,0.0041561612576207045,0
2999731,4,0,0.00012941232136818047,0.0041561612576207045,0
2999736,4,0,0.011893958641529175,0.0041561612576207045,1
2999738,4,0,0.00030470263435906984,0.0041561612576207045,0
2999741,4,0,0.0015174627569546847,0.0041561612576207045,0
2999757,4,0,0.00042408725250389336,0.0041561612576207045,0
2999763,4,0,8.694171354199276e-05,0.0041561612576207045,0
2999767,4,0,8.351741631777135e-05,0.0041561612576207045,0
2999784,4,0,0.0015324499174727483,0.0041561612576207045,0
2999793,4,0,0.0004143276107100058,0.0041561612576207045,0
2999798,4,0,0.00045261796631196766,0.0041561612576207045,0
2999818,4,0,0.007461364929129845,0.0041561612576207045,1
2999829,4,0,0.0003618586230521458,0.0041561612576207045,0
2999855,4,0,8.809369776467122e-05,0.0041561612576207045,0
2999870,4,0,0.0013103992716707153,0.0041561612576207045,0
2999877,4,0,0.0005346552623486493,0.0041561612576207045,0
2999879,4,0,0.0034145729559683143,0.0041561612576207045,0
2999904,4,0,0.0008051127067851467,0.0041561612576207045,0
2999917,4,0,0.00016807413644846873,0.0041561612576207045,0
2999927,4,0,0.00020175240234390873,0.0041561612576207045,0
2999961,4,0,0.00012891928945713777,0.0041561612576207045,0
2999977,4,0,0.003224538888006312,0.0041561612576207045,0
3000037,4,0,2.9533585915474175e-05,0.0041561612576207045,0
3000116,4,0,0.00035690104470943897,0.0041561612576207045,0
3000133,4,0,0.00017403636470105142,0.0041561612576207045,0
3000157,4,0,0.00015001457954807695,0.0041561612576207045,0
3000160,4,0,0.0023819580787205466,0.0041561612576207045,0
3064844,4,0,0.0006451487982255433,0.0041561612576207045,0
3104488,4,0,0.0006614528330893636,0.0041561612576207045,0
3109123,4,0,4.716639413358276e-05,0.0041561612576207045,0
3111693,4,0,0.00019217329700793636,0.0041561612576207045,0
3113043,4,0,8.077892756755584e-05,0.0041561612576207045,0
3114297,4,0,0.0003291586523549428,0.0041561612576207045,0
3116051,4,0,0.0015462178565380093,0.0041561612576207045,0
3120913,4,0,0.0001547400820579146,0.0041561612576207045,0
3125194,4,0,0.0008209139248524796,0.0041561612576207045,0
3151625,4,0,6.936873930215148e-05,0.0041561612576207045,0
3152331,4,0,0.0003324074665205258,0.0041561612576207045,0
3154606,4,0,0.00011186728239700508,0.0041561612576207045,0
3155094,4,0,0.0004794422139712735,0.0041561612576207045,0
3160168,4,0,0.0007950283814158453,0.0041561612576207045,0
3162357,4,0,5.4678497961838993e-05,0.0041561612576207045,0
3162371,4,0,6.759579272630235e-05,0.0041561612576207045,0
3162372,4,0,0.00019317085186326054,0.0041561612576207045,0
3163761,4,0,0.0010842743155561197,0.0041561612576207045,0
3163770,4,0,0.0009749937077801327,0.0041561612576207045,0
3235608,4,0,0.0003479031107062179,0.0041561612576207045,0
3235611,4,0,0.00019998840645191475,0.0041561612576207045,0
3235615,4,0,0.0008400839770710768,0.0041561612576207045,0
3235620,4,0,0.0001784480608983973,0.0041561612576207045,0
3235654,4,0,0.0006910974347408046,0.0041561612576207045,0
3235669,4,0,0.0015002153809032894,0.0041561612576207045,0
3235729,4,0,0.0013395211283781375,0.0041561612576207045,0
3235754,4,0,0.001611004319341235,0.0041561612576207045,0
3235799,4,0,0.0033843850540018487,0.0041561612576207045,0
3235803,4,0,0.0017031170846414593,0.0041561612576207045,0
3235810,4,0,0.003172998809923289,0.0041561612576207045,0
3235836,4,0,2.793459841777106e-05,0.0041561612576207045,0
3235840,4,0,0.00016162884417175716,0.0041561612576207045,0
3235863,4,0,0.00016120181741036108,0.0041561612576207045,0
3235866,4,0,2.9161948606302373e-05,0.0041561612576207045,0
3235894,4,0,0.0035686648657747067,0.0041561612576207045,0
3235906,4,0,0.00011351310618540764,0.0041561612576207045,0
3235911,4,0,0.0026724520773441026,0.0041561612576207045,0
3235924,4,0,0.0017424549901567717,0.0041561612576207045,0
3235941,4,0,0.0053446153277686495,0.0041561612576207045,1
3235972,4,0,2.7509164316954303e-05,0.0041561612576207045,0
3235983,4,0,5.364911339944604e-05,0.0041561612576207045,0
3235989,4,0,0.011852110466820387,0.0041561612576207045,1
3235992,4,0,0.0006021660518232007,0.0041561612576207045,0
3236029,4,0,0.0004821924941603844,0.0041561612576207045,0
3236110,4,0,0.0001936020144909479,0.0041561612576207045,0
3236142,4,0,0.00022837069510122754,0.0041561612576207045,0
3236177,4,0,0.0014004328384194975,0.0041561612576207045,0
3236182,4,0,0.00016581061322624923,0.0041561612576207045,0
3236255,4,0,0.0003949079042331549,0.0041561612576207045,0
3236310,4,0,0.00021315450503376506,0.0041561612576207045,0
3236338,4,0,0.003246637590807291,0.0041561612576207045,0
3236347,4,0,0.0012477841834170915,0.0041561612576207045,0
3236353,4,0,0.000683514497362356,0.0041561612576207045,0
3236371,4,0,0.0001184705298404063,0.0041561612576207045,0
3236372,4,0,0.0016687573909520514,0.0041561612576207045,0
3236394,4,0,0.013736673980280464,0.0041561612576207045,1
3236399,4,0,0.0004545453056642335,0.0041561612576207045,0
3236407,4,0,0.0003479940065418084,0.0041561612576207045,0
3236427,4,0,0.0007122670481485535,0.0041561612576207045,0
3236432,4,0,3.3088879835701845e-05,0.0041561612576207045,0
3236444,4,0,0.00019433996002264612,0.0041561612576207045,0
3236458,4,0,0.00016572260435183028,0.0041561612576207045,0
3236481,4,0,0.00013306810559479793,0.0041561612576207045,0
3236482,4,0,0.0005975550359359818,0.0041561612576207045,0
3236490,4,0,6.00389795506551e-05,0.0041561612576207045,0
3236491,4,0,3.3586899652539464e-05,0.0041561612576207045,0
3236512,4,0,0.00015855670564588682,0.0041561612576207045,0
3236517,4,0,0.00011338140764971446,0.0041561612576207045,0
3236556,4,0,0.0002432445569526517,0.0041561612576207045,0
3236606,4,0,0.004280985984674379,0.0041561612576207045,1
3236609,4,0,7.869024190519141e-05,0.0041561612576207045,0
3236617,4,0,0.00015805970543092312,0.0041561612576207045,0
3236625,4,0,0.00011438282299568562,0.0041561612576207045,0
3236631,4,0,0.0028036418534054847,0.0041561612576207045,0
3236687,4,0,0.00010659427238936286,0.0041561612576207045,0
3236695,4,0,9.081085664598666e-05,0.0041561612576207045,0
3236700,4,0,0.0014414314633515713,0.0041561612576207045,0
3236702,4,0,0.0010338534297048513,0.0041561612576207045,0
3236703,4,0,0.003702653359209397,0.0041561612576207045,0
3236718,4,0,0.00011858847822283706,0.0041561612576207045,0
3236724,4,0,0.0009522958277359675,0.0041561612576207045,0
3236748,4,0,0.013802619811272239,0.0041561612576207045,1
3236773,4,0,0.0005813520724891417,0.0041561612576207045,0
3236792,4,0,0.009567517453273906,0.0041561612576207045,1
3236801,4,0,0.0002384467940165452,0.0041561612576207045,0
3236811,4,0,0.0019399660473496528,0.0041561612576207045,0
3236830,4,0,0.15151851738423341,0.0041561612576207045,1
3236913,4,0,8.150860917124567e-05,0.0041561612576207045,0
3236976,4,0,0.00031859018769610724,0.0041561612576207045,0
3237013,4,0,0.0005341772295612064,0.0041561612576207045,0
3237037,4,0,7.044202766873877e-05,0.0041561612576207045,0
3237042,4,0,6.433302485115902e-05,0.0041561612576207045,0
3237097,4,0,0.0003517194136239208,0.0041561612576207045,0
3237100,4,0,0.0010023811460119967,0.0041561612576207045,0
3237106,4,0,0.00013161037490013014,0.0041561612576207045,0
3237142,4,0,0.00010879417044410328,0.0041561612576207045,0
3237163,4,0,2.8407891694095506e-05,0.0041561612576207045,0
3237166,4,0,0.00096770437440843,0.0041561612576207045,0
3237169,4,0,0.0008461904816520915,0.0041561612576207045,0
3237171,4,0,0.00010392634171544731,0.0041561612576207045,0
3237191,4,0,0.0022180867640210406,0.0041561612576207045,0
3237226,4,0,0.0004745900959187792,0.0041561612576207045,0
3237233,4,0,8.377519226638729e-05,0.0041561612576207045,0
3237254,4,0,0.00011546179522934998,0.0041561612576207045,0
3237256,4,0,0.0004722962630162278,0.0041561612576207045,0
3237276,4,0,0.0019496151055979944,0.0041561612576207045,0
3237295,4,0,0.00025833370356611457,0.0041561612576207045,0
3237316,4,0,7.129681184845251e-05,0.0041561612576207045,0
3237326,4,0,0.00014881497074512113,0.0041561612576207045,0
3237355,4,0,0.009644784147449084,0.0041561612576207045,1
3237374,4,0,0.0004782844400844289,0.0041561612576207045,0
3237375,4,0,0.00029758769640075166,0.0041561612576207045,0
3237440,4,0,0.0003453461266330996,0.0041561612576207045,0
3237452,4,0,0.00014125560803106673,0.0041561612576207045,0
3237533,4,0,0.0001540521449822603,0.0041561612576207045,0
3237557,4,0,9.311741417751284e-05,0.0041561612576207045,0
3237580,4,0,0.0004082466112144032,0.0041561612576207045,0
3237603,4,0,0.0001304926288733879,0.0041561612576207045,0
3237632,4,0,0.0005838056283611888,0.0041561612576207045,0
3237665,4,0,0.00023474150389075465,0.0041561612576207045,0
3237681,4,0,9.326669378322562e-05,0.0041561612576207045,0
3237713,4,0,0.00011027640285562956,0.0041561612576207045,0
3237764,4,0,0.00016209503463251264,0.0041561612576207045,0
3237793,4,0,0.0018438991880415068,0.0041561612576207045,0
3237822,4,0,0.013113541256847005,0.0041561612576207045,1
3237827,4,0,6.288740691533722e-05,0.0041561612576207045,0
3237828,4,0,0.0011026696771030242,0.0041561612576207045,0
3237839,4,0,0.0005849163503834455,0.0041561612576207045,0
3237842,4,0,0.00016416909728526847,0.0041561612576207045,0
3237845,4,0,4.865968446240553e-05,0.0041561612576207045,0
3237853,4,0,0.00035416548216726063,0.0041561612576207045,0
3237888,4,0,0.00015019925678401907,0.0041561612576207045,0
3237891,4,0,6.448986540635514e-05,0.0041561612576207045,0
3237900,4,0,5.9104932792742206e-05,0.0041561612576207045,0
3237911,4,0,5.299450171088935e-05,0.0041561612576207045,0
3237928,4,0,4.705576192437883e-05,0.0041561612576207045,0
3237956,4,0,0.0009483302768221459,0.0041561612576207045,0
3237962,4,0,0.012839042790974283,0.0041561612576207045,1
3237989,4,0,0.0005038729319953681,0.0041561612576207045,0
3238000,4,0,0.008454386069191074,0.0041561612576207045,1
3238006,4,0,0.0002170118617266352,0.0041561612576207045,0
3238051,4,0,0.002691558885602264,0.0041561612576207045,0
3238052,4,0,0.0003564413510933219,0.0041561612576207045,0
3238057,4,0,0.00013000461443546783,0.0041561612576207045,0
3238062,4,0,0.0001488860263625311,0.0041561612576207045,0
3238069,4,0,7.865927748992213e-05,0.0041561612576207045,0
3238085,4,0,0.0005133387445924865,0.0041561612576207045,0
3238091,4,0,9.573673876842022e-05,0.0041561612576207045,0
3238146,4,0,1.3232441383726597e-05,0.0041561612576207045,0
3238147,4,0,0.0008702404812389813,0.0041561612576207045,0
3238154,4,0,0.0005191157378869986,0.0041561612576207045,0
3238189,4,0,6.222757729340116e-05,0.0041561612576207045,0
3238190,4,0,0.014769545049837261,0.0041561612576207045,1
3238201,4,0,0.001925327973796161,0.0041561612576207045,0
3238240,4,0,0.01381085424201164,0.0041561612576207045,1
3238250,4,0,0.01121666776933758,0.0041561612576207045,1
3238265,4,0,4.53396250277914e-05,0.0041561612576207045,0
3238278,4,0,0.00029120682912571504,0.0041561612576207045,0
3238291,4,0,0.00015754088454473177,0.0041561612576207045,0
3238294,4,0,5.048642214213962e-05,0.0041561612576207045,0
3238297,4,0,4.905806481217953e-05,0.0041561612576207045,0
3238360,4,0,0.0009725441253834483,0.0041561612576207045,0
3238369,4,0,0.000558495750117187,0.0041561612576207045,0
3238377,4,0,2.741544926546129e-05,0.0041561612576207045,0
3238381,4,0,0.0003564680939679629,0.0041561612576207045,0
3238383,4,0,0.0011863649220528827,0.0041561612576207045,0
3238388,4,0,0.00014961815646231727,0.0041561612576207045,0
3238396,4,0,0.000483209213961646,0.0041561612576207045,0
3238408,4,0,0.0002451062817114673,0.0041561612576207045,0
3238410,4,0,0.0012037088952107406,0.0041561612576207045,0
3238413,4,0,3.015808850762873e-05,0.0041561612576207045,0
3238416,4,0,0.001354448306471351,0.0041561612576207045,0
3238435,4,0,0.00032092795965827975,0.0041561612576207045,0
3238436,4,0,5.343105637145235e-05,0.0041561612576207045,0
3238462,4,0,8.629790256033034e-05,0.0041561612576207045,0
3238482,4,0,0.0005331389505608801,0.0041561612576207045,0
3238484,4,0,2.1126298714103865e-05,0.0041561612576207045,0
3238489,4,0,0.0009641255670180147,0.0041561612576207045,0
3238492,4,0,4.9762717031421816e-05,0.0041561612576207045,0
3238498,4,0,0.0011506115784865089,0.0041561612576207045,0
3238521,4,0,0.0002497712923826572,0.0041561612576207045,0
3238543,4,0,0.0007151315179920953,0.0041561612576207045,0
3238559,4,0,0.0029358726924685876,0.0041561612576207045,0
3238568,4,0,2.0891422752555205e-05,0.0041561612576207045,0
3238591,4,0,0.0005095921750039723,0.0041561612576207045,0
3238607,4,0,0.0005140164993387991,0.0041561612576207045,0
3238618,4,0,0.0001489424735783815,0.0041561612576207045,0
3238646,4,0,0.0008442715433546611,0.0041561612576207045,0
3238668,4,0,0.0009832419530258999,0.0041561612576207045,0
3238723,4,0,0.0003180635326534216,0.0041561612576207045,0
3238728,4,0,0.0004253936699256345,0.0041561612576207045,0
3238739,4,0,3.520735774509547e-05,0.0041561612576207045,0
3238800,4,0,0.00022913371890557146,0.0041561612576207045,0
3238802,4,0,0.0006366376961937767,0.0041561612576207045,0
3238814,4,0,7.65659068032124e-05,0.0041561612576207045,0
3238823,4,0,0.00041226947923827156,0.0041561612576207045,0
3238827,4,0,0.00012128190079790446,0.0041561612576207045,0
3238833,4,0,0.0002931107297735104,0.0041561612576207045,0
3238837,4,0,0.00021977986295129522,0.0041561612576207045,0
3238861,4,0,0.0005194338202020237,0.0041561612576207045,0
3238942,4,0,0.025880702560526134,0.0041561612576207045,1
3238991,4,0,5.534700237226532e-05,0.0041561612576207045,0
3239052,4,0,0.0013050090799245622,0.0041561612576207045,0
3239063,4,0,0.002342688788074044,0.0041561612576207045,0
3239077,4,0,0.00011993958199021171,0.0041561612576207045,0
3239112,4,0,0.00012271004826695746,0.0041561612576207045,0
3239121,4,0,1.9508204528452832e-05,0.0041561612576207045,0
3239122,4,0,0.00047478486035821806,0.0041561612576207045,0
3239139,4,0,0.00018226745105053309,0.0041561612576207045,0
3239197,4,0,0.00016963992287091645,0.0041561612576207045,0
3239207,4,0,0.00034384346677715256,0.0041561612576207045,0
3239230,4,0,0.00014068768777769264,0.0041561612576207045,0
3239265,4,0,6.270836642978842e-05,0.0041561612576207045,0
3239305,4,0,0.00015814524812246788,0.0041561612576207045,0
3239344,4,0,0.0011843760510141486,0.0041561612576207045,0
3239369,4,0,0.00023159342971941195,0.0041561612576207045,0
3239374,4,0,1.5687940128112976e-05,0.0041561612576207045,0
3239425,4,0,0.049495365949784785,0.0041561612576207045,1
3239426,4,0,3.629761978683054e-05,0.0041561612576207045,0
3239446,4,0,0.0003236157296619689,0.0041561612576207045,0
3239539,4,0,0.00027283244587484,0.0041561612576207045,0
3239572,4,0,0.00012721823896512786,0.0041561612576207045,0
3239640,4,0,8.557817551482414e-05,0.0041561612576207045,0
3239654,4,0,0.0005325947529162062,0.0041561612576207045,0
3239680,4,0,0.00028285871513159726,0.0041561612576207045,0
3239697,4,0,0.00042576305963111424,0.0041561612576207045,0
3239711,4,0,0.0016679683951226663,0.0041561612576207045,0
3239732,4,0,0.00012449465621744107,0.0041561612576207045,0
3239762,4,0,0.0001279750081769271,0.0041561612576207045,0
3239782,4,0,6.529492350547294e-05,0.0041561612576207045,0
3239785,4,0,0.002638892642336797,0.0041561612576207045,0
3239796,4,0,0.0010103720495537977,0.0041561612576207045,0
3239798,4,0,9.30281294112698e-05,0.0041561612576207045,0
3239826,4,0,0.0010419499997707724,0.0041561612576207045,0
3239879,4,0,2.6929417049855644e-05,0.0041561612576207045,0
3239961,4,0,0.0008460674542316777,0.0041561612576207045,0
3239993,4,0,1.6312857626501096e-05,0.0041561612576207045,0
3240037,4,0,0.0014787211922886229,0.0041561612576207045,0
3240051,4,0,0.00021033579513922738,0.0041561612576207045,0
3240105,4,0,0.00369499476468007,0.0041561612576207045,0
3240135,4,0,0.00023007656595765762,0.0041561612576207045,0
3240157,4,0,0.00031119221580792596,0.0041561612576207045,0
3240161,4,0,0.0008793943127683827,0.0041561612576207045,0
3240212,4,0,0.00039063963583275876,0.0041561612576207045,0
3240221,4,0,0.017807840325933678,0.0041561612576207045,1
3240310,4,0,0.00022249926683071383,0.0041561612576207045,0
3240335,4,0,6.135078662336759e-05,0.0041561612576207045,0
3240348,4,0,0.010765238327267,0.0041561612576207045,1
3240352,4,0,0.0002187710055727014,0.0041561612576207045,0
3240417,4,0,0.0002620852551848519,0.0041561612576207045,0
3240432,4,0,0.0004937454354961644,0.0041561612576207045,0
3240526,4,0,0.0006417973712611671,0.0041561612576207045,0
3240546,4,0,0.00035183709768902774,0.0041561612576207045,0
3240572,4,0,0.011273596356765005,0.0041561612576207045,1
3240600,4,0,3.399991864446454e-05,0.0041561612576207045,0
3240670,4,0,8.97985545430677e-05,0.0041561612576207045,0
3240685,4,0,0.0043255625784120065,0.0041561612576207045,1
3240691,4,0,2.202641663358029e-05,0.0041561612576207045,0
3240757,4,0,0.00018233247068065914,0.0041561612576207045,0
3240769,4,0,0.00025808192099488036,0.0041561612576207045,0
3240781,4,0,0.0007515922274509491,0.0041561612576207045,0
3240817,4,0,0.0006972518492898398,0.0041561612576207045,0
3240926,4,0,0.0002260265659524653,0.0041561612576207045,0
3240932,4,0,0.00024175835623991472,0.0041561612576207045,0
3241138,4,0,0.00027026092437847066,0.0041561612576207045,0
3241160,4,0,4.829251575344106e-05,0.0041561612576207045,0
3241195,4,0,0.0007802278736433376,0.0041561612576207045,0
3241257,4,0,0.0001561103944341543,0.0041561612576207045,0
3241258,4,0,0.00014314834207318857,0.0041561612576207045,0
3241269,4,0,0.00021129926824137285,0.0041561612576207045,0
3241293,4,0,4.5832713822484565e-05,0.0041561612576207045,0
3241309,4,0,0.0005751047514665571,0.0041561612576207045,0
3241316,4,0,9.377649643408947e-05,0.0041561612576207045,0
3241361,4,0,0.0005145280878751265,0.0041561612576207045,0
3241370,4,0,0.00046273290008031187,0.0041561612576207045,0
3241374,4,0,0.0007811634083387516,0.0041561612576207045,0
3241379,4,0,0.0005952310027007291,0.0041561612576207045,0
3241380,4,0,0.00022450452003801912,0.0041561612576207045,0
3241404,4,0,2.9783414205157013e-05,0.0041561612576207045,0
3241412,4,0,0.004420849000128933,0.0041561612576207045,1
3241445,4,0,0.0004728079075432527,0.0041561612576207045,0
3241524,4,0,0.00016815073429982442,0.0041561612576207045,0
3241532,4,0,0.00821107216172602,0.0041561612576207045,1
3241611,4,0,0.00010276797521042285,0.0041561612576207045,0
3241615,4,0,0.0016887073125233557,0.0041561612576207045,0
3241655,4,0,0.0008084690313502199,0.0041561612576207045,0
3241679,4,0,0.00018992412399361887,0.0041561612576207045,0
3241688,4,0,0.00012731537460861826,0.0041561612576207045,0
3241753,4,0,0.00020246746657455925,0.0041561612576207045,0
3241766,4,0,0.00018120073361770138,0.0041561612576207045,0
3241781,4,0,0.01480882801234478,0.0041561612576207045,1
3241784,4,0,0.004856310979895092,0.0041561612576207045,1
3241797,4,0,0.011571854296841448,0.0041561612576207045,1
3241803,4,0,0.0004615552886525474,0.0041561612576207045,0
3241835,4,0,0.0007287471268931211,0.0041561612576207045,0
3241886,4,0,0.0007602568019621289,0.0041561612576207045,0
3241962,4,0,0.0003163183020650581,0.0041561612576207045,0
3242024,4,0,0.049486046170878026,0.0041561612576207045,1
3242089,4,0,0.002423158583259377,0.0041561612576207045,0
3242096,4,0,9.164402404770322e-05,0.0041561612576207045,0
3242122,4,0,3.871971465610436e-05,0.0041561612576207045,0
3242143,4,0,0.00012301194367482295,0.0041561612576207045,0
3242152,4,0,0.03414738658109392,0.0041561612576207045,1
3242204,4,0,1.6778570003282033e-05,0.0041561612576207045,0
3242234,4,0,0.0013331154445725645,0.0041561612576207045,0
3242237,4,0,0.0018769961753080436,0.0041561612576207045,0
3242279,4,0,0.0005792301534512345,0.0041561612576207045,0
3242286,4,0,0.0008454318629493471,0.0041561612576207045,0
3242296,4,0,4.277262230097242e-05,0.0041561612576207045,0
3242324,4,0,0.0019480400090519487,0.0041561612576207045,0
3242364,4,0,6.977083972434516e-05,0.0041561612576207045,0
3242369,4,0,0.0003648175217697196,0.0041561612576207045,0
3242420,4,0,3.9112895946266356e-05,0.0041561612576207045,0
3242422,4,0,0.0005470024932877663,0.0041561612576207045,0
3242425,4,0,0.030959896430463252,0.0041561612576207045,1
3242437,4,0,0.008954775897854468,0.0041561612576207045,1
3242445,4,0,7.911110795959711e-05,0.0041561612576207045,0
3242447,4,0,0.007359045999475377,0.0041561612576207045,1
3242487,4,0,0.00017065951746115236,0.0041561612576207045,0
3242493,4,0,4.103770678367364e-05,0.0041561612576207045,0
3242543,4,0,5.561736920395005e-05,0.0041561612576207045,0
3242574,4,0,0.00011332667009818119,0.0041561612576207045,0
3242654,4,0,0.0019708918523046273,0.0041561612576207045,0
3242667,4,0,0.004317467556124565,0.0041561612576207045,1
3242693,4,0,0.00016006096500731002,0.0041561612576207045,0
3242713,4,0,0.0004713694877445258,0.0041561612576207045,0
3242716,4,0,0.001579139831373708,0.0041561612576207045,0
3242830,4,0,0.0014460599376437447,0.0041561612576207045,0
3242876,4,0,0.0004527714517538679,0.0041561612576207045,0
3242907,4,0,0.0007659390612289571,0.0041561612576207045,0
3242946,4,0,0.0020915046390713034,0.0041561612576207045,0
3243037,4,0,0.000677799707104463,0.0041561612576207045,0
3243063,4,0,0.00031606550930110485,0.0041561612576207045,0
3243078,4,0,0.0015475107397069686,0.0041561612576207045,0
3243117,4,0,0.0037892543196512583,0.0041561612576207045,0
3243118,4,0,0.000432181558861501,0.0041561612576207045,0
3243139,4,0,4.630478508955335e-05,0.0041561612576207045,0
3243171,4,0,0.00017312895386302523,0.0041561612576207045,0
3243244,4,0,0.0001766190873713344,0.0041561612576207045,0
3243299,4,0,0.00015827213283023845,0.0041561612576207045,0
3243352,4,0,0.00011010685691365507,0.0041561612576207045,0
3243388,4,0,0.0010128068859953268,0.0041561612576207045,0
3243492,4,0,0.0002111660326566873,0.0041561612576207045,0
3243523,4,0,0.004617096469355932,0.0041561612576207045,1
3243535,4,0,0.0008163589397503262,0.0041561612576207045,0
3243640,4,0,0.06697946650556288,0.0041561612576207045,1
3243697,4,0,0.002204213225795129,0.0041561612576207045,0
3243712,4,0,0.0009252354663931508,0.0041561612576207045,0
3243763,4,0,7.46963742678267e-05,0.0041561612576207045,0
3243785,4,0,0.032450551998360895,0.0041561612576207045,1
3243855,4,0,0.00011245117589006235,0.0041561612576207045,0
3243982,4,0,0.00011408415886295452,0.0041561612576207045,0
3244069,4,0,8.272884210602118e-05,0.0041561612576207045,0
3244078,4,0,7.177291116010376e-05,0.0041561612576207045,0
3244091,4,0,0.0006444796100353699,0.0041561612576207045,0
3244141,4,0,0.00023957701361474736,0.0041561612576207045,0
3244160,4,0,0.0002462582856157521,0.0041561612576207045,0
3244229,4,0,0.001168916834709797,0.0041561612576207045,0
3244231,4,0,0.0015274033757426023,0.0041561612576207045,0
3244244,4,0,0.00048138138117059955,0.0041561612576207045,0
3244344,4,0,0.0006616676951592039,0.0041561612576207045,0
3244356,4,0,0.0001574556234720655,0.0041561612576207045,0
3244382,4,0,0.0022699978507087853,0.0041561612576207045,0
3244385,4,0,0.1445121798957699,0.0041561612576207045,1
3244398,4,0,0.0001286304483710902,0.0041561612576207045,0
3244474,4,0,9.144419813766836e-05,0.0041561612576207045,0
3244520,4,0,0.0010854532285028186,0.0041561612576207045,0
3244601,4,0,0.00022433538704999499,0.0041561612576207045,0
3244689,4,0,0.00014079732894810545,0.0041561612576207045,0
3244756,4,0,0.00030428202927804923,0.0041561612576207045,0
3244793,4,0,0.01425284967946468,0.0041561612576207045,1
3244822,4,0,0.0013488285861670108,0.0041561612576207045,0
3244906,4,0,0.0004201586645973244,0.0041561612576207045,0
3244963,4,0,0.00033811190241204997,0.0041561612576207045,0
3244968,4,0,0.0004273539858461165,0.0041561612576207045,0
3244985,4,0,0.0005273021844292996,0.0041561612576207045,0
3245056,4,0,4.893128918184539e-05,0.0041561612576207045,0
3245118,4,0,0.0009267526238990305,0.0041561612576207045,0
3245127,4,0,0.0044867637690786865,0.0041561612576207045,1
3245132,4,0,0.0006416242174246812,0.0041561612576207045,0
3245158,4,0,0.0004967274065758106,0.0041561612576207045,0
3245174,4,0,0.0006230376144664983,0.0041561612576207045,0
3245213,4,0,0.00023286991485983255,0.0041561612576207045,0
3245223,4,0,0.0045589212615645205,0.0041561612576207045,1
3245226,4,0,0.002734720178277258,0.0041561612576207045,0
3245253,4,0,0.0002815400140209117,0.0041561612576207045,0
3245262,4,0,4.6094462640333686e-05,0.0041561612576207045,0
3245271,4,0,0.0003452582649484825,0.0041561612576207045,0
3245273,4,0,0.0005607888068518819,0.0041561612576207045,0
3245292,4,0,0.0008723623422601447,0.0041561612576207045,0
3245367,4,0,0.0005644084828357402,0.0041561612576207045,0
3245697,4,0,4.2636069467844024e-05,0.0041561612576207045,0
3245700,4,0,0.00017492160557599945,0.0041561612576207045,0
3245758,4,0,0.0016693720387519976,0.0041561612576207045,0
3245786,4,0,0.005282683995927991,0.0041561612576207045,1
3245793,4,0,0.00013395642917979914,0.0041561612576207045,0
3245794,4,0,3.6947876339188e-05,0.0041561612576207045,0
3245815,4,0,0.0015338885505277178,0.0041561612576207045,0
3245826,4,0,0.0013842247400760988,0.0041561612576207045,0
3245868,4,0,0.0002086466151357163,0.0041561612576207045,0
3245893,4,0,8.689020131927051e-06,0.0041561612576207045,0
3245897,4,0,0.0004674211968894093,0.0041561612576207045,0
3245935,4,0,0.00031122425245542747,0.0041561612576207045,0
3245937,4,0,0.006403021248596092,0.0041561612576207045,1
3245946,4,0,0.00019974013795657727,0.0041561612576207045,0
3245968,4,0,0.00014516723582776772,0.0041561612576207045,0
3246741,4,0,0.0001513699941931475,0.0041561612576207045,0
3246753,4,0,0.00030592118258688513,0.0041561612576207045,0
3246793,4,0,0.0012599899065610617,0.0041561612576207045,0
3319136,4,0,5.712878889192184e-05,0.0041561612576207045,0
3385813,4,0,0.00041617031128042277,0.0041561612576207045,0
3398598,4,0,0.00014020810572747008,0.0041561612576207045,0
3430741,4,0,8.944047598005853e-05,0.0041561612576207045,0
3441827,4,0,0.0008809002233384845,0.0041561612576207045,0
3467855,4,0,0.0005289845877663416,0.0041561612576207045,0
3540339,4,0,0.00022435661545588126,0.0041561612576207045,0
3551006,4,0,6.72162274623595e-05,0.0041561612576207045,0
3593872,4,0,0.004507510687098627,0.0041561612576207045,1
3604219,4,0,0.00035529396626848034,0.0041561612576207045,0
3613031,4,0,6.32788536449681e-05,0.0041561612576207045,0
3636451,4,0,0.0005142895173474017,0.0041561612576207045,0
3654990,4,0,0.0013736419429192276,0.0041561612576207045,0
3712377,4,0,4.0419136944752224e-05,0.0041561612576207045,0
3742911,4,0,1.933037604814474e-05,0.0041561612576207045,0
3745781,4,0,0.00159996173928896,0.0041561612576207045,0
3767185,4,0,0.0001784625884487513,0.0041561612576207045,0
3776906,4,0,7.407682976939653e-05,0.0041561612576207045,0
3788105,4,0,0.00010361123427978403,0.0041561612576207045,0
3800152,4,0,0.00017797018234494988,0.0041561612576207045,0
3875356,4,0,0.00033370417136207437,0.0041561612576207045,0
3974873,4,0,0.01027167015801993,0.0041561612576207045,1
4001839,4,0,0.00030715806959221397,0.0041561612576207045,0
4085155,4,0,0.001129755881956738,0.0041561612576207045,0
4119256,4,0,0.00046986298286968173,0.0041561612576207045,0
4119265,4,0,0.00032544753206580616,0.0041561612576207045,0
4122065,4,0,0.00022169245358354548,0.0041561612576207045,0
4143164,4,0,0.0014612486627662005,0.0041561612576207045,0
4155588,4,0,0.0008325920556208428,0.0041561612576207045,0
4168898,4,0,0.0003846173807124585,0.0041561612576207045,0
4179698,4,0,0.00020173092343567543,0.0041561612576207045,0
4190893,4,0,0.000131308831689291,0.0041561612576207045,0
4248268,4,0,7.6495043325271e-05,0.0041561612576207045,0
4296541,4,0,3.269996633690552e-05,0.0041561612576207045,0
4299391,4,0,0.00030070378240546885,0.0041561612576207045,0
4343614,4,0,0.0004341922265091816,0.0041561612576207045,0
4360312,4,0,4.235365831098883e-05,0.0041561612576207045,0
4406324,4,0,0.0002790871935464224,0.0041561612576207045,0
4413991,4,0,0.00039462984847627656,0.0041561612576207045,0
4443991,4,0,0.004160070722726329,0.0041561612576207045,1
4448844,4,0,0.00040297671246271923,0.0041561612576207045,0
4457143,4,0,0.0001363282527342205,0.0041561612576207045,0
4459714,4,0,0.0006752485056524271,0.0041561612576207045,0
4462601,4,0,5.5858528778862554e-05,0.0041561612576207045,0
4531049,4,0,0.0008904202912784908,0.0041561612576207045,0
4551247,4,0,4.220546377900176e-05,0.0041561612576207045,0
4564556,4,0,0.00010499911227463446,0.0041561612576207045,0
4572066,4,0,0.0006585017890676828,0.0041561612576207045,0
4581082,4,0,0.0005306462002968252,0.0041561612576207045,0
4583251,4,0,5.5027716048736865e-05,0.0041561612576207045,0
4588141,4,0,0.0008898446915256496,0.0041561612576207045,0
4621417,4,0,0.0034423733792467927,0.0041561612576207045,0
4637181,4,0,7.565238528648815e-05,0.0041561612576207045,0
4644536,4,0,4.299487748660863e-05,0.0041561612576207045,0
4657558,4,0,2.501621222031296e-05,0.0041561612576207045,0
4668363,4,0,8.481407774526062e-05,0.0041561612576207045,0
4671810,4,0,9.432518767355704e-05,0.0041561612576207045,0
4972490,4,0,0.00019933606657116532,0.0041561612576207045,0
5141879,4,0,0.00016099802494457161,0.0041561612576207045,0
5204342,4,0,0.00037832100762906154,0.0041561612576207045,0
5228460,4,0,6.216528335550217e-05,0.0041561612576207045,0
5307100,4,0,0.00015303302800222655,0.0041561612576207045,0
5307104,4,0,0.00041113041475617965,0.0041561612576207045,0
5307113,4,0,0.0004126753135958158,0.0041561612576207045,0
5307123,4,0,0.00014715254498816156,0.0041561612576207045,0
5307138,4,0,6.805658966338259e-05,0.0041561612576207045,0
5307146,4,0,0.0012526040201404369,0.0041561612576207045,0
5307245,4,0,0.00013793255639494385,0.0041561612576207045,0
5307278,4,0,0.0002551783079367049,0.0041561612576207045,0
5307337,4,0,7.498421452969612e-06,0.0041561612576207045,0
5307380,4,0,0.013361257481276758,0.0041561612576207045,1
5307392,4,0,6.742039397167371e-05,0.0041561612576207045,0
5307413,4,0,0.0001564041444299538,0.0041561612576207045,0
5307554,4,0,0.00024346364325958378,0.0041561612576207045,0
5307563,4,0,0.0003738686087780675,0.0041561612576207045,0
5307597,4,0,0.001356458870335468,0.0041561612576207045,0
5307647,4,0,0.00040133734894946143,0.0041561612576207045,0
5307656,4,0,0.0004138449756813588,0.0041561612576207045,0
5307669,4,0,0.0007334558342592666,0.0041561612576207045,0
5307700,4,0,0.0158165084953703,0.0041561612576207045,1
5307718,4,0,0.0010411187785520346,0.0041561612576207045,0
5307729,4,0,6.36609956432519e-05,0.0041561612576207045,0
5307757,4,0,0.007606720543760888,0.0041561612576207045,1
5307782,4,0,0.0002676751892106974,0.0041561612576207045,0
5307811,4,0,0.003898255345220011,0.0041561612576207045,0
5307819,4,0,0.00015504286805761842,0.0041561612576207045,0
5307844,4,0,3.468882008312354e-05,0.0041561612576207045,0
5307863,4,0,0.0002620419321046242,0.0041561612576207045,0
5307874,4,0,0.0007837342046582509,0.0041561612576207045,0
5307875,4,0,0.0029972028675913755,0.0041561612576207045,0
5307941,4,0,0.00021502871166217193,0.0041561612576207045,0
5307980,4,0,0.00013095408763001335,0.0041561612576207045,0
5307982,4,0,0.0003706497659150811,0.0041561612576207045,0
5308058,4,0,0.0002384977231591398,0.0041561612576207045,0
5308171,4,0,0.006261303605280238,0.0041561612576207045,1
5308198,4,0,7.23135967418012e-05,0.0041561612576207045,0
5308258,4,0,2.6968259427072913e-05,0.0041561612576207045,0
5308316,4,0,0.0002550409089568305,0.0041561612576207045,0
5308357,4,0,0.00031574151591261544,0.0041561612576207045,0
5308415,4,0,0.000138556292339669,0.0041561612576207045,0
5308464,4,0,0.0007539416640352851,0.0041561612576207045,0
5308476,4,0,0.00016072689097592187,0.0041561612576207045,0
5308483,4,0,0.00038360407131033053,0.0041561612576207045,0
5308484,4,0,0.00013714641755994492,0.0041561612576207045,0
5308525,4,0,0.004817990667940597,0.0041561612576207045,1
5308536,4,0,0.000144500413292624,0.0041561612576207045,0
5308584,4,0,0.0011791451002008157,0.0041561612576207045,0
5308619,4,0,0.0002058139009647535,0.0041561612576207045,0
5308630,4,0,0.0011060306450445838,0.0041561612576207045,0
5308637,4,0,0.0003842743863056703,0.0041561612576207045,0
5308642,4,0,0.0015585000144915215,0.0041561612576207045,0
5308746,4,0,0.0007064226979767518,0.0041561612576207045,0
5308787,4,0,0.002285645890678868,0.0041561612576207045,0
5308809,4,0,0.0003166720437586267,0.0041561612576207045,0
5308813,4,0,9.330404570472314e-05,0.0041561612576207045,0
5308835,4,0,0.00011039252141386794,0.0041561612576207045,0
5308863,4,0,0.0001723862550638677,0.0041561612576207045,0
5308911,4,0,2.335563317324296e-05,0.0041561612576207045,0
5308922,4,0,0.0003409210221341935,0.0041561612576207045,0
5308971,4,0,0.0023656173343807258,0.0041561612576207045,0
5309006,4,0,0.00010682218486593211,0.0041561612576207045,0
5309018,4,0,0.0002876262425703748,0.0041561612576207045,0
5309042,4,0,0.00014312192664075435,0.0041561612576207045,0
5309062,4,0,0.00025701993360868156,0.0041561612576207045,0
5309073,4,0,8.292311487396863e-05,0.0041561612576207045,0
5309087,4,0,0.00013545317476930233,0.0041561612576207045,0
5309095,4,0,0.0001887638308242218,0.0041561612576207045,0
5309108,4,0,0.0005480744926098139,0.0041561612576207045,0
5309122,4,0,7.057346404359145e-05,0.0041561612576207045,0
5309163,4,0,0.0007272899123003072,0.0041561612576207045,0
5309192,4,0,0.0013627438296117654,0.0041561612576207045,0
5309196,4,0,0.00018536350753945187,0.0041561612576207045,0
5309265,4,0,0.0003398009586535132,0.0041561612576207045,0
5309276,4,0,0.0024785272767251414,0.0041561612576207045,0
5309287,4,0,0.00036086959647623726,0.0041561612576207045,0
5309332,4,0,0.00018515149811644034,0.0041561612576207045,0
5309345,4,0,0.0014669529481093286,0.0041561612576207045,0
5309379,4,0,0.00024208338572970464,0.0041561612576207045,0
5309404,4,0,0.000130607406475224,0.0041561612576207045,0
5309434,4,0,0.00028325166818518106,0.0041561612576207045,0
5309458,4,0,0.00017747592583568664,0.0041561612576207045,0
5309587,4,0,0.00012652557510648885,0.0041561612576207045,0
5309635,4,0,9.971637641272805e-05,0.0041561612576207045,0
5309696,4,0,8.707948151463292e-05,0.0041561612576207045,0
5309698,4,0,1.7515736073162495e-05,0.0041561612576207045,0
5309713,4,0,7.39522237681086e-05,0.0041561612576207045,0
5309764,4,0,0.00016418033489491808,0.0041561612576207045,0
5309767,4,0,0.00013807344932625126,0.0041561612576207045,0
5309818,4,0,0.0001952561291316317,0.0041561612576207045,0
5309822,4,0,0.00017289797699891017,0.0041561612576207045,0
5309830,4,0,0.00045594462609881945,0.0041561612576207045,0
5309856,4,0,0.0001700696670357759,0.0041561612576207045,0
5309869,4,0,0.00010732570400574581,0.0041561612576207045,0
5309933,4,0,3.06377858655404e-05,0.0041561612576207045,0
5309962,4,0,0.0004404073855482898,0.0041561612576207045,0
5309968,4,0,0.0002999948501477749,0.0041561612576207045,0
5309974,4,0,0.00174983471097238,0.0041561612576207045,0
5309991,4,0,0.00025225090558338235,0.0041561612576207045,0
5310007,4,0,0.00011730121553245571,0.0041561612576207045,0
5310018,4,0,0.00017878299142401263,0.0041561612576207045,0
5310042,4,0,0.003439283769014911,0.0041561612576207045,0
5310045,4,0,0.00023724074730668975,0.0041561612576207045,0
5310050,4,0,0.00011428255604817472,0.0041561612576207045,0
5310051,4,0,7.031608444518947e-05,0.0041561612576207045,0
5310065,4,0,0.00025881842487239683,0.0041561612576207045,0
5310104,4,0,0.00047448777111716936,0.0041561612576207045,0
5310177,4,0,0.000413633235534058,0.0041561612576207045,0
5310186,4,0,0.0004989784615408715,0.0041561612576207045,0
5310192,4,0,9.446264567675129e-05,0.0041561612576207045,0
5310225,4,0,5.794596998213447e-05,0.0041561612576207045,0
5310227,4,0,6.207232926623736e-05,0.0041561612576207045,0
5310248,4,0,0.002276874989749619,0.0041561612576207045,0
5310303,4,0,0.0011182256169813142,0.0041561612576207045,0
5310344,4,0,0.0002302376779870679,0.0041561612576207045,0
5310403,4,0,0.00010967611902548107,0.0041561612576207045,0
5310426,4,0,0.0003883682623551335,0.0041561612576207045,0
5310528,4,0,0.00025779474356749533,0.0041561612576207045,0
5310563,4,0,0.0001746016016717206,0.0041561612576207045,0
5310654,4,0,0.0003138798976004946,0.0041561612576207045,0
5310853,4,0,0.0001698342674777384,0.0041561612576207045,0
5322374,4,0,0.0019093373084445098,0.0041561612576207045,0
5377140,4,0,4.5759317831884184e-05,0.0041561612576207045,0
5389017,4,0,0.0003797622177925986,0.0041561612576207045,0
5389054,4,0,0.0006354263360246071,0.0041561612576207045,0
5389070,4,0,0.0012576294725295098,0.0041561612576207045,0
5389087,4,0,0.0007193902109527825,0.0041561612576207045,0
5389143,4,0,0.00021152663388479266,0.0041561612576207045,0
5389184,4,0,0.0006577801938343794,0.0041561612576207045,0
5389199,4,0,0.00023629714844988208,0.0041561612576207045,0
5389268,4,0,0.0015407237016411294,0.0041561612576207045,0
5389461,4,0,0.000562197206058481,0.0041561612576207045,0
5389501,4,0,0.00015859439572278613,0.0041561612576207045,0
5389520,4,0,0.00011629269708817977,0.0041561612576207045,0
5389636,4,0,0.00010513086230122353,0.0041561612576207045,0
5389686,4,0,0.00041559032929052337,0.0041561612576207045,0
5389691,4,0,0.0007445370185194032,0.0041561612576207045,0
5389751,4,0,0.008648402431801823,0.0041561612576207045,1
5389777,4,0,4.548129265017187e-05,0.0041561612576207045,0
5389786,4,0,0.0002641428950107891,0.0041561612576207045,0
5389795,4,0,0.000524785266862999,0.0041561612576207045,0
5389830,4,0,0.00027385918920292643,0.0041561612576207045,0
5389836,4,0,7.057607965779239e-05,0.0041561612576207045,0
5389853,4,0,9.58356397486719e-05,0.0041561612576207045,0
5389882,4,0,0.0002960769958192716,0.0041561612576207045,0
5389958,4,0,0.0002742092385969747,0.0041561612576207045,0
5389967,4,0,0.0007711904990429957,0.0041561612576207045,0
5389968,4,0,0.000148768604750649,0.0041561612576207045,0
5389996,4,0,0.00074281755687184,0.0041561612576207045,0
5390013,4,0,0.0014989638873268317,0.0041561612576207045,0
5390053,4,0,0.0002693991194463029,0.0041561612576207045,0
5390054,4,0,0.0011734996147879588,0.0041561612576207045,0
5390064,4,0,0.00015268148800145882,0.0041561612576207045,0
5390092,4,0,0.0002740127643941182,0.0041561612576207045,0
5396615,4,0,0.001693729011181595,0.0041561612576207045,0
5411262,4,0,0.00039613731053508535,0.0041561612576207045,0
5413115,4,0,0.0010763254285815337,0.0041561612576207045,0
5448673,4,0,0.0011859985448066414,0.0041561612576207045,0
5586822,4,0,0.0007982731449497141,0.0041561612576207045,0
5665479,4,0,0.0019079342791533999,0.0041561612576207045,0
5702144,4,0,5.747696777161628e-05,0.0041561612576207045,0
5702162,4,0,8.60415774484158e-05,0.0041561612576207045,0
5711745,4,0,0.00012850675819811895,0.0041561612576207045,0
5739850,4,0,0.0006189328772879902,0.0041561612576207045,0
5742467,4,0,0.0001375800257966888,0.0041561612576207045,0
5742486,4,0,0.004827392354842808,0.0041561612576207045,1
5742538,4,0,0.0002564666427053936,0.0041561612576207045,0
5742573,4,0,0.0011959536432919191,0.0041561612576207045,0
5761203,4,0,0.00011810972112056855,0.0041561612576207045,0
5766036,4,0,0.00041724031727466377,0.0041561612576207045,0
5768893,4,0,0.0019133147413097813,0.0041561612576207045,0
5770870,4,0,0.0004341767461075612,0.0041561612576207045,0
5771319,4,0,0.000144301657964501,0.0041561612576207045,0
5771333,4,0,0.006004968033869836,0.0041561612576207045,1
5771359,4,0,0.0006138872444657285,0.0041561612576207045,0
5771493,4,0,0.0054257484590870516,0.0041561612576207045,1
5771497,4,0,0.004483667045105628,0.0041561612576207045,1
5771712,4,0,0.0005507927653067367,0.0041561612576207045,0
5771723,4,0,0.002438448633210198,0.0041561612576207045,0
6323818,4,0,0.0004393647698369433,0.0041561612576207045,0
6324543,4,0,4.610859786424853e-05,0.0041561612576207045,0
6398944,4,0,0.00022858067831456306,0.0041561612576207045,0
6400215,4,0,0.0002780791601536076,0.0041561612576207045,0
6411266,4,0,0.000262927232197705,0.0041561612576207045,0
6411267,4,0,0.00021875503618147568,0.0041561612576207045,0
6461550,4,0,0.00010201158074378247,0.0041561612576207045,0
6463401,4,0,0.00010564990922304582,0.0041561612576207045,0
6602620,4,0,0.0003152039831038258,0.0041561612576207045,0
6602628,4,0,0.0001855378577956838,0.0041561612576207045,0
6602634,4,0,0.00023988464387657215,0.0041561612576207045,0
6602640,4,0,0.0001267982424177297,0.0041561612576207045,0
6602663,4,0,0.00023863287932782747,0.0041561612576207045,0
6602670,4,0,0.0001356808706570474,0.0041561612576207045,0
6602828,4,0,0.0006285763406059358,0.0041561612576207045,0
6602879,4,0,0.0002371023535347904,0.0041561612576207045,0
6602907,4,0,8.602267949016297e-06,0.0041561612576207045,0
6602920,4,0,3.032531519323619e-05,0.0041561612576207045,0
6602975,4,0,6.721798440485681e-05,0.0041561612576207045,0
6603058,4,0,0.0008809424817362471,0.0041561612576207045,0
6603113,4,0,0.0001303161909800731,0.0041561612576207045,0
6603213,4,0,0.00015343315302476513,0.0041561612576207045,0
6603242,4,0,0.0016506725203349467,0.0041561612576207045,0
6603244,4,0,0.0005911318162949758,0.0041561612576207045,0
6603257,4,0,0.0009158170234524118,0.0041561612576207045,0
6603264,4,0,9.247563859775577e-05,0.0041561612576207045,0
6603343,4,0,7.247231128478612e-05,0.0041561612576207045,0
6603383,4,0,0.006291565224612605,0.0041561612576207045,1
6603393,4,0,0.002431878255862999,0.0041561612576207045,0
6603427,4,0,0.00028466238850512085,0.0041561612576207045,0
6603469,4,0,0.00025192036090502536,0.0041561612576207045,0
6603471,4,0,5.517263373475213e-05,0.0041561612576207045,0
6603490,4,0,0.00013125363269215551,0.0041561612576207045,0
6603511,4,0,7.16420712525533e-06,0.0041561612576207045,0
6603516,4,0,0.00016669902605744946,0.0041561612576207045,0
6603553,4,0,0.00019029309931101792,0.0041561612576207045,0
6603560,4,0,0.0034779290599066858,0.0041561612576207045,0
6603567,4,0,3.953573851870498e-05,0.0041561612576207045,0
6603571,4,0,0.00012871636388384362,0.0041561612576207045,0
6603632,4,0,4.8872218452135886e-05,0.0041561612576207045,0
6603681,4,0,6.514185936744672e-05,0.0041561612576207045,0
6603682,4,0,9.573503534810097e-05,0.0041561612576207045,0
296003,5,1,0.004479355201269659,0.0012934210527440436,1
664366,5,1,0.06896689413045619,0.0012934210527440436,1
665561,5,1,0.4019637194033916,0.0012934210527440436,1
3236902,5,1,0.05575538107632633,0.0012934210527440436,1
3240114,5,1,0.05926486266974517,0.0012934210527440436,1
3241352,5,1,0.2262886942041913,0.0012934210527440436,1
1329,5,0,0.0004799824220095112,0.0012934210527440436,0
1967,5,0,0.0014887090839285789,0.0012934210527440436,1
2082,5,0,0.0003636237729087423,0.0012934210527440436,0
2576,5,0,0.0006733256606338388,0.0012934210527440436,0
2754,5,0,0.0002484919587212505,0.0012934210527440436,0
4463,5,0,0.0009849037409893789,0.0012934210527440436,0
4632,5,0,0.0019484526252054094,0.0012934210527440436,1
5332,5,0,0.0006308463225241905,0.0012934210527440436,0
5336,5,0,0.0028608784283298628,0.0012934210527440436,1
6872,5,0,0.0007362104431697725,0.0012934210527440436,0
26880,5,0,0.00031009558155462995,0.0012934210527440436,0
64137,5,0,0.0005439879825890482,0.0012934210527440436,0
66007,5,0,0.0001573340578692606,0.0012934210527440436,0
70557,5,0,0.00044789186850582136,0.0012934210527440436,0
71399,5,0,0.0009379068853581547,0.0012934210527440436,0
75526,5,0,0.0013945320174010287,0.0012934210527440436,1
81146,5,0,0.0015155122014074679,0.0012934210527440436,1
81857,5,0,0.000637048175741759,0.0012934210527440436,0
92913,5,0,0.0027671623192838516,0.0012934210527440436,1
100617,5,0,0.0015703093742262368,0.0012934210527440436,1
101172,5,0,0.001564215008063843,0.0012934210527440436,1
120035,5,0,0.0025778288221408193,0.0012934210527440436,1
148769,5,0,0.0008532976785612481,0.0012934210527440436,0
156525,5,0,0.00010198006014336342,0.0012934210527440436,0
163751,5,0,0.0006007456585792549,0.0012934210527440436,0
178054,5,0,0.0009732963290478145,0.0012934210527440436,0
206650,5,0,0.0004440430346167151,0.0012934210527440436,0
219756,5,0,0.0016820370205756644,0.0012934210527440436,1
223706,5,0,0.0005994528387576812,0.0012934210527440436,0
225738,5,0,0.0038832279097450475,0.0012934210527440436,1
232613,5,0,0.00025330743093452524,0.0012934210527440436,0
232919,5,0,0.0010627472488702091,0.0012934210527440436,0
237591,5,0,0.002002392613595829,0.0012934210527440436,1
242586,5,0,0.0008084098421116871,0.0012934210527440436,0
251365,5,0,0.0007363551234604094,0.0012934210527440436,0
258849,5,0,0.00021657309355358796,0.0012934210527440436,0
277163,5,0,0.0017861679051875726,0.0012934210527440436,1
296188,5,0,0.0003700699536175131,0.0012934210527440436,0
304273,5,0,0.00047477269919922704,0.0012934210527440436,0
306464,5,0,0.00015511311009447872,0.0012934210527440436,0
310138,5,0,0.0055898241034748105,0.0012934210527440436,1
310173,5,0,0.0018373611623352896,0.0012934210527440436,1
344572,5,0,0.00033701225262048516,0.0012934210527440436,0
379086,5,0,0.00023991449809835052,0.0012934210527440436,0
403057,5,0,0.0008389173828957924,0.0012934210527440436,0
404502,5,0,0.003187557540079632,0.0012934210527440436,1
443084,5,0,0.0014335776104984553,0.0012934210527440436,1
489554,5,0,0.0005472287103997155,0.0012934210527440436,0
510567,5,0,0.0013062531955369738,0.0012934210527440436,1
531922,5,0,0.00034508211232477717,0.0012934210527440436,0
533807,5,0,0.0025029210100636933,0.0012934210527440436,1
545057,5,0,0.0004117647443572884,0.0012934210527440436,0
547407,5,0,0.0008648482467934479,0.0012934210527440436,0
549453,5,0,0.0013905726873612205,0.0012934210527440436,1
557217,5,0,0.0017239319189283815,0.0012934210527440436,1
562625,5,0,0.0013190567603334003,0.0012934210527440436,1
563336,5,0,0.0027226305729340914,0.0012934210527440436,1
563446,5,0,0.00037229010851473995,0.0012934210527440436,0
564890,5,0,0.005089706650824528,0.0012934210527440436,1
565200,5,0,0.004726004531674027,0.0012934210527440436,1
565713,5,0,0.0008137792712229805,0.0012934210527440436,0
569077,5,0,0.006103727558871157,0.0012934210527440436,1
571251,5,0,0.0007974379762249226,0.0012934210527440436,0
571564,5,0,0.0005678520355765306,0.0012934210527440436,0
572406,5,0,8.977996117539227e-05,0.0012934210527440436,0
572680,5,0,0.00034514997099291655,0.0012934210527440436,0
573249,5,0,0.0023846506124549317,0.0012934210527440436,1
573344,5,0,0.0011832423924768385,0.0012934210527440436,0
573775,5,0,0.0008014573912899664,0.0012934210527440436,0
574469,5,0,0.0006131100888883772,0.0012934210527440436,0
585128,5,0,0.0010072025550651128,0.0012934210527440436,0
586799,5,0,0.0006911087195539791,0.0012934210527440436,0
587357,5,0,0.0004808946007177081,0.0012934210527440436,0
597406,5,0,0.00073759703387827,0.0012934210527440436,0
597837,5,0,0.000804701989238452,0.0012934210527440436,0
599987,5,0,0.005577994813966895,0.0012934210527440436,1
602122,5,0,0.0022767103469738307,0.0012934210527440436,1
603778,5,0,0.004490466183674547,0.0012934210527440436,1
603799,5,0,0.0001540924493723778,0.0012934210527440436,0
609104,5,0,0.0010256246790142705,0.0012934210527440436,0
614848,5,0,0.003323132060795953,0.0012934210527440436,1
615208,5,0,0.0014164162942043805,0.0012934210527440436,1
615939,5,0,0.0019319950005000225,0.0012934210527440436,1
616884,5,0,0.0014901623551303322,0.0012934210527440436,1
616915,5,0,0.00032370494008487715,0.0012934210527440436,0
618598,5,0,0.0003004988605530672,0.0012934210527440436,0
619926,5,0,0.00096873379732898,0.0012934210527440436,0
620910,5,0,0.0005966771578446167,0.0012934210527440436,0
621309,5,0,0.0003520299488701165,0.0012934210527440436,0
622720,5,0,0.0007191897746724029,0.0012934210527440436,0
624533,5,0,0.0048608413082393154,0.0012934210527440436,1
625794,5,0,0.0013225669821965525,0.0012934210527440436,1
639578,5,0,0.0009209206912393769,0.0012934210527440436,0
644473,5,0,0.0005479729703099964,0.0012934210527440436,0
644480,5,0,0.0001339147112808428,0.0012934210527440436,0
644504,5,0,0.00018037273144619302,0.0012934210527440436,0
644522,5,0,0.00012980500870208228,0.0012934210527440436,0
644533,5,0,0.0004974027506848435,0.0012934210527440436,0
644537,5,0,0.001505268523976756,0.0012934210527440436,1
644584,5,0,0.00020294210393477998,0.0012934210527440436,0
644604,5,0,0.0003197771112153337,0.0012934210527440436,0
644607,5,0,0.00029016787607818605,0.0012934210527440436,0
644724,5,0,0.0022216059803441286,0.0012934210527440436,1
644736,5,0,0.00012008259350681728,0.0012934210527440436,0
644741,5,0,0.00030875840273211276,0.0012934210527440436,0
644746,5,0,0.003045407209015445,0.0012934210527440436,1
644765,5,0,0.0003652418260063035,0.0012934210527440436,0
644796,5,0,0.00048337371188803983,0.0012934210527440436,0
644799,5,0,0.0018627631576477698,0.0012934210527440436,1
644818,5,0,0.007674425309839213,0.0012934210527440436,1
644852,5,0,0.00012918109659907381,0.0012934210527440436,0
644909,5,0,0.0005825724650847049,0.0012934210527440436,0
644940,5,0,9.698059949926917e-05,0.0012934210527440436,0
644954,5,0,0.0004155145638454166,0.0012934210527440436,0
644978,5,0,0.007828533902094755,0.0012934210527440436,1
644994,5,0,0.0008194267880836547,0.0012934210527440436,0
644997,5,0,0.00034816185972843334,0.0012934210527440436,0
645013,5,0,0.00031813250421600163,0.0012934210527440436,0
645022,5,0,0.000641522285919007,0.0012934210527440436,0
645061,5,0,0.0002426143865145568,0.0012934210527440436,0
645071,5,0,0.0003509709433010664,0.0012934210527440436,0
645084,5,0,0.00030463045170838317,0.0012934210527440436,0
645103,5,0,0.0015421941058544985,0.0012934210527440436,1
645122,5,0,4.765371994170243e-05,0.0012934210527440436,0
645126,5,0,0.00024288299790644057,0.0012934210527440436,0
645128,5,0,8.634122486814478e-05,0.0012934210527440436,0
645135,5,0,0.00014232613638049917,0.0012934210527440436,0
645238,5,0,0.0045525916961637065,0.0012934210527440436,1
645241,5,0,0.002643940939077523,0.0012934210527440436,1
645272,5,0,0.00014680053456614015,0.0012934210527440436,0
645281,5,0,0.00011684395104177248,0.0012934210527440436,0
645293,5,0,0.00023700283786562767,0.0012934210527440436,0
645360,5,0,0.0002875557090037997,0.0012934210527440436,0
645375,5,0,0.000855491559118345,0.0012934210527440436,0
645377,5,0,0.003554976234616774,0.0012934210527440436,1
645448,5,0,0.0018579593303306929,0.0012934210527440436,1
645454,5,0,0.0004807611120509757,0.0012934210527440436,0
645615,5,0,0.0001811927061915299,0.0012934210527440436,0
645630,5,0,8.661444183073948e-05,0.0012934210527440436,0
645632,5,0,0.0017208667387817683,0.0012934210527440436,1
645635,5,0,0.0009334300432922387,0.0012934210527440436,0
645654,5,0,0.001212895145446428,0.0012934210527440436,0
645791,5,0,0.0004750055820353133,0.0012934210527440436,0
645798,5,0,0.0005683972801667538,0.0012934210527440436,0
645812,5,0,0.00034847103453057143,0.0012934210527440436,0
645879,5,0,0.0009533819735652916,0.0012934210527440436,0
645886,5,0,0.00040408064630411046,0.0012934210527440436,0
645897,5,0,0.00010096422327332336,0.0012934210527440436,0
645959,5,0,0.012680266694871978,0.0012934210527440436,1
645989,5,0,0.000513983314473384,0.0012934210527440436,0
645992,5,0,0.0014347741863515546,0.0012934210527440436,1
645996,5,0,0.0005797899857212544,0.0012934210527440436,0
646036,5,0,0.0006151012839983702,0.0012934210527440436,0
646064,5,0,0.00010325736818484888,0.0012934210527440436,0
646088,5,0,0.0022349915392377794,0.0012934210527440436,1
646091,5,0,0.0003429394711092463,0.0012934210527440436,0
646107,5,0,0.00015292389580190668,0.0012934210527440436,0
646150,5,0,0.000362645600603705,0.0012934210527440436,0
646212,5,0,0.01627488792023019,0.0012934210527440436,1
646255,5,0,8.03138648674711e-05,0.0012934210527440436,0
646269,5,0,0.0005584884124134272,0.0012934210527440436,0
646285,5,0,0.00227290328627269,0.0012934210527440436,1
646293,5,0,0.000967666028797338,0.0012934210527440436,0
646329,5,0,0.0011165035989479564,0.0012934210527440436,0
646396,5,0,0.0002550561170058597,0.0012934210527440436,0
646401,5,0,0.0006758217018186055,0.0012934210527440436,0
646483,5,0,0.0006309894102448155,0.0012934210527440436,0
646485,5,0,0.0008423392675600232,0.0012934210527440436,0
646534,5,0,0.000872264787052213,0.0012934210527440436,0
646585,5,0,0.00045957688496761954,0.0012934210527440436,0
646664,5,0,0.0015939294940161377,0.0012934210527440436,1
646686,5,0,0.0010383890294112575,0.0012934210527440436,0
646687,5,0,0.000263256766631744,0.0012934210527440436,0
646703,5,0,0.00022420718289838402,0.0012934210527440436,0
646714,5,0,0.000173479463380239,0.0012934210527440436,0
646719,5,0,0.0010783450844151687,0.0012934210527440436,0
646742,5,0,0.00024057158723479535,0.0012934210527440436,0
646752,5,0,0.00020122538390824124,0.0012934210527440436,0
646754,5,0,0.00036765871043150885,0.0012934210527440436,0
646760,5,0,0.00030865161004541827,0.0012934210527440436,0
646772,5,0,0.00036118422505536,0.0012934210527440436,0
646833,5,0,0.0005030190603185021,0.0012934210527440436,0
646849,5,0,0.011808188073933142,0.0012934210527440436,1
646891,5,0,0.00022792112388162332,0.0012934210527440436,0
646899,5,0,0.0005180499472882614,0.0012934210527440436,0
646952,5,0,0.0016369939709188338,0.0012934210527440436,1
646990,5,0,0.00019359090892586897,0.0012934210527440436,0
647017,5,0,7.685178357114861e-05,0.0012934210527440436,0
647024,5,0,0.00012784930842401476,0.0012934210527440436,0
647037,5,0,0.0012607225550504571,0.0012934210527440436,0
647076,5,0,8.0717698866164e-05,0.0012934210527440436,0
647095,5,0,0.0028744158811573814,0.0012934210527440436,1
647119,5,0,0.0037755860127317584,0.0012934210527440436,1
647131,5,0,0.0003559200619760976,0.0012934210527440436,0
647162,5,0,0.00023594335812533208,0.0012934210527440436,0
647214,5,0,0.0013240036010595097,0.0012934210527440436,1
647219,5,0,0.0003087130635671675,0.0012934210527440436,0
647262,5,0,0.0001760447022309011,0.0012934210527440436,0
647268,5,0,0.00025412836388054733,0.0012934210527440436,0
647331,5,0,0.0015865183109620012,0.0012934210527440436,1
647333,5,0,7.836750592535749e-05,0.0012934210527440436,0
647374,5,0,0.0006675695644057378,0.0012934210527440436,0
647385,5,0,0.0006155596427568511,0.0012934210527440436,0
647414,5,0,0.0006186211152343642,0.0012934210527440436,0
647434,5,0,0.0005217575238538226,0.0012934210527440436,0
647461,5,0,0.0013913245455114433,0.0012934210527440436,1
647468,5,0,0.0004634801006257964,0.0012934210527440436,0
647483,5,0,0.0007078511201534612,0.0012934210527440436,0
647485,5,0,0.0008187368960751706,0.0012934210527440436,0
647496,5,0,9.517920032436466e-05,0.0012934210527440436,0
647565,5,0,0.00026394803825718736,0.0012934210527440436,0
647588,5,0,0.00013624437328046442,0.0012934210527440436,0
647594,5,0,0.0007887572644622116,0.0012934210527440436,0
647612,5,0,0.0005986120910062216,0.0012934210527440436,0
647625,5,0,0.0058705109547777055,0.0012934210527440436,1
647668,5,0,0.0002116259028084036,0.0012934210527440436,0
647676,5,0,0.0036805521033516277,0.0012934210527440436,1
647686,5,0,0.0007571201755331496,0.0012934210527440436,0
647719,5,0,0.009931922935118714,0.0012934210527440436,1
647782,5,0,0.00016478800693711182,0.0012934210527440436,0
647792,5,0,0.0008517006651827257,0.0012934210527440436,0
647804,5,0,0.00018023075776085154,0.0012934210527440436,0
647858,5,0,0.00012266308147517758,0.0012934210527440436,0
647871,5,0,7.045706157314104e-05,0.0012934210527440436,0
647873,5,0,0.0001051739686621834,0.0012934210527440436,0
647936,5,0,0.0009295196117249089,0.0012934210527440436,0
648040,5,0,0.006629472568573007,0.0012934210527440436,1
648050,5,0,0.000993460190657707,0.0012934210527440436,0
648062,5,0,0.0003555401975465527,0.0012934210527440436,0
648080,5,0,0.00045290986528514327,0.0012934210527440436,0
648085,5,0,0.0004264479599075472,0.0012934210527440436,0
648120,5,0,0.0004907395398676195,0.0012934210527440436,0
648145,5,0,0.002648669210656709,0.0012934210527440436,1
648161,5,0,0.0003697123228187367,0.0012934210527440436,0
648192,5,0,0.0002403168419204399,0.0012934210527440436,0
648223,5,0,7.980094422082731e-05,0.0012934210527440436,0
648225,5,0,0.0003923425621543977,0.0012934210527440436,0
648228,5,0,0.003085088112306548,0.0012934210527440436,1
648230,5,0,0.002979714111360015,0.0012934210527440436,1
648239,5,0,8.841336866167589e-05,0.0012934210527440436,0
648314,5,0,0.00040469868695334826,0.0012934210527440436,0
648318,5,0,0.0006180529517648684,0.0012934210527440436,0
648373,5,0,0.00043102983193464355,0.0012934210527440436,0
648375,5,0,0.0007633216010000735,0.0012934210527440436,0
648420,5,0,0.00015080673671893525,0.0012934210527440436,0
648426,5,0,0.0005633634276756638,0.0012934210527440436,0
648458,5,0,0.0004217849656512207,0.0012934210527440436,0
648469,5,0,9.74411526500298e-05,0.0012934210527440436,0
648471,5,0,0.0011238512697961602,0.0012934210527440436,0
648488,5,0,0.0006430664332217548,0.0012934210527440436,0
648530,5,0,0.0002672075386242351,0.0012934210527440436,0
648554,5,0,0.0002613797216502908,0.0012934210527440436,0
648558,5,0,0.0009146972820026632,0.0012934210527440436,0
648587,5,0,0.00016977631912230406,0.0012934210527440436,0
648594,5,0,0.00011101491755086224,0.0012934210527440436,0
648620,5,0,0.0021834363889221865,0.0012934210527440436,1
648638,5,0,0.0001191147584473085,0.0012934210527440436,0
648656,5,0,0.0010556537907265154,0.0012934210527440436,0
648668,5,0,0.0027125782715522496,0.0012934210527440436,1
648669,5,0,0.0004797540948378464,0.0012934210527440436,0
648698,5,0,0.0005184821074640846,0.0012934210527440436,0
648712,5,0,0.000457526522645998,0.0012934210527440436,0
648724,5,0,0.0008689782440068968,0.0012934210527440436,0
648734,5,0,0.012237299094864474,0.0012934210527440436,1
648738,5,0,0.0002781402224972746,0.0012934210527440436,0
648767,5,0,0.0023101008873194014,0.0012934210527440436,1
648771,5,0,0.002509038837781206,0.0012934210527440436,1
648831,5,0,0.008069194401750118,0.0012934210527440436,1
648834,5,0,0.002091617525791015,0.0012934210527440436,1
648851,5,0,0.0003300822315722665,0.0012934210527440436,0
648873,5,0,0.002732790329011773,0.0012934210527440436,1
648903,5,0,0.00017061087567676452,0.0012934210527440436,0
648927,5,0,0.00035477664780236617,0.0012934210527440436,0
648940,5,0,0.0010229043494344356,0.0012934210527440436,0
648960,5,0,0.00047387448999672163,0.0012934210527440436,0
648989,5,0,0.006203324551141381,0.0012934210527440436,1
649044,5,0,0.0007513615929054812,0.0012934210527440436,0
649076,5,0,0.00013626216018694854,0.0012934210527440436,0
649148,5,0,0.00020379426560702182,0.0012934210527440436,0
649156,5,0,0.0001837147103431373,0.0012934210527440436,0
649163,5,0,0.0012374463491601922,0.0012934210527440436,0
649191,5,0,0.0011622932351500403,0.0012934210527440436,0
649262,5,0,0.0006686361578753248,0.0012934210527440436,0
649279,5,0,0.000973209890518402,0.0012934210527440436,0
649281,5,0,0.0014380356156377136,0.0012934210527440436,1
649329,5,0,0.00015561408549772483,0.0012934210527440436,0
649421,5,0,0.00013186701428811862,0.0012934210527440436,0
649450,5,0,0.00018846102414101434,0.0012934210527440436,0
649452,5,0,0.0007205317569700835,0.0012934210527440436,0
649507,5,0,9.63001390502744e-05,0.0012934210527440436,0
649556,5,0,0.0032996668044537143,0.0012934210527440436,1
649565,5,0,0.0001066917660594309,0.0012934210527440436,0
649574,5,0,0.01914402193949146,0.0012934210527440436,1
649578,5,0,8.210326071158104e-05,0.0012934210527440436,0
649589,5,0,0.0001349469406175754,0.0012934210527440436,0
649590,5,0,0.0006335488176257948,0.0012934210527440436,0
649609,5,0,0.0009039111203024268,0.0012934210527440436,0
649615,5,0,0.0005117836751946682,0.0012934210527440436,0
649646,5,0,0.00022507753513773213,0.0012934210527440436,0
649657,5,0,0.0011915302313351716,0.0012934210527440436,0
649664,5,0,0.004871481413228705,0.0012934210527440436,1
649706,5,0,0.0038714994333078987,0.0012934210527440436,1
649742,5,0,0.00035500568344600013,0.0012934210527440436,0
649749,5,0,0.0021505256222842605,0.0012934210527440436,1
649800,5,0,0.00028955448362179254,0.0012934210527440436,0
649859,5,0,0.0012400677318232303,0.0012934210527440436,0
649914,5,0,0.0015026100519954148,0.0012934210527440436,1
649916,5,0,0.0007883570337771422,0.0012934210527440436,0
649921,5,0,0.0002691219472993821,0.0012934210527440436,0
649925,5,0,0.004136431192626058,0.0012934210527440436,1
649931,5,0,0.0016359122360801296,0.0012934210527440436,1
649938,5,0,0.00023134472184598408,0.0012934210527440436,0
649977,5,0,0.0005273932153954931,0.0012934210527440436,0
650039,5,0,0.0010046326276844113,0.0012934210527440436,0
650048,5,0,0.0008955455859269549,0.0012934210527440436,0
650080,5,0,0.00016048526843161998,0.0012934210527440436,0
650105,5,0,0.00026816167451744233,0.0012934210527440436,0
650107,5,0,0.00017037722439476418,0.0012934210527440436,0
650134,5,0,0.001095780076205388,0.0012934210527440436,0
650143,5,0,8.565426039024598e-05,0.0012934210527440436,0
650155,5,0,0.0004579129914177661,0.0012934210527440436,0
650206,5,0,0.0003691906519594771,0.0012934210527440436,0
650210,5,0,0.026843994903996894,0.0012934210527440436,1
650227,5,0,0.0003978806660501721,0.0012934210527440436,0
650266,5,0,9.373793744615065e-05,0.0012934210527440436,0
650268,5,0,0.0013111429433245378,0.0012934210527440436,1
650274,5,0,0.004996539059085337,0.0012934210527440436,1
650330,5,0,0.0002033853277530273,0.0012934210527440436,0
650343,5,0,0.0010412057435470017,0.0012934210527440436,0
650345,5,0,0.0002750338060995187,0.0012934210527440436,0
650348,5,0,0.00015283146925030406,0.0012934210527440436,0
650384,5,0,0.0001907316619822896,0.0012934210527440436,0
650436,5,0,0.0004371224024724512,0.0012934210527440436,0
650485,5,0,0.00022491047492224526,0.0012934210527440436,0
650528,5,0,0.0005577887682445432,0.0012934210527440436,0
650567,5,0,0.0004713061956994843,0.0012934210527440436,0
650570,5,0,0.00028572553595994555,0.0012934210527440436,0
650599,5,0,0.00021321611549334618,0.0012934210527440436,0
650610,5,0,0.0015716639735650795,0.0012934210527440436,1
650616,5,0,0.0012346969648610545,0.0012934210527440436,0
650637,5,0,6.785205829462104e-05,0.0012934210527440436,0
650687,5,0,0.00022905470040068867,0.0012934210527440436,0
650704,5,0,0.0009351697079115787,0.0012934210527440436,0
650706,5,0,0.01573380051051213,0.0012934210527440436,1
650745,5,0,0.0003341335299972859,0.0012934210527440436,0
650801,5,0,0.0006684398303535226,0.0012934210527440436,0
650841,5,0,0.001920150616838677,0.0012934210527440436,1
650943,5,0,0.0032648227941073867,0.0012934210527440436,1
650966,5,0,0.0013764258054624313,0.0012934210527440436,1
650983,5,0,0.0011613539256506193,0.0012934210527440436,0
650987,5,0,0.0013185729885681601,0.0012934210527440436,1
650988,5,0,0.0029905455984060108,0.0012934210527440436,1
650999,5,0,0.00048227131530585856,0.0012934210527440436,0
651002,5,0,0.0014704655919028982,0.0012934210527440436,1
651022,5,0,0.00027342071026466416,0.0012934210527440436,0
651051,5,0,0.0009638911398247585,0.0012934210527440436,0
651085,5,0,0.0024210355313773525,0.0012934210527440436,1
651088,5,0,0.00040740642216628324,0.0012934210527440436,0
651178,5,0,0.0009966375932625657,0.0012934210527440436,0
651188,5,0,0.0007558932808005445,0.0012934210527440436,0
651243,5,0,0.0012200680552977572,0.0012934210527440436,0
651285,5,0,0.0005735069967380149,0.0012934210527440436,0
651293,5,0,0.0002648289978713854,0.0012934210527440436,0
651314,5,0,0.0003668490702645554,0.0012934210527440436,0
651337,5,0,0.0003317407134026359,0.0012934210527440436,0
651350,5,0,0.0003212401265792904,0.0012934210527440436,0
651392,5,0,0.0007641524346158749,0.0012934210527440436,0
651436,5,0,0.001148676000343749,0.0012934210527440436,0
651472,5,0,0.0008906851556638503,0.0012934210527440436,0
651473,5,0,0.0001361362312867588,0.0012934210527440436,0
651481,5,0,7.124694574475782e-05,0.0012934210527440436,0
651495,5,0,0.0014629956078591856,0.0012934210527440436,1
651499,5,0,0.00015190023780232227,0.0012934210527440436,0
651518,5,0,0.0007170977055476593,0.0012934210527440436,0
651575,5,0,0.001299197119847672,0.0012934210527440436,1
651628,5,0,0.003475096899928732,0.0012934210527440436,1
651683,5,0,0.00019213161615789378,0.0012934210527440436,0
651688,5,0,0.004101580279210725,0.0012934210527440436,1
651734,5,0,0.00028886264348073097,0.0012934210527440436,0
651754,5,0,0.0006333608054876538,0.0012934210527440436,0
651758,5,0,0.0013530922870261474,0.0012934210527440436,1
651775,5,0,0.00014844967544180978,0.0012934210527440436,0
651813,5,0,0.0011469869856420279,0.0012934210527440436,0
651815,5,0,0.0031932671058485726,0.0012934210527440436,1
651849,5,0,0.0006813425083931812,0.0012934210527440436,0
651887,5,0,0.0001266171712115421,0.0012934210527440436,0
651904,5,0,0.0006831546916223608,0.0012934210527440436,0
651913,5,0,0.00020766506109975592,0.0012934210527440436,0
651955,5,0,6.261334307930478e-05,0.0012934210527440436,0
651956,5,0,0.00018734838565245517,0.0012934210527440436,0
651963,5,0,0.0002491558114252908,0.0012934210527440436,0
652014,5,0,0.0005132141081097734,0.0012934210527440436,0
652025,5,0,0.0013285501259782545,0.0012934210527440436,1
652034,5,0,0.000761507533467311,0.0012934210527440436,0
652058,5,0,0.000260918254554066,0.0012934210527440436,0
652060,5,0,0.0002338417793694387,0.0012934210527440436,0
652067,5,0,0.0005368756460797666,0.0012934210527440436,0
652131,5,0,0.0018406509772402762,0.0012934210527440436,1
652147,5,0,0.0014757640869662379,0.0012934210527440436,1
652148,5,0,0.00023355893988710462,0.0012934210527440436,0
652184,5,0,0.004485542914023,0.0012934210527440436,1
652188,5,0,0.00017407748832861926,0.0012934210527440436,0
652199,5,0,0.0003240400447414609,0.0012934210527440436,0
652227,5,0,0.01037287623042537,0.0012934210527440436,1
652234,5,0,0.00032018729391994707,0.0012934210527440436,0
652270,5,0,0.0004018476573928887,0.0012934210527440436,0
652282,5,0,0.0002585472489147193,0.0012934210527440436,0
652302,5,0,9.063608816740426e-05,0.0012934210527440436,0
652311,5,0,0.00016767243138937214,0.0012934210527440436,0
652346,5,0,0.0009002056556259671,0.0012934210527440436,0
652382,5,0,9.739617191131194e-05,0.0012934210527440436,0
652383,5,0,0.0001356266747840344,0.0012934210527440436,0
652397,5,0,0.00013098649390042504,0.0012934210527440436,0
652417,5,0,0.0003738280076791447,0.0012934210527440436,0
652423,5,0,0.00016416050165277436,0.0012934210527440436,0
652441,5,0,0.0002916599676066634,0.0012934210527440436,0
652551,5,0,0.0003067817818502069,0.0012934210527440436,0
652554,5,0,0.0015162442810086926,0.0012934210527440436,1
652581,5,0,0.0003118761196662756,0.0012934210527440436,0
652600,5,0,0.00034666457490023934,0.0012934210527440436,0
652625,5,0,0.00025599408469918224,0.0012934210527440436,0
652632,5,0,0.0008161620754916003,0.0012934210527440436,0
652652,5,0,0.0011996016422019973,0.0012934210527440436,0
652685,5,0,0.0004515174640046719,0.0012934210527440436,0
652722,5,0,0.0008543963221108197,0.0012934210527440436,0
652725,5,0,0.00023895732830033175,0.0012934210527440436,0
652750,5,0,0.0001979169926309868,0.0012934210527440436,0
652785,5,0,0.00039533202526097607,0.0012934210527440436,0
652830,5,0,0.00022539688367356916,0.0012934210527440436,0
652836,5,0,0.0005026125660639357,0.0012934210527440436,0
652916,5,0,0.00480857586401869,0.0012934210527440436,1
652919,5,0,0.00011962406387627911,0.0012934210527440436,0
652925,5,0,0.00016382709607821322,0.0012934210527440436,0
652929,5,0,0.0002002004408475174,0.0012934210527440436,0
652932,5,0,0.0005651078958250468,0.0012934210527440436,0
652938,5,0,0.00020414644226784663,0.0012934210527440436,0
652956,5,0,0.0007831455881173887,0.0012934210527440436,0
652961,5,0,0.0003011265399370164,0.0012934210527440436,0
652964,5,0,0.0008347479015861481,0.0012934210527440436,0
652965,5,0,8.30213053797229e-05,0.0012934210527440436,0
653031,5,0,0.0002761800638459928,0.0012934210527440436,0
653050,5,0,0.0001837614338674231,0.0012934210527440436,0
653062,5,0,0.0018103307898313182,0.0012934210527440436,1
653078,5,0,0.0030592992034056475,0.0012934210527440436,1
653090,5,0,0.0013388689300853976,0.0012934210527440436,1
653138,5,0,0.00034374553149535484,0.0012934210527440436,0
653176,5,0,0.0005582835183278908,0.0012934210527440436,0
653222,5,0,0.00036316240803940927,0.0012934210527440436,0
653228,5,0,0.00018443882163838996,0.0012934210527440436,0
653254,5,0,8.508777838462388e-05,0.0012934210527440436,0
653269,5,0,0.00023796974198635084,0.0012934210527440436,0
653306,5,0,0.0011035783118936012,0.0012934210527440436,0
653322,5,0,0.0003560877507582203,0.0012934210527440436,0
653348,5,0,0.00012251705878302328,0.0012934210527440436,0
653410,5,0,0.0007443047003050388,0.0012934210527440436,0
653418,5,0,0.00017777254090709123,0.0012934210527440436,0
653458,5,0,0.0007995458390213781,0.0012934210527440436,0
653483,5,0,0.00037947369947439997,0.0012934210527440436,0
653490,5,0,0.00032223449718642985,0.0012934210527440436,0
653520,5,0,0.0025921603672189,0.0012934210527440436,1
653530,5,0,0.0008559472036293545,0.0012934210527440436,0
653533,5,0,0.0003800686523935005,0.0012934210527440436,0
653559,5,0,0.00062208557522208,0.0012934210527440436,0
653566,5,0,0.0008253688614547495,0.0012934210527440436,0
653631,5,0,0.00015659365885016145,0.0012934210527440436,0
653642,5,0,0.0006683687497046898,0.0012934210527440436,0
653710,5,0,0.00044792980310563507,0.0012934210527440436,0
653760,5,0,0.00031930169429469023,0.0012934210527440436,0
653783,5,0,0.0002423624774357911,0.0012934210527440436,0
653787,5,0,0.00030801761040022375,0.0012934210527440436,0
653798,5,0,0.0013765603591851007,0.0012934210527440436,1
653825,5,0,0.0018331669794229189,0.0012934210527440436,1
653890,5,0,0.016242873148835123,0.0012934210527440436,1
653923,5,0,0.00025663153980073965,0.0012934210527440436,0
653931,5,0,0.00014817764991344957,0.0012934210527440436,0
653933,5,0,0.00015508442443871187,0.0012934210527440436,0
653938,5,0,0.002012468951348187,0.0012934210527440436,1
653948,5,0,0.0019809716043589585,0.0012934210527440436,1
653960,5,0,0.00042713093809258724,0.0012934210527440436,0
653964,5,0,0.0005384585106637844,0.0012934210527440436,0
653976,5,0,0.0008889849733930406,0.0012934210527440436,0
653983,5,0,0.0003630739219912075,0.0012934210527440436,0
653984,5,0,0.0005623824245388723,0.0012934210527440436,0
654020,5,0,0.00047037058210074186,0.0012934210527440436,0
654022,5,0,0.00025266871345037034,0.0012934210527440436,0
654045,5,0,0.0007485864148764272,0.0012934210527440436,0
654066,5,0,0.0006463350940170726,0.0012934210527440436,0
654077,5,0,0.001286179729986556,0.0012934210527440436,0
654095,5,0,0.0007368143207814648,0.0012934210527440436,0
654170,5,0,0.0001733029118761028,0.0012934210527440436,0
654182,5,0,0.0003655477003845824,0.0012934210527440436,0
654213,5,0,0.0006418574313906522,0.0012934210527440436,0
654287,5,0,0.0006597407291347397,0.0012934210527440436,0
654307,5,0,0.00033488671040647486,0.0012934210527440436,0
654344,5,0,6.838445119637867e-05,0.0012934210527440436,0
654351,5,0,0.00010234900847863737,0.0012934210527440436,0
654357,5,0,0.0005900799282899778,0.0012934210527440436,0
654371,5,0,0.0003336137871504541,0.0012934210527440436,0
654375,5,0,0.0010562677456712156,0.0012934210527440436,0
654413,5,0,0.0041607659473312615,0.0012934210527440436,1
654430,5,0,0.00040088927376771914,0.0012934210527440436,0
654435,5,0,0.0006452250934165693,0.0012934210527440436,0
654451,5,0,0.0006146493842220712,0.0012934210527440436,0
654486,5,0,0.0024572275140395373,0.0012934210527440436,1
654488,5,0,0.0003684816075023609,0.0012934210527440436,0
654521,5,0,0.000561325155527424,0.0012934210527440436,0
654531,5,0,0.007273964359057224,0.0012934210527440436,1
654562,5,0,0.0009103591832430696,0.0012934210527440436,0
654575,5,0,7.91865246065099e-05,0.0012934210527440436,0
654621,5,0,0.001081813393407105,0.0012934210527440436,0
654627,5,0,0.0013080334756490116,0.0012934210527440436,1
654658,5,0,0.001322053437793842,0.0012934210527440436,1
654664,5,0,7.333996783996415e-05,0.0012934210527440436,0
654668,5,0,0.000501413361731056,0.0012934210527440436,0
654679,5,0,0.0015601015865140486,0.0012934210527440436,1
654698,5,0,0.0014168383567189605,0.0012934210527440436,1
654714,5,0,0.00019693300782094942,0.0012934210527440436,0
654715,5,0,0.007314747203536694,0.0012934210527440436,1
654754,5,0,0.0010716666655070843,0.0012934210527440436,0
654756,5,0,0.0004504130672095013,0.0012934210527440436,0
654762,5,0,0.00020823838924054422,0.0012934210527440436,0
654768,5,0,0.0010038845540426412,0.0012934210527440436,0
654798,5,0,0.0006288965487434442,0.0012934210527440436,0
654801,5,0,0.00040574362540345095,0.0012934210527440436,0
654811,5,0,0.012753840727349081,0.0012934210527440436,1
654813,5,0,9.195553847890282e-05,0.0012934210527440436,0
654823,5,0,0.00040764522367574995,0.0012934210527440436,0
654852,5,0,0.0022363666870309526,0.0012934210527440436,1
654879,5,0,0.0010990744111719465,0.0012934210527440436,0
654947,5,0,0.0029202327925903653,0.0012934210527440436,1
654995,5,0,0.0007039483344161193,0.0012934210527440436,0
655015,5,0,0.000194853504230075,0.0012934210527440436,0
655035,5,0,0.00013013126803089334,0.0012934210527440436,0
655036,5,0,0.00013063135130097833,0.0012934210527440436,0
655056,5,0,0.0004262481022584891,0.0012934210527440436,0
655061,5,0,0.00022271167792918694,0.0012934210527440436,0
655072,5,0,8.843537505053746e-05,0.0012934210527440436,0
655077,5,0,0.00015129730794352257,0.0012934210527440436,0
655090,5,0,0.00019936546480437268,0.0012934210527440436,0
655096,5,0,0.00048231191854564685,0.0012934210527440436,0
655111,5,0,0.0036160841832938787,0.0012934210527440436,1
655128,5,0,0.007132734237730915,0.0012934210527440436,1
655130,5,0,0.0004158694078216262,0.0012934210527440436,0
655156,5,0,0.0074885599444684025,0.0012934210527440436,1
655171,5,0,0.0002916470872408246,0.0012934210527440436,0
655304,5,0,0.0010035702719163222,0.0012934210527440436,0
655310,5,0,0.00038057834111285185,0.0012934210527440436,0
655322,5,0,0.0010536015208352128,0.0012934210527440436,0
655329,5,0,6.95675790713519e-05,0.0012934210527440436,0
655336,5,0,0.00022736272041253003,0.0012934210527440436,0
655371,5,0,0.0001096192167910533,0.0012934210527440436,0
655426,5,0,0.00022601184706672807,0.0012934210527440436,0
655450,5,0,0.00034463024382912455,0.0012934210527440436,0
655486,5,0,0.001386599560112914,0.0012934210527440436,1
655500,5,0,0.00034996179105794124,0.0012934210527440436,0
655506,5,0,0.0008763508915558062,0.0012934210527440436,0
655515,5,0,0.0014160194930936806,0.0012934210527440436,1
655534,5,0,0.0004262723030117593,0.0012934210527440436,0
655544,5,0,8.502779120840797e-05,0.0012934210527440436,0
655554,5,0,0.00025425476140360193,0.0012934210527440436,0
655592,5,0,8.23699754941162e-05,0.0012934210527440436,0
655608,5,0,0.0018878078692544237,0.0012934210527440436,1
655740,5,0,0.04223811639345636,0.0012934210527440436,1
655742,5,0,0.00033859620649027923,0.0012934210527440436,0
655754,5,0,0.0015485466101866617,0.0012934210527440436,1
655757,5,0,0.0003477879167042242,0.0012934210527440436,0
655803,5,0,0.0007685608474867099,0.0012934210527440436,0
655853,5,0,0.0004175322838158196,0.0012934210527440436,0
655901,5,0,0.001171629312406854,0.0012934210527440436,0
655930,5,0,0.00034375447154348014,0.0012934210527440436,0
656003,5,0,0.00017642786606391302,0.0012934210527440436,0
656013,5,0,0.0004924018250400688,0.0012934210527440436,0
656033,5,0,0.010471226411101564,0.0012934210527440436,1
656037,5,0,0.0005377017150617843,0.0012934210527440436,0
656065,5,0,8.377669776504037e-05,0.0012934210527440436,0
656078,5,0,0.00015778838136666504,0.0012934210527440436,0
656093,5,0,0.0022301145253206555,0.0012934210527440436,1
656111,5,0,0.001204140651683384,0.0012934210527440436,0
656113,5,0,0.00033461370649820303,0.0012934210527440436,0
656115,5,0,6.088950093806267e-05,0.0012934210527440436,0
656170,5,0,0.00016464284099612197,0.0012934210527440436,0
656180,5,0,0.001723578530596724,0.0012934210527440436,1
656207,5,0,0.00030271459678110385,0.0012934210527440436,0
656210,5,0,0.00033351290621874387,0.0012934210527440436,0
656264,5,0,7.220934247031369e-05,0.0012934210527440436,0
656268,5,0,0.00032945027459484156,0.0012934210527440436,0
656275,5,0,0.0006335919250656547,0.0012934210527440436,0
656285,5,0,0.0004776047248459378,0.0012934210527440436,0
656295,5,0,0.00023820662154593728,0.0012934210527440436,0
656314,5,0,0.0002047662849881301,0.0012934210527440436,0
656324,5,0,0.00028953732053388316,0.0012934210527440436,0
656337,5,0,0.0001422943894524873,0.0012934210527440436,0
656339,5,0,0.0006702244305621938,0.0012934210527440436,0
656347,5,0,0.0008156802340585007,0.0012934210527440436,0
657308,5,0,0.0003127535862386477,0.0012934210527440436,0
657381,5,0,0.00028208232869200565,0.0012934210527440436,0
657443,5,0,0.0006528856925913426,0.0012934210527440436,0
657469,5,0,0.0017382173076270773,0.0012934210527440436,1
657495,5,0,0.0023485103972033235,0.0012934210527440436,1
657548,5,0,0.00020215459438305318,0.0012934210527440436,0
657553,5,0,0.00017103357989289492,0.0012934210527440436,0
657556,5,0,0.003269378599093213,0.0012934210527440436,1
657682,5,0,0.0007958900352822521,0.0012934210527440436,0
657722,5,0,0.00027312554749705815,0.0012934210527440436,0
657825,5,0,0.0001070491533998401,0.0012934210527440436,0
657957,5,0,0.015710824891763626,0.0012934210527440436,1
657977,5,0,0.0006559343353827962,0.0012934210527440436,0
658112,5,0,0.00018116290966297994,0.0012934210527440436,0
658119,5,0,0.001537006814779632,0.0012934210527440436,1
658131,5,0,0.002482003157120667,0.0012934210527440436,1
658147,5,0,0.0032323669680502333,0.0012934210527440436,1
658162,5,0,0.0002912228618604729,0.0012934210527440436,0
658168,5,0,0.001555700207893535,0.0012934210527440436,1
658171,5,0,0.0004386819763882505,0.0012934210527440436,0
658248,5,0,0.0008221098876673295,0.0012934210527440436,0
658313,5,0,0.003355105424179148,0.0012934210527440436,1
658332,5,0,0.0009242224360180718,0.0012934210527440436,0
658342,5,0,0.00019075660650183694,0.0012934210527440436,0
658374,5,0,0.00013904991123961312,0.0012934210527440436,0
658489,5,0,0.00030774967519822644,0.0012934210527440436,0
658599,5,0,0.0004718134412327975,0.0012934210527440436,0
658705,5,0,0.00015764756122201777,0.0012934210527440436,0
658846,5,0,0.0002406029428589436,0.0012934210527440436,0
658847,5,0,0.0026808514550438122,0.0012934210527440436,1
658854,5,0,0.00010082511118118451,0.0012934210527440436,0
658864,5,0,0.0001535204605370923,0.0012934210527440436,0
658878,5,0,0.0010440269078470495,0.0012934210527440436,0
658909,5,0,0.00019891270599064372,0.0012934210527440436,0
658920,5,0,0.0019217829605661233,0.0012934210527440436,1
658950,5,0,0.0022427120270403582,0.0012934210527440436,1
658959,5,0,0.000266943813992872,0.0012934210527440436,0
659001,5,0,0.0008952987087268155,0.0012934210527440436,0
659044,5,0,0.0009506027589960314,0.0012934210527440436,0
659045,5,0,0.0010036932611468025,0.0012934210527440436,0
659081,5,0,0.0008343810774698333,0.0012934210527440436,0
659111,5,0,0.002328728184332755,0.0012934210527440436,1
659216,5,0,0.00032053513588483934,0.0012934210527440436,0
659232,5,0,0.00010334508658920287,0.0012934210527440436,0
659294,5,0,0.0011335172601456896,0.0012934210527440436,0
659337,5,0,0.0006500363255568063,0.0012934210527440436,0
659405,5,0,0.00045033917708372763,0.0012934210527440436,0
659409,5,0,0.002527390405147978,0.0012934210527440436,1
659416,5,0,0.0022030752608757235,0.0012934210527440436,1
659514,5,0,0.05355721041629206,0.0012934210527440436,1
659530,5,0,0.000735871460564104,0.0012934210527440436,0
659550,5,0,0.0009633985303449109,0.0012934210527440436,0
659610,5,0,0.00020968643631815343,0.0012934210527440436,0
659623,5,0,0.0006472578839278416,0.0012934210527440436,0
659701,5,0,0.00020609071480107507,0.0012934210527440436,0
659817,5,0,0.006025658503360736,0.0012934210527440436,1
659852,5,0,0.00020227514057694483,0.0012934210527440436,0
659927,5,0,0.0002045162039563934,0.0012934210527440436,0
659948,5,0,0.0006020837936594134,0.0012934210527440436,0
659952,5,0,0.00014354276177670704,0.0012934210527440436,0
660000,5,0,0.0004181105951707338,0.0012934210527440436,0
660012,5,0,0.0012450805967646561,0.0012934210527440436,0
660044,5,0,0.00044245897349071047,0.0012934210527440436,0
660048,5,0,0.00021382244274398287,0.0012934210527440436,0
660063,5,0,0.001622318914169352,0.0012934210527440436,1
660069,5,0,0.0006996954479571217,0.0012934210527440436,0
660079,5,0,0.0030372781908986415,0.0012934210527440436,1
660115,5,0,0.0009904845085551464,0.0012934210527440436,0
660126,5,0,0.0010297263924009927,0.0012934210527440436,0
660139,5,0,0.0008204197975808726,0.0012934210527440436,0
660149,5,0,0.0012835071220733522,0.0012934210527440436,0
660156,5,0,0.0015054440222140814,0.0012934210527440436,1
660259,5,0,0.0008314421929635784,0.0012934210527440436,0
660271,5,0,0.0004850553347759461,0.0012934210527440436,0
660298,5,0,0.0003203236716825534,0.0012934210527440436,0
660358,5,0,0.0005305245447492087,0.0012934210527440436,0
660386,5,0,0.0010328324391502585,0.0012934210527440436,0
660399,5,0,0.0007354657604710105,0.0012934210527440436,0
660484,5,0,0.0016830253033040937,0.0012934210527440436,1
660532,5,0,0.0006124679435350459,0.0012934210527440436,0
660559,5,0,0.0002894317373484479,0.0012934210527440436,0
660564,5,0,0.0003729725653303702,0.0012934210527440436,0
660575,5,0,0.0011616628656044346,0.0012934210527440436,0
660588,5,0,0.0007325877927272507,0.0012934210527440436,0
660622,5,0,0.0010462275851271284,0.0012934210527440436,0
660628,5,0,0.0019300065874509331,0.0012934210527440436,1
660658,5,0,0.0002362197671035832,0.0012934210527440436,0
660688,5,0,0.0005601412680591956,0.0012934210527440436,0
660718,5,0,0.0013848033890761792,0.0012934210527440436,1
660816,5,0,0.0008217114727698716,0.0012934210527440436,0
660823,5,0,0.0001487852272726584,0.0012934210527440436,0
660826,5,0,0.0003215813142016581,0.0012934210527440436,0
660832,5,0,0.002378785260227494,0.0012934210527440436,1
660848,5,0,0.0001941186254910318,0.0012934210527440436,0
660877,5,0,0.000522382471749219,0.0012934210527440436,0
660890,5,0,0.0003817716693222044,0.0012934210527440436,0
660933,5,0,0.0017224597424181389,0.0012934210527440436,1
660938,5,0,0.0008598841012541754,0.0012934210527440436,0
660950,5,0,0.0003302421343818367,0.0012934210527440436,0
660971,5,0,0.00021868230964664875,0.0012934210527440436,0
660997,5,0,0.0003587200458724912,0.0012934210527440436,0
661012,5,0,0.00504167177607598,0.0012934210527440436,1
661089,5,0,0.0022360486463355897,0.0012934210527440436,1
661099,5,0,0.0004809785063243724,0.0012934210527440436,0
661179,5,0,0.0014243718302643156,0.0012934210527440436,1
661185,5,0,0.006611296540447629,0.0012934210527440436,1
661217,5,0,0.005017963791962347,0.0012934210527440436,1
661236,5,0,0.0007764438180131817,0.0012934210527440436,0
661240,5,0,0.0003187047178046262,0.0012934210527440436,0
661243,5,0,0.0002453421496991309,0.0012934210527440436,0
661308,5,0,7.143471389097008e-05,0.0012934210527440436,0
661324,5,0,0.0010258752191887347,0.0012934210527440436,0
661525,5,0,0.00018797138166934456,0.0012934210527440436,0
661528,5,0,0.0006294411272552406,0.0012934210527440436,0
661531,5,0,0.004641402344243433,0.0012934210527440436,1
661541,5,0,0.0016539535910936015,0.0012934210527440436,1
661582,5,0,0.001305838216638046,0.0012934210527440436,1
661602,5,0,0.002165035365956909,0.0012934210527440436,1
661634,5,0,0.00024993922712447084,0.0012934210527440436,0
661638,5,0,0.0009745677595336502,0.0012934210527440436,0
661669,5,0,0.00458398155416032,0.0012934210527440436,1
661715,5,0,0.0002058617246731078,0.0012934210527440436,0
661735,5,0,0.0021781140337341024,0.0012934210527440436,1
661750,5,0,0.0022264699026036685,0.0012934210527440436,1
661754,5,0,0.0021854794115283224,0.0012934210527440436,1
661824,5,0,0.0004927053303470963,0.0012934210527440436,0
661906,5,0,0.0021824675618778515,0.0012934210527440436,1
662081,5,0,0.0006524683766639987,0.0012934210527440436,0
662096,5,0,0.0003511017502171378,0.0012934210527440436,0
662162,5,0,0.00039303977634373564,0.0012934210527440436,0
662173,5,0,0.0027935515765679605,0.0012934210527440436,1
662197,5,0,0.002299959558514587,0.0012934210527440436,1
662235,5,0,0.0007816536641179345,0.0012934210527440436,0
662262,5,0,0.0007564341096827045,0.0012934210527440436,0
662264,5,0,0.0005978166171665732,0.0012934210527440436,0
662316,5,0,0.00017848449703726326,0.0012934210527440436,0
662320,5,0,0.0047256979938325875,0.0012934210527440436,1
662322,5,0,0.00019079414158639765,0.0012934210527440436,0
662348,5,0,0.0014479695338375325,0.0012934210527440436,1
662352,5,0,0.00032141662185363715,0.0012934210527440436,0
662413,5,0,0.014766210239501544,0.0012934210527440436,1
662474,5,0,0.000679041927287003,0.0012934210527440436,0
662555,5,0,0.00018521778628988547,0.0012934210527440436,0
662607,5,0,0.00015546725051600248,0.0012934210527440436,0
662678,5,0,0.0025534157571964955,0.0012934210527440436,1
662696,5,0,0.00019658609619034722,0.0012934210527440436,0
662699,5,0,0.00017687014144560597,0.0012934210527440436,0
662722,5,0,0.0025724836092958854,0.0012934210527440436,1
662727,5,0,0.00016982456350880573,0.0012934210527440436,0
662762,5,0,0.002756610828516885,0.0012934210527440436,1
662765,5,0,0.00698978182028729,0.0012934210527440436,1
662806,5,0,0.0016994095796984048,0.0012934210527440436,1
662823,5,0,0.005795259552458001,0.0012934210527440436,1
662831,5,0,0.000481387867412546,0.0012934210527440436,0
662869,5,0,0.007853690370514678,0.0012934210527440436,1
662872,5,0,0.0016112068074205495,0.0012934210527440436,1
662881,5,0,0.003402946761517991,0.0012934210527440436,1
662908,5,0,0.0015159880023395231,0.0012934210527440436,1
662954,5,0,0.002845423642020567,0.0012934210527440436,1
662977,5,0,0.004528063743721728,0.0012934210527440436,1
662982,5,0,0.018198180650509068,0.0012934210527440436,1
662988,5,0,0.001009815066951314,0.0012934210527440436,0
663023,5,0,0.00040674910146105985,0.0012934210527440436,0
663046,5,0,0.0013844612376962121,0.0012934210527440436,1
663179,5,0,0.0002560488959970113,0.0012934210527440436,0
663182,5,0,0.0002627927464937138,0.0012934210527440436,0
663256,5,0,0.0012165284878795535,0.0012934210527440436,0
663265,5,0,0.0022687069353891785,0.0012934210527440436,1
663281,5,0,0.00030569950732545296,0.0012934210527440436,0
663318,5,0,0.0003157231173343767,0.0012934210527440436,0
663342,5,0,0.00012320255040678278,0.0012934210527440436,0
663380,5,0,0.0006994005092691532,0.0012934210527440436,0
663451,5,0,0.00029645769246280197,0.0012934210527440436,0
663452,5,0,0.0003226380368188961,0.0012934210527440436,0
663456,5,0,0.0002549637579804308,0.0012934210527440436,0
663490,5,0,0.0016387913971991092,0.0012934210527440436,1
663539,5,0,0.000835731259284243,0.0012934210527440436,0
663589,5,0,0.0005270361243411683,0.0012934210527440436,0
663591,5,0,0.00038933419527533754,0.0012934210527440436,0
663592,5,0,0.001175837721758041,0.0012934210527440436,0
663637,5,0,0.0022088970151288574,0.0012934210527440436,1
663645,5,0,0.0010102858881724194,0.0012934210527440436,0
663650,5,0,0.0003918454392529356,0.0012934210527440436,0
663692,5,0,0.00036160408926557113,0.0012934210527440436,0
663696,5,0,0.0003374172153801286,0.0012934210527440436,0
663703,5,0,0.009314100649633634,0.0012934210527440436,1
663752,5,0,0.0017691185417799907,0.0012934210527440436,1
663762,5,0,0.0007422656966607321,0.0012934210527440436,0
663773,5,0,0.0009520292054495383,0.0012934210527440436,0
663803,5,0,0.0008274056431392622,0.0012934210527440436,0
663819,5,0,0.0008802039525812285,0.0012934210527440436,0
663841,5,0,0.0017378555752848987,0.0012934210527440436,1
663849,5,0,0.0007698090824765538,0.0012934210527440436,0
663850,5,0,0.0009103796344881685,0.0012934210527440436,0
663867,5,0,0.0012477066646559595,0.0012934210527440436,0
663884,5,0,0.0015511185507845774,0.0012934210527440436,1
663891,5,0,0.0010039498540025632,0.0012934210527440436,0
663903,5,0,0.00041583674427221666,0.0012934210527440436,0
663912,5,0,0.001629703748082612,0.0012934210527440436,1
663922,5,0,0.00202959220002336,0.0012934210527440436,1
663964,5,0,0.00021429226371731512,0.0012934210527440436,0
663977,5,0,0.0001359673652727189,0.0012934210527440436,0
663980,5,0,0.0019860231292646263,0.0012934210527440436,1
664013,5,0,0.0008201337822942075,0.0012934210527440436,0
664038,5,0,0.0002533097712933445,0.0012934210527440436,0
664056,5,0,0.00011922999521713108,0.0012934210527440436,0
664093,5,0,7.703585835754263e-05,0.0012934210527440436,0
664141,5,0,0.002224586260018273,0.0012934210527440436,1
664166,5,0,0.0006631886721320683,0.0012934210527440436,0
664206,5,0,0.0002571268110692497,0.0012934210527440436,0
664229,5,0,0.0023294660102385935,0.0012934210527440436,1
664255,5,0,0.0007471608034643994,0.0012934210527440436,0
664263,5,0,0.002350705060160123,0.0012934210527440436,1
664320,5,0,0.0015760067221340698,0.0012934210527440436,1
664340,5,0,0.0005968254444241054,0.0012934210527440436,0
664344,5,0,0.001170247519201814,0.0012934210527440436,0
664346,5,0,0.0004760943279105678,0.0012934210527440436,0
664354,5,0,0.0005927460988059866,0.0012934210527440436,0
664371,5,0,0.00029462218607964326,0.0012934210527440436,0
664377,5,0,0.0020334335833512122,0.0012934210527440436,1
664587,5,0,0.008259280026037923,0.0012934210527440436,1
664702,5,0,0.0004064537726020058,0.0012934210527440436,0
664712,5,0,7.949775820695165e-05,0.0012934210527440436,0
664736,5,0,0.00020307447409335233,0.0012934210527440436,0
664746,5,0,0.0011879569525607195,0.0012934210527440436,0
664750,5,0,0.00022484746340498195,0.0012934210527440436,0
664770,5,0,0.0007037287673455505,0.0012934210527440436,0
664778,5,0,0.00028361068652406666,0.0012934210527440436,0
664784,5,0,0.002896279442989971,0.0012934210527440436,1
664788,5,0,0.0017815580124277157,0.0012934210527440436,1
664791,5,0,0.0026467477385868562,0.0012934210527440436,1
664795,5,0,0.001181661812203449,0.0012934210527440436,0
664836,5,0,0.0008022175349203611,0.0012934210527440436,0
664837,5,0,0.0020711696043831354,0.0012934210527440436,1
664847,5,0,8.063586593617027e-05,0.0012934210527440436,0
664884,5,0,0.00017009791737644789,0.0012934210527440436,0
664897,5,0,0.00321849061589872,0.0012934210527440436,1
664913,5,0,0.0015003121795339094,0.0012934210527440436,1
664916,5,0,0.0005951890830359302,0.0012934210527440436,0
664937,5,0,0.0018873214873714145,0.0012934210527440436,1
664953,5,0,0.0022026605271138295,0.0012934210527440436,1
664962,5,0,0.004198434249434238,0.0012934210527440436,1
664984,5,0,0.014750372858763138,0.0012934210527440436,1
665029,5,0,0.00019118063765888297,0.0012934210527440436,0
665056,5,0,0.00172044382909599,0.0012934210527440436,1
665058,5,0,0.002375831609774476,0.0012934210527440436,1
665097,5,0,0.0005894576116339082,0.0012934210527440436,0
665142,5,0,0.0018152317515595926,0.0012934210527440436,1
665144,5,0,0.0002825764022411544,0.0012934210527440436,0
665177,5,0,0.0013416725261886876,0.0012934210527440436,1
665180,5,0,0.0002701636832940638,0.0012934210527440436,0
665197,5,0,0.00027622519724471704,0.0012934210527440436,0
665216,5,0,0.00010734276056936006,0.0012934210527440436,0
665219,5,0,6.531835332311927e-05,0.0012934210527440436,0
665224,5,0,0.0015750847732445992,0.0012934210527440436,1
665235,5,0,0.0013768089365089734,0.0012934210527440436,1
665246,5,0,0.00038048897021308094,0.0012934210527440436,0
665250,5,0,0.001575913660238404,0.0012934210527440436,1
665259,5,0,0.0002272539388623274,0.0012934210527440436,0
665267,5,0,0.0002557837641721441,0.0012934210527440436,0
665269,5,0,0.002984989012188308,0.0012934210527440436,1
665278,5,0,0.0021058094222574683,0.0012934210527440436,1
665279,5,0,0.006737190325707635,0.0012934210527440436,1
665288,5,0,0.00028293636440797896,0.0012934210527440436,0
665295,5,0,0.0003862682013166046,0.0012934210527440436,0
665325,5,0,0.0015047760626092513,0.0012934210527440436,1
665335,5,0,0.0021820978485989307,0.0012934210527440436,1
665337,5,0,0.0004393934725199065,0.0012934210527440436,0
665412,5,0,0.00024106581179945936,0.0012934210527440436,0
665446,5,0,0.00032121417965056776,0.0012934210527440436,0
665508,5,0,0.00023018801257123739,0.0012934210527440436,0
665510,5,0,0.004715835504607856,0.0012934210527440436,1
665588,5,0,0.0009860645944808376,0.0012934210527440436,0
665626,5,0,0.00013496663716412898,0.0012934210527440436,0
665641,5,0,0.0011403088467142586,0.0012934210527440436,0
665665,5,0,0.001277115539454854,0.0012934210527440436,0
665674,5,0,0.0016904723004051625,0.0012934210527440436,1
665685,5,0,0.00021159214466339813,0.0012934210527440436,0
665691,5,0,0.00015500234032749883,0.0012934210527440436,0
665694,5,0,0.0014030445831288566,0.0012934210527440436,1
665698,5,0,0.001308314704516917,0.0012934210527440436,1
665765,5,0,0.0005276746361475943,0.0012934210527440436,0
665772,5,0,0.00015760976465120535,0.0012934210527440436,0
665774,5,0,0.0007790206439887227,0.0012934210527440436,0
665822,5,0,0.0024315446289658055,0.0012934210527440436,1
665840,5,0,0.003125148542655332,0.0012934210527440436,1
665848,5,0,0.0015443512727597263,0.0012934210527440436,1
665871,5,0,0.00014441750746664754,0.0012934210527440436,0
665908,5,0,0.00027608161238426224,0.0012934210527440436,0
665913,5,0,0.0004284162364051135,0.0012934210527440436,0
665945,5,0,0.00019590760757979956,0.0012934210527440436,0
665954,5,0,0.002201770844271148,0.0012934210527440436,1
665956,5,0,0.0025110232475045167,0.0012934210527440436,1
665972,5,0,8.838553061438593e-05,0.0012934210527440436,0
665995,5,0,0.001101665086498046,0.0012934210527440436,0
666003,5,0,0.0004740477675583675,0.0012934210527440436,0
666074,5,0,0.00166406645222123,0.0012934210527440436,1
666115,5,0,0.0015890518804649969,0.0012934210527440436,1
666135,5,0,0.0005907339694350979,0.0012934210527440436,0
666142,5,0,0.0005900085262559924,0.0012934210527440436,0
666180,5,0,0.00029136604434959695,0.0012934210527440436,0
666204,5,0,0.005883887443071838,0.0012934210527440436,1
666260,5,0,0.0003540178139291922,0.0012934210527440436,0
666276,5,0,0.0013911280605989212,0.0012934210527440436,1
666295,5,0,0.000673851483956905,0.0012934210527440436,0
666298,5,0,0.0026560069368842046,0.0012934210527440436,1
666347,5,0,0.0004231487333425109,0.0012934210527440436,0
666351,5,0,0.000498027536457216,0.0012934210527440436,0
666368,5,0,0.0018858322662352787,0.0012934210527440436,1
666380,5,0,0.0002172858204681264,0.0012934210527440436,0
666388,5,0,0.0004760453457589318,0.0012934210527440436,0
666420,5,0,0.0007428714600793041,0.0012934210527440436,0
666427,5,0,0.008585502862130463,0.0012934210527440436,1
666430,5,0,0.00015104923415115113,0.0012934210527440436,0
666505,5,0,0.00016598740181690455,0.0012934210527440436,0
666506,5,0,0.00022424492662406317,0.0012934210527440436,0
666528,5,0,0.0014391161522063361,0.0012934210527440436,1
666542,5,0,0.003010259932849409,0.0012934210527440436,1
666544,5,0,0.000519575927495999,0.0012934210527440436,0
666563,5,0,0.0003196418846478403,0.0012934210527440436,0
666597,5,0,0.00035542321513244745,0.0012934210527440436,0
666618,5,0,0.0023426165399350464,0.0012934210527440436,1
666646,5,0,0.022754796968806223,0.0012934210527440436,1
666647,5,0,0.0005139205372242535,0.0012934210527440436,0
666652,5,0,0.0005529291523965104,0.0012934210527440436,0
666675,5,0,0.0005443111254493853,0.0012934210527440436,0
666678,5,0,0.002401619278757569,0.0012934210527440436,1
666681,5,0,0.0007991984582647108,0.0012934210527440436,0
666683,5,0,0.0016841161089188664,0.0012934210527440436,1
666738,5,0,0.002794909134492283,0.0012934210527440436,1
666739,5,0,0.0011675078297605716,0.0012934210527440436,0
666783,5,0,0.001797065527112491,0.0012934210527440436,1
666795,5,0,0.0019164672895738597,0.0012934210527440436,1
666807,5,0,0.0011161489199974734,0.0012934210527440436,0
666869,5,0,0.001800298597755978,0.0012934210527440436,1
666893,5,0,0.0023403243738690034,0.0012934210527440436,1
666916,5,0,0.0002507045089296184,0.0012934210527440436,0
666927,5,0,0.0010698292589607337,0.0012934210527440436,0
666965,5,0,0.0008301115324274389,0.0012934210527440436,0
666980,5,0,0.020073820662378006,0.0012934210527440436,1
666995,5,0,0.001542468043312573,0.0012934210527440436,1
667001,5,0,0.0008571373147622855,0.0012934210527440436,0
667008,5,0,0.001463099327625422,0.0012934210527440436,1
667029,5,0,0.0025593471073799405,0.0012934210527440436,1
667038,5,0,0.0008396244944414833,0.0012934210527440436,0
667040,5,0,0.0017071858632343763,0.0012934210527440436,1
667108,5,0,0.001244807128717339,0.0012934210527440436,0
667120,5,0,0.0004577999009453263,0.0012934210527440436,0
667122,5,0,0.00020566483819861684,0.0012934210527440436,0
667146,5,0,0.00018926790778134607,0.0012934210527440436,0
667149,5,0,0.0005102267420988469,0.0012934210527440436,0
667151,5,0,0.0011828794689111779,0.0012934210527440436,0
667196,5,0,0.0007386428441642022,0.0012934210527440436,0
667198,5,0,0.001833184050300803,0.0012934210527440436,1
667208,5,0,0.004390023689748041,0.0012934210527440436,1
667262,5,0,0.0003179510779268228,0.0012934210527440436,0
667285,5,0,0.004536031373080108,0.0012934210527440436,1
667332,5,0,0.0006306200954822874,0.0012934210527440436,0
667374,5,0,0.0023764120520341097,0.0012934210527440436,1
667404,5,0,0.0006144791713587253,0.0012934210527440436,0
668002,5,0,0.0006192173271082918,0.0012934210527440436,0
668656,5,0,0.0011737317563138181,0.0012934210527440436,0
668938,5,0,0.00016701620313026077,0.0012934210527440436,0
669283,5,0,0.0001622494446001978,0.0012934210527440436,0
669633,5,0,0.000610965443817426,0.0012934210527440436,0
669817,5,0,0.0003427714727548269,0.0012934210527440436,0
669941,5,0,0.000401495631110628,0.0012934210527440436,0
670282,5,0,0.0004560719950001046,0.0012934210527440436,0
670767,5,0,0.0010024225713600838,0.0012934210527440436,0
672420,5,0,0.0007176686386648465,0.0012934210527440436,0
672426,5,0,0.0005291562986272064,0.0012934210527440436,0
672470,5,0,0.0025822253906109894,0.0012934210527440436,1
672502,5,0,0.00100025671356302,0.0012934210527440436,0
673338,5,0,0.0005940848208518308,0.0012934210527440436,0
673500,5,0,0.0021124390767579006,0.0012934210527440436,1
675342,5,0,0.00012653035828267804,0.0012934210527440436,0
676486,5,0,0.0031421272780438967,0.0012934210527440436,1
676911,5,0,0.0006792684142773978,0.0012934210527440436,0
677170,5,0,0.00029332485716341737,0.0012934210527440436,0
677846,5,0,0.000502988244527651,0.0012934210527440436,0
678654,5,0,0.000728204417085901,0.0012934210527440436,0
679960,5,0,0.00018613251290781413,0.0012934210527440436,0
682457,5,0,0.008366075598710915,0.0012934210527440436,1
683952,5,0,0.00036318421841041693,0.0012934210527440436,0
684366,5,0,0.0009826471377881838,0.0012934210527440436,0
685176,5,0,4.091389674897933e-05,0.0012934210527440436,0
686268,5,0,0.013268387452720555,0.0012934210527440436,1
693917,5,0,0.006713729253785205,0.0012934210527440436,1
697331,5,0,0.001557517336391381,0.0012934210527440436,1
697564,5,0,0.0006214927950836079,0.0012934210527440436,0
700317,5,0,0.0013458230955709072,0.0012934210527440436,1
700581,5,0,0.0006274400268666342,0.0012934210527440436,0
700590,5,0,0.0003975153237879881,0.0012934210527440436,0
700610,5,0,0.07274001573384925,0.0012934210527440436,1
700683,5,0,0.0021116647476707245,0.0012934210527440436,1
700868,5,0,0.0005794971290977997,0.0012934210527440436,0
701261,5,0,0.0017653101369112514,0.0012934210527440436,1
701437,5,0,0.0006826465054063742,0.0012934210527440436,0
701750,5,0,0.00024098298305329588,0.0012934210527440436,0
702091,5,0,0.0031276364652492424,0.0012934210527440436,1
702337,5,0,0.0026642861118928115,0.0012934210527440436,1
703762,5,0,0.028821327880539527,0.0012934210527440436,1
704084,5,0,0.0007058456225287579,0.0012934210527440436,0
705847,5,0,0.010032796562115521,0.0012934210527440436,1
705884,5,0,0.0009531315818123319,0.0012934210527440436,0
706057,5,0,0.00224234998964603,0.0012934210527440436,1
707719,5,0,0.002382466239355813,0.0012934210527440436,1
710911,5,0,0.005855933739267516,0.0012934210527440436,1
711266,5,0,0.0004956829362690485,0.0012934210527440436,0
711452,5,0,0.0029825696690601497,0.0012934210527440436,1
711914,5,0,0.0002945308300043362,0.0012934210527440436,0
711930,5,0,0.005290637367479163,0.0012934210527440436,1
712665,5,0,0.0005129780174346802,0.0012934210527440436,0
712743,5,0,0.0044492705306260726,0.0012934210527440436,1
712921,5,0,0.0007613056778543316,0.0012934210527440436,0
712995,5,0,0.015777075140152665,0.0012934210527440436,1
713220,5,0,0.00038022521601521086,0.0012934210527440436,0
713311,5,0,0.0007260522943764541,0.0012934210527440436,0
713384,5,0,0.0009442817767411971,0.0012934210527440436,0
713644,5,0,0.0009815903157899175,0.0012934210527440436,0
713796,5,0,0.0004365006602429824,0.0012934210527440436,0
714021,5,0,0.0003930963261328873,0.0012934210527440436,0
714041,5,0,0.0008398921009769715,0.0012934210527440436,0
714196,5,0,0.002769781601420061,0.0012934210527440436,1
714288,5,0,0.0009310559933858642,0.0012934210527440436,0
714386,5,0,0.005639654469094916,0.0012934210527440436,1
714668,5,0,0.0015767463474496246,0.0012934210527440436,1
714973,5,0,0.001979282911236032,0.0012934210527440436,1
715101,5,0,0.0005817494457575699,0.0012934210527440436,0
715241,5,0,0.00040468284330245886,0.0012934210527440436,0
715527,5,0,0.0026426755351861347,0.0012934210527440436,1
715566,5,0,0.0008150903120140148,0.0012934210527440436,0
716574,5,0,0.00010477184039149587,0.0012934210527440436,0
716696,5,0,5.672509919018572e-05,0.0012934210527440436,0
717126,5,0,0.0005708260807552513,0.0012934210527440436,0
717178,5,0,0.0004713893191214734,0.0012934210527440436,0
717236,5,0,0.0005677689489657962,0.0012934210527440436,0
717564,5,0,0.0019291912458023924,0.0012934210527440436,1
717800,5,0,0.00019800532599477004,0.0012934210527440436,0
717851,5,0,0.0003070232954650012,0.0012934210527440436,0
717865,5,0,0.002317293697636777,0.0012934210527440436,1
717930,5,0,0.0003367398041228895,0.0012934210527440436,0
717987,5,0,0.00048578839913581437,0.0012934210527440436,0
718044,5,0,0.00010076781127934862,0.0012934210527440436,0
718054,5,0,0.00019660412556588808,0.0012934210527440436,0
718473,5,0,8.120171542246131e-05,0.0012934210527440436,0
718532,5,0,0.0018136257529842515,0.0012934210527440436,1
718677,5,0,0.0013195748671626585,0.0012934210527440436,1
718720,5,0,0.00025080947350632053,0.0012934210527440436,0
718860,5,0,0.0009961604767755165,0.0012934210527440436,0
719638,5,0,0.0002101814891464305,0.0012934210527440436,0
719677,5,0,0.00021121474244344124,0.0012934210527440436,0
720055,5,0,0.00019338455871619487,0.0012934210527440436,0
720097,5,0,0.007013838003696377,0.0012934210527440436,1
722169,5,0,0.002405292802904161,0.0012934210527440436,1
722193,5,0,0.0010886876125938759,0.0012934210527440436,0
722533,5,0,0.0011878879373983177,0.0012934210527440436,0
722997,5,0,0.00045821134668332813,0.0012934210527440436,0
723219,5,0,0.00016723073908197795,0.0012934210527440436,0
723436,5,0,6.557537038164927e-05,0.0012934210527440436,0
723997,5,0,0.004202226710625224,0.0012934210527440436,1
724088,5,0,0.0006441901399004147,0.0012934210527440436,0
725089,5,0,0.004073229415864711,0.0012934210527440436,1
726154,5,0,0.0010006599730562288,0.0012934210527440436,0
727628,5,0,0.0025642006873255177,0.0012934210527440436,1
727692,5,0,9.374535940929423e-05,0.0012934210527440436,0
727946,5,0,0.0009340241687983068,0.0012934210527440436,0
728166,5,0,0.001018969198968017,0.0012934210527440436,0
729884,5,0,0.0004284998587328516,0.0012934210527440436,0
729992,5,0,0.00014868052538982832,0.0012934210527440436,0
730726,5,0,0.000977413738515614,0.0012934210527440436,0
730934,5,0,0.00031617447993834505,0.0012934210527440436,0
732222,5,0,0.00011360484387072012,0.0012934210527440436,0
732237,5,0,0.002255405862273985,0.0012934210527440436,1
733623,5,0,0.0023428770942162183,0.0012934210527440436,1
733747,5,0,0.0017055144022661288,0.0012934210527440436,1
734979,5,0,0.0001652057717891857,0.0012934210527440436,0
735026,5,0,0.0005950793782565684,0.0012934210527440436,0
737529,5,0,0.018438387477084494,0.0012934210527440436,1
737592,5,0,0.0002927462380260499,0.0012934210527440436,0
738368,5,0,0.00021700133056118802,0.0012934210527440436,0
738765,5,0,0.003629767324195909,0.0012934210527440436,1
738906,5,0,0.0012678932227805093,0.0012934210527440436,0
739071,5,0,0.0004463679339301633,0.0012934210527440436,0
739909,5,0,0.0003128817362351136,0.0012934210527440436,0
739944,5,0,0.0006586991716723269,0.0012934210527440436,0
740612,5,0,0.002414593456867659,0.0012934210527440436,1
740743,5,0,0.0009044924865586422,0.0012934210527440436,0
741666,5,0,0.0003924988276790061,0.0012934210527440436,0
741701,5,0,0.038045492809895894,0.0012934210527440436,1
742302,5,0,0.0020327485355255076,0.0012934210527440436,1
742378,5,0,0.001630593990804023,0.0012934210527440436,1
742979,5,0,0.001520610702864849,0.0012934210527440436,1
743396,5,0,9.355893135148222e-05,0.0012934210527440436,0
743438,5,0,0.001005377132207828,0.0012934210527440436,0
743724,5,0,0.0009780612451924004,0.0012934210527440436,0
744688,5,0,0.001031649893297181,0.0012934210527440436,0
744955,5,0,0.00042686599762918994,0.0012934210527440436,0
745328,5,0,0.004939353873368431,0.0012934210527440436,1
745404,5,0,0.0069319349307722985,0.0012934210527440436,1
745548,5,0,0.00034389643057254556,0.0012934210527440436,0
746659,5,0,0.0019046239481025145,0.0012934210527440436,1
746912,5,0,0.001549499852651707,0.0012934210527440436,1
747469,5,0,0.006464443372504665,0.0012934210527440436,1
747646,5,0,0.00018149097860782815,0.0012934210527440436,0
748291,5,0,0.012706792670466534,0.0012934210527440436,1
749183,5,0,0.001966451691783557,0.0012934210527440436,1
749961,5,0,0.0008269630141227494,0.0012934210527440436,0
749966,5,0,0.0008733850415896743,0.0012934210527440436,0
750538,5,0,0.00014028582766658322,0.0012934210527440436,0
750584,5,0,0.0007564650384868358,0.0012934210527440436,0
750773,5,0,0.01074227170383073,0.0012934210527440436,1
750947,5,0,0.0018069233145341387,0.0012934210527440436,1
751478,5,0,0.0008436750068615461,0.0012934210527440436,0
751748,5,0,0.0005906355399591501,0.0012934210527440436,0
752042,5,0,0.000181927333682417,0.0012934210527440436,0
752432,5,0,0.00030022575338751453,0.0012934210527440436,0
753067,5,0,0.00010004005398095562,0.0012934210527440436,0
753179,5,0,0.0003140298438608703,0.0012934210527440436,0
753611,5,0,0.002748405363513838,0.0012934210527440436,1
753624,5,0,0.012678450276067534,0.0012934210527440436,1
754039,5,0,0.00027697550610934784,0.0012934210527440436,0
755061,5,0,0.0007535422193494082,0.0012934210527440436,0
755172,5,0,0.0003858798041697719,0.0012934210527440436,0
756973,5,0,0.0003751132520933802,0.0012934210527440436,0
757063,5,0,6.651421937582512e-05,0.0012934210527440436,0
757837,5,0,0.00030047912938893124,0.0012934210527440436,0
758009,5,0,0.00024742920169271675,0.0012934210527440436,0
758311,5,0,0.0004731780427725757,0.0012934210527440436,0
759944,5,0,0.000851382588562224,0.0012934210527440436,0
760888,5,0,0.001519875403368755,0.0012934210527440436,1
761910,5,0,0.0020543269817094685,0.0012934210527440436,1
762359,5,0,0.0002669066563783724,0.0012934210527440436,0
762507,5,0,0.0014820882734285913,0.0012934210527440436,1
763579,5,0,0.0004972338114587844,0.0012934210527440436,0
763655,5,0,0.0004079713823162819,0.0012934210527440436,0
764226,5,0,0.0008168237370646204,0.0012934210527440436,0
765038,5,0,0.0001316655328820444,0.0012934210527440436,0
765967,5,0,0.0002951927149456031,0.0012934210527440436,0
766644,5,0,0.00036710789388576107,0.0012934210527440436,0
767119,5,0,0.0004995158621951631,0.0012934210527440436,0
767229,5,0,0.00034450113598438384,0.0012934210527440436,0
767618,5,0,0.0073125225203599905,0.0012934210527440436,1
767637,5,0,0.0023493204107432283,0.0012934210527440436,1
767662,5,0,9.205831969940183e-05,0.0012934210527440436,0
767828,5,0,0.0006889629519065175,0.0012934210527440436,0
767904,5,0,0.0005959758714912491,0.0012934210527440436,0
768122,5,0,0.0008349883331021182,0.0012934210527440436,0
768370,5,0,0.0002316162922984814,0.0012934210527440436,0
771150,5,0,0.0012448786539438015,0.0012934210527440436,0
771491,5,0,0.0011005871454463124,0.0012934210527440436,0
771667,5,0,0.00042680005546114796,0.0012934210527440436,0
772856,5,0,0.0006911695720564096,0.0012934210527440436,0
773263,5,0,0.00017689103283515634,0.0012934210527440436,0
773925,5,0,0.00025965963055950785,0.0012934210527440436,0
774975,5,0,0.0026479533757903444,0.0012934210527440436,1
775250,5,0,0.0002500279042191956,0.0012934210527440436,0
776645,5,0,0.007544672250117992,0.0012934210527440436,1
776717,5,0,0.00012929101701021658,0.0012934210527440436,0
776896,5,0,0.0005250579282065126,0.0012934210527440436,0
777095,5,0,0.0005772548049517897,0.0012934210527440436,0
777101,5,0,0.002623000511080118,0.0012934210527440436,1
777756,5,0,0.0028386054065526077,0.0012934210527440436,1
778231,5,0,9.04612905259109e-05,0.0012934210527440436,0
778342,5,0,9.864989509689241e-05,0.0012934210527440436,0
778683,5,0,0.003360223766700617,0.0012934210527440436,1
779426,5,0,0.0004956775632006519,0.0012934210527440436,0
779564,5,0,0.0003016192869529584,0.0012934210527440436,0
779612,5,0,0.00025071381321717514,0.0012934210527440436,0
779642,5,0,0.0005058175620529032,0.0012934210527440436,0
779651,5,0,0.00040005078025103657,0.0012934210527440436,0
779803,5,0,0.00017445346569303197,0.0012934210527440436,0
781047,5,0,0.0045688621079559445,0.0012934210527440436,1
782097,5,0,0.002211707435112613,0.0012934210527440436,1
783344,5,0,0.0003597708086000097,0.0012934210527440436,0
784284,5,0,0.0002563102471853353,0.0012934210527440436,0
784353,5,0,0.0006666300134198636,0.0012934210527440436,0
785027,5,0,0.0013124031668125989,0.0012934210527440436,1
785308,5,0,0.0003422250025799992,0.0012934210527440436,0
785868,5,0,0.0013393772117284769,0.0012934210527440436,1
786020,5,0,0.007712177218825002,0.0012934210527440436,1
786039,5,0,0.0011911534692736411,0.0012934210527440436,0
786051,5,0,0.001015514377671744,0.0012934210527440436,0
786192,5,0,0.0011119462207568966,0.0012934210527440436,0
787430,5,0,0.000710626330508399,0.0012934210527440436,0
788046,5,0,0.0013563093201316731,0.0012934210527440436,1
788071,5,0,0.001619635216516742,0.0012934210527440436,1
788269,5,0,0.0005311610493224549,0.0012934210527440436,0
788466,5,0,0.0013127397638411824,0.0012934210527440436,1
789333,5,0,0.0007220706031881419,0.0012934210527440436,0
790407,5,0,0.001373041021528599,0.0012934210527440436,1
790421,5,0,0.0002787165976246802,0.0012934210527440436,0
792699,5,0,0.00016832708047790528,0.0012934210527440436,0
796371,5,0,0.00041400490521346087,0.0012934210527440436,0
797507,5,0,0.0006414246216918618,0.0012934210527440436,0
797776,5,0,0.0002228163764334389,0.0012934210527440436,0
798606,5,0,0.0003236736548393954,0.0012934210527440436,0
798734,5,0,0.00019658847888951632,0.0012934210527440436,0
798936,5,0,0.0003586305013754329,0.0012934210527440436,0
800904,5,0,0.00011606334201387203,0.0012934210527440436,0
801874,5,0,0.0003935709017150704,0.0012934210527440436,0
802154,5,0,0.0008095328813953761,0.0012934210527440436,0
803002,5,0,0.0011408092542184343,0.0012934210527440436,0
803400,5,0,0.0007071846695452967,0.0012934210527440436,0
803493,5,0,0.00022761788788417818,0.0012934210527440436,0
803952,5,0,0.0002357008602518897,0.0012934210527440436,0
803966,5,0,0.0013934664245422556,0.0012934210527440436,1
804847,5,0,0.0006885566026156301,0.0012934210527440436,0
805223,5,0,0.004672622051433884,0.0012934210527440436,1
807924,5,0,0.0004589379458803033,0.0012934210527440436,0
809046,5,0,0.00048783233307320357,0.0012934210527440436,0
815932,5,0,0.0007508754896260581,0.0012934210527440436,0
821625,5,0,0.003364893921445277,0.0012934210527440436,1
821865,5,0,0.0006152280702160808,0.0012934210527440436,0
823830,5,0,0.004441111184312327,0.0012934210527440436,1
826843,5,0,0.0001450847209539683,0.0012934210527440436,0
829127,5,0,0.003578932966525874,0.0012934210527440436,1
829354,5,0,9.727465341752372e-05,0.0012934210527440436,0
829486,5,0,0.0035516125281772814,0.0012934210527440436,1
829752,5,0,0.0019599353931412117,0.0012934210527440436,1
830436,5,0,0.015040356010465437,0.0012934210527440436,1
831034,5,0,0.003644420710472895,0.0012934210527440436,1
831684,5,0,0.0022597471589975754,0.0012934210527440436,1
832830,5,0,0.00016093383284319568,0.0012934210527440436,0
834436,5,0,0.0016560049384903785,0.0012934210527440436,1
835353,5,0,0.0035417858881385943,0.0012934210527440436,1
836449,5,0,0.002602608345882452,0.0012934210527440436,1
839484,5,0,0.0019410449024730222,0.0012934210527440436,1
839901,5,0,0.0006346925936827429,0.0012934210527440436,0
841759,5,0,0.0006127812155497616,0.0012934210527440436,0
843236,5,0,0.002082104313340719,0.0012934210527440436,1
844614,5,0,0.0016031260077622217,0.0012934210527440436,1
844907,5,0,0.00011538178485855738,0.0012934210527440436,0
846189,5,0,0.00026889027250196244,0.0012934210527440436,0
846571,5,0,0.0007476105894760247,0.0012934210527440436,0
847290,5,0,0.001170281488707264,0.0012934210527440436,0
847775,5,0,0.0006094060741638957,0.0012934210527440436,0
847892,5,0,0.0002872549536134178,0.0012934210527440436,0
847942,5,0,0.00281125623819043,0.0012934210527440436,1
848268,5,0,0.00010912806745844424,0.0012934210527440436,0
849151,5,0,0.0010528989556875242,0.0012934210527440436,0
849618,5,0,0.00038574243976179166,0.0012934210527440436,0
851455,5,0,0.00032255559622305083,0.0012934210527440436,0
852350,5,0,0.0002669620445594137,0.0012934210527440436,0
859858,5,0,0.0005414349005477825,0.0012934210527440436,0
864617,5,0,0.0008406472191901316,0.0012934210527440436,0
866373,5,0,0.0002291908252868682,0.0012934210527440436,0
866806,5,0,0.0020872233530418016,0.0012934210527440436,1
866878,5,0,0.0003952721705571601,0.0012934210527440436,0
868243,5,0,0.0013854637671448392,0.0012934210527440436,1
869171,5,0,0.0015535850777433611,0.0012934210527440436,1
869220,5,0,0.0005914636918745697,0.0012934210527440436,0
869785,5,0,0.0032194604113654564,0.0012934210527440436,1
870163,5,0,0.00019847998432950882,0.0012934210527440436,0
870804,5,0,0.047717843456583184,0.0012934210527440436,1
871142,5,0,0.0005383305538581208,0.0012934210527440436,0
871509,5,0,0.000564580732864906,0.0012934210527440436,0
873464,5,0,7.97060583418059e-05,0.0012934210527440436,0
873878,5,0,0.00022888304553651416,0.0012934210527440436,0
873995,5,0,0.0019582283445205777,0.0012934210527440436,1
874940,5,0,0.006363684382338238,0.0012934210527440436,1
875060,5,0,0.0006399139413472254,0.0012934210527440436,0
875112,5,0,0.0005848511907282243,0.0012934210527440436,0
876225,5,0,0.014137960341268479,0.0012934210527440436,1
877404,5,0,0.0002755073139587017,0.0012934210527440436,0
878309,5,0,0.00153979682686954,0.0012934210527440436,1
878489,5,0,0.012221834645980697,0.0012934210527440436,1
878991,5,0,0.0023799644194189623,0.0012934210527440436,1
879133,5,0,9.122205286417783e-05,0.0012934210527440436,0
880829,5,0,8.483578795982168e-05,0.0012934210527440436,0
880956,5,0,0.003782297294543615,0.0012934210527440436,1
881181,5,0,0.00015376182447800042,0.0012934210527440436,0
881644,5,0,0.0015279232360648285,0.0012934210527440436,1
882525,5,0,0.0008226729781835385,0.0012934210527440436,0
883266,5,0,0.0006465785416524623,0.0012934210527440436,0
883452,5,0,0.0004705364674549797,0.0012934210527440436,0
884438,5,0,0.0006479867160253829,0.0012934210527440436,0
885226,5,0,0.00010370909406412268,0.0012934210527440436,0
886264,5,0,0.00046894724667324953,0.0012934210527440436,0
886683,5,0,0.00021221059316967395,0.0012934210527440436,0
887275,5,0,0.0005374278541886024,0.0012934210527440436,0
887859,5,0,0.0002667483345616979,0.0012934210527440436,0
888278,5,0,0.0003071647623893325,0.0012934210527440436,0
888314,5,0,0.0029173222380945454,0.0012934210527440436,1
888971,5,0,0.0015147509643156853,0.0012934210527440436,1
889544,5,0,0.0003013672091386174,0.0012934210527440436,0
889672,5,0,0.0005371473036132547,0.0012934210527440436,0
889945,5,0,0.0023801245539001653,0.0012934210527440436,1
891301,5,0,0.001950170152328468,0.0012934210527440436,1
891796,5,0,0.0011675959473051915,0.0012934210527440436,0
891850,5,0,0.006057500389115224,0.0012934210527440436,1
891856,5,0,0.0012850298482411028,0.0012934210527440436,0
891880,5,0,0.00046939249541761563,0.0012934210527440436,0
891889,5,0,0.0032398791568642366,0.0012934210527440436,1
891975,5,0,0.0003060494979324014,0.0012934210527440436,0
892116,5,0,0.0014822726763197359,0.0012934210527440436,1
892286,5,0,0.0004637494308007943,0.0012934210527440436,0
892402,5,0,0.003965023957786318,0.0012934210527440436,1
892466,5,0,0.0015471562842033285,0.0012934210527440436,1
892984,5,0,8.166519862417239e-05,0.0012934210527440436,0
893152,5,0,0.000784562675471657,0.0012934210527440436,0
893318,5,0,0.0010236477782500683,0.0012934210527440436,0
893329,5,0,0.00022145237893198222,0.0012934210527440436,0
893436,5,0,0.00261603552944908,0.0012934210527440436,1
893444,5,0,0.00032988182124344886,0.0012934210527440436,0
893800,5,0,0.006633500440167613,0.0012934210527440436,1
893838,5,0,0.0004910265312462541,0.0012934210527440436,0
893856,5,0,0.0007130302210931463,0.0012934210527440436,0
894147,5,0,0.023580888381832244,0.0012934210527440436,1
894234,5,0,0.00031884458960162337,0.0012934210527440436,0
894880,5,0,0.00042893875015349105,0.0012934210527440436,0
895859,5,0,7.268945221730717e-05,0.0012934210527440436,0
896853,5,0,0.00018972791408113546,0.0012934210527440436,0
897065,5,0,0.0005501736560837576,0.0012934210527440436,0
897621,5,0,0.0005814689321461581,0.0012934210527440436,0
897946,5,0,0.0001195234082235767,0.0012934210527440436,0
900718,5,0,0.0001623379699238229,0.0012934210527440436,0
912581,5,0,0.0013635637296096441,0.0012934210527440436,1
914513,5,0,0.00027079909803801906,0.0012934210527440436,0
914556,5,0,0.00026271092490667695,0.0012934210527440436,0
918469,5,0,0.00031716915116501487,0.0012934210527440436,0
925199,5,0,0.0005319826366589661,0.0012934210527440436,0
926662,5,0,0.00020383904383736872,0.0012934210527440436,0
927111,5,0,0.0004608394918303461,0.0012934210527440436,0
930473,5,0,0.0007310763051474593,0.0012934210527440436,0
934490,5,0,0.0006269014546406387,0.0012934210527440436,0
934568,5,0,0.00032276437575825526,0.0012934210527440436,0
935206,5,0,0.00012205697619493161,0.0012934210527440436,0
935388,5,0,0.0006471492582424697,0.0012934210527440436,0
935627,5,0,0.00020637576746519387,0.0012934210527440436,0
937824,5,0,0.00028174289829488707,0.0012934210527440436,0
938219,5,0,0.0011562441033032608,0.0012934210527440436,0
940717,5,0,0.0008303851900017115,0.0012934210527440436,0
941856,5,0,0.00021065219461349256,0.0012934210527440436,0
945317,5,0,0.00018057329965597604,0.0012934210527440436,0
951653,5,0,0.00017042618052675516,0.0012934210527440436,0
951671,5,0,0.0012198980313149418,0.0012934210527440436,0
951845,5,0,0.0006051748204920791,0.0012934210527440436,0
951980,5,0,0.00012198900011649587,0.0012934210527440436,0
953023,5,0,0.0010645923787638623,0.0012934210527440436,0
953585,5,0,0.0012938792228218664,0.0012934210527440436,1
955247,5,0,0.002295693049083467,0.0012934210527440436,1
956146,5,0,0.0010369499783597527,0.0012934210527440436,0
962498,5,0,0.002707465140172284,0.0012934210527440436,1
966864,5,0,0.00011008519895534088,0.0012934210527440436,0
969581,5,0,0.0011129869192798786,0.0012934210527440436,0
969796,5,0,0.0002624914474514793,0.0012934210527440436,0
970324,5,0,0.0004886535639533529,0.0012934210527440436,0
970527,5,0,0.000830124602418455,0.0012934210527440436,0
971726,5,0,0.00021993707117262516,0.0012934210527440436,0
972077,5,0,0.00016522856410363277,0.0012934210527440436,0
972118,5,0,0.00027893021462347,0.0012934210527440436,0
972295,5,0,0.006824445384631646,0.0012934210527440436,1
972346,5,0,0.0015013707148600244,0.0012934210527440436,1
972417,5,0,0.00023357388248668992,0.0012934210527440436,0
972750,5,0,0.0011082438840052413,0.0012934210527440436,0
972766,5,0,0.06077028661958286,0.0012934210527440436,1
972893,5,0,0.002198159258476354,0.0012934210527440436,1
973111,5,0,0.003022396807447647,0.0012934210527440436,1
973122,5,0,0.004993554399349954,0.0012934210527440436,1
973285,5,0,0.0003854354722095248,0.0012934210527440436,0
973374,5,0,0.001623280337875923,0.0012934210527440436,1
973405,5,0,0.0008058585385675637,0.0012934210527440436,0
973570,5,0,0.00047717092055485366,0.0012934210527440436,0
973892,5,0,0.0005186301133019795,0.0012934210527440436,0
974003,5,0,0.001254578241304271,0.0012934210527440436,0
974101,5,0,0.00028949437029727993,0.0012934210527440436,0
974365,5,0,7.955918920586381e-05,0.0012934210527440436,0
974449,5,0,0.0002853455761129768,0.0012934210527440436,0
974498,5,0,0.0007000792197898428,0.0012934210527440436,0
974802,5,0,0.0005802366908033051,0.0012934210527440436,0
975169,5,0,0.001333943463862786,0.0012934210527440436,1
975807,5,0,0.0009210482691910709,0.0012934210527440436,0
976135,5,0,0.0008307190425537916,0.0012934210527440436,0
976233,5,0,0.006235093102666763,0.0012934210527440436,1
976269,5,0,0.001055543276407128,0.0012934210527440436,0
976454,5,0,0.00599785941298779,0.0012934210527440436,1
976859,5,0,0.00013998941566814048,0.0012934210527440436,0
976913,5,0,8.692966618881843e-05,0.0012934210527440436,0
977079,5,0,0.013493506997550786,0.0012934210527440436,1
977187,5,0,0.00023368027614883587,0.0012934210527440436,0
977848,5,0,0.05927031274478115,0.0012934210527440436,1
978050,5,0,0.0001145966322137489,0.0012934210527440436,0
978533,5,0,0.0060989108111083636,0.0012934210527440436,1
980133,5,0,0.004512547500576509,0.0012934210527440436,1
982241,5,0,0.00013637084232114453,0.0012934210527440436,0
983212,5,0,0.0005088695641929759,0.0012934210527440436,0
984185,5,0,0.0005543762271498922,0.0012934210527440436,0
987053,5,0,0.00020419279595179952,0.0012934210527440436,0
987473,5,0,0.0006721578298755056,0.0012934210527440436,0
988004,5,0,0.00020586929852564986,0.0012934210527440436,0
989525,5,0,0.00034959888832298864,0.0012934210527440436,0
990860,5,0,0.00031817265004422713,0.0012934210527440436,0
992505,5,0,0.002689543980875761,0.0012934210527440436,1
994221,5,0,0.0023424981472445496,0.0012934210527440436,1
998772,5,0,0.0003218988820036099,0.0012934210527440436,0
1005075,5,0,0.0007172496626499149,0.0012934210527440436,0
1016562,5,0,0.0005330275345709869,0.0012934210527440436,0
1017311,5,0,0.00031956685344125367,0.0012934210527440436,0
1021210,5,0,0.001285897909299201,0.0012934210527440436,0
1021267,5,0,0.00021542860371044496,0.0012934210527440436,0
1021983,5,0,0.00022987021557147427,0.0012934210527440436,0
1025592,5,0,0.0005833660936233362,0.0012934210527440436,0
1026398,5,0,0.0016700096190287689,0.0012934210527440436,1
1033156,5,0,0.0013895827748263826,0.0012934210527440436,1
1035368,5,0,0.00023874453490319445,0.0012934210527440436,0
1053503,5,0,0.0012574268206164275,0.0012934210527440436,0
1067684,5,0,0.0016557571120083352,0.0012934210527440436,1
1068594,5,0,0.0021052203446297797,0.0012934210527440436,1
1069526,5,0,0.00036645765683195937,0.0012934210527440436,0
1072091,5,0,9.750126044064522e-05,0.0012934210527440436,0
1072359,5,0,0.0004746868288622415,0.0012934210527440436,0
1075818,5,0,0.00038515314486313343,0.0012934210527440436,0
1078318,5,0,0.0002082756215686738,0.0012934210527440436,0
1078336,5,0,0.009322143568756087,0.0012934210527440436,1
1080842,5,0,0.00022112637769472316,0.0012934210527440436,0
1080913,5,0,0.0002141650867100238,0.0012934210527440436,0
1081777,5,0,0.00025762845668114573,0.0012934210527440436,0
1082588,5,0,0.008942490802700627,0.0012934210527440436,1
1085710,5,0,0.001063293228369684,0.0012934210527440436,0
1086722,5,0,0.002166462681402414,0.0012934210527440436,1
1086921,5,0,0.0021992002500317836,0.0012934210527440436,1
1086994,5,0,0.0021001878549972946,0.0012934210527440436,1
1089008,5,0,0.0006794915389805739,0.0012934210527440436,0
1091396,5,0,0.00023430519584331672,0.0012934210527440436,0
1091399,5,0,0.00022910193556727946,0.0012934210527440436,0
1091576,5,0,8.494504576016965e-05,0.0012934210527440436,0
1091991,5,0,0.00029155596271222855,0.0012934210527440436,0
1093424,5,0,0.0008567665687454092,0.0012934210527440436,0
1093774,5,0,0.02195680857266824,0.0012934210527440436,1
1095473,5,0,0.00023874629565712532,0.0012934210527440436,0
1096301,5,0,0.0016826205035996324,0.0012934210527440436,1
1104093,5,0,0.006782306046890844,0.0012934210527440436,1
1104178,5,0,0.002251310211620753,0.0012934210527440436,1
1106122,5,0,0.0014594333236247967,0.0012934210527440436,1
1106331,5,0,0.0019102599326878806,0.0012934210527440436,1
1112833,5,0,0.0001534160703859347,0.0012934210527440436,0
1116265,5,0,0.004232978480022594,0.0012934210527440436,1
1120541,5,0,0.0002538930638448318,0.0012934210527440436,0
1121183,5,0,0.00024381223799202687,0.0012934210527440436,0
1121610,5,0,0.0003354287288627639,0.0012934210527440436,0
1124495,5,0,0.00011409103032145255,0.0012934210527440436,0
1125110,5,0,0.0002623767941026915,0.0012934210527440436,0
1130514,5,0,0.0009012165627203235,0.0012934210527440436,0
1146881,5,0,0.002449204112182216,0.0012934210527440436,1
1147586,5,0,0.00016353138170956174,0.0012934210527440436,0
1148607,5,0,0.00021453792412195894,0.0012934210527440436,0
1148854,5,0,0.0002491676507755562,0.0012934210527440436,0
1150894,5,0,0.0069270745403498205,0.0012934210527440436,1
1151669,5,0,0.00013273589876740277,0.0012934210527440436,0
1151697,5,0,0.0001838597734431823,0.0012934210527440436,0
1156035,5,0,0.00029519010802425347,0.0012934210527440436,0
1157606,5,0,0.0009996193530430232,0.0012934210527440436,0
1164109,5,0,8.379157356123805e-05,0.0012934210527440436,0
1164173,5,0,0.00216716219336063,0.0012934210527440436,1
1164702,5,0,0.0018656618671306058,0.0012934210527440436,1
1184791,5,0,0.0001822743402556988,0.0012934210527440436,0
1186420,5,0,0.0005905391619351844,0.0012934210527440436,0
1186776,5,0,0.00021815279378048226,0.0012934210527440436,0
1188159,5,0,0.0017659471399064897,0.0012934210527440436,1
1191328,5,0,0.00010510480143208335,0.0012934210527440436,0
1201903,5,0,0.001085758043619066,0.0012934210527440436,0
1204232,5,0,0.0010777766766250322,0.0012934210527440436,0
1205156,5,0,0.0006691047771899891,0.0012934210527440436,0
1212190,5,0,0.0031301503353506066,0.0012934210527440436,1
1218140,5,0,0.017848478340962346,0.0012934210527440436,1
1226363,5,0,0.00026319200206848897,0.0012934210527440436,0
1233967,5,0,0.0005076814805996288,0.0012934210527440436,0
1236843,5,0,0.0024561816682884966,0.0012934210527440436,1
1240016,5,0,0.0018962085893684077,0.0012934210527440436,1
1240313,5,0,0.00030909924021063905,0.0012934210527440436,0
1241181,5,0,9.616069014829172e-05,0.0012934210527440436,0
1241915,5,0,0.0013910957873346467,0.0012934210527440436,1
1242030,5,0,0.0046925386769225115,0.0012934210527440436,1
1242993,5,0,0.000474407260313231,0.0012934210527440436,0
1243559,5,0,0.00042087042521908385,0.0012934210527440436,0
1244041,5,0,0.0009091309673134393,0.0012934210527440436,0
1244099,5,0,0.0007534182716966484,0.0012934210527440436,0
1244119,5,0,0.0008912582785828242,0.0012934210527440436,0
1244346,5,0,0.015752398426094046,0.0012934210527440436,1
1244999,5,0,0.03747420321513902,0.0012934210527440436,1
1245183,5,0,0.0019284139163658427,0.0012934210527440436,1
1245366,5,0,0.0030227672300098553,0.0012934210527440436,1
1245402,5,0,0.0015843982023729846,0.0012934210527440436,1
1245404,5,0,0.00038795775483811565,0.0012934210527440436,0
1245585,5,0,6.277591535245232e-05,0.0012934210527440436,0
1245713,5,0,0.0009322761022083747,0.0012934210527440436,0
1245926,5,0,0.00016245202449710524,0.0012934210527440436,0
1245929,5,0,0.0010112760327280698,0.0012934210527440436,0
1246414,5,0,0.0028242623679317624,0.0012934210527440436,1
1246755,5,0,0.00011051630506278285,0.0012934210527440436,0
1246991,5,0,0.00618414459000457,0.0012934210527440436,1
1247025,5,0,0.006465601990002659,0.0012934210527440436,1
1247100,5,0,0.0002608033237202862,0.0012934210527440436,0
1247566,5,0,0.0006870241269878896,0.0012934210527440436,0
1247778,5,0,0.00025743857444403577,0.0012934210527440436,0
1248135,5,0,0.0027933783447356094,0.0012934210527440436,1
1248856,5,0,0.001064386072716211,0.0012934210527440436,0
1248971,5,0,0.0006146614901235844,0.0012934210527440436,0
1250965,5,0,0.0035031227875497828,0.0012934210527440436,1
1251601,5,0,0.0033399828078652404,0.0012934210527440436,1
1251717,5,0,0.012622595630107801,0.0012934210527440436,1
1251870,5,0,0.00028600169420107106,0.0012934210527440436,0
1251920,5,0,0.0003423661375554651,0.0012934210527440436,0
1252494,5,0,0.00011659034628904003,0.0012934210527440436,0
1252622,5,0,0.0002886656708504956,0.0012934210527440436,0
1253133,5,0,0.0022031725841962103,0.0012934210527440436,1
1253646,5,0,0.0006369429798742641,0.0012934210527440436,0
1255139,5,0,0.00016314936167133548,0.0012934210527440436,0
1255636,5,0,0.002486205434474138,0.0012934210527440436,1
1256265,5,0,0.001045710149482826,0.0012934210527440436,0
1256693,5,0,0.0024311346614561027,0.0012934210527440436,1
1256741,5,0,0.0026488753469065293,0.0012934210527440436,1
1257445,5,0,0.0004775847979364152,0.0012934210527440436,0
1259261,5,0,0.00035230241447613774,0.0012934210527440436,0
1259349,5,0,0.007551226740833098,0.0012934210527440436,1
1259535,5,0,0.002338507253025253,0.0012934210527440436,1
1259711,5,0,0.002850220586116361,0.0012934210527440436,1
1260713,5,0,0.0003993670918141157,0.0012934210527440436,0
1261048,5,0,0.000185592705908948,0.0012934210527440436,0
1261330,5,0,0.0021738954427752664,0.0012934210527440436,1
1263064,5,0,0.0017725012980219735,0.0012934210527440436,1
1263319,5,0,0.0002850392326459572,0.0012934210527440436,0
1263476,5,0,0.0003628668504088496,0.0012934210527440436,0
1263850,5,0,0.00019556542583250283,0.0012934210527440436,0
1263872,5,0,0.0023178309297897212,0.0012934210527440436,1
1264955,5,0,0.0022693747186357752,0.0012934210527440436,1
1265263,5,0,0.0029225373376375627,0.0012934210527440436,1
1265528,5,0,0.0001142886901486048,0.0012934210527440436,0
1265630,5,0,0.0002102454640429996,0.0012934210527440436,0
1265644,5,0,0.0006375934903167848,0.0012934210527440436,0
1265885,5,0,0.00015912193259115268,0.0012934210527440436,0
1266303,5,0,0.0001388953360553433,0.0012934210527440436,0
1266750,5,0,0.004487659066895003,0.0012934210527440436,1
1266769,5,0,0.009543683673063123,0.0012934210527440436,1
1271291,5,0,4.720859408300859e-05,0.0012934210527440436,0
1271328,5,0,0.000665704823958667,0.0012934210527440436,0
1272394,5,0,0.006206050771213058,0.0012934210527440436,1
1279138,5,0,0.00036456188255329857,0.0012934210527440436,0
1284169,5,0,0.00025188552909584795,0.0012934210527440436,0
1285300,5,0,0.0006307045587606213,0.0012934210527440436,0
1287840,5,0,0.0024715755700660622,0.0012934210527440436,1
1288488,5,0,0.001110627569506503,0.0012934210527440436,0
1288538,5,0,0.00029291262386357207,0.0012934210527440436,0
1288984,5,0,0.0017788627145392008,0.0012934210527440436,1
1289627,5,0,0.0006487564521932697,0.0012934210527440436,0
1293145,5,0,0.0005078856316478272,0.0012934210527440436,0
1293763,5,0,0.0023000988730850825,0.0012934210527440436,1
1295468,5,0,0.00011357439637758392,0.0012934210527440436,0
1295953,5,0,0.00022716781691554323,0.0012934210527440436,0
1298178,5,0,0.00024025753051204127,0.0012934210527440436,0
1299185,5,0,0.0021101505175289367,0.0012934210527440436,1
1299465,5,0,0.0028513189819011475,0.0012934210527440436,1
1300454,5,0,0.0013331260571895463,0.0012934210527440436,1
1300916,5,0,0.0005247680552329615,0.0012934210527440436,0
1301415,5,0,0.00043600434237526636,0.0012934210527440436,0
1301470,5,0,0.0010801081073111938,0.0012934210527440436,0
1301910,5,0,0.0003311684934898847,0.0012934210527440436,0
1302021,5,0,0.00031346632799930495,0.0012934210527440436,0
1303003,5,0,0.01046593879417382,0.0012934210527440436,1
1303882,5,0,0.0011845570150959468,0.0012934210527440436,0
1305064,5,0,0.008096176898307373,0.0012934210527440436,1
1305820,5,0,0.018657963158549926,0.0012934210527440436,1
1307924,5,0,0.0019478266762968683,0.0012934210527440436,1
1308992,5,0,0.00038012415240614686,0.0012934210527440436,0
1310640,5,0,0.0006452661749972746,0.0012934210527440436,0
1311459,5,0,0.02203297343941566,0.0012934210527440436,1
1312921,5,0,0.0037275881299705586,0.0012934210527440436,1
1315034,5,0,0.0021571992764475353,0.0012934210527440436,1
1316898,5,0,0.00025224944045873537,0.0012934210527440436,0
1326327,5,0,0.0002809962155442164,0.0012934210527440436,0
1327311,5,0,0.00029857082672283343,0.0012934210527440436,0
1327416,5,0,0.003804101460590585,0.0012934210527440436,1
1331320,5,0,0.0006280648097345782,0.0012934210527440436,0
1333629,5,0,0.000869990208786201,0.0012934210527440436,0
1339266,5,0,0.00024232719868411617,0.0012934210527440436,0
1339819,5,0,0.0048792396212484065,0.0012934210527440436,1
1348125,5,0,0.001296528756843416,0.0012934210527440436,1
1354533,5,0,0.0001856552625058653,0.0012934210527440436,0
1365020,5,0,0.00015146048508945533,0.0012934210527440436,0
1366369,5,0,0.0002568061581203916,0.0012934210527440436,0
1366454,5,0,0.001041665596344202,0.0012934210527440436,0
1377910,5,0,0.0007224510716261411,0.0012934210527440436,0
1378785,5,0,0.00012107154183759914,0.0012934210527440436,0
1379075,5,0,0.0001813356648136087,0.0012934210527440436,0
1379247,5,0,0.000166787567382597,0.0012934210527440436,0
1380790,5,0,0.0005193777821757183,0.0012934210527440436,0
1382525,5,0,0.002641996813989162,0.0012934210527440436,1
1390051,5,0,0.0048079315224668654,0.0012934210527440436,1
1485419,5,0,0.0015876035532893299,0.0012934210527440436,1
1488927,5,0,0.000991374411405584,0.0012934210527440436,0
1505218,5,0,0.001394981857945629,0.0012934210527440436,1
1507282,5,0,0.00022111762784169213,0.0012934210527440436,0
1517107,5,0,0.0004767687301376088,0.0012934210527440436,0
1517499,5,0,0.0004009347857961747,0.0012934210527440436,0
1520373,5,0,0.00028988370034757713,0.0012934210527440436,0
1528681,5,0,5.634793229277564e-05,0.0012934210527440436,0
1528686,5,0,0.001508485163508264,0.0012934210527440436,1
1528922,5,0,0.000608236996690956,0.0012934210527440436,0
1530469,5,0,0.0001322066314668159,0.0012934210527440436,0
1535225,5,0,0.0016383884520689528,0.0012934210527440436,1
1535318,5,0,0.0002139152574030743,0.0012934210527440436,0
1536964,5,0,0.001995764518069154,0.0012934210527440436,1
1538539,5,0,0.0003881558484606181,0.0012934210527440436,0
1548752,5,0,0.003389624167792733,0.0012934210527440436,1
1551584,5,0,0.002079654113944795,0.0012934210527440436,1
1563227,5,0,0.0003874212604786097,0.0012934210527440436,0
1565314,5,0,6.743450246334797e-05,0.0012934210527440436,0
1575611,5,0,0.0018654045162554871,0.0012934210527440436,1
1575795,5,0,4.9987859087570214e-05,0.0012934210527440436,0
1581526,5,0,0.0008172753219451514,0.0012934210527440436,0
1606660,5,0,0.0002603078605139355,0.0012934210527440436,0
1631471,5,0,0.0004754403789864244,0.0012934210527440436,0
1636776,5,0,0.0005262284660956249,0.0012934210527440436,0
1643828,5,0,0.0002827214406788007,0.0012934210527440436,0
1646798,5,0,0.00016359040758808635,0.0012934210527440436,0
1652909,5,0,0.002621443405711473,0.0012934210527440436,1
1713558,5,0,0.002434528653369403,0.0012934210527440436,1
1728524,5,0,0.0005326159452457704,0.0012934210527440436,0
1736387,5,0,0.0013209890729432418,0.0012934210527440436,1
1765449,5,0,0.007847285017075012,0.0012934210527440436,1
1784115,5,0,0.01086010919127795,0.0012934210527440436,1
1803647,5,0,0.005388487316522415,0.0012934210527440436,1
1811256,5,0,0.0005962491255710863,0.0012934210527440436,0
1811597,5,0,0.0001824324915934168,0.0012934210527440436,0
1817890,5,0,0.0016443806783424527,0.0012934210527440436,1
1819021,5,0,0.0013882615500818256,0.0012934210527440436,1
1819219,5,0,0.000861739546770342,0.0012934210527440436,0
1825735,5,0,0.0014441279700569505,0.0012934210527440436,1
1825745,5,0,0.0010136461314885067,0.0012934210527440436,0
1826320,5,0,0.00018734515827310686,0.0012934210527440436,0
1833878,5,0,0.000574401979234729,0.0012934210527440436,0
1845524,5,0,0.0014553121384754542,0.0012934210527440436,1
1863801,5,0,0.00018386966511345904,0.0012934210527440436,0
1868418,5,0,0.00012447909351351996,0.0012934210527440436,0
1910909,5,0,0.0002924984153592605,0.0012934210527440436,0
1965826,5,0,0.00045571828187143307,0.0012934210527440436,0
1970489,5,0,0.0011530191389361355,0.0012934210527440436,0
1982375,5,0,0.00018559820703058433,0.0012934210527440436,0
1987212,5,0,0.0028826489646534273,0.0012934210527440436,1
1990994,5,0,0.0013011970825633984,0.0012934210527440436,1
2028588,5,0,0.0004031182974172931,0.0012934210527440436,0
2029829,5,0,0.0003018632892480777,0.0012934210527440436,0
2043591,5,0,0.007730976058931951,0.0012934210527440436,1
2049499,5,0,0.007613088292935969,0.0012934210527440436,1
2051214,5,0,0.01988085184648053,0.0012934210527440436,1
2051278,5,0,0.0015876780022381649,0.0012934210527440436,1
2052844,5,0,0.00019533798326556623,0.0012934210527440436,0
2054748,5,0,0.0019020043770654495,0.0012934210527440436,1
2054987,5,0,0.006431758049344868,0.0012934210527440436,1
2055851,5,0,0.0009538853582533027,0.0012934210527440436,0
2056050,5,0,0.00048799866630250033,0.0012934210527440436,0
2056291,5,0,0.0002963962388498009,0.0012934210527440436,0
2056466,5,0,0.00013074679814798352,0.0012934210527440436,0
2056866,5,0,0.00031470337823173955,0.0012934210527440436,0
2057307,5,0,0.000703596018958191,0.0012934210527440436,0
2059429,5,0,0.001707113484127716,0.0012934210527440436,1
2059760,5,0,0.0015340798290895687,0.0012934210527440436,1
2059938,5,0,0.001678733921196229,0.0012934210527440436,1
2077990,5,0,0.001732459745986341,0.0012934210527440436,1
2078305,5,0,0.001907176425673399,0.0012934210527440436,1
2078665,5,0,0.0003062482127927115,0.0012934210527440436,0
2078706,5,0,0.0020005633686512635,0.0012934210527440436,1
2079291,5,0,0.0019023742612814401,0.0012934210527440436,1
2081288,5,0,0.003146538863697561,0.0012934210527440436,1
2082035,5,0,0.0008726819363365441,0.0012934210527440436,0
2082651,5,0,0.002705817011228799,0.0012934210527440436,1
2083034,5,0,0.016059014468097443,0.0012934210527440436,1
2084085,5,0,0.010755034539480719,0.0012934210527440436,1
2084184,5,0,0.010169279777131187,0.0012934210527440436,1
2085812,5,0,0.003659703198352432,0.0012934210527440436,1
2087459,5,0,0.00035256972218215013,0.0012934210527440436,0
2088073,5,0,0.0005234240495159422,0.0012934210527440436,0
2088608,5,0,0.015187485011467362,0.0012934210527440436,1
2089180,5,0,0.0009606933698707586,0.0012934210527440436,0
2089189,5,0,0.0020455782299917723,0.0012934210527440436,1
2089640,5,0,0.016124385344950105,0.0012934210527440436,1
2090232,5,0,0.003017213266825173,0.0012934210527440436,1
2090620,5,0,0.0011472613536407327,0.0012934210527440436,0
2091082,5,0,0.0006770004606777386,0.0012934210527440436,0
2091613,5,0,8.00819800690771e-05,0.0012934210527440436,0
2091642,5,0,0.0039293665534065655,0.0012934210527440436,1
2091869,5,0,0.0016699227172564102,0.0012934210527440436,1
2092924,5,0,0.0013169594676705697,0.0012934210527440436,1
2095287,5,0,0.0016768991936739956,0.0012934210527440436,1
2097025,5,0,0.005223715626319869,0.0012934210527440436,1
2097372,5,0,0.00033009467264915877,0.0012934210527440436,0
2099054,5,0,0.009241700439591837,0.0012934210527440436,1
2102480,5,0,0.0006566394422821346,0.0012934210527440436,0
2102674,5,0,0.0009585638113102886,0.0012934210527440436,0
2105146,5,0,0.0006914982650829946,0.0012934210527440436,0
2106397,5,0,0.00010527511405450752,0.0012934210527440436,0
2106450,5,0,0.0013141230206823212,0.0012934210527440436,1
2106749,5,0,0.00034762992360325563,0.0012934210527440436,0
2106961,5,0,0.009119454030546353,0.0012934210527440436,1
2107276,5,0,0.0011388879080419826,0.0012934210527440436,0
2107368,5,0,0.0001817275881373937,0.0012934210527440436,0
2107624,5,0,0.00033291578556434766,0.0012934210527440436,0
2108046,5,0,0.0015982906345436514,0.0012934210527440436,1
2108255,5,0,0.0002719482104110307,0.0012934210527440436,0
2108414,5,0,0.0033232106642590324,0.0012934210527440436,1
2108987,5,0,0.0004280649062017072,0.0012934210527440436,0
2109473,5,0,0.00022135380707911107,0.0012934210527440436,0
2109800,5,0,0.0003870219943498992,0.0012934210527440436,0
2109809,5,0,0.00038506784766593425,0.0012934210527440436,0
2110254,5,0,0.0014770420301214433,0.0012934210527440436,1
2113030,5,0,0.0048765906806752255,0.0012934210527440436,1
2113884,5,0,0.0037091527658956753,0.0012934210527440436,1
2115030,5,0,0.0017837411097476775,0.0012934210527440436,1
2115978,5,0,0.01346768872418719,0.0012934210527440436,1
2116787,5,0,0.011455749416524297,0.0012934210527440436,1
2117110,5,0,0.004612442831451034,0.0012934210527440436,1
2118091,5,0,0.0005319955835798152,0.0012934210527440436,0
2118554,5,0,0.0003176453041274805,0.0012934210527440436,0
2119832,5,0,0.0020178139373550424,0.0012934210527440436,1
2121635,5,0,0.0080510633012973,0.0012934210527440436,1
2123150,5,0,0.0008723815221086025,0.0012934210527440436,0
2123527,5,0,0.0001413633069263579,0.0012934210527440436,0
2123759,5,0,0.003159884471969421,0.0012934210527440436,1
2123807,5,0,0.0014660288709433908,0.0012934210527440436,1
2123972,5,0,0.0007807916097479972,0.0012934210527440436,0
2124528,5,0,0.0009236438917734336,0.0012934210527440436,0
2124942,5,0,0.0005875850751613288,0.0012934210527440436,0
2125372,5,0,0.0008678956928551729,0.0012934210527440436,0
2125848,5,0,0.002132643523201173,0.0012934210527440436,1
2126119,5,0,0.00632836720709952,0.0012934210527440436,1
2127774,5,0,0.029318101490675725,0.0012934210527440436,1
2127907,5,0,0.001157537566621728,0.0012934210527440436,0
2128446,5,0,0.0037895949667663843,0.0012934210527440436,1
2128733,5,0,0.0006029152562958133,0.0012934210527440436,0
2138715,5,0,0.00015097737165683855,0.0012934210527440436,0
2142785,5,0,0.0013185734588410719,0.0012934210527440436,1
2145342,5,0,0.00035722946323945914,0.0012934210527440436,0
2147354,5,0,0.0005016585747387959,0.0012934210527440436,0
2148464,5,0,0.002152240524542824,0.0012934210527440436,1
2148473,5,0,0.001623209602513761,0.0012934210527440436,1
2148476,5,0,0.0009598475097227377,0.0012934210527440436,0
2148509,5,0,0.0012351901685280448,0.0012934210527440436,0
2149365,5,0,0.00031429519498422156,0.0012934210527440436,0
2153022,5,0,0.003518459777067915,0.0012934210527440436,1
2155035,5,0,0.0005224756858985064,0.0012934210527440436,0
2155046,5,0,0.00030554390822715724,0.0012934210527440436,0
2155307,5,0,0.0006269795241854833,0.0012934210527440436,0
2155600,5,0,0.001451539930924697,0.0012934210527440436,1
2155832,5,0,0.0002327572248505833,0.0012934210527440436,0
2155866,5,0,0.00024074934130354316,0.0012934210527440436,0
2155956,5,0,0.0014481705311514856,0.0012934210527440436,1
2156387,5,0,0.0015516314189099384,0.0012934210527440436,1
2157574,5,0,0.0005159810624261037,0.0012934210527440436,0
2158939,5,0,0.004603777864268964,0.0012934210527440436,1
2159359,5,0,0.00024520960662228407,0.0012934210527440436,0
2159367,5,0,0.00044250585712645986,0.0012934210527440436,0
2159398,5,0,0.0005402287281815319,0.0012934210527440436,0
2159436,5,0,0.0005733526735527558,0.0012934210527440436,0
2160221,5,0,0.004534937963207807,0.0012934210527440436,1
2161090,5,0,0.00036753996654847375,0.0012934210527440436,0
2162790,5,0,0.0008524374610347176,0.0012934210527440436,0
2162949,5,0,0.00448342467964908,0.0012934210527440436,1
2163924,5,0,0.004259081203644599,0.0012934210527440436,1
2165724,5,0,0.001199348251018803,0.0012934210527440436,0
2166675,5,0,0.004253146931243088,0.0012934210527440436,1
2174397,5,0,0.000714990703853307,0.0012934210527440436,0
2174924,5,0,0.00012795705531407927,0.0012934210527440436,0
2175702,5,0,5.849778655387748e-05,0.0012934210527440436,0
2177226,5,0,0.0009513676928639564,0.0012934210527440436,0
2188953,5,0,0.001251945513902947,0.0012934210527440436,0
2190853,5,0,0.00016329374825060686,0.0012934210527440436,0
2192547,5,0,0.0007344182504028349,0.0012934210527440436,0
2193481,5,0,0.0002805197666082833,0.0012934210527440436,0
2194134,5,0,7.469548488448727e-05,0.0012934210527440436,0
2196772,5,0,0.0001369455810130665,0.0012934210527440436,0
2197444,5,0,0.00039212754534940906,0.0012934210527440436,0
2199345,5,0,0.005133885439238572,0.0012934210527440436,1
2199894,5,0,0.00040824851051355027,0.0012934210527440436,0
2199993,5,0,0.00024471528299279614,0.0012934210527440436,0
2200375,5,0,0.0038219159706228906,0.0012934210527440436,1
2200385,5,0,0.00027312990064422445,0.0012934210527440436,0
2201335,5,0,0.0008200923344444606,0.0012934210527440436,0
2202529,5,0,0.01152007601403258,0.0012934210527440436,1
2204707,5,0,0.00029431005387732404,0.0012934210527440436,0
2206159,5,0,0.004238605140840046,0.0012934210527440436,1
2206372,5,0,0.0010151239817395128,0.0012934210527440436,0
2206437,5,0,0.001185534346764012,0.0012934210527440436,0
2207151,5,0,0.00010450541047490316,0.0012934210527440436,0
2207757,5,0,0.00034811433942226184,0.0012934210527440436,0
2208130,5,0,0.00016220032681173695,0.0012934210527440436,0
2208446,5,0,0.00022058718847157586,0.0012934210527440436,0
2208966,5,0,0.0009275351246888824,0.0012934210527440436,0
2209472,5,0,0.0008555541201768045,0.0012934210527440436,0
2213117,5,0,0.0007233612836316965,0.0012934210527440436,0
2216008,5,0,0.0009482092937037849,0.0012934210527440436,0
2216210,5,0,0.0009141430024712275,0.0012934210527440436,0
2217458,5,0,0.00040738604959341475,0.0012934210527440436,0
2217799,5,0,0.0002867095196573789,0.0012934210527440436,0
2218150,5,0,0.0003030093261542746,0.0012934210527440436,0
2219830,5,0,0.0007493883769655518,0.0012934210527440436,0
2219848,5,0,0.00010609514016671909,0.0012934210527440436,0
2220297,5,0,0.002021207942243413,0.0012934210527440436,1
2220408,5,0,0.0006411905936044397,0.0012934210527440436,0
2220861,5,0,0.002360339547809503,0.0012934210527440436,1
2221501,5,0,0.00018438193456590647,0.0012934210527440436,0
2221556,5,0,0.001267035142175873,0.0012934210527440436,0
2222257,5,0,0.00148324681780965,0.0012934210527440436,1
2223306,5,0,0.00039684787946050163,0.0012934210527440436,0
2224678,5,0,0.0016565647600975742,0.0012934210527440436,1
2225426,5,0,0.0002699012966686642,0.0012934210527440436,0
2225853,5,0,0.0005488260806114623,0.0012934210527440436,0
2227641,5,0,0.004141093417923371,0.0012934210527440436,1
2228009,5,0,0.00025418604175471464,0.0012934210527440436,0
2231322,5,0,0.0007261520333762898,0.0012934210527440436,0
2231443,5,0,0.0010908408445587038,0.0012934210527440436,0
2231689,5,0,0.005489786624361648,0.0012934210527440436,1
2232323,5,0,0.0017462256878590442,0.0012934210527440436,1
2232537,5,0,0.0003246259715523654,0.0012934210527440436,0
2233111,5,0,0.00018469233036479823,0.0012934210527440436,0
2233682,5,0,0.0011140719783950402,0.0012934210527440436,0
2234530,5,0,3.815853205562707e-05,0.0012934210527440436,0
2235691,5,0,0.0018237578939985593,0.0012934210527440436,1
2236435,5,0,0.006320512907240975,0.0012934210527440436,1
2236463,5,0,0.0004909284160571219,0.0012934210527440436,0
2237509,5,0,0.007145879491749267,0.0012934210527440436,1
2237836,5,0,0.0008249565030859885,0.0012934210527440436,0
2239877,5,0,0.000285156687899151,0.0012934210527440436,0
2242362,5,0,0.00011734697577807818,0.0012934210527440436,0
2243148,5,0,0.0002024189052450923,0.0012934210527440436,0
2243363,5,0,0.00046425446923684425,0.0012934210527440436,0
2243436,5,0,7.965581686225897e-05,0.0012934210527440436,0
2245988,5,0,0.000661619844784006,0.0012934210527440436,0
2247907,5,0,0.0009262234931220588,0.0012934210527440436,0
2251566,5,0,0.00018600541051705762,0.0012934210527440436,0
2253990,5,0,0.00015492637636374757,0.0012934210527440436,0
2255011,5,0,0.004127109715499807,0.0012934210527440436,1
2258798,5,0,0.0019378607477009092,0.0012934210527440436,1
2259955,5,0,0.000701824271778139,0.0012934210527440436,0
2264774,5,0,0.00025965139667333216,0.0012934210527440436,0
2265207,5,0,0.00027625007785982776,0.0012934210527440436,0
2265867,5,0,0.00015433134684052078,0.0012934210527440436,0
2266566,5,0,0.023832199680158664,0.0012934210527440436,1
2273260,5,0,0.0015177699533991673,0.0012934210527440436,1
2275219,5,0,0.0007577658709557897,0.0012934210527440436,0
2277124,5,0,0.0007360813986285403,0.0012934210527440436,0
2281855,5,0,0.0007649779470883782,0.0012934210527440436,0
2288823,5,0,0.0013522632756664123,0.0012934210527440436,1
2291818,5,0,4.9644732223574784e-05,0.0012934210527440436,0
2295722,5,0,0.0017245372419063567,0.0012934210527440436,1
2302075,5,0,0.0003563705021488642,0.0012934210527440436,0
2303250,5,0,0.00017566229918244253,0.0012934210527440436,0
2306374,5,0,0.00021463007076261107,0.0012934210527440436,0
2308583,5,0,0.0002984064690350452,0.0012934210527440436,0
2310450,5,0,0.0011262625656982797,0.0012934210527440436,0
2310632,5,0,0.0003872460043523085,0.0012934210527440436,0
2311475,5,0,0.0023639429206919567,0.0012934210527440436,1
2312493,5,0,0.001023465994952312,0.0012934210527440436,0
2313384,5,0,0.0003237349767636859,0.0012934210527440436,0
2314714,5,0,0.025886783558619897,0.0012934210527440436,1
2316882,5,0,0.0020505174065145876,0.0012934210527440436,1
2317132,5,0,0.0003395423701892398,0.0012934210527440436,0
2318659,5,0,0.0014306578488481987,0.0012934210527440436,1
2321979,5,0,0.006384114130091818,0.0012934210527440436,1
2322800,5,0,0.0004320894466258168,0.0012934210527440436,0
2324605,5,0,0.0014364711878599664,0.0012934210527440436,1
2329112,5,0,0.002293696598101284,0.0012934210527440436,1
2333021,5,0,0.0002342602211714274,0.0012934210527440436,0
2336193,5,0,0.0010626333375352303,0.0012934210527440436,0
2336421,5,0,0.0015360936712736225,0.0012934210527440436,1
2336955,5,0,0.002413394415778256,0.0012934210527440436,1
2342919,5,0,0.0029115831397129558,0.0012934210527440436,1
2343342,5,0,0.000548611685869175,0.0012934210527440436,0
2349173,5,0,0.0004427716822089635,0.0012934210527440436,0
2351114,5,0,6.241573279739133e-05,0.0012934210527440436,0
2351711,5,0,0.0013829981064823872,0.0012934210527440436,1
2353955,5,0,0.0008329461885909856,0.0012934210527440436,0
2354153,5,0,0.002622200433704589,0.0012934210527440436,1
2354159,5,0,0.00395870423026809,0.0012934210527440436,1
2354193,5,0,0.019227171412188528,0.0012934210527440436,1
2354389,5,0,0.002054254699981377,0.0012934210527440436,1
2356467,5,0,0.0008938416255008522,0.0012934210527440436,0
2357242,5,0,0.00032012258051117233,0.0012934210527440436,0
2357360,5,0,0.0010946103751465724,0.0012934210527440436,0
2357852,5,0,0.00297110300585426,0.0012934210527440436,1
2359676,5,0,0.000276405622182691,0.0012934210527440436,0
2361684,5,0,0.00018217070696683284,0.0012934210527440436,0
2362094,5,0,0.0015474544775093703,0.0012934210527440436,1
2366016,5,0,0.00020682405052627979,0.0012934210527440436,0
2367926,5,0,0.0008834138413718231,0.0012934210527440436,0
2370229,5,0,0.0005416405371570271,0.0012934210527440436,0
2370267,5,0,0.0017299852915601554,0.0012934210527440436,1
2372982,5,0,0.009957255828292795,0.0012934210527440436,1
2376140,5,0,0.0005532270836942147,0.0012934210527440436,0
2376768,5,0,0.0014177436155409916,0.0012934210527440436,1
2377913,5,0,0.0010840502715096483,0.0012934210527440436,0
2377942,5,0,0.002079092515641581,0.0012934210527440436,1
2380799,5,0,0.0011794184270803715,0.0012934210527440436,0
2382395,5,0,0.005573836126204889,0.0012934210527440436,1
2387667,5,0,0.0015548335643398058,0.0012934210527440436,1
2388289,5,0,0.0004149948050206231,0.0012934210527440436,0
2396013,5,0,0.000675896704921247,0.0012934210527440436,0
2403995,5,0,0.001576886077429178,0.0012934210527440436,1
2405160,5,0,0.0013570906999900698,0.0012934210527440436,1
2406214,5,0,0.0011365012796542733,0.0012934210527440436,0
2408437,5,0,0.0008736509250309056,0.0012934210527440436,0
2408586,5,0,0.009858993389120463,0.0012934210527440436,1
2411866,5,0,5.11264677933312e-05,0.0012934210527440436,0
2414862,5,0,0.001217554804209095,0.0012934210527440436,0
2416925,5,0,0.0010951935295069153,0.0012934210527440436,0
2420689,5,0,0.0009570355033560138,0.0012934210527440436,0
2421508,5,0,0.0011344397469196011,0.0012934210527440436,0
2422366,5,0,0.0011708762769196768,0.0012934210527440436,0
2423140,5,0,0.002956015058581165,0.0012934210527440436,1
2431072,5,0,0.0002722588446898171,0.0012934210527440436,0
2431540,5,0,0.0005492716308654679,0.0012934210527440436,0
2432301,5,0,0.002695080238881977,0.0012934210527440436,1
2434436,5,0,0.0005965533521854827,0.0012934210527440436,0
2435778,5,0,0.002973970288162716,0.0012934210527440436,1
2481711,5,0,0.001470336165973504,0.0012934210527440436,1
2482444,5,0,0.0005294618834725301,0.0012934210527440436,0
2493161,5,0,0.002285155590358091,0.0012934210527440436,1
2501418,5,0,0.0020921082869296472,0.0012934210527440436,1
2524355,5,0,0.0005562889653915005,0.0012934210527440436,0
2524581,5,0,0.0002438778980086714,0.0012934210527440436,0
2524758,5,0,0.0005108549652029274,0.0012934210527440436,0
2525240,5,0,0.0013082563329938344,0.0012934210527440436,1
2525677,5,0,0.0010219651871653007,0.0012934210527440436,0
2526829,5,0,0.0003907780395686556,0.0012934210527440436,0
2527188,5,0,0.010102544362937409,0.0012934210527440436,1
2527506,5,0,0.0057386065283871746,0.0012934210527440436,1
2529544,5,0,0.0013494704946948309,0.0012934210527440436,1
2531502,5,0,0.0011899598224530765,0.0012934210527440436,0
2531869,5,0,0.00010008384436478149,0.0012934210527440436,0
2532534,5,0,0.0006105684828063482,0.0012934210527440436,0
2536348,5,0,0.002181513273796762,0.0012934210527440436,1
2539416,5,0,0.0011291264168268212,0.0012934210527440436,0
2539963,5,0,0.003733000485779151,0.0012934210527440436,1
2540221,5,0,0.0011141192254130058,0.0012934210527440436,0
2545997,5,0,0.0008548905241708777,0.0012934210527440436,0
2546266,5,0,0.00039991433420077406,0.0012934210527440436,0
2548027,5,0,0.0012439484383082154,0.0012934210527440436,0
2549628,5,0,0.0009066583714630079,0.0012934210527440436,0
2552412,5,0,0.0005092959516117352,0.0012934210527440436,0
2552718,5,0,0.0004371254639740845,0.0012934210527440436,0
2558285,5,0,0.0005191729556259493,0.0012934210527440436,0
2559955,5,0,0.009295927270141535,0.0012934210527440436,1
2560024,5,0,0.0001270514022725528,0.0012934210527440436,0
2560825,5,0,0.0005040985294122659,0.0012934210527440436,0
2562186,5,0,0.0010185583601301277,0.0012934210527440436,0
2562743,5,0,0.0012412280783036657,0.0012934210527440436,0
2565935,5,0,0.0015510079160318084,0.0012934210527440436,1
2566986,5,0,0.00019024804949602643,0.0012934210527440436,0
2570486,5,0,0.0005991159470980769,0.0012934210527440436,0
2571370,5,0,0.0003062627546059655,0.0012934210527440436,0
2572574,5,0,8.6498837689011e-05,0.0012934210527440436,0
2575423,5,0,0.0003187857575822795,0.0012934210527440436,0
2576673,5,0,0.0020063321805028345,0.0012934210527440436,1
2586514,5,0,0.0002024584317308713,0.0012934210527440436,0
2591248,5,0,0.0005874084128190532,0.0012934210527440436,0
2594234,5,0,0.0008078837221946278,0.0012934210527440436,0
2594934,5,0,0.0003679878903646653,0.0012934210527440436,0
2601734,5,0,0.00039354245039023073,0.0012934210527440436,0
2601875,5,0,0.000309223893765862,0.0012934210527440436,0
2608253,5,0,0.0008793479864009105,0.0012934210527440436,0
2609049,5,0,0.0007302163182790059,0.0012934210527440436,0
2610765,5,0,0.00021056627491402923,0.0012934210527440436,0
2612432,5,0,0.0003303956961723169,0.0012934210527440436,0
2616112,5,0,0.0003948834264820685,0.0012934210527440436,0
2620910,5,0,0.00037296310446354624,0.0012934210527440436,0
2620914,5,0,0.000254694540772241,0.0012934210527440436,0
2630224,5,0,0.009149946376327272,0.0012934210527440436,1
2666755,5,0,0.000626200222046882,0.0012934210527440436,0
2681244,5,0,0.003028262310676954,0.0012934210527440436,1
2695552,5,0,0.0012150859525431386,0.0012934210527440436,0
2696932,5,0,0.0011051644011702967,0.0012934210527440436,0
2724741,5,0,0.0003371239694788206,0.0012934210527440436,0
2737129,5,0,0.002535173411517994,0.0012934210527440436,1
2741140,5,0,0.0002914198897140532,0.0012934210527440436,0
2741834,5,0,0.00033866580474308655,0.0012934210527440436,0
2767330,5,0,0.008072531816458749,0.0012934210527440436,1
2775652,5,0,0.0007921873623375339,0.0012934210527440436,0
2788215,5,0,0.0010438727003959421,0.0012934210527440436,0
2788419,5,0,0.00018725576541744275,0.0012934210527440436,0
2821755,5,0,0.0003682024858704742,0.0012934210527440436,0
2827442,5,0,0.0016753507638755387,0.0012934210527440436,1
2827739,5,0,4.8205987073835845e-05,0.0012934210527440436,0
2828838,5,0,0.0015148367266110245,0.0012934210527440436,1
2828846,5,0,0.0002653870426732306,0.0012934210527440436,0
2831734,5,0,0.00046742444017315436,0.0012934210527440436,0
2832666,5,0,8.108789128869964e-05,0.0012934210527440436,0
2833543,5,0,0.0001230159723515218,0.0012934210527440436,0
2833784,5,0,0.0004440158367718552,0.0012934210527440436,0
2833958,5,0,0.0009520866411348163,0.0012934210527440436,0
2835708,5,0,0.0031325490942820155,0.0012934210527440436,1
2836318,5,0,0.000306258616602253,0.0012934210527440436,0
2837057,5,0,0.0004973629242503135,0.0012934210527440436,0
2837949,5,0,0.0026211166854351402,0.0012934210527440436,1
2839057,5,0,0.001676815004725546,0.0012934210527440436,1
2841581,5,0,0.0017261157286592554,0.0012934210527440436,1
2841616,5,0,0.0021174199293553615,0.0012934210527440436,1
2843346,5,0,0.0003251628711611547,0.0012934210527440436,0
2843434,5,0,0.0020021961304270246,0.0012934210527440436,1
2843865,5,0,8.617207388200754e-05,0.0012934210527440436,0
2847225,5,0,0.00039002208062751173,0.0012934210527440436,0
2849314,5,0,0.00023420047314456023,0.0012934210527440436,0
2850792,5,0,4.295607692685467e-05,0.0012934210527440436,0
2851058,5,0,0.002296823616056887,0.0012934210527440436,1
2852202,5,0,0.00043230424085736915,0.0012934210527440436,0
2853236,5,0,6.519680301333157e-05,0.0012934210527440436,0
2853672,5,0,0.014801708010878366,0.0012934210527440436,1
2854500,5,0,0.0002536589404639237,0.0012934210527440436,0
2855826,5,0,0.0002837184218145078,0.0012934210527440436,0
2855874,5,0,6.735991221463593e-05,0.0012934210527440436,0
2855880,5,0,0.0006588793059024249,0.0012934210527440436,0
2859981,5,0,0.00015131019727445286,0.0012934210527440436,0
2860604,5,0,0.002450014398078706,0.0012934210527440436,1
2863237,5,0,0.0003409133942635863,0.0012934210527440436,0
2869173,5,0,0.0015344183941586665,0.0012934210527440436,1
2870346,5,0,0.002579733113290373,0.0012934210527440436,1
2870946,5,0,0.00014541780720828668,0.0012934210527440436,0
2873615,5,0,0.0037882458300542736,0.0012934210527440436,1
2873894,5,0,0.0007926723854402425,0.0012934210527440436,0
2876123,5,0,0.0015459216839423771,0.0012934210527440436,1
2876639,5,0,0.0005302491561251357,0.0012934210527440436,0
2880275,5,0,0.0005303508788336971,0.0012934210527440436,0
2881154,5,0,0.0008451634344132078,0.0012934210527440436,0
2881568,5,0,0.00021739119122645057,0.0012934210527440436,0
2882495,5,0,0.00028017250931700375,0.0012934210527440436,0
2883470,5,0,0.00038860399547952055,0.0012934210527440436,0
2885117,5,0,0.0007048165903710861,0.0012934210527440436,0
2885975,5,0,6.135894689242028e-05,0.0012934210527440436,0
2887439,5,0,0.00024331252339075603,0.0012934210527440436,0
2888135,5,0,0.005852265295815333,0.0012934210527440436,1
2888583,5,0,0.0010809311011194098,0.0012934210527440436,0
2888976,5,0,0.012804460279811263,0.0012934210527440436,1
2889858,5,0,0.00018919474098660552,0.0012934210527440436,0
2891286,5,0,0.0002628449624804492,0.0012934210527440436,0
2896870,5,0,9.697716108752269e-05,0.0012934210527440436,0
2898129,5,0,0.002322257837912212,0.0012934210527440436,1
2898343,5,0,0.00065183097423052,0.0012934210527440436,0
2898863,5,0,0.006826141359057129,0.0012934210527440436,1
2899706,5,0,0.0001586734691187587,0.0012934210527440436,0
2899772,5,0,0.00028705379474797636,0.0012934210527440436,0
2900521,5,0,0.002383780664409659,0.0012934210527440436,1
2901644,5,0,0.001535956035057289,0.0012934210527440436,1
2904561,5,0,0.00019915502144448837,0.0012934210527440436,0
2904821,5,0,0.0007654781191462887,0.0012934210527440436,0
2904929,5,0,0.0010719186193683824,0.0012934210527440436,0
2906421,5,0,0.000538696463940101,0.0012934210527440436,0
2906693,5,0,0.00011255301257894821,0.0012934210527440436,0
2907394,5,0,5.6013268229668234e-05,0.0012934210527440436,0
2909291,5,0,7.125207010691354e-05,0.0012934210527440436,0
2911959,5,0,0.0002216924630941496,0.0012934210527440436,0
2915266,5,0,0.0006574648511093555,0.0012934210527440436,0
2917778,5,0,0.00029651119817877033,0.0012934210527440436,0
2917822,5,0,0.031247326113174875,0.0012934210527440436,1
2919065,5,0,0.0003154195093702237,0.0012934210527440436,0
2920929,5,0,0.0037034025817043294,0.0012934210527440436,1
2922819,5,0,0.0007934288792117764,0.0012934210527440436,0
2923922,5,0,0.005027980043901794,0.0012934210527440436,1
2924875,5,0,0.0003246685354694729,0.0012934210527440436,0
2925009,5,0,8.41988383696858e-05,0.0012934210527440436,0
2928499,5,0,0.0002951849287815286,0.0012934210527440436,0
2928644,5,0,0.0004172842708522128,0.0012934210527440436,0
2928885,5,0,0.00011339757007549007,0.0012934210527440436,0
2928994,5,0,0.000262263676205541,0.0012934210527440436,0
2929353,5,0,0.0019852825736320773,0.0012934210527440436,1
2930263,5,0,0.0001768268992452547,0.0012934210527440436,0
2931007,5,0,0.00022103836533630817,0.0012934210527440436,0
2931318,5,0,0.0006591070212353845,0.0012934210527440436,0
2931812,5,0,0.0008123812153661544,0.0012934210527440436,0
2932695,5,0,0.0006321260014149006,0.0012934210527440436,0
2933107,5,0,0.0004508110355429428,0.0012934210527440436,0
2936597,5,0,0.00025904304239839483,0.0012934210527440436,0
2937784,5,0,0.0008383400460871172,0.0012934210527440436,0
2938621,5,0,0.000943263822973593,0.0012934210527440436,0
2938756,5,0,0.00040969047623436123,0.0012934210527440436,0
2938841,5,0,0.0010576733745666412,0.0012934210527440436,0
2939254,5,0,0.0002556213075863798,0.0012934210527440436,0
2939973,5,0,0.00656742084579211,0.0012934210527440436,1
2940115,5,0,0.0007405636283306582,0.0012934210527440436,0
2941034,5,0,0.0002104766021672701,0.0012934210527440436,0
2941060,5,0,0.0003127665396706309,0.0012934210527440436,0
2941207,5,0,0.0014791010570632446,0.0012934210527440436,1
2941550,5,0,0.0006096841670287665,0.0012934210527440436,0
2942525,5,0,0.00020579716106976123,0.0012934210527440436,0
2942729,5,0,0.002345851935195158,0.0012934210527440436,1
2943275,5,0,0.0006302880329725641,0.0012934210527440436,0
2943592,5,0,0.0003014209506970292,0.0012934210527440436,0
2944643,5,0,0.0002963283619193452,0.0012934210527440436,0
2945791,5,0,0.004876537259103617,0.0012934210527440436,1
2946417,5,0,0.0025776569842895784,0.0012934210527440436,1
2946621,5,0,0.003250706153692253,0.0012934210527440436,1
2947616,5,0,0.0011892778333876487,0.0012934210527440436,0
2947653,5,0,0.0007540179737259962,0.0012934210527440436,0
2948282,5,0,0.0003929146653650284,0.0012934210527440436,0
2948316,5,0,0.001226794353344993,0.0012934210527440436,0
2948564,5,0,0.00014240593555732116,0.0012934210527440436,0
2950114,5,0,0.00014583950957413453,0.0012934210527440436,0
2950466,5,0,0.00015890079162048893,0.0012934210527440436,0
2950471,5,0,0.0009978100991603494,0.0012934210527440436,0
2950577,5,0,0.00014991449303276274,0.0012934210527440436,0
2950644,5,0,0.0019570686495746508,0.0012934210527440436,1
2950779,5,0,0.00014476630997697532,0.0012934210527440436,0
2950925,5,0,0.00016146664020684918,0.0012934210527440436,0
2950951,5,0,0.0005015920751375359,0.0012934210527440436,0
2951125,5,0,0.0007631162923719235,0.0012934210527440436,0
2951509,5,0,0.0002148223562095833,0.0012934210527440436,0
2951764,5,0,0.0008956094742248034,0.0012934210527440436,0
2952322,5,0,0.003236197357765774,0.0012934210527440436,1
2952513,5,0,0.001516541253863891,0.0012934210527440436,1
2952755,5,0,0.0012715511046472294,0.0012934210527440436,0
2952839,5,0,0.001380219543894118,0.0012934210527440436,1
2952870,5,0,0.0005405714164515891,0.0012934210527440436,0
2952929,5,0,0.000742195661403768,0.0012934210527440436,0
2952944,5,0,0.00017254668739794486,0.0012934210527440436,0
2954536,5,0,0.00016780058867229061,0.0012934210527440436,0
2954650,5,0,0.0005129388792549539,0.0012934210527440436,0
2955240,5,0,0.0009641822510699711,0.0012934210527440436,0
2955407,5,0,0.00025389034943340425,0.0012934210527440436,0
2955868,5,0,8.449135424065804e-05,0.0012934210527440436,0
2956237,5,0,0.0015908594645712166,0.0012934210527440436,1
2956344,5,0,0.003651042098647484,0.0012934210527440436,1
2956720,5,0,0.0004430367351963266,0.0012934210527440436,0
2956922,5,0,0.00013459628561258242,0.0012934210527440436,0
2957284,5,0,0.00014140547274040487,0.0012934210527440436,0
2957405,5,0,0.001417761998180569,0.0012934210527440436,1
2957948,5,0,0.000545945598447674,0.0012934210527440436,0
2957949,5,0,0.0017991515878895577,0.0012934210527440436,1
2958055,5,0,0.0014632950016867704,0.0012934210527440436,1
2959660,5,0,0.0003286485179237062,0.0012934210527440436,0
2960269,5,0,0.00013264553337661805,0.0012934210527440436,0
2961566,5,0,8.100158008506233e-05,0.0012934210527440436,0
2961595,5,0,0.0027978775593620725,0.0012934210527440436,1
2962177,5,0,0.0018676179554851942,0.0012934210527440436,1
2962554,5,0,0.0003360351305811945,0.0012934210527440436,0
2963203,5,0,0.0006158922417024278,0.0012934210527440436,0
2963217,5,0,0.0008111099233610577,0.0012934210527440436,0
2963304,5,0,0.0006612940638187835,0.0012934210527440436,0
2964189,5,0,0.00026765945687129693,0.0012934210527440436,0
2964204,5,0,0.0001764227423810758,0.0012934210527440436,0
2964243,5,0,0.0002147088735752718,0.0012934210527440436,0
2964392,5,0,0.00037044005977920555,0.0012934210527440436,0
2965126,5,0,0.0001343730805833482,0.0012934210527440436,0
2965348,5,0,0.0002737482103571519,0.0012934210527440436,0
2965943,5,0,0.0019086293389749308,0.0012934210527440436,1
2966489,5,0,0.00045706512216944274,0.0012934210527440436,0
2966650,5,0,0.0019288036531672256,0.0012934210527440436,1
2966718,5,0,0.0005598816463229341,0.0012934210527440436,0
2968193,5,0,4.617924936034948e-05,0.0012934210527440436,0
2968658,5,0,0.002086348436471532,0.0012934210527440436,1
2968760,5,0,0.00011271682923535249,0.0012934210527440436,0
2969544,5,0,0.0003413070843122366,0.0012934210527440436,0
2970353,5,0,0.0020650138578653817,0.0012934210527440436,1
2970366,5,0,0.00018313045193134195,0.0012934210527440436,0
2970668,5,0,0.0002935220927410557,0.0012934210527440436,0
2970818,5,0,0.0005118877879613687,0.0012934210527440436,0
2970959,5,0,0.0005746185401221952,0.0012934210527440436,0
2971106,5,0,0.0011887595747920152,0.0012934210527440436,0
2971120,5,0,0.003804610548970229,0.0012934210527440436,1
2971659,5,0,0.002599393581224565,0.0012934210527440436,1
2971711,5,0,0.0011927724208750908,0.0012934210527440436,0
2971915,5,0,0.002491710975699127,0.0012934210527440436,1
2971923,5,0,0.0008998175466220702,0.0012934210527440436,0
2972127,5,0,0.0005493816253763519,0.0012934210527440436,0
2972134,5,0,0.0003810423076408373,0.0012934210527440436,0
2972431,5,0,0.00048810440030827817,0.0012934210527440436,0
2972851,5,0,0.0010265579395493277,0.0012934210527440436,0
2973094,5,0,0.0003290613277047038,0.0012934210527440436,0
2974073,5,0,0.0006459797129324403,0.0012934210527440436,0
2974892,5,0,0.0005161021690187446,0.0012934210527440436,0
2975362,5,0,0.0002570138319366803,0.0012934210527440436,0
2976988,5,0,0.00012051616062609951,0.0012934210527440436,0
2977752,5,0,0.0004632829601979253,0.0012934210527440436,0
2978623,5,0,0.001341109853827973,0.0012934210527440436,1
2978940,5,0,0.00033882475298992697,0.0012934210527440436,0
2980944,5,0,0.0003423352754304178,0.0012934210527440436,0
2981499,5,0,0.0002085389810972472,0.0012934210527440436,0
2981691,5,0,0.00012280034195753545,0.0012934210527440436,0
2982956,5,0,0.0014962540546268727,0.0012934210527440436,1
2983928,5,0,8.250221432298879e-05,0.0012934210527440436,0
2984340,5,0,0.00036360814550235584,0.0012934210527440436,0
2986656,5,0,0.0026120300538610792,0.0012934210527440436,1
2990652,5,0,0.00021498434093695845,0.0012934210527440436,0
2991558,5,0,0.00016549070360531644,0.0012934210527440436,0
2996925,5,0,0.00022052137788447948,0.0012934210527440436,0
2997341,5,0,0.0009973596119331291,0.0012934210527440436,0
2997510,5,0,0.0005424843068140975,0.0012934210527440436,0
2997523,5,0,0.004467026915701099,0.0012934210527440436,1
2997526,5,0,0.00016075363630108338,0.0012934210527440436,0
2997560,5,0,0.00034668525034524687,0.0012934210527440436,0
2997567,5,0,0.001557000108713868,0.0012934210527440436,1
2997571,5,0,0.0038811008721073353,0.0012934210527440436,1
2997597,5,0,0.0001349738614490615,0.0012934210527440436,0
2997607,5,0,0.00026284800869171,0.0012934210527440436,0
2997668,5,0,0.0007225665499655137,0.0012934210527440436,0
2997693,5,0,0.0002977117753478994,0.0012934210527440436,0
2997705,5,0,0.00032109194232936744,0.0012934210527440436,0
2997737,5,0,0.0002492841346921717,0.0012934210527440436,0
2997755,5,0,0.00016333123840060794,0.0012934210527440436,0
2997785,5,0,0.0003595958236766598,0.0012934210527440436,0
2997807,5,0,0.0004969168491714424,0.0012934210527440436,0
2997849,5,0,0.002547767634917249,0.0012934210527440436,1
2997857,5,0,0.00180776324598237,0.0012934210527440436,1
2997863,5,0,0.0008803322759295487,0.0012934210527440436,0
2997886,5,0,0.00031797027947181157,0.0012934210527440436,0
2997983,5,0,0.00028347454046092566,0.0012934210527440436,0
2998010,5,0,0.001449680445083754,0.0012934210527440436,1
2998034,5,0,0.000170052076740418,0.0012934210527440436,0
2998072,5,0,0.0004788942514477685,0.0012934210527440436,0
2998073,5,0,0.000693097285545003,0.0012934210527440436,0
2998074,5,0,0.00031460185662644607,0.0012934210527440436,0
2998084,5,0,0.0007043361121209628,0.0012934210527440436,0
2998121,5,0,0.00024071571159555542,0.0012934210527440436,0
2998184,5,0,0.00021777034748969676,0.0012934210527440436,0
2998223,5,0,0.0012217181715805747,0.0012934210527440436,0
2998246,5,0,0.0009557578406071895,0.0012934210527440436,0
2998274,5,0,0.0006372345947887411,0.0012934210527440436,0
2998284,5,0,0.00021662285550283405,0.0012934210527440436,0
2998297,5,0,0.0002177752114057451,0.0012934210527440436,0
2998343,5,0,0.0003242156596477809,0.0012934210527440436,0
2998350,5,0,0.0012305744045694768,0.0012934210527440436,0
2998362,5,0,0.0033795027768698457,0.0012934210527440436,1
2998368,5,0,0.0030627143804918683,0.0012934210527440436,1
2998370,5,0,0.0029389418182304305,0.0012934210527440436,1
2998396,5,0,0.0001384172733620654,0.0012934210527440436,0
2998408,5,0,0.003718939482404208,0.0012934210527440436,1
2998410,5,0,0.0014299778923273683,0.0012934210527440436,1
2998415,5,0,0.0018315202131502153,0.0012934210527440436,1
2998417,5,0,0.0006775173360182635,0.0012934210527440436,0
2998442,5,0,0.0001244572043274564,0.0012934210527440436,0
2998518,5,0,0.00034217867208189464,0.0012934210527440436,0
2998530,5,0,0.008928730352818465,0.0012934210527440436,1
2998535,5,0,0.00028976791878798023,0.0012934210527440436,0
2998545,5,0,0.00030917721491756074,0.0012934210527440436,0
2998546,5,0,0.000503659677680378,0.0012934210527440436,0
2998558,5,0,0.00040032375653487084,0.0012934210527440436,0
2998617,5,0,0.0003704499091174702,0.0012934210527440436,0
2998634,5,0,0.003767470983136818,0.0012934210527440436,1
2998644,5,0,0.0002306099134479251,0.0012934210527440436,0
2998650,5,0,0.0004092451171083912,0.0012934210527440436,0
2998669,5,0,0.0011705338623217247,0.0012934210527440436,0
2998687,5,0,0.0004923770245876033,0.0012934210527440436,0
2998692,5,0,0.0006248781179528156,0.0012934210527440436,0
2998695,5,0,0.0012900391877117693,0.0012934210527440436,0
2998705,5,0,0.00011574321856158633,0.0012934210527440436,0
2998709,5,0,0.0004164638055290712,0.0012934210527440436,0
2998710,5,0,0.00016531605936931558,0.0012934210527440436,0
2998757,5,0,0.00018420636252776079,0.0012934210527440436,0
2998770,5,0,0.0002708268832977082,0.0012934210527440436,0
2998787,5,0,0.00013315911384284733,0.0012934210527440436,0
2998822,5,0,0.00039432590774392056,0.0012934210527440436,0
2998851,5,0,0.0005240474914289682,0.0012934210527440436,0
2998884,5,0,0.0008186936001975236,0.0012934210527440436,0
2998903,5,0,0.00017288402673830576,0.0012934210527440436,0
2998925,5,0,0.0003796485333469891,0.0012934210527440436,0
2998968,5,0,0.0002539538325569527,0.0012934210527440436,0
2999002,5,0,0.00029743908784465834,0.0012934210527440436,0
2999003,5,0,0.0029266164390968604,0.0012934210527440436,1
2999059,5,0,0.0006353769413981801,0.0012934210527440436,0
2999064,5,0,0.002497952146779971,0.0012934210527440436,1
2999080,5,0,0.0005379213783861458,0.0012934210527440436,0
2999099,5,0,0.0002746709666315862,0.0012934210527440436,0
2999136,5,0,0.00036192562607722373,0.0012934210527440436,0
2999137,5,0,0.001959440452645858,0.0012934210527440436,1
2999158,5,0,0.0018123790893592026,0.0012934210527440436,1
2999176,5,0,0.00021340600196586616,0.0012934210527440436,0
2999197,5,0,0.00023908724566150527,0.0012934210527440436,0
2999206,5,0,0.0011356020681196632,0.0012934210527440436,0
2999212,5,0,0.005107305481125087,0.0012934210527440436,1
2999229,5,0,4.508940661523954e-05,0.0012934210527440436,0
2999237,5,0,0.0004869155089153906,0.0012934210527440436,0
2999241,5,0,0.0004542097803072574,0.0012934210527440436,0
2999258,5,0,0.00020610530348827945,0.0012934210527440436,0
2999306,5,0,0.0007612390751118832,0.0012934210527440436,0
2999308,5,0,0.0005635501778939592,0.0012934210527440436,0
2999321,5,0,0.005742569428060361,0.0012934210527440436,1
2999322,5,0,0.0013528418266845262,0.0012934210527440436,1
2999326,5,0,0.00030353022335692474,0.0012934210527440436,0
2999347,5,0,0.002452440369237855,0.0012934210527440436,1
2999353,5,0,0.00022581860162631444,0.0012934210527440436,0
2999355,5,0,0.001634984707369866,0.0012934210527440436,1
2999441,5,0,0.0007926525586481984,0.0012934210527440436,0
2999457,5,0,0.0003364595345406642,0.0012934210527440436,0
2999504,5,0,0.001600950376987781,0.0012934210527440436,1
2999589,5,0,0.00021464193673811498,0.0012934210527440436,0
2999597,5,0,0.002652590581685059,0.0012934210527440436,1
2999605,5,0,0.0003059781249850255,0.0012934210527440436,0
2999648,5,0,0.004277565929276688,0.0012934210527440436,1
2999673,5,0,0.00788812724159184,0.0012934210527440436,1
2999683,5,0,0.0003111752444738487,0.0012934210527440436,0
2999690,5,0,0.0015041138475017847,0.0012934210527440436,1
2999697,5,0,0.00027429476226688466,0.0012934210527440436,0
2999724,5,0,0.0002205973341695678,0.0012934210527440436,0
2999740,5,0,0.0004884625017041372,0.0012934210527440436,0
2999754,5,0,0.00026848478250774636,0.0012934210527440436,0
2999761,5,0,0.0012812572167574608,0.0012934210527440436,0
2999779,5,0,0.005064779360835428,0.0012934210527440436,1
2999783,5,0,0.00016342074196236126,0.0012934210527440436,0
2999802,5,0,0.0005517999607327075,0.0012934210527440436,0
2999806,5,0,0.0006643726228144704,0.0012934210527440436,0
2999822,5,0,0.001885409795486801,0.0012934210527440436,1
2999857,5,0,0.0009449703472161153,0.0012934210527440436,0
2999963,5,0,0.00018274177726331357,0.0012934210527440436,0
2999988,5,0,0.007540785448819719,0.0012934210527440436,1
3000022,5,0,0.003935378311440766,0.0012934210527440436,1
3000101,5,0,0.0005909862696279527,0.0012934210527440436,0
3000106,5,0,0.00021994957612142053,0.0012934210527440436,0
3000127,5,0,0.000336075692995037,0.0012934210527440436,0
3000183,5,0,0.00018967420654356095,0.0012934210527440436,0
3000184,5,0,0.00011564772254258506,0.0012934210527440436,0
3000189,5,0,0.0008413133380135194,0.0012934210527440436,0
3076954,5,0,0.000467234099788385,0.0012934210527440436,0
3115287,5,0,0.0017301311153122474,0.0012934210527440436,1
3128172,5,0,0.00016013744452395207,0.0012934210527440436,0
3129049,5,0,0.0003934991116071855,0.0012934210527440436,0
3133599,5,0,0.00025626864060261076,0.0012934210527440436,0
3138773,5,0,0.0002536693303143787,0.0012934210527440436,0
3144344,5,0,0.0009191543367266797,0.0012934210527440436,0
3145105,5,0,0.00029806293550679506,0.0012934210527440436,0
3146349,5,0,0.0004431559996782366,0.0012934210527440436,0
3147403,5,0,0.00021199393182719288,0.0012934210527440436,0
3148623,5,0,4.639496505590591e-05,0.0012934210527440436,0
3150902,5,0,0.010496890009427695,0.0012934210527440436,1
3151923,5,0,0.0010404257050969604,0.0012934210527440436,0
3152380,5,0,0.0031467967019001885,0.0012934210527440436,1
3153881,5,0,0.00025740185109200236,0.0012934210527440436,0
3154605,5,0,0.00011117362678681936,0.0012934210527440436,0
3155707,5,0,0.002240562715011567,0.0012934210527440436,1
3156038,5,0,0.00017679096577694737,0.0012934210527440436,0
3156106,5,0,0.00018759228348569929,0.0012934210527440436,0
3158615,5,0,0.0032492316038222474,0.0012934210527440436,1
3158993,5,0,0.0006900057509083992,0.0012934210527440436,0
3162305,5,0,0.0010027409161786948,0.0012934210527440436,0
3162447,5,0,0.000539479822162158,0.0012934210527440436,0
3163753,5,0,0.00021225002516731995,0.0012934210527440436,0
3163763,5,0,0.0005485088021359495,0.0012934210527440436,0
3235580,5,0,0.0003964071712512042,0.0012934210527440436,0
3235639,5,0,0.0004547968212253479,0.0012934210527440436,0
3235643,5,0,0.0007424445543762425,0.0012934210527440436,0
3235647,5,0,0.0005792256958481908,0.0012934210527440436,0
3235651,5,0,0.0007841485608349184,0.0012934210527440436,0
3235672,5,0,0.00025754583200685455,0.0012934210527440436,0
3235735,5,0,0.0016642864620921088,0.0012934210527440436,1
3235751,5,0,0.0003227987879484349,0.0012934210527440436,0
3235761,5,0,0.0002608502251869227,0.0012934210527440436,0
3235766,5,0,0.0006553821071119792,0.0012934210527440436,0
3235779,5,0,0.0016447479193579277,0.0012934210527440436,1
3235797,5,0,0.0004822679800858422,0.0012934210527440436,0
3235801,5,0,0.0014159404430748584,0.0012934210527440436,1
3235824,5,0,0.00022567688580118328,0.0012934210527440436,0
3235829,5,0,0.0020676298232396974,0.0012934210527440436,1
3235855,5,0,0.00015752712693422084,0.0012934210527440436,0
3235897,5,0,0.00022421962990080963,0.0012934210527440436,0
3235900,5,0,0.0005765633193001763,0.0012934210527440436,0
3235917,5,0,0.0006798581687279894,0.0012934210527440436,0
3235919,5,0,0.00035770871788587757,0.0012934210527440436,0
3235959,5,0,0.0016826519243410575,0.0012934210527440436,1
3235967,5,0,0.00045573437942863647,0.0012934210527440436,0
3235969,5,0,5.943898604377048e-05,0.0012934210527440436,0
3235978,5,0,0.0016547725636568225,0.0012934210527440436,1
3236005,5,0,0.00013915526979553562,0.0012934210527440436,0
3236007,5,0,0.0001153424620780824,0.0012934210527440436,0
3236020,5,0,0.0003662925306443352,0.0012934210527440436,0
3236049,5,0,0.00013280929240919292,0.0012934210527440436,0
3236069,5,0,0.0010300074433591305,0.0012934210527440436,0
3236113,5,0,0.0018295859489502707,0.0012934210527440436,1
3236124,5,0,0.011794728287536568,0.0012934210527440436,1
3236190,5,0,0.00012416457179497965,0.0012934210527440436,0
3236195,5,0,0.0004749604626987615,0.0012934210527440436,0
3236233,5,0,0.028381027038231123,0.0012934210527440436,1
3236244,5,0,0.0011230511906370302,0.0012934210527440436,0
3236245,5,0,0.0008825845718028474,0.0012934210527440436,0
3236248,5,0,0.0002242960386715829,0.0012934210527440436,0
3236261,5,0,0.0001212991626333708,0.0012934210527440436,0
3236289,5,0,0.0009825558885068776,0.0012934210527440436,0
3236400,5,0,0.0003578520724889485,0.0012934210527440436,0
3236401,5,0,0.002475906410380177,0.0012934210527440436,1
3236422,5,0,0.00017430028459662346,0.0012934210527440436,0
3236424,5,0,0.00019275067400792808,0.0012934210527440436,0
3236445,5,0,0.0006554465023401429,0.0012934210527440436,0
3236460,5,0,0.0002070459409686694,0.0012934210527440436,0
3236466,5,0,0.0002697128069641662,0.0012934210527440436,0
3236514,5,0,0.00021771997528777782,0.0012934210527440436,0
3236524,5,0,0.003739999632473478,0.0012934210527440436,1
3236526,5,0,0.00045838964148572296,0.0012934210527440436,0
3236539,5,0,0.05707102514840964,0.0012934210527440436,1
3236548,5,0,0.00040057290888630137,0.0012934210527440436,0
3236566,5,0,0.0007069644301900767,0.0012934210527440436,0
3236595,5,0,9.153950759621218e-05,0.0012934210527440436,0
3236634,5,0,0.001569623761344046,0.0012934210527440436,1
3236649,5,0,0.0002267457992219929,0.0012934210527440436,0
3236678,5,0,0.0004951826669129248,0.0012934210527440436,0
3236696,5,0,0.0019675416738794164,0.0012934210527440436,1
3236710,5,0,0.00020598436546823932,0.0012934210527440436,0
3236728,5,0,0.00025194464146088336,0.0012934210527440436,0
3236734,5,0,5.732168522407837e-05,0.0012934210527440436,0
3236758,5,0,0.000202047733692416,0.0012934210527440436,0
3236785,5,0,0.0001602822940256324,0.0012934210527440436,0
3236815,5,0,8.602097933128265e-05,0.0012934210527440436,0
3236818,5,0,0.0058834883222919744,0.0012934210527440436,1
3236819,5,0,0.0014722341775317781,0.0012934210527440436,1
3236842,5,0,0.0006718977553579898,0.0012934210527440436,0
3236859,5,0,0.028586850613463426,0.0012934210527440436,1
3236862,5,0,0.0015277479682407012,0.0012934210527440436,1
3236863,5,0,0.00044218038242871876,0.0012934210527440436,0
3236867,5,0,0.0002690589767974138,0.0012934210527440436,0
3236905,5,0,0.002616669023333267,0.0012934210527440436,1
3236916,5,0,0.0458760506889932,0.0012934210527440436,1
3236926,5,0,0.0007442691593772782,0.0012934210527440436,0
3236957,5,0,0.002681277028071258,0.0012934210527440436,1
3236973,5,0,0.0006384166456725144,0.0012934210527440436,0
3236985,5,0,0.0019025510302715313,0.0012934210527440436,1
3236997,5,0,0.0007588101512062556,0.0012934210527440436,0
3237003,5,0,0.0008295219857456884,0.0012934210527440436,0
3237038,5,0,0.0005745939488042579,0.0012934210527440436,0
3237055,5,0,0.00016084023667008055,0.0012934210527440436,0
3237062,5,0,0.0006903962822371096,0.0012934210527440436,0
3237067,5,0,0.00016925208937844136,0.0012934210527440436,0
3237086,5,0,0.002072283598285523,0.0012934210527440436,1
3237212,5,0,0.0011078708791976576,0.0012934210527440436,0
3237216,5,0,0.00010683244428530838,0.0012934210527440436,0
3237244,5,0,0.000288464529325096,0.0012934210527440436,0
3237299,5,0,0.00024096694345316128,0.0012934210527440436,0
3237306,5,0,0.001329054761215096,0.0012934210527440436,1
3237318,5,0,0.009187924770697799,0.0012934210527440436,1
3237328,5,0,0.00016941355932658492,0.0012934210527440436,0
3237331,5,0,0.0010022670640823144,0.0012934210527440436,0
3237340,5,0,0.039166488394092654,0.0012934210527440436,1
3237382,5,0,0.00013449010782365871,0.0012934210527440436,0
3237396,5,0,0.00034835316606682124,0.0012934210527440436,0
3237400,5,0,0.0003203772860541232,0.0012934210527440436,0
3237478,5,0,0.0003019053377283728,0.0012934210527440436,0
3237484,5,0,0.00013811422798460732,0.0012934210527440436,0
3237501,5,0,0.0016214763464575494,0.0012934210527440436,1
3237511,5,0,0.0002736580409676156,0.0012934210527440436,0
3237523,5,0,0.0003088890538344581,0.0012934210527440436,0
3237524,5,0,0.0004847920081525898,0.0012934210527440436,0
3237528,5,0,0.0019056077156318566,0.0012934210527440436,1
3237530,5,0,0.000447343782627015,0.0012934210527440436,0
3237564,5,0,0.0052649270590521685,0.0012934210527440436,1
3237589,5,0,0.00010471676731808538,0.0012934210527440436,0
3237592,5,0,0.000541526795368619,0.0012934210527440436,0
3237610,5,0,0.00012957656162264258,0.0012934210527440436,0
3237622,5,0,0.0006319396624944627,0.0012934210527440436,0
3237637,5,0,0.0013396881492399857,0.0012934210527440436,1
3237651,5,0,0.007054601176331557,0.0012934210527440436,1
3237668,5,0,0.0003054812446325017,0.0012934210527440436,0
3237669,5,0,0.000409188964681583,0.0012934210527440436,0
3237705,5,0,0.00033853905433395217,0.0012934210527440436,0
3237708,5,0,0.00016264254883366328,0.0012934210527440436,0
3237711,5,0,0.0007282122437811828,0.0012934210527440436,0
3237754,5,0,0.004133770704854654,0.0012934210527440436,1
3237772,5,0,0.004123063750856641,0.0012934210527440436,1
3237777,5,0,0.0005012716002598873,0.0012934210527440436,0
3237790,5,0,0.0003734808520807806,0.0012934210527440436,0
3237807,5,0,0.0038202508061618437,0.0012934210527440436,1
3237813,5,0,0.0006406147929596504,0.0012934210527440436,0
3237817,5,0,0.0011389140123316418,0.0012934210527440436,0
3237834,5,0,0.0006584576015733741,0.0012934210527440436,0
3237835,5,0,0.0005769577563645711,0.0012934210527440436,0
3237868,5,0,0.0011088815078170852,0.0012934210527440436,0
3237869,5,0,0.00019189337605688152,0.0012934210527440436,0
3237870,5,0,0.0004171181539568962,0.0012934210527440436,0
3237873,5,0,0.0009984659136712199,0.0012934210527440436,0
3237884,5,0,6.215909858314966e-05,0.0012934210527440436,0
3237885,5,0,0.0010804945532135062,0.0012934210527440436,0
3237890,5,0,0.0019899705931179603,0.0012934210527440436,1
3237904,5,0,0.0001555392002440333,0.0012934210527440436,0
3237920,5,0,0.00023329171472084853,0.0012934210527440436,0
3237931,5,0,0.00017910095185859473,0.0012934210527440436,0
3237934,5,0,0.02817635233298423,0.0012934210527440436,1
3237981,5,0,0.00010361399951632999,0.0012934210527440436,0
3237984,5,0,0.0002326916073459691,0.0012934210527440436,0
3237996,5,0,0.000697539751530507,0.0012934210527440436,0
3238004,5,0,0.00020201199476763685,0.0012934210527440436,0
3238022,5,0,0.0032519906350454383,0.0012934210527440436,1
3238029,5,0,0.00026515204672698946,0.0012934210527440436,0
3238105,5,0,0.001082399241031503,0.0012934210527440436,0
3238124,5,0,0.00014236231094225718,0.0012934210527440436,0
3238127,5,0,0.00016964362361187357,0.0012934210527440436,0
3238141,5,0,0.00034334367551382676,0.0012934210527440436,0
3238161,5,0,0.0006807455008993592,0.0012934210527440436,0
3238172,5,0,0.0001138894333647771,0.0012934210527440436,0
3238173,5,0,0.001434815737395896,0.0012934210527440436,1
3238185,5,0,0.0005188985497260337,0.0012934210527440436,0
3238186,5,0,0.00013377298801128373,0.0012934210527440436,0
3238194,5,0,0.0019787972681017184,0.0012934210527440436,1
3238229,5,0,0.0004007524418715771,0.0012934210527440436,0
3238247,5,0,0.0005545376976236029,0.0012934210527440436,0
3238266,5,0,0.0024170843006450175,0.0012934210527440436,1
3238276,5,0,0.013514111074274271,0.0012934210527440436,1
3238281,5,0,0.010696918818380358,0.0012934210527440436,1
3238282,5,0,0.00017023651509182075,0.0012934210527440436,0
3238289,5,0,0.0003864171405739394,0.0012934210527440436,0
3238292,5,0,0.008172380119994258,0.0012934210527440436,1
3238334,5,0,0.0007799408510170136,0.0012934210527440436,0
3238349,5,0,0.00032551483394734223,0.0012934210527440436,0
3238372,5,0,0.001383860351553501,0.0012934210527440436,1
3238379,5,0,0.00019973502935764377,0.0012934210527440436,0
3238384,5,0,0.001188300209271878,0.0012934210527440436,0
3238449,5,0,0.0005684473806595205,0.0012934210527440436,0
3238464,5,0,0.00035674263247749476,0.0012934210527440436,0
3238493,5,0,0.012351602482511995,0.0012934210527440436,1
3238511,5,0,0.00020253319339840498,0.0012934210527440436,0
3238518,5,0,6.084716855476278e-05,0.0012934210527440436,0
3238522,5,0,0.0002957860194369727,0.0012934210527440436,0
3238536,5,0,0.0024200111256838727,0.0012934210527440436,1
3238540,5,0,9.547489694437228e-05,0.0012934210527440436,0
3238584,5,0,0.0002312492692171593,0.0012934210527440436,0
3238611,5,0,6.484648341263317e-05,0.0012934210527440436,0
3238619,5,0,0.00047727617923244036,0.0012934210527440436,0
3238652,5,0,0.00031798874204309337,0.0012934210527440436,0
3238680,5,0,0.006024245513485716,0.0012934210527440436,1
3238704,5,0,0.00010353265081167885,0.0012934210527440436,0
3238743,5,0,9.085811851060281e-05,0.0012934210527440436,0
3238750,5,0,0.0001255261237301285,0.0012934210527440436,0
3238762,5,0,0.0005023249236742279,0.0012934210527440436,0
3238766,5,0,0.00013232171847118063,0.0012934210527440436,0
3238779,5,0,0.00040000747967290797,0.0012934210527440436,0
3238782,5,0,0.0010282937026055146,0.0012934210527440436,0
3238790,5,0,0.0038022621855617307,0.0012934210527440436,1
3238805,5,0,0.003426705598322358,0.0012934210527440436,1
3238813,5,0,0.006375672326339906,0.0012934210527440436,1
3238816,5,0,0.000721957079749834,0.0012934210527440436,0
3238915,5,0,0.00015756045544796927,0.0012934210527440436,0
3238981,5,0,0.00016867943068036548,0.0012934210527440436,0
3239001,5,0,0.0005130110032532635,0.0012934210527440436,0
3239014,5,0,0.00022444102188839648,0.0012934210527440436,0
3239017,5,0,0.000369586249984421,0.0012934210527440436,0
3239026,5,0,0.00023454584609700486,0.0012934210527440436,0
3239028,5,0,0.011309908516148664,0.0012934210527440436,1
3239076,5,0,0.0011844088955435524,0.0012934210527440436,0
3239164,5,0,0.004077100387596705,0.0012934210527440436,1
3239186,5,0,0.0014136561044840077,0.0012934210527440436,1
3239272,5,0,0.003974096512428213,0.0012934210527440436,1
3239359,5,0,0.0013163238161748275,0.0012934210527440436,1
3239371,5,0,0.008243620735365722,0.0012934210527440436,1
3239500,5,0,0.0006928891488150533,0.0012934210527440436,0
3239514,5,0,0.0020357208693440694,0.0012934210527440436,1
3239515,5,0,0.010441914434146722,0.0012934210527440436,1
3239526,5,0,0.0006669205798716328,0.0012934210527440436,0
3239565,5,0,0.006169254615627318,0.0012934210527440436,1
3239575,5,0,0.0004124068439005898,0.0012934210527440436,0
3239584,5,0,0.0002278085462915679,0.0012934210527440436,0
3239612,5,0,0.0010267378864850882,0.0012934210527440436,0
3239619,5,0,0.0024051960222057044,0.0012934210527440436,1
3239650,5,0,0.0003809357205772178,0.0012934210527440436,0
3239657,5,0,0.00011883032790701762,0.0012934210527440436,0
3239690,5,0,0.0006509341318775474,0.0012934210527440436,0
3239765,5,0,0.00048143170428329644,0.0012934210527440436,0
3239779,5,0,0.0008040543239323296,0.0012934210527440436,0
3239780,5,0,0.0002768121831674201,0.0012934210527440436,0
3239805,5,0,0.0008929414692472545,0.0012934210527440436,0
3239814,5,0,0.0002665490852041724,0.0012934210527440436,0
3239850,5,0,0.001537842895240188,0.0012934210527440436,1
3239890,5,0,0.00041076007170255424,0.0012934210527440436,0
3239960,5,0,0.001159129400247149,0.0012934210527440436,0
3239986,5,0,0.0007171447383598551,0.0012934210527440436,0
3240030,5,0,0.00019067473066466608,0.0012934210527440436,0
3240168,5,0,0.0029439409116351093,0.0012934210527440436,1
3240181,5,0,0.002353376289571031,0.0012934210527440436,1
3240203,5,0,0.0013887132762108157,0.0012934210527440436,1
3240321,5,0,0.0025290720645223933,0.0012934210527440436,1
3240347,5,0,0.000557331061006802,0.0012934210527440436,0
3240481,5,0,0.000129083542065202,0.0012934210527440436,0
3240487,5,0,0.0016904726602077584,0.0012934210527440436,1
3240507,5,0,0.00012376841728593732,0.0012934210527440436,0
3240522,5,0,0.0011544174688818936,0.0012934210527440436,0
3240564,5,0,0.0021876428607685437,0.0012934210527440436,1
3240589,5,0,0.0022106076679542118,0.0012934210527440436,1
3240606,5,0,0.001193652590571644,0.0012934210527440436,0
3240625,5,0,0.00027311444099846434,0.0012934210527440436,0
3240675,5,0,0.0015382557175220985,0.0012934210527440436,1
3240722,5,0,0.00025330098715570297,0.0012934210527440436,0
3240779,5,0,0.010848309202250403,0.0012934210527440436,1
3240780,5,0,0.00465356697387716,0.0012934210527440436,1
3240805,5,0,0.0001591343606273306,0.0012934210527440436,0
3240846,5,0,0.0021711862389597394,0.0012934210527440436,1
3240885,5,0,0.0018551561357581998,0.0012934210527440436,1
3240895,5,0,0.00014533152020339355,0.0012934210527440436,0
3240896,5,0,0.0011949667423667716,0.0012934210527440436,0
3240901,5,0,0.0008976868692354473,0.0012934210527440436,0
3240922,5,0,0.00014913572719598605,0.0012934210527440436,0
3240997,5,0,0.0010159163253110487,0.0012934210527440436,0
3241008,5,0,0.0006641333252677565,0.0012934210527440436,0
3241060,5,0,0.00607178864563291,0.0012934210527440436,1
3241115,5,0,0.0010391903477582891,0.0012934210527440436,0
3241208,5,0,0.0014227140867760424,0.0012934210527440436,1
3241219,5,0,0.000483233695203148,0.0012934210527440436,0
3241240,5,0,0.00022339707011803742,0.0012934210527440436,0
3241299,5,0,0.00020747464761876254,0.0012934210527440436,0
3241351,5,0,0.00041234971110398245,0.0012934210527440436,0
3241375,5,0,0.0002177116766939056,0.0012934210527440436,0
3241390,5,0,0.013339494150420982,0.0012934210527440436,1
3241399,5,0,0.0002541117690008721,0.0012934210527440436,0
3241411,5,0,0.00018326456517446185,0.0012934210527440436,0
3241476,5,0,0.00039067772097378916,0.0012934210527440436,0
3241588,5,0,0.0004935817970975648,0.0012934210527440436,0
3241591,5,0,0.0006171305219944398,0.0012934210527440436,0
3241646,5,0,0.002495188333396513,0.0012934210527440436,1
3241673,5,0,0.0019291546328885493,0.0012934210527440436,1
3241706,5,0,0.0005706156382019682,0.0012934210527440436,0
3241718,5,0,0.00034164924359148056,0.0012934210527440436,0
3241721,5,0,0.0012777784853209332,0.0012934210527440436,0
3241755,5,0,0.001977593934473854,0.0012934210527440436,1
3241826,5,0,7.912448099854932e-05,0.0012934210527440436,0
3241848,5,0,0.007539767559557741,0.0012934210527440436,1
3241858,5,0,0.0001818823844408061,0.0012934210527440436,0
3241870,5,0,0.001217383992884057,0.0012934210527440436,0
3241897,5,0,0.0002567102811708481,0.0012934210527440436,0
3241954,5,0,0.0003770629001671727,0.0012934210527440436,0
3242026,5,0,0.0010125798868438711,0.0012934210527440436,0
3242034,5,0,8.64891307495395e-05,0.0012934210527440436,0
3242060,5,0,0.0004403033291157199,0.0012934210527440436,0
3242098,5,0,0.0007123351303035895,0.0012934210527440436,0
3242148,5,0,0.00026869199357491103,0.0012934210527440436,0
3242242,5,0,9.58457786435999e-05,0.0012934210527440436,0
3242264,5,0,7.326854622519355e-05,0.0012934210527440436,0
3242268,5,0,0.0004434334210538701,0.0012934210527440436,0
3242283,5,0,0.0021858403993025694,0.0012934210527440436,1
3242285,5,0,0.00045933802695990794,0.0012934210527440436,0
3242358,5,0,0.00024204960130083,0.0012934210527440436,0
3242391,5,0,0.00036723802916425135,0.0012934210527440436,0
3242402,5,0,0.0009659026085371276,0.0012934210527440436,0
3242415,5,0,0.0009475799211285501,0.0012934210527440436,0
3242513,5,0,0.0014581192818977416,0.0012934210527440436,1
3242623,5,0,0.000635624210088612,0.0012934210527440436,0
3242682,5,0,0.0007766948928829064,0.0012934210527440436,0
3242692,5,0,0.0005190878132100604,0.0012934210527440436,0
3242701,5,0,0.0002427423031559261,0.0012934210527440436,0
3242706,5,0,0.0006326371250280182,0.0012934210527440436,0
3242756,5,0,0.0062954898441650335,0.0012934210527440436,1
3242817,5,0,0.00018448041955490787,0.0012934210527440436,0
3242877,5,0,0.0012255416222167596,0.0012934210527440436,0
3242883,5,0,0.04871602724512341,0.0012934210527440436,1
3242966,5,0,0.00013943518312972353,0.0012934210527440436,0
3242983,5,0,0.0004649013983738662,0.0012934210527440436,0
3243002,5,0,0.00047543040780382895,0.0012934210527440436,0
3243023,5,0,0.00015226039413702652,0.0012934210527440436,0
3243029,5,0,0.00046726320788373994,0.0012934210527440436,0
3243039,5,0,7.423390462781789e-05,0.0012934210527440436,0
3243053,5,0,0.0001193951797292441,0.0012934210527440436,0
3243064,5,0,0.00017002829750389304,0.0012934210527440436,0
3243123,5,0,0.0002887650315720911,0.0012934210527440436,0
3243124,5,0,0.00027240139282410454,0.0012934210527440436,0
3243150,5,0,0.00014147728159614117,0.0012934210527440436,0
3243182,5,0,0.005160333001846249,0.0012934210527440436,1
3243194,5,0,0.0005311788651738953,0.0012934210527440436,0
3243272,5,0,0.020140369928586276,0.0012934210527440436,1
3243344,5,0,0.00021093125663699107,0.0012934210527440436,0
3243373,5,0,0.0006769848386189122,0.0012934210527440436,0
3243407,5,0,0.0009299958487314973,0.0012934210527440436,0
3243409,5,0,0.0012203602625115134,0.0012934210527440436,0
3243416,5,0,0.00015099123824620475,0.0012934210527440436,0
3243446,5,0,0.0008576478777508297,0.0012934210527440436,0
3243470,5,0,0.00014980042084836214,0.0012934210527440436,0
3243515,5,0,0.00031869733881687495,0.0012934210527440436,0
3243556,5,0,0.00017501758633386004,0.0012934210527440436,0
3243587,5,0,0.000591017728240357,0.0012934210527440436,0
3243603,5,0,0.00034736417357316324,0.0012934210527440436,0
3243610,5,0,0.00019583578130071398,0.0012934210527440436,0
3243613,5,0,0.00037943197743872973,0.0012934210527440436,0
3243614,5,0,0.0008670182311779052,0.0012934210527440436,0
3243649,5,0,0.0012897437839252976,0.0012934210527440436,0
3243668,5,0,0.0010895794016136835,0.0012934210527440436,0
3243681,5,0,0.0029705550879100275,0.0012934210527440436,1
3243784,5,0,0.0007373005173131783,0.0012934210527440436,0
3243822,5,0,0.0003341239473637179,0.0012934210527440436,0
3243828,5,0,0.003722289060356862,0.0012934210527440436,1
3243830,5,0,0.003278748289998935,0.0012934210527440436,1
3243939,5,0,0.0020723718312587306,0.0012934210527440436,1
3243959,5,0,0.0003306919619535869,0.0012934210527440436,0
3243984,5,0,0.0025470544143585626,0.0012934210527440436,1
3244003,5,0,0.00021493884158507796,0.0012934210527440436,0
3244058,5,0,0.0007207815199307374,0.0012934210527440436,0
3244065,5,0,0.00042764746264926554,0.0012934210527440436,0
3244083,5,0,0.00036932043952196095,0.0012934210527440436,0
3244084,5,0,0.0001827390593154835,0.0012934210527440436,0
3244095,5,0,0.001661603969656657,0.0012934210527440436,1
3244127,5,0,0.0006376280856950521,0.0012934210527440436,0
3244137,5,0,0.00020316883514147176,0.0012934210527440436,0
3244183,5,0,0.001140970602006408,0.0012934210527440436,0
3244188,5,0,0.0006413145648086145,0.0012934210527440436,0
3244206,5,0,0.0008017024992742552,0.0012934210527440436,0
3244215,5,0,0.0015758367986774538,0.0012934210527440436,1
3244294,5,0,7.821599752656106e-05,0.0012934210527440436,0
3244303,5,0,0.0010725586471089542,0.0012934210527440436,0
3244307,5,0,0.002925677197120763,0.0012934210527440436,1
3244321,5,0,0.0001741745382484013,0.0012934210527440436,0
3244333,5,0,0.00042174180835537434,0.0012934210527440436,0
3244354,5,0,0.0010593218035821043,0.0012934210527440436,0
3244368,5,0,0.0026199004283425395,0.0012934210527440436,1
3244371,5,0,0.00020812521469395758,0.0012934210527440436,0
3244377,5,0,0.00012011851257979688,0.0012934210527440436,0
3244430,5,0,0.00011599517460619509,0.0012934210527440436,0
3244491,5,0,0.0012698621412798013,0.0012934210527440436,0
3244493,5,0,0.0003539351900361284,0.0012934210527440436,0
3244548,5,0,0.00041788056991739933,0.0012934210527440436,0
3244575,5,0,0.0003566821064530511,0.0012934210527440436,0
3244602,5,0,0.0025371005779682024,0.0012934210527440436,1
3244609,5,0,0.00023087999938875138,0.0012934210527440436,0
3244613,5,0,0.0011984356104043623,0.0012934210527440436,0
3244626,5,0,0.0009205616541270632,0.0012934210527440436,0
3244631,5,0,0.000876945056682026,0.0012934210527440436,0
3244662,5,0,0.0004103444850253145,0.0012934210527440436,0
3244663,5,0,0.00020922522501412891,0.0012934210527440436,0
3244672,5,0,0.0017912243181321475,0.0012934210527440436,1
3244688,5,0,0.0023184209174695876,0.0012934210527440436,1
3244715,5,0,0.0043539871133511515,0.0012934210527440436,1
3244721,5,0,0.0008464731746895138,0.0012934210527440436,0
3244863,5,0,0.00029366855328959146,0.0012934210527440436,0
3244889,5,0,0.00025243875815741165,0.0012934210527440436,0
3244898,5,0,0.0017241667926936877,0.0012934210527440436,1
3244912,5,0,0.0020099866555909705,0.0012934210527440436,1
3244916,5,0,0.00025226921589244043,0.0012934210527440436,0
3244973,5,0,0.0008669290780171473,0.0012934210527440436,0
3245007,5,0,0.0003680710362980002,0.0012934210527440436,0
3245026,5,0,0.001864392235273509,0.0012934210527440436,1
3245072,5,0,0.0007059467109742458,0.0012934210527440436,0
3245089,5,0,0.003599182221801166,0.0012934210527440436,1
3245137,5,0,0.0037927398086948384,0.0012934210527440436,1
3245157,5,0,0.0005290618833323197,0.0012934210527440436,0
3245172,5,0,0.00016103061478255857,0.0012934210527440436,0
3245201,5,0,0.00048302283188218407,0.0012934210527440436,0
3245349,5,0,0.00047489206093801595,0.0012934210527440436,0
3245360,5,0,0.05737708873485222,0.0012934210527440436,1
3245362,5,0,0.0006526145703712702,0.0012934210527440436,0
3245419,5,0,0.0017424757149514638,0.0012934210527440436,1
3245426,5,0,0.00016804877603078208,0.0012934210527440436,0
3245427,5,0,0.00040610444372030395,0.0012934210527440436,0
3245457,5,0,0.006470095065688965,0.0012934210527440436,1
3245469,5,0,0.00034925989344691556,0.0012934210527440436,0
3245485,5,0,0.00020088805218074982,0.0012934210527440436,0
3245490,5,0,0.0015968650771196245,0.0012934210527440436,1
3245518,5,0,9.688684575702372e-05,0.0012934210527440436,0
3245521,5,0,0.0004630475615610578,0.0012934210527440436,0
3245540,5,0,0.0005944794677138573,0.0012934210527440436,0
3245552,5,0,0.00019698909325394326,0.0012934210527440436,0
3245594,5,0,0.0007210435686457687,0.0012934210527440436,0
3245611,5,0,0.00032374001648064165,0.0012934210527440436,0
3245642,5,0,0.0011904288058649912,0.0012934210527440436,0
3245746,5,0,0.0006935990429959994,0.0012934210527440436,0
3245781,5,0,8.797693441438e-05,0.0012934210527440436,0
3245802,5,0,0.00014990238541611316,0.0012934210527440436,0
3245834,5,0,0.0004094208997017032,0.0012934210527440436,0
3245957,5,0,0.000512361237725929,0.0012934210527440436,0
3245998,5,0,0.0003166087655442487,0.0012934210527440436,0
3246744,5,0,0.00037531840808758204,0.0012934210527440436,0
3246745,5,0,0.00034582570621591915,0.0012934210527440436,0
3246762,5,0,0.004233867939136198,0.0012934210527440436,1
3246798,5,0,0.010217721440506424,0.0012934210527440436,1
3321377,5,0,0.0038653194050941595,0.0012934210527440436,1
3345159,5,0,0.0008699488297140482,0.0012934210527440436,0
3346917,5,0,0.00037677888171905706,0.0012934210527440436,0
3387581,5,0,5.4729298459881345e-05,0.0012934210527440436,0
3618799,5,0,0.0001461647882927037,0.0012934210527440436,0
3635174,5,0,0.0005224782192756347,0.0012934210527440436,0
3743979,5,0,0.001096125013446407,0.0012934210527440436,0
3937248,5,0,0.0015281225346301145,0.0012934210527440436,1
4068080,5,0,0.00019049276258921555,0.0012934210527440436,0
4082051,5,0,0.00035772608748808947,0.0012934210527440436,0
4097145,5,0,0.0006716402752285818,0.0012934210527440436,0
4110364,5,0,0.0009819873143319543,0.0012934210527440436,0
4112244,5,0,0.0003244262440473276,0.0012934210527440436,0
4114340,5,0,0.0006918972413624574,0.0012934210527440436,0
4121127,5,0,0.00017454563801641194,0.0012934210527440436,0
4139196,5,0,0.000681286537237691,0.0012934210527440436,0
4164429,5,0,0.00014300335879494644,0.0012934210527440436,0
4176470,5,0,4.36003814931507e-05,0.0012934210527440436,0
4190320,5,0,0.0010508567584726388,0.0012934210527440436,0
4249720,5,0,0.00016965950591967536,0.0012934210527440436,0
4250213,5,0,0.002262473012266313,0.0012934210527440436,1
4252621,5,0,0.000434866770979903,0.0012934210527440436,0
4265250,5,0,0.0024400729910834503,0.0012934210527440436,1
4287474,5,0,0.0003650391663209184,0.0012934210527440436,0
4303182,5,0,0.001809698194258806,0.0012934210527440436,1
4321359,5,0,0.005515339741927967,0.0012934210527440436,1
4338757,5,0,0.0006621480345318646,0.0012934210527440436,0
4339188,5,0,0.003464575482248182,0.0012934210527440436,1
4348050,5,0,7.959159121384235e-05,0.0012934210527440436,0
4384144,5,0,0.0016816009546202929,0.0012934210527440436,1
4442688,5,0,0.00026348520643248947,0.0012934210527440436,0
4557441,5,0,0.0002780408870069234,0.0012934210527440436,0
4580960,5,0,0.0004036027415690214,0.0012934210527440436,0
4595224,5,0,0.022866413738289713,0.0012934210527440436,1
4613971,5,0,0.0016490453240633697,0.0012934210527440436,1
4618046,5,0,0.002079917595091704,0.0012934210527440436,1
4620051,5,0,0.0043990274689212384,0.0012934210527440436,1
4892691,5,0,0.000508587304604504,0.0012934210527440436,0
4900691,5,0,0.0003239056910586017,0.0012934210527440436,0
4911362,5,0,8.359623463311153e-05,0.0012934210527440436,0
4983647,5,0,0.0002039146015509567,0.0012934210527440436,0
5007390,5,0,0.0007092469411826116,0.0012934210527440436,0
5031850,5,0,0.001253812984437596,0.0012934210527440436,0
5051072,5,0,0.00010422535965752934,0.0012934210527440436,0
5055528,5,0,0.0013929134339069566,0.0012934210527440436,1
5086679,5,0,0.000396384884082278,0.0012934210527440436,0
5095140,5,0,0.0007720399990049943,0.0012934210527440436,0
5147586,5,0,0.0013848619535539806,0.0012934210527440436,1
5153272,5,0,0.00018086147604528703,0.0012934210527440436,0
5163063,5,0,0.0010619538930491483,0.0012934210527440436,0
5223232,5,0,0.0001212765788330802,0.0012934210527440436,0
5284594,5,0,0.0025118141701650125,0.0012934210527440436,1
5285943,5,0,0.00026707484962292633,0.0012934210527440436,0
5307093,5,0,0.00047867707168833235,0.0012934210527440436,0
5307099,5,0,0.000628068068083501,0.0012934210527440436,0
5307107,5,0,0.00021063166507024713,0.0012934210527440436,0
5307125,5,0,0.0007938836456919627,0.0012934210527440436,0
5307176,5,0,0.000329674771454274,0.0012934210527440436,0
5307204,5,0,0.00032352463200630076,0.0012934210527440436,0
5307217,5,0,0.00034487928401298796,0.0012934210527440436,0
5307225,5,0,0.0002105201404237905,0.0012934210527440436,0
5307272,5,0,0.0003275617825470998,0.0012934210527440436,0
5307399,5,0,0.01169966200299815,0.0012934210527440436,1
5307453,5,0,0.0012956625359073898,0.0012934210527440436,1
5307508,5,0,0.000644108147183395,0.0012934210527440436,0
5307513,5,0,0.005920138145974745,0.0012934210527440436,1
5307514,5,0,0.00022678325545341736,0.0012934210527440436,0
5307617,5,0,0.0001419039717364162,0.0012934210527440436,0
5307635,5,0,0.0013904545061062502,0.0012934210527440436,1
5307653,5,0,0.0036765364455483606,0.0012934210527440436,1
5307717,5,0,0.0012935293421138527,0.0012934210527440436,1
5307737,5,0,0.0010864330543950637,0.0012934210527440436,0
5307835,5,0,0.0017456019327668803,0.0012934210527440436,1
5307851,5,0,0.0002482481768232626,0.0012934210527440436,0
5307876,5,0,0.00011966584190604965,0.0012934210527440436,0
5307911,5,0,0.0008325221142972402,0.0012934210527440436,0
5307914,5,0,0.0004159266429539846,0.0012934210527440436,0
5307934,5,0,0.00016498293590634953,0.0012934210527440436,0
5307953,5,0,0.0009116974233124408,0.0012934210527440436,0
5307996,5,0,0.00034079344673406433,0.0012934210527440436,0
5308000,5,0,0.0012190597715093165,0.0012934210527440436,0
5308047,5,0,0.003651948882176529,0.0012934210527440436,1
5308053,5,0,0.000156293667494881,0.0012934210527440436,0
5308061,5,0,0.00035671808336576027,0.0012934210527440436,0
5308067,5,0,0.00017422185721557924,0.0012934210527440436,0
5308080,5,0,0.00013437840843845438,0.0012934210527440436,0
5308109,5,0,0.001942715005128944,0.0012934210527440436,1
5308117,5,0,0.0002614003414119539,0.0012934210527440436,0
5308129,5,0,0.00022151577227007123,0.0012934210527440436,0
5308183,5,0,0.0005432573329101994,0.0012934210527440436,0
5308224,5,0,0.0005474923661456864,0.0012934210527440436,0
5308297,5,0,0.00012069276741858543,0.0012934210527440436,0
5308372,5,0,0.0005506752020955076,0.0012934210527440436,0
5308396,5,0,0.0001786378953706244,0.0012934210527440436,0
5308437,5,0,0.0010527871176056196,0.0012934210527440436,0
5308454,5,0,0.001957548656487671,0.0012934210527440436,1
5308465,5,0,0.00022463848867083488,0.0012934210527440436,0
5308499,5,0,0.0001813676472622301,0.0012934210527440436,0
5308511,5,0,0.00024402583071578109,0.0012934210527440436,0
5308540,5,0,0.00032685004708148785,0.0012934210527440436,0
5308543,5,0,0.0022772226960367592,0.0012934210527440436,1
5308600,5,0,0.004280811427110496,0.0012934210527440436,1
5308601,5,0,0.0010144205770850527,0.0012934210527440436,0
5308623,5,0,0.001598344982085323,0.0012934210527440436,1
5308631,5,0,0.0001812022757835177,0.0012934210527440436,0
5308655,5,0,0.0007372938412330248,0.0012934210527440436,0
5308677,5,0,0.004694468379668775,0.0012934210527440436,1
5308685,5,0,0.0004320684104710533,0.0012934210527440436,0
5308701,5,0,0.0002759494408121049,0.0012934210527440436,0
5308786,5,0,0.00018410772250158325,0.0012934210527440436,0
5308838,5,0,0.0024256765105679706,0.0012934210527440436,1
5308851,5,0,0.00015514196900424726,0.0012934210527440436,0
5308889,5,0,0.00021973612332685375,0.0012934210527440436,0
5308918,5,0,0.005065839688865072,0.0012934210527440436,1
5308927,5,0,0.00013741379401242462,0.0012934210527440436,0
5309049,5,0,0.00036098104638355934,0.0012934210527440436,0
5309084,5,0,9.101117839740546e-05,0.0012934210527440436,0
5309158,5,0,0.00013961639671596283,0.0012934210527440436,0
5309164,5,0,0.0017339398915290594,0.0012934210527440436,1
5309173,5,0,0.0007028281964055914,0.0012934210527440436,0
5309433,5,0,0.00034589252946682497,0.0012934210527440436,0
5309502,5,0,0.00047895843977896073,0.0012934210527440436,0
5309515,5,0,0.003907235529290333,0.0012934210527440436,1
5309529,5,0,0.0005204574655653976,0.0012934210527440436,0
5309545,5,0,0.00027307638483974983,0.0012934210527440436,0
5309551,5,0,0.0016371880508461616,0.0012934210527440436,1
5309556,5,0,0.0006255549105738268,0.0012934210527440436,0
5309573,5,0,0.0018000849123165357,0.0012934210527440436,1
5309607,5,0,0.00025006157177476826,0.0012934210527440436,0
5309616,5,0,0.00031522047370685565,0.0012934210527440436,0
5309829,5,0,0.004206896440697662,0.0012934210527440436,1
5309841,5,0,0.017755575612112898,0.0012934210527440436,1
5309860,5,0,0.00017840348173015877,0.0012934210527440436,0
5309900,5,0,0.0004998203564710246,0.0012934210527440436,0
5310010,5,0,0.00023904486545042064,0.0012934210527440436,0
5310109,5,0,0.0013594699391506174,0.0012934210527440436,1
5310189,5,0,0.001447584779252496,0.0012934210527440436,1
5310209,5,0,0.00020959465289315877,0.0012934210527440436,0
5310238,5,0,9.018450004034056e-05,0.0012934210527440436,0
5310239,5,0,0.0016880420448982434,0.0012934210527440436,1
5310252,5,0,0.0015831137882663055,0.0012934210527440436,1
5310257,5,0,0.001669735722595005,0.0012934210527440436,1
5310280,5,0,0.0011120680704929825,0.0012934210527440436,0
5310323,5,0,0.0011620536208470124,0.0012934210527440436,0
5310341,5,0,0.00015655712820757686,0.0012934210527440436,0
5310375,5,0,0.0009738018225704833,0.0012934210527440436,0
5310428,5,0,0.0002830082760355996,0.0012934210527440436,0
5310444,5,0,0.0026954385925560416,0.0012934210527440436,1
5310459,5,0,0.0003981345351253991,0.0012934210527440436,0
5310487,5,0,0.0007859388076192303,0.0012934210527440436,0
5310523,5,0,0.0007703491381907601,0.0012934210527440436,0
5310531,5,0,0.0014811377760189054,0.0012934210527440436,1
5310566,5,0,0.0001668169691339763,0.0012934210527440436,0
5310593,5,0,0.004643520593955228,0.0012934210527440436,1
5310604,5,0,0.00039431496101727915,0.0012934210527440436,0
5310655,5,0,0.0005083662663963178,0.0012934210527440436,0
5310702,5,0,0.0007423447793594379,0.0012934210527440436,0
5310709,5,0,0.0014116478496701038,0.0012934210527440436,1
5310732,5,0,0.00524381398388277,0.0012934210527440436,1
5310761,5,0,0.0009049235520690413,0.0012934210527440436,0
5337466,5,0,0.0001439893803924421,0.0012934210527440436,0
5356192,5,0,0.002324022238509648,0.0012934210527440436,1
5389124,5,0,0.0005322400077133937,0.0012934210527440436,0
5389130,5,0,0.00516761316128033,0.0012934210527440436,1
5389221,5,0,0.0018530870890680203,0.0012934210527440436,1
5389230,5,0,0.00028477477630416424,0.0012934210527440436,0
5389234,5,0,0.0006739380416665532,0.0012934210527440436,0
5389285,5,0,0.0015932118121362254,0.0012934210527440436,1
5389421,5,0,0.017248127615664695,0.0012934210527440436,1
5389473,5,0,0.00024468094500690156,0.0012934210527440436,0
5389570,5,0,0.0003181292642660413,0.0012934210527440436,0
5389701,5,0,0.00043882287744931574,0.0012934210527440436,0
5389710,5,0,0.00017627519151240648,0.0012934210527440436,0
5389726,5,0,0.0008625263479517353,0.0012934210527440436,0
5389744,5,0,0.001254703043220681,0.0012934210527440436,0
5389747,5,0,0.0008906910650637957,0.0012934210527440436,0
5389802,5,0,0.00048143793277309615,0.0012934210527440436,0
5389828,5,0,0.0013405371815343361,0.0012934210527440436,1
5389841,5,0,0.001644570477012976,0.0012934210527440436,1
5389868,5,0,0.00024224652895528173,0.0012934210527440436,0
5389899,5,0,0.0002497013337656748,0.0012934210527440436,0
5389903,5,0,0.0002570829834402247,0.0012934210527440436,0
5389948,5,0,0.0005357058740915533,0.0012934210527440436,0
5389988,5,0,0.0010209033019469,0.0012934210527440436,0
5389989,5,0,0.0008264916594795499,0.0012934210527440436,0
5390044,5,0,0.007458514233780664,0.0012934210527440436,1
5390045,5,0,0.00024502792561602646,0.0012934210527440436,0
5390070,5,0,0.0005971695298788615,0.0012934210527440436,0
5390078,5,0,7.097619010409815e-05,0.0012934210527440436,0
5390086,5,0,0.00043977200326541306,0.0012934210527440436,0
5391770,5,0,0.0007829048688166459,0.0012934210527440436,0
5405417,5,0,0.003139316669179023,0.0012934210527440436,1
5405681,5,0,0.0029311053973205036,0.0012934210527440436,1
5406370,5,0,0.0015595581366626952,0.0012934210527440436,1
5636299,5,0,0.002163449062823148,0.0012934210527440436,1
5643743,5,0,0.00039994939121062767,0.0012934210527440436,0
5677299,5,0,0.0010801777123638622,0.0012934210527440436,0
5697333,5,0,0.0041644819867998175,0.0012934210527440436,1
5707702,5,0,0.0002958413889821093,0.0012934210527440436,0
5710052,5,0,0.0014642712713015015,0.0012934210527440436,1
5711539,5,0,0.0002593970391123758,0.0012934210527440436,0
5711619,5,0,0.0002173551648410071,0.0012934210527440436,0
5722276,5,0,0.00011878991457378959,0.0012934210527440436,0
5738747,5,0,0.0002030945891706835,0.0012934210527440436,0
5742480,5,0,0.002826640846287792,0.0012934210527440436,1
5742521,5,0,0.0013791389864447974,0.0012934210527440436,1
5770818,5,0,8.525284416434004e-05,0.0012934210527440436,0
5771301,5,0,0.016199283531219997,0.0012934210527440436,1
5771352,5,0,0.0003571192454115079,0.0012934210527440436,0
5771362,5,0,0.00020101380212671652,0.0012934210527440436,0
5771406,5,0,0.00042810122622933855,0.0012934210527440436,0
5771447,5,0,0.0006391615774394189,0.0012934210527440436,0
5771468,5,0,0.0009446547262571195,0.0012934210527440436,0
5771737,5,0,0.0036136069569474272,0.0012934210527440436,1
5806166,5,0,0.003265865462713504,0.0012934210527440436,1
6138846,5,0,0.0024770806412691727,0.0012934210527440436,1
6324575,5,0,0.0007115581882633195,0.0012934210527440436,0
6324582,5,0,0.0009267490823275384,0.0012934210527440436,0
6398903,5,0,0.0005775004447315783,0.0012934210527440436,0
6399197,5,0,0.001968032622333658,0.0012934210527440436,1
6400906,5,0,0.0008281429048387631,0.0012934210527440436,0
6400962,5,0,0.0002600101822056836,0.0012934210527440436,0
6411257,5,0,0.0006614273054933521,0.0012934210527440436,0
6602555,5,0,0.002479028236950759,0.0012934210527440436,1
6602574,5,0,0.00038875280373667305,0.0012934210527440436,0
6602581,5,0,0.0005807250108009473,0.0012934210527440436,0
6602592,5,0,0.0007345800975165714,0.0012934210527440436,0
6602609,5,0,0.0001886855219857422,0.0012934210527440436,0
6602680,5,0,0.00030911161956096806,0.0012934210527440436,0
6602730,5,0,0.0003371922847630957,0.0012934210527440436,0
6602747,5,0,0.005896597893043103,0.0012934210527440436,1
6602835,5,0,0.0005259604690123184,0.0012934210527440436,0
6602886,5,0,0.0014595647206853567,0.0012934210527440436,1
6602926,5,0,0.000707299710086582,0.0012934210527440436,0
6602949,5,0,0.0013068026399482811,0.0012934210527440436,1
6602961,5,0,0.001227008659362616,0.0012934210527440436,0
6602992,5,0,0.0002684445938145108,0.0012934210527440436,0
6603032,5,0,0.00011018380657589621,0.0012934210527440436,0
6603039,5,0,0.0015571213332940745,0.0012934210527440436,1
6603068,5,0,0.00019285872839519192,0.0012934210527440436,0
6603072,5,0,0.0002343648519614837,0.0012934210527440436,0
6603077,5,0,0.0006164535311435708,0.0012934210527440436,0
6603092,5,0,0.0002539722298702262,0.0012934210527440436,0
6603133,5,0,0.00018688998936979774,0.0012934210527440436,0
6603149,5,0,0.0017575655359233606,0.0012934210527440436,1
6603188,5,0,0.0008345372021278608,0.0012934210527440436,0
6603189,5,0,0.0003265027049166514,0.0012934210527440436,0
6603256,5,0,0.0005655903762103515,0.0012934210527440436,0
6603258,5,0,0.0022698286457279865,0.0012934210527440436,1
6603261,5,0,0.0004831994067113948,0.0012934210527440436,0
6603317,5,0,0.0002759886159395569,0.0012934210527440436,0
6603333,5,0,0.0004911244856609638,0.0012934210527440436,0
6603357,5,0,0.00020605301797906083,0.0012934210527440436,0
6603456,5,0,0.0007172776231892561,0.0012934210527440436,0
6603462,5,0,0.00020432300777915895,0.0012934210527440436,0
6603570,5,0,0.00044372098808418233,0.0012934210527440436,0
6603582,5,0,0.00012213356994026205,0.0012934210527440436,0
