outer_fold,feature,mean_abs_shap,rank,n_explained_samples,n_background_samples,n_explained_actives
1,1370000000,0.01993691163893853,1,60,40,24
1,174000000,0.018715337882928385,2,60,40,24
1,1369000000,0.01708132130927591,3,60,40,24
1,1417000000,0.015116162285963937,4,60,40,24
1,1428000000,0.015111406373457809,5,60,40,24
1,1383000000,0.015104753728314272,6,60,40,24
1,1394000000,0.015020989669453068,7,60,40,24
1,716000000,0.014838837754259114,8,60,40,24
1,646000000,0.014584850947620059,9,60,40,24
1,707000000,0.01354753289488481,10,60,40,24
1,1402000000,0.013494301770359058,11,60,40,24
1,1420000000,0.013489726326801116,12,60,40,24
1,1424000000,0.013321072385813867,13,60,40,24
1,1431000000,0.013201133834762112,14,60,40,24
1,1168000000,0.012773591217250756,15,60,40,24
1,962000000,0.012669497359106269,16,60,40,24
1,725000000,0.012476427246598762,17,60,40,24
1,1070000000,0.012051357820356346,18,60,40,24
1,1397000000,0.011997850466278175,19,60,40,24
1,1121000000,0.011858022656755453,20,60,40,24
1,1386000000,0.011706796994554665,21,60,40,24
1,1170000000,0.011357742052305704,22,60,40,24
1,698000000,0.011318096853817914,23,60,40,24
1,1185000000,0.011150877235596155,24,60,40,24
1,639000000,0.011109544152379849,25,60,40,24
1,1184000000,0.010711313753220843,26,60,40,24
1,1084000000,0.01070381416219106,27,60,40,24
1,1105000000,0.010600610088278433,28,60,40,24
1,1279000000,0.010532910129648175,29,60,40,24
1,1088000000,0.010438413986189275,30,60,40,24
1,133000000,0.010288482551657577,31,60,40,24
1,1048000000,0.010123721903099977,32,60,40,24
1,724000000,0.010100517066051336,33,60,40,24
1,1025000000,0.010028724980600725,34,60,40,24
1,715000000,0.009899051131376627,35,60,40,24
1,178000000,0.00972420377831284,36,60,40,24
1,695000000,0.009606056087076592,37,60,40,24
1,902000000,0.009458387210122205,38,60,40,24
1,621000000,0.009421293708252032,39,60,40,24
1,1398000000,0.009336699189520839,40,60,40,24
1,1144000000,0.009221082426545752,41,60,40,24
1,167000000,0.009187934676700173,42,60,40,24
1,1003000000,0.009127160259285694,43,60,40,24
1,714000000,0.009123541107729878,44,60,40,24
1,689000000,0.00905958013219782,45,60,40,24
1,1126000000,0.009042185472888655,46,60,40,24
1,1029000000,0.008954241939608313,47,60,40,24
1,1177000000,0.008908889042419316,48,60,40,24
1,609000000,0.008461632602052838,49,60,40,24
1,1140000000,0.008309792361923467,50,60,40,24
1,139000000,0.008265913316240377,51,60,40,24
1,1066000000,0.008220865200972387,52,60,40,24
1,1264000000,0.008132485525440974,53,60,40,24
1,690000000,0.008103369445333398,54,60,40,24
1,1050000000,0.008071701412728881,55,60,40,24
1,1089000000,0.008002594000953713,56,60,40,24
1,1107000000,0.007904049294565252,57,60,40,24
1,1118000000,0.007893882302279377,58,60,40,24
1,1009000000,0.007858921556036597,59,60,40,24
1,1030000000,0.0077896554591823704,60,60,40,24
1,1065000000,0.0076788856460201045,61,60,40,24
1,173000000,0.007603400803944924,62,60,40,24
1,33000000,0.007572690456101098,63,60,40,24
1,1164000000,0.007516626273005467,64,60,40,24
1,1082000000,0.00749316372236887,65,60,40,24
1,1204000000,0.007444816347990962,66,60,40,24
1,1135000000,0.007405145161261134,67,60,40,24
1,929000000,0.007403633172193285,68,60,40,24
1,963000000,0.007396215660904231,69,60,40,24
1,940000000,0.007379096615285493,70,60,40,24
1,1004000000,0.007301527636804587,71,60,40,24
1,1110000000,0.007252184899006864,72,60,40,24
1,1249000000,0.007244460819653963,73,60,40,24
1,1123000000,0.007129160291059472,74,60,40,24
1,1022000000,0.007031395477720764,75,60,40,24
1,159000000,0.006986568650964059,76,60,40,24
1,1169000000,0.006970540974922604,77,60,40,24
1,168000000,0.006959069360581573,78,60,40,24
1,144000000,0.006941289933111102,79,60,40,24
1,176000000,0.00684154126732745,80,60,40,24
1,985000000,0.00681756113663991,81,60,40,24
1,903000000,0.006746818039030095,82,60,40,24
1,967000000,0.006743533787815923,83,60,40,24
1,130000000,0.006678175706880131,84,60,40,24
1,1235000000,0.006654745261528964,85,60,40,24
1,132000000,0.00658104173564855,86,60,40,24
1,959000000,0.006569535221554645,87,60,40,24
1,1098000000,0.006499933242406743,88,60,40,24
1,129000000,0.006480504159017536,89,60,40,24
1,1171000000,0.0064570609561615385,90,60,40,24
1,1387000000,0.006453835251717301,91,60,40,24
1,1228000000,0.006445548494258288,92,60,40,24
1,1122000000,0.006402427134525932,93,60,40,24
1,1159000000,0.006402424388978037,94,60,40,24
1,711000000,0.0064012588590544066,95,60,40,24
1,964000000,0.006340988565663003,96,60,40,24
1,31000000,0.006310986406518915,97,60,40,24
1,1043000000,0.006290125695043941,98,60,40,24
1,1142000000,0.006288630532102381,99,60,40,24
1,980000000,0.006241131727387702,100,60,40,24
1,946000000,0.006206851638045348,101,60,40,24
1,1040000000,0.006193543196435902,102,60,40,24
1,1060000000,0.006174408874107053,103,60,40,24
1,1100000000,0.006140967364997332,104,60,40,24
1,177000000,0.00611245866077518,105,60,40,24
1,719000000,0.006072201747709194,106,60,40,24
1,717000000,0.006003541541792274,107,60,40,24
1,1026000000,0.005999570624820195,108,60,40,24
1,115000000,0.005997426572816973,109,60,40,24
1,718000000,0.005979918282086795,110,60,40,24
1,720000000,0.005966398802824951,111,60,40,24
1,1161000000,0.005965897563138442,112,60,40,24
1,1203000000,0.00595939619609664,113,60,40,24
1,150000000,0.005923552978202098,114,60,40,24
1,1427000000,0.005917795124603527,115,60,40,24
1,1130000000,0.005882616538992316,116,60,40,24
1,824000000,0.005854471621815488,117,60,40,24
1,1416000000,0.005853722523082206,118,60,40,24
1,1109000000,0.005848293995497933,119,60,40,24
1,1233000000,0.005817989591377319,120,60,40,24
1,932000000,0.005804584642995747,121,60,40,24
1,977000000,0.0057532752478037874,122,60,40,24
1,128000000,0.005718801971824823,123,60,40,24
1,1240000000,0.005692484354507602,124,60,40,24
1,170000000,0.005645947194309739,125,60,40,24
1,171000000,0.005640030837423954,126,60,40,24
1,1193000000,0.0054995788733590975,127,60,40,24
1,1175000000,0.005479035431872244,128,60,40,24
1,1162000000,0.005456613161873658,129,60,40,24
1,1116000000,0.005450269994717904,130,60,40,24
1,1056000000,0.005437752319479492,131,60,40,24
1,1236000000,0.005336274423323987,132,60,40,24
1,166000000,0.005303718498109782,133,60,40,24
1,633000000,0.005247380686966122,134,60,40,24
1,26000000,0.005176504851467794,135,60,40,24
1,1054000000,0.00513927098201021,136,60,40,24
1,991000000,0.005127908530225605,137,60,40,24
1,713000000,0.005120133043316225,138,60,40,24
1,705000000,0.005118212001561846,139,60,40,24
1,638000000,0.005112012495422313,140,60,40,24
1,938000000,0.005110269026624985,141,60,40,24
1,1146000000,0.005087549313116942,142,60,40,24
1,634000000,0.005073596948548579,143,60,40,24
1,643000000,0.004990686400357626,144,60,40,24
1,137000000,0.004971315202663597,145,60,40,24
1,1069000000,0.004949951965201887,146,60,40,24
1,1143000000,0.004929788366127357,147,60,40,24
1,131000000,0.004886807617244023,148,60,40,24
1,1072000000,0.004886021064901036,149,60,40,24
1,28000000,0.004879692968227519,150,60,40,24
1,1200000000,0.004867601653122193,151,60,40,24
1,165000000,0.004856275086259821,152,60,40,24
1,1087000000,0.004849500849006176,153,60,40,24
1,996000000,0.004846760951851172,154,60,40,24
1,928000000,0.0048402757143087855,155,60,40,24
1,1261000000,0.004823384207618641,156,60,40,24
1,1372000000,0.004812946961300075,157,60,40,24
1,721000000,0.004751033694250432,158,60,40,24
1,1027000000,0.004739333762253399,159,60,40,24
1,1255000000,0.004728921611938797,160,60,40,24
1,1010000000,0.004704145956934844,161,60,40,24
1,1160000000,0.0046772334386281375,162,60,40,24
1,697000000,0.00467439362911524,163,60,40,24
1,1260000000,0.004670960031910075,164,60,40,24
1,1141000000,0.004642626459772001,165,60,40,24
1,1103000000,0.004593197261263486,166,60,40,24
1,161000000,0.004574007775627771,167,60,40,24
1,37000000,0.00456703316302417,168,60,40,24
1,1145000000,0.004554154588311186,169,60,40,24
1,195000000,0.004531182863527847,170,60,40,24
1,947000000,0.004526391909869347,171,60,40,24
1,1217000000,0.0045011860213496156,172,60,40,24
1,8000000,0.004477048821060416,173,60,40,24
1,1262000000,0.0044680925394037785,174,60,40,24
1,160000000,0.004464604230418942,175,60,40,24
1,1209000000,0.004427707368033105,176,60,40,24
1,606000000,0.004423959989628182,177,60,40,24
1,958000000,0.004421360368604281,178,60,40,24
1,861000000,0.004400124570282101,179,60,40,24
1,843000000,0.004394715419929727,180,60,40,24
1,1086000000,0.004394534805184273,181,60,40,24
1,158000000,0.00439192602851354,182,60,40,24
1,923000000,0.004391547675676909,183,60,40,24
1,1002000000,0.004384285620239672,184,60,40,24
1,899000000,0.00436274526270987,185,60,40,24
1,1005000000,0.004348761081847772,186,60,40,24
1,926000000,0.0043474852713519035,187,60,40,24
1,966000000,0.004343845981573979,188,60,40,24
1,884000000,0.004339715909350154,189,60,40,24
1,1091000000,0.0043372894919328255,190,60,40,24
1,182000000,0.004308355200026372,191,60,40,24
1,1106000000,0.004300731225625156,192,60,40,24
1,19000000,0.004293454035960731,193,60,40,24
1,915000000,0.004201964023984002,194,60,40,24
1,169000000,0.004185042627107908,195,60,40,24
1,1225000000,0.004181717665123178,196,60,40,24
1,1180000000,0.004171528472920535,197,60,40,24
1,883000000,0.004170605314409094,198,60,40,24
1,1001000000,0.004163341124250554,199,60,40,24
1,27000000,0.0041599277313631045,200,60,40,24
1,1064000000,0.004150968579423633,201,60,40,24
1,1265000000,0.004141069882827867,202,60,40,24
1,1208000000,0.004132934628408719,203,60,40,24
1,1038000000,0.004113754746546956,204,60,40,24
1,920000000,0.004106059598615781,205,60,40,24
1,1152000000,0.0041008056512750425,206,60,40,24
1,1163000000,0.004072214194403621,207,60,40,24
1,1190000000,0.004062623504095652,208,60,40,24
1,987000000,0.004057943828986542,209,60,40,24
1,965000000,0.00404502520381904,210,60,40,24
1,1036000000,0.004037528815443244,211,60,40,24
1,58000000,0.004019963043194271,212,60,40,24
1,1104000000,0.003973130267545746,213,60,40,24
1,1156000000,0.003961757113707413,214,60,40,24
1,1071000000,0.0039459426815115625,215,60,40,24
1,1127000000,0.003945462689484221,216,60,40,24
1,1242000000,0.003911800722100949,217,60,40,24
1,1229000000,0.0038753151006800813,218,60,40,24
1,14000000,0.0038642415794145346,219,60,40,24
1,628000000,0.0038587596586128984,220,60,40,24
1,1136000000,0.003854181864828971,221,60,40,24
1,1114000000,0.0038514000705292327,222,60,40,24
1,860000000,0.0038381187956639177,223,60,40,24
1,663000000,0.003833156636337881,224,60,40,24
1,1138000000,0.0038180856849419718,225,60,40,24
1,919000000,0.003793373871803246,226,60,40,24
1,898000000,0.0037922812815305088,227,60,40,24
1,618000000,0.0037747966470813798,228,60,40,24
1,16000000,0.0037627849599510947,229,60,40,24
1,1196000000,0.003759970221028015,230,60,40,24
1,1212000000,0.0037577901547664683,231,60,40,24
1,1147000000,0.0037465093673646785,232,60,40,24
1,935000000,0.0037422021116766567,233,60,40,24
1,956000000,0.003738962133792084,234,60,40,24
1,605000000,0.0037284435295794637,235,60,40,24
1,1188000000,0.0037255689407991364,236,60,40,24
1,710000000,0.003717356111308003,237,60,40,24
1,36000000,0.0037162762330465024,238,60,40,24
1,145000000,0.003710974622618394,239,60,40,24
1,1253000000,0.003706967890516585,240,60,40,24
1,86000000,0.003693806600222635,241,60,40,24
1,709000000,0.0036861697914511568,242,60,40,24
1,933000000,0.003661915118839378,243,60,40,24
1,1178000000,0.0036591780081912354,244,60,40,24
1,1259000000,0.0036528001881923097,245,60,40,24
1,1181000000,0.003641127582057243,246,60,40,24
1,1067000000,0.0036400471379020726,247,60,40,24
1,1073000000,0.0036347885834564987,248,60,40,24
1,1046000000,0.003617749791885643,249,60,40,24
1,1028000000,0.0036163322639086726,250,60,40,24
1,993000000,0.003615391143827694,251,60,40,24
1,1266000000,0.0035963898685032916,252,60,40,24
1,1008000000,0.003586704961537354,253,60,40,24
1,930000000,0.0035794552716186365,254,60,40,24
1,1094000000,0.0035779601827333534,255,60,40,24
1,1096000000,0.003575358265650863,256,60,40,24
1,60000000,0.003553745833224106,257,60,40,24
1,984000000,0.00354627533920851,258,60,40,24
1,1085000000,0.003539728025537081,259,60,40,24
1,1222000000,0.003534881681579775,260,60,40,24
1,146000000,0.003524961358348962,261,60,40,24
1,65000000,0.0035214481392616664,262,60,40,24
1,1075000000,0.0035008293085037555,263,60,40,24
1,192000000,0.003494674049545113,264,60,40,24
1,197000000,0.003493163382996749,265,60,40,24
1,1097000000,0.0034902348093799377,266,60,40,24
1,116000000,0.003482482341344234,267,60,40,24
1,696000000,0.003457766824076632,268,60,40,24
1,998000000,0.003453921349132721,269,60,40,24
1,945000000,0.0034429626889851297,270,60,40,24
1,1124000000,0.0034393999686152584,271,60,40,24
1,1113000000,0.00342630189966108,272,60,40,24
1,1173000000,0.003416204004175546,273,60,40,24
1,1079000000,0.003411963548312172,274,60,40,24
1,1202000000,0.003393172850501101,275,60,40,24
1,712000000,0.0033879209811879278,276,60,40,24
1,1012000000,0.003383425303451733,277,60,40,24
1,84000000,0.0033608258361960647,278,60,40,24
1,39000000,0.003360743607821527,279,60,40,24
1,1157000000,0.0033542035864302607,280,60,40,24
1,723000000,0.0033530999408692376,281,60,40,24
1,1108000000,0.0033519310351233567,282,60,40,24
1,1015000000,0.0033485528014739253,283,60,40,24
1,1023000000,0.003328350896640517,284,60,40,24
1,1019000000,0.0033238855158029047,285,60,40,24
1,1039000000,0.0033212174115964267,286,60,40,24
1,1234000000,0.0032909552990655947,287,60,40,24
1,142000000,0.003283594648737376,288,60,40,24
1,1013000000,0.003275628314099747,289,60,40,24
1,113000000,0.0032668626577338545,290,60,40,24
1,1049000000,0.00326543602525419,291,60,40,24
1,842000000,0.003244245007721176,292,60,40,24
1,1201000000,0.0032318599694150475,293,60,40,24
1,82000000,0.0032261644502018004,294,60,40,24
1,941000000,0.0032174252577028078,295,60,40,24
1,1219000000,0.0032119767590521125,296,60,40,24
1,1083000000,0.003202975461126488,297,60,40,24
1,1151000000,0.003184953728217511,298,60,40,24
1,1257000000,0.0031810810971097,299,60,40,24
1,1047000000,0.0031667318877384143,300,60,40,24
1,1246000000,0.003161042602646739,301,60,40,24
1,1245000000,0.003159901000206859,302,60,40,24
1,708000000,0.003151621695728184,303,60,40,24
1,981000000,0.003147276317170654,304,60,40,24
1,1099000000,0.0031445128036576985,305,60,40,24
1,114000000,0.0031426846033414577,306,60,40,24
1,914000000,0.003139815804933569,307,60,40,24
1,693000000,0.003138651321314777,308,60,40,24
1,976000000,0.003123905415041393,309,60,40,24
1,1111000000,0.003116634101741549,310,60,40,24
1,969000000,0.003115444220828665,311,60,40,24
1,894000000,0.003088194201167176,312,60,40,24
1,1090000000,0.003061029029519116,313,60,40,24
1,880000000,0.003058324948404153,314,60,40,24
1,1243000000,0.0030108955439085267,315,60,40,24
1,886000000,0.0030097260153582775,316,60,40,24
1,870000000,0.0029996037706750845,317,60,40,24
1,1092000000,0.0029945515858043116,318,60,40,24
1,1241000000,0.0029550044887601905,319,60,40,24
1,832000000,0.0029406693825066448,320,60,40,24
1,181000000,0.0029381683958615845,321,60,40,24
1,897000000,0.002927900645661932,322,60,40,24
1,641000000,0.0029223908852930277,323,60,40,24
1,1150000000,0.0029079094126162473,324,60,40,24
1,1248000000,0.0029078989366764416,325,60,40,24
1,151000000,0.0028897737286098088,326,60,40,24
1,6000000,0.0028819413948909635,327,60,40,24
1,611000000,0.0028789256799548616,328,60,40,24
1,852000000,0.002871658696166604,329,60,40,24
1,851000000,0.0028559334029700316,330,60,40,24
1,961000000,0.0028465310843067944,331,60,40,24
1,607000000,0.0028446198587337925,332,60,40,24
1,1059000000,0.002841959674359735,333,60,40,24
1,1034000000,0.002836228093921145,334,60,40,24
1,1210000000,0.0028343478085807515,335,60,40,24
1,51000000,0.0028282399241632726,336,60,40,24
1,1252000000,0.0028189777004734603,337,60,40,24
1,834000000,0.0028174670142249738,338,60,40,24
1,630000000,0.002810923545617491,339,60,40,24
1,1041000000,0.002791167662948041,340,60,40,24
1,141000000,0.002790944245214544,341,60,40,24
1,1167000000,0.002782861901301988,342,60,40,24
1,1197000000,0.002778313400221964,343,60,40,24
1,1132000000,0.002777214684795255,344,60,40,24
1,85000000,0.002771970220483057,345,60,40,24
1,1037000000,0.0027658766149277775,346,60,40,24
1,706000000,0.0027614028076337984,347,60,40,24
1,1258000000,0.0027379529209889506,348,60,40,24
1,659000000,0.0027236253172369597,349,60,40,24
1,971000000,0.00270588009983701,350,60,40,24
1,194000000,0.0027053095544823462,351,60,40,24
1,990000000,0.0027013494992814626,352,60,40,24
1,1393000000,0.002689836613461167,353,60,40,24
1,83000000,0.0026886954191702984,354,60,40,24
1,1063000000,0.002686788522071355,355,60,40,24
1,1382000000,0.002686473913901938,356,60,40,24
1,1256000000,0.002685894807391937,357,60,40,24
1,4000000,0.0026796590942477724,358,60,40,24
1,62000000,0.0026693659510772963,359,60,40,24
1,1174000000,0.002658548829750058,360,60,40,24
1,1053000000,0.002653884389464196,361,60,40,24
1,1024000000,0.0026500650471674657,362,60,40,24
1,193000000,0.00264976736338605,363,60,40,24
1,1214000000,0.0026491106613135535,364,60,40,24
1,140000000,0.0026300035085383743,365,60,40,24
1,15000000,0.0026285829882578744,366,60,40,24
1,1376000000,0.002625902328422032,367,60,40,24
1,889000000,0.002610188155054072,368,60,40,24
1,1166000000,0.0026051434717116154,369,60,40,24
1,1432000000,0.002604899148175364,370,60,40,24
1,156000000,0.0026011473390006915,371,60,40,24
1,881000000,0.0025979309452140533,372,60,40,24
1,1119000000,0.0025966415604392417,373,60,40,24
1,901000000,0.0025947975088450015,374,60,40,24
1,1021000000,0.002592678484317467,375,60,40,24
1,1251000000,0.0025924977322788786,376,60,40,24
1,978000000,0.002591415223690031,377,60,40,24
1,179000000,0.0025790223784017898,378,60,40,24
1,1095000000,0.002578800790331485,379,60,40,24
1,138000000,0.0025770272617569577,380,60,40,24
1,1158000000,0.0025760758101940184,381,60,40,24
1,1211000000,0.0025726743059881533,382,60,40,24
1,1183000000,0.0025691431436908312,383,60,40,24
1,893000000,0.0025652868534122206,384,60,40,24
1,974000000,0.002564394323319682,385,60,40,24
1,1115000000,0.0025630001597057015,386,60,40,24
1,1153000000,0.0025447538740556164,387,60,40,24
1,1373000000,0.002539846727740452,388,60,40,24
1,53000000,0.002534883251290623,389,60,40,24
1,890000000,0.002532327559939973,390,60,40,24
1,1101000000,0.0025316131051784166,391,60,40,24
1,1078000000,0.0025307546128043403,392,60,40,24
1,662000000,0.002528606329190894,393,60,40,24
1,136000000,0.002522072462823948,394,60,40,24
1,869000000,0.0025165113206712026,395,60,40,24
1,198000000,0.002516398026892315,396,60,40,24
1,153000000,0.0025088429701451437,397,60,40,24
1,1081000000,0.002505087935971843,398,60,40,24
1,5000000,0.0025046315869058063,399,60,40,24
1,1128000000,0.0024986365325619384,400,60,40,24
1,913000000,0.002497368167395044,401,60,40,24
1,833000000,0.00249704572444585,402,60,40,24
1,983000000,0.00249554727365614,403,60,40,24
1,927000000,0.002490648921056195,404,60,40,24
1,1192000000,0.002484198211861437,405,60,40,24
1,1230000000,0.0024765951724415275,406,60,40,24
1,1224000000,0.0024760985699814634,407,60,40,24
1,891000000,0.0024643198971046306,408,60,40,24
1,149000000,0.00245942498050185,409,60,40,24
1,1031000000,0.002445778644764473,410,60,40,24
1,905000000,0.00244014327278053,411,60,40,24
1,1244000000,0.0024381696799184783,412,60,40,24
1,885000000,0.0024266699553964193,413,60,40,24
1,872000000,0.002423778550164964,414,60,40,24
1,57000000,0.002395187932651989,415,60,40,24
1,624000000,0.002385590476975047,416,60,40,24
1,973000000,0.0023768197262041407,417,60,40,24
1,1045000000,0.0023762893077890175,418,60,40,24
1,942000000,0.0023617638403962537,419,60,40,24
1,986000000,0.0023604191333740153,420,60,40,24
1,1165000000,0.0023516481782115866,421,60,40,24
1,955000000,0.0023513767268063877,422,60,40,24
1,135000000,0.002334839063508189,423,60,40,24
1,1194000000,0.002331761224180345,424,60,40,24
1,953000000,0.002330896520061269,425,60,40,24
1,49000000,0.0023304475786401152,426,60,40,24
1,1032000000,0.002324192952975603,427,60,40,24
1,40000000,0.00230719282424499,428,60,40,24
1,874000000,0.0023042383044479605,429,60,40,24
1,989000000,0.0022939240053403273,430,60,40,24
1,1044000000,0.0022836200917142075,431,60,40,24
1,1206000000,0.002272488208960494,432,60,40,24
1,882000000,0.0022634140715743056,433,60,40,24
1,1199000000,0.002249297504838767,434,60,40,24
1,895000000,0.002244685385897265,435,60,40,24
1,1139000000,0.002244308131119045,436,60,40,24
1,1267000000,0.002238882117695578,437,60,40,24
1,982000000,0.002228573158333841,438,60,40,24
1,1018000000,0.002227383536481439,439,60,40,24
1,1213000000,0.00222398934018203,440,60,40,24
1,88000000,0.0022230329471511936,441,60,40,24
1,968000000,0.0022020595862163287,442,60,40,24
1,626000000,0.002201077956824713,443,60,40,24
1,180000000,0.0021931489789100865,444,60,40,24
1,1216000000,0.002188184067778583,445,60,40,24
1,1365000000,0.0021646714586008504,446,60,40,24
1,892000000,0.002159709955563281,447,60,40,24
1,1102000000,0.002159686069304359,448,60,40,24
1,960000000,0.002144000523878914,449,60,40,24
1,29000000,0.002141136046473085,450,60,40,24
1,134000000,0.002132309594540731,451,60,40,24
1,900000000,0.002125074718616555,452,60,40,24
1,47000000,0.0021230193065302832,453,60,40,24
1,660000000,0.0021178942157663184,454,60,40,24
1,906000000,0.0021168323161881377,455,60,40,24
1,17000000,0.0021162300808341156,456,60,40,24
1,939000000,0.0021055589383534848,457,60,40,24
1,1076000000,0.0021047668749927953,458,60,40,24
1,904000000,0.002093043455671167,459,60,40,24
1,30000000,0.002086643094716452,460,60,40,24
1,951000000,0.002069842111347264,461,60,40,24
1,925000000,0.0020654399821602052,462,60,40,24
1,970000000,0.0020586793632596375,463,60,40,24
1,90000000,0.002051162164476258,464,60,40,24
1,859000000,0.002051060200818371,465,60,40,24
1,1154000000,0.002049028216954021,466,60,40,24
1,1052000000,0.0020484296803703465,467,60,40,24
1,124000000,0.002044522703399775,468,60,40,24
1,975000000,0.0020421204902796542,469,60,40,24
1,702000000,0.0020366363957184733,470,60,40,24
1,155000000,0.002032237778318806,471,60,40,24
1,44000000,0.0020285586313796835,472,60,40,24
1,728000000,0.0020281400669979886,473,60,40,24
1,879000000,0.0020257382233463076,474,60,40,24
1,1389000000,0.002025219194123363,475,60,40,24
1,1014000000,0.0020246384415889365,476,60,40,24
1,154000000,0.0020195898118389706,477,60,40,24
1,873000000,0.002016080123930758,478,60,40,24
1,42000000,0.00201210839547986,479,60,40,24
1,89000000,0.0020117435890419167,480,60,40,24
1,125000000,0.0019948179315290005,481,60,40,24
1,1006000000,0.001984459448164203,482,60,40,24
1,1232000000,0.001978420908133734,483,60,40,24
1,1220000000,0.0019737732876924847,484,60,40,24
1,1061000000,0.001970308923560573,485,60,40,24
1,917000000,0.0019695868965093804,486,60,40,24
1,1016000000,0.001968417098597435,487,60,40,24
1,1223000000,0.0019669349976781203,488,60,40,24
1,909000000,0.0019610437322732125,489,60,40,24
1,931000000,0.001955552062549093,490,60,40,24
1,1231000000,0.0019549991584368086,491,60,40,24
1,921000000,0.0019373134379765974,492,60,40,24
1,123000000,0.0019361469607078617,493,60,40,24
1,1074000000,0.001934967805433029,494,60,40,24
1,43000000,0.0019289132015855566,495,60,40,24
1,120000000,0.0019288182074954877,496,60,40,24
1,1120000000,0.0019246101009453896,497,60,40,24
1,922000000,0.0019027199038705684,498,60,40,24
1,122000000,0.001895936080195675,499,60,40,24
1,126000000,0.001891138152823542,500,60,40,24
1,13000000,0.0018887625081009517,501,60,40,24
1,87000000,0.0018785598961744783,502,60,40,24
1,877000000,0.0018778654202506234,503,60,40,24
1,1112000000,0.001874146414923846,504,60,40,24
1,1182000000,0.0018711588708766797,505,60,40,24
1,1033000000,0.001864488639111467,506,60,40,24
1,1270000000,0.0018637558763939723,507,60,40,24
1,999000000,0.0018594961655679046,508,60,40,24
1,888000000,0.001859262871343006,509,60,40,24
1,56000000,0.0018539331330251257,510,60,40,24
1,1207000000,0.001850984519107771,511,60,40,24
1,871000000,0.0018419690472694012,512,60,40,24
1,1148000000,0.0018384278024948216,513,60,40,24
1,148000000,0.0018356497453268597,514,60,40,24
1,1134000000,0.0018279386006273184,515,60,40,24
1,157000000,0.0018159272789069292,516,60,40,24
1,117000000,0.0018147250927672263,517,60,40,24
1,912000000,0.0018131566974105724,518,60,40,24
1,1218000000,0.0018088938267152418,519,60,40,24
1,91000000,0.0018058191466668247,520,60,40,24
1,858000000,0.0018040831695285565,521,60,40,24
1,1263000000,0.001788359031045555,522,60,40,24
1,994000000,0.0017866836176321091,523,60,40,24
1,38000000,0.0017865743692157831,524,60,40,24
1,1117000000,0.0017863532310574113,525,60,40,24
1,918000000,0.0017793030836864175,526,60,40,24
1,1198000000,0.0017771276970369328,527,60,40,24
1,936000000,0.00177584972400927,528,60,40,24
1,48000000,0.0017729155015959604,529,60,40,24
1,1131000000,0.0017701744586694143,530,60,40,24
1,118000000,0.0017670809844793237,531,60,40,24
1,1189000000,0.001760147757739429,532,60,40,24
1,1239000000,0.0017593771154395586,533,60,40,24
1,826000000,0.0017415635027851304,534,60,40,24
1,3000000,0.0017412883600646221,535,60,40,24
1,911000000,0.0017376101155045297,536,60,40,24
1,92000000,0.001734402613097695,537,60,40,24
1,896000000,0.0017331672378816938,538,60,40,24
1,1137000000,0.0017319540580946584,539,60,40,24
1,910000000,0.001720770583870826,540,60,40,24
1,907000000,0.001717997923306071,541,60,40,24
1,831000000,0.0017078259208940132,542,60,40,24
1,1172000000,0.0017015917433289222,543,60,40,24
1,957000000,0.001699538167471607,544,60,40,24
1,841000000,0.001698327030714756,545,60,40,24
1,189000000,0.0016952003808995877,546,60,40,24
1,52000000,0.0016933093443998403,547,60,40,24
1,1017000000,0.001689605602016812,548,60,40,24
1,184000000,0.0016888420427734444,549,60,40,24
1,1186000000,0.0016873649525232135,550,60,40,24
1,647000000,0.0016839708887927526,551,60,40,24
1,1191000000,0.0016788615468411954,552,60,40,24
1,147000000,0.001675721222573058,553,60,40,24
1,857000000,0.0016689213674889638,554,60,40,24
1,700000000,0.0016588839996680088,555,60,40,24
1,1271000000,0.0016558069070815476,556,60,40,24
1,1401000000,0.0016544293267847661,557,60,40,24
1,876000000,0.0016506915283978955,558,60,40,24
1,1077000000,0.0016503563711887442,559,60,40,24
1,162000000,0.0016387143659903384,560,60,40,24
1,645000000,0.0016378696172366727,561,60,40,24
1,1149000000,0.001637043651149734,562,60,40,24
1,196000000,0.0016358065783227604,563,60,40,24
1,163000000,0.0016318608637895364,564,60,40,24
1,185000000,0.0016261733818965615,565,60,40,24
1,694000000,0.001622285872372658,566,60,40,24
1,620000000,0.0016162506735269146,567,60,40,24
1,1423000000,0.0016111373443709405,568,60,40,24
1,1057000000,0.0016108534827193792,569,60,40,24
1,1011000000,0.0016099123484624811,570,60,40,24
1,187000000,0.001608787383771646,571,60,40,24
1,191000000,0.0015999862592434874,572,60,40,24
1,635000000,0.0015998387118832831,573,60,40,24
1,950000000,0.0015902431039101629,574,60,40,24
1,188000000,0.0015891506627370515,575,60,40,24
1,164000000,0.0015710663311266832,576,60,40,24
1,7000000,0.001569639740292052,577,60,40,24
1,829000000,0.0015661255489859555,578,60,40,24
1,190000000,0.0015649949568355974,579,60,40,24
1,1195000000,0.0015644039390274663,580,60,40,24
1,1080000000,0.0015639837854881681,581,60,40,24
1,878000000,0.0015592200641264245,582,60,40,24
1,908000000,0.00155088220487267,583,60,40,24
1,916000000,0.0015473833279810445,584,60,40,24
1,1179000000,0.00153896061067112,585,60,40,24
1,64000000,0.0015368476161690399,586,60,40,24
1,988000000,0.0015304735848728963,587,60,40,24
1,703000000,0.0015301447861597692,588,60,40,24
1,1058000000,0.0015283879494414306,589,60,40,24
1,59000000,0.0015259900329789463,590,60,40,24
1,61000000,0.0015250147962675123,591,60,40,24
1,55000000,0.0015227590906072028,592,60,40,24
1,2000000,0.0015202388619932233,593,60,40,24
1,175000000,0.0015143809433002706,594,60,40,24
1,729000000,0.0015130856283293098,595,60,40,24
1,887000000,0.001509590995166076,596,60,40,24
1,733000000,0.001507287173511703,597,60,40,24
1,875000000,0.001501342560995018,598,60,40,24
1,943000000,0.001500653845961881,599,60,40,24
1,979000000,0.001497221948616713,600,60,40,24
1,636000000,0.0014970837951370068,601,60,40,24
1,45000000,0.0014869290977558847,602,60,40,24
1,1051000000,0.001486210781764753,603,60,40,24
1,1247000000,0.0014800132460438568,604,60,40,24
1,952000000,0.0014798481651666128,605,60,40,24
1,183000000,0.0014791881224043,606,60,40,24
1,25000000,0.001475856404550816,607,60,40,24
1,1215000000,0.0014564097597217819,608,60,40,24
1,1250000000,0.0014561971082041917,609,60,40,24
1,1062000000,0.0014547840477161797,610,60,40,24
1,186000000,0.0014519920656110954,611,60,40,24
1,827000000,0.0014454268977895889,612,60,40,24
1,1226000000,0.001439606873901028,613,60,40,24
1,846000000,0.0014385580581310299,614,60,40,24
1,948000000,0.0014363162675864367,615,60,40,24
1,50000000,0.0014285717090273965,616,60,40,24
1,172000000,0.0014250760010505288,617,60,40,24
1,995000000,0.001423950512653796,618,60,40,24
1,41000000,0.0014192155317541324,619,60,40,24
1,1390000000,0.0014178392812462897,620,60,40,24
1,121000000,0.0014176207981657376,621,60,40,24
1,119000000,0.001414900534224187,622,60,40,24
1,1205000000,0.0014089129992823457,623,60,40,24
1,610000000,0.0014043566835013467,624,60,40,24
1,825000000,0.001404056709154695,625,60,40,24
1,152000000,0.0014004393123761443,626,60,40,24
1,18000000,0.0014001282466553988,627,60,40,24
1,1176000000,0.0013863626407466076,628,60,40,24
1,1020000000,0.0013857387252822304,629,60,40,24
1,1187000000,0.0013839933753844365,630,60,40,24
1,997000000,0.0013747955443377832,631,60,40,24
1,1237000000,0.0013713940885705883,632,60,40,24
1,854000000,0.0013665035336756601,633,60,40,24
1,1000000000,0.001366329270564054,634,60,40,24
1,972000000,0.001364118740866479,635,60,40,24
1,1133000000,0.0013622694995661941,636,60,40,24
1,954000000,0.0013620373111059537,637,60,40,24
1,864000000,0.0013482619035676527,638,60,40,24
1,1093000000,0.001347815229646906,639,60,40,24
1,835000000,0.0013422741293520302,640,60,40,24
1,830000000,0.001328128128756973,641,60,40,24
1,63000000,0.0013237307928198497,642,60,40,24
1,949000000,0.0013235032037841462,643,60,40,24
1,840000000,0.0013152934363310478,644,60,40,24
1,1042000000,0.0013132053121853247,645,60,40,24
1,35000000,0.0013044414294720225,646,60,40,24
1,924000000,0.0013001785443282545,647,60,40,24
1,828000000,0.0012908380336417971,648,60,40,24
1,94000000,0.0012867397772665563,649,60,40,24
1,1129000000,0.001286392112478348,650,60,40,24
1,1035000000,0.0012816846379873135,651,60,40,24
1,836000000,0.0012773668881943519,652,60,40,24
1,1155000000,0.0012759495900217196,653,60,40,24
1,849000000,0.0012713615130209928,654,60,40,24
1,847000000,0.0012668123797173172,655,60,40,24
1,722000000,0.0012619042399385956,656,60,40,24
1,111000000,0.0012608832438123839,657,60,40,24
1,54000000,0.0012482474283363335,658,60,40,24
1,844000000,0.0012370212868062604,659,60,40,24
1,937000000,0.0012333738989720427,660,60,40,24
1,867000000,0.0012310931890743642,661,60,40,24
1,944000000,0.0012189405242296891,662,60,40,24
1,1125000000,0.0012108460402583184,663,60,40,24
1,109000000,0.0012094639273932005,664,60,40,24
1,24000000,0.0012018418869586373,665,60,40,24
1,868000000,0.001199899854062383,666,60,40,24
1,1368000000,0.0011964991931323076,667,60,40,24
1,608000000,0.0011918061755383813,668,60,40,24
1,1238000000,0.0011826241435740708,669,60,40,24
1,839000000,0.0011800602904992199,670,60,40,24
1,855000000,0.0011717530115389553,671,60,40,24
1,112000000,0.0011582007789985593,672,60,40,24
1,866000000,0.0011494384120791191,673,60,40,24
1,934000000,0.0011482088145165358,674,60,40,24
1,1000000,0.0011368738282041498,675,60,40,24
1,850000000,0.0011333123187606848,676,60,40,24
1,93000000,0.001119661624612769,677,60,40,24
1,848000000,0.0010935239217294162,678,60,40,24
1,95000000,0.0010924404088451347,679,60,40,24
1,865000000,0.0010686522481747802,680,60,40,24
1,1227000000,0.001060781314245343,681,60,40,24
1,1068000000,0.0010583481267222481,682,60,40,24
1,863000000,0.0010560927389446945,683,60,40,24
1,856000000,0.0010364003886334304,684,60,40,24
1,853000000,0.001034529553338533,685,60,40,24
1,1430000000,0.0010309417490377776,686,60,40,24
1,837000000,0.0010296785422554075,687,60,40,24
1,1385000000,0.0010284822516652477,688,60,40,24
1,845000000,0.0010251201373267,689,60,40,24
1,699000000,0.0010196590239104333,690,60,40,24
1,862000000,0.0010120826262821896,691,60,40,24
1,838000000,0.0010097186017588623,692,60,40,24
1,1415000000,0.0010016326912993892,693,60,40,24
1,46000000,0.0009909506351989388,694,60,40,24
1,1396000000,0.000990079498723713,695,60,40,24
1,1221000000,0.0009831301461388172,696,60,40,24
1,1419000000,0.0009779680836848983,697,60,40,24
1,1007000000,0.0009732702483570028,698,60,40,24
1,1055000000,0.0009037717109955002,699,60,40,24
1,1403000000,0.0008676909046598197,700,60,40,24
1,1426000000,0.0008335168766922532,701,60,40,24
1,992000000,0.0008287963671344678,702,60,40,24
1,1371000000,0.000791400834874791,703,60,40,24
1,1425000000,0.0007888823801402958,704,60,40,24
1,701000000,0.0007638253563289516,705,60,40,24
1,1254000000,0.0006854118139472886,706,60,40,24
1,1272000000,0.0006269484661234494,707,60,40,24
1,1391000000,0.0006188631112554742,708,60,40,24
1,730000000,0.0006026541526673897,709,60,40,24
1,143000000,0.0005571449138853939,710,60,40,24
1,1381000000,0.0004477118896373825,711,60,40,24
1,1392000000,0.00042320166379661224,712,60,40,24
1,704000000,0.00038412688772479747,713,60,40,24
1,1395000000,0.0,714,60,40,24
1,1418000000,0.0,715,60,40,24
1,629000000,0.0,716,60,40,24
1,1273000000,0.0,717,60,40,24
1,1429000000,0.0,718,60,40,24
1,1274000000,0.0,719,60,40,24
1,631000000,0.0,720,60,40,24
1,1277000000,0.0,721,60,40,24
1,1278000000,0.0,722,60,40,24
1,640000000,0.0,723,60,40,24
1,642000000,0.0,724,60,40,24
1,1422000000,0.0,725,60,40,24
1,1282000000,0.0,726,60,40,24
1,1283000000,0.0,727,60,40,24
1,1364000000,0.0,728,60,40,24
1,726000000,0.0,729,60,40,24
1,1375000000,0.0,730,60,40,24
1,1384000000,0.0,731,60,40,24
1,1414000000,0.0,732,60,40,24
1,1413000000,0.0,733,60,40,24
1,1409000000,0.0,734,60,40,24
1,1408000000,0.0,735,60,40,24
1,1405000000,0.0,736,60,40,24
1,1404000000,0.0,737,60,40,24
1,1388000000,0.0,738,60,40,24
1,1269000000,0.0,739,60,40,24
1,1400000000,0.0,740,60,40,24
1,727000000,0.0,741,60,40,24
1,1268000000,0.0,742,60,40,24
2,1110000000,0.02718256431336569,1,60,40,24
2,646000000,0.02477926939017385,2,60,40,24
2,167000000,0.022828720161485558,3,60,40,24
2,1054000000,0.021716219856922913,4,60,40,24
2,1169000000,0.019581480813372232,5,60,40,24
2,690000000,0.01849304623901239,6,60,40,24
2,962000000,0.018148802773116934,7,60,40,24
2,1025000000,0.017136625951686878,8,60,40,24
2,991000000,0.016830520135246895,9,60,40,24
2,1369000000,0.016678188146942642,10,60,40,24
2,1116000000,0.01597648333097694,11,60,40,24
2,1100000000,0.015468428319047205,12,60,40,24
2,1043000000,0.015465373560660217,13,60,40,24
2,1084000000,0.015459715725523905,14,60,40,24
2,1088000000,0.014887045949972939,15,60,40,24
2,902000000,0.014760391133879936,16,60,40,24
2,1170000000,0.01409229014104572,17,60,40,24
2,178000000,0.014005030152821339,18,60,40,24
2,1029000000,0.013905987059848825,19,60,40,24
2,725000000,0.013701157445457964,20,60,40,24
2,929000000,0.013597833305876385,21,60,40,24
2,1140000000,0.013458839399292715,22,60,40,24
2,980000000,0.013323768708980614,23,60,40,24
2,715000000,0.012911029605683005,24,60,40,24
2,1056000000,0.01285803313444587,25,60,40,24
2,1135000000,0.012324898282459919,26,60,40,24
2,1060000000,0.011958270402007486,27,60,40,24
2,714000000,0.011886312989809699,28,60,40,24
2,621000000,0.01187913139103941,29,60,40,24
2,1402000000,0.011745606362886908,30,60,40,24
2,177000000,0.011626470040043814,31,60,40,24
2,1003000000,0.011567424748219281,32,60,40,24
2,1065000000,0.01148506295626123,33,60,40,24
2,173000000,0.011423206236135276,34,60,40,24
2,1424000000,0.01139072353286095,35,60,40,24
2,1152000000,0.011308191613006235,36,60,40,24
2,1144000000,0.011289782664893201,37,60,40,24
2,1261000000,0.010860186262523655,38,60,40,24
2,928000000,0.010602169351820154,39,60,40,24
2,137000000,0.010587530674844838,40,60,40,24
2,695000000,0.01055942831144241,41,60,40,24
2,639000000,0.0105485572346771,42,60,40,24
2,165000000,0.010504768261973685,43,60,40,24
2,698000000,0.01043293131671711,44,60,40,24
2,1112000000,0.010170294187098087,45,60,40,24
2,707000000,0.010116784098386315,46,60,40,24
2,113000000,0.009680547000637673,47,60,40,24
2,130000000,0.009622775143384504,48,60,40,24
2,1167000000,0.00954719637788521,49,60,40,24
2,935000000,0.009450272149297856,50,60,40,24
2,1236000000,0.00925576333153401,51,60,40,24
2,705000000,0.009251344270324724,52,60,40,24
2,1204000000,0.009173176321713763,53,60,40,24
2,1036000000,0.009113342619067504,54,60,40,24
2,133000000,0.00909815345249341,55,60,40,24
2,1128000000,0.009087997505706751,56,60,40,24
2,996000000,0.009084531882058825,57,60,40,24
2,1372000000,0.008883748311244642,58,60,40,24
2,609000000,0.008876718914922707,59,60,40,24
2,1156000000,0.008743259817361826,60,60,40,24
2,998000000,0.008683772139999138,61,60,40,24
2,1094000000,0.008657271615101905,62,60,40,24
2,1096000000,0.008519366246998927,63,60,40,24
2,1109000000,0.008507703284419549,64,60,40,24
2,1150000000,0.008398214008503886,65,60,40,24
2,1136000000,0.008381099191448277,66,60,40,24
2,1113000000,0.00833008481386702,67,60,40,24
2,1398000000,0.008136679929808053,68,60,40,24
2,993000000,0.00803330258677846,69,60,40,24
2,1159000000,0.007982973782944429,70,60,40,24
2,884000000,0.007890226847683222,71,60,40,24
2,166000000,0.007855145050594294,72,60,40,24
2,1120000000,0.0077881542414097804,73,60,40,24
2,641000000,0.007758257050856209,74,60,40,24
2,176000000,0.0077353988010978305,75,60,40,24
2,716000000,0.0076647997296097345,76,60,40,24
2,1038000000,0.0075961296042254016,77,60,40,24
2,1162000000,0.0075785879555409445,78,60,40,24
2,33000000,0.007504739419565848,79,60,40,24
2,1067000000,0.007504279452354796,80,60,40,24
2,1370000000,0.007498338706699011,81,60,40,24
2,1365000000,0.007485435497752492,82,60,40,24
2,1082000000,0.0074728353779529725,83,60,40,24
2,1027000000,0.0074718970459049065,84,60,40,24
2,1005000000,0.00745700782764062,85,60,40,24
2,638000000,0.007434688482969853,86,60,40,24
2,1253000000,0.007306029346585374,87,60,40,24
2,706000000,0.007291162666365348,88,60,40,24
2,915000000,0.007285786834451027,89,60,40,24
2,1142000000,0.0072851368749669125,90,60,40,24
2,1127000000,0.007113587955202381,91,60,40,24
2,1177000000,0.007027331120382924,92,60,40,24
2,1022000000,0.007002055710771919,93,60,40,24
2,966000000,0.006943484317863247,94,60,40,24
2,1166000000,0.006898775089969707,95,60,40,24
2,1145000000,0.006893041208700809,96,60,40,24
2,624000000,0.006850610265858329,97,60,40,24
2,1098000000,0.006818845840770573,98,60,40,24
2,903000000,0.006786867703381031,99,60,40,24
2,940000000,0.006708182528962952,100,60,40,24
2,1181000000,0.006618465266906032,101,60,40,24
2,1053000000,0.006588063600460869,102,60,40,24
2,1061000000,0.006578594549951423,103,60,40,24
2,976000000,0.006495337936221896,104,60,40,24
2,31000000,0.006351355584537946,105,60,40,24
2,1153000000,0.006306616717883385,106,60,40,24
2,1130000000,0.006304872885762684,107,60,40,24
2,139000000,0.00629644683855615,108,60,40,24
2,1037000000,0.006292513945158329,109,60,40,24
2,892000000,0.0062569472896024415,110,60,40,24
2,1095000000,0.006252263755622286,111,60,40,24
2,140000000,0.006223725201169863,112,60,40,24
2,1260000000,0.006221419727432212,113,60,40,24
2,1106000000,0.006189516144536489,114,60,40,24
2,893000000,0.006148642856907852,115,60,40,24
2,973000000,0.006148298247731255,116,60,40,24
2,1256000000,0.0061415158742219094,117,60,40,24
2,1086000000,0.0061152335529935774,118,60,40,24
2,1064000000,0.006102130545734676,119,60,40,24
2,1196000000,0.0059266326845817535,120,60,40,24
2,131000000,0.005886970252766151,121,60,40,24
2,1049000000,0.005886118442744088,122,60,40,24
2,883000000,0.005870554133947329,123,60,40,24
2,897000000,0.005784374406020162,124,60,40,24
2,1143000000,0.005782123043591273,125,60,40,24
2,919000000,0.00573436728321033,126,60,40,24
2,1164000000,0.005726115475722797,127,60,40,24
2,959000000,0.005627944306648527,128,60,40,24
2,1085000000,0.005589496061681656,129,60,40,24
2,689000000,0.005576174431042415,130,60,40,24
2,1224000000,0.005564038516288941,131,60,40,24
2,699000000,0.005533100941077224,132,60,40,24
2,1138000000,0.005524840189832323,133,60,40,24
2,1002000000,0.0055065082170303635,134,60,40,24
2,1077000000,0.0055026101922796295,135,60,40,24
2,1184000000,0.005466785067410574,136,60,40,24
2,36000000,0.005452925108043586,137,60,40,24
2,1089000000,0.005416690858593208,138,60,40,24
2,899000000,0.005396613203205982,139,60,40,24
2,1026000000,0.005337028206640388,140,60,40,24
2,926000000,0.005328245969618404,141,60,40,24
2,618000000,0.005311343582059247,142,60,40,24
2,1040000000,0.005254198264763904,143,60,40,24
2,1235000000,0.005210037083301032,144,60,40,24
2,660000000,0.005201465964539186,145,60,40,24
2,1221000000,0.005192458110856174,146,60,40,24
2,1185000000,0.005178778753664592,147,60,40,24
2,1173000000,0.005176262075095978,148,60,40,24
2,168000000,0.005172736272704257,149,60,40,24
2,932000000,0.0051166943867771335,150,60,40,24
2,634000000,0.005087980502532899,151,60,40,24
2,1203000000,0.005086450008972663,152,60,40,24
2,954000000,0.005081752107280781,153,60,40,24
2,1017000000,0.005000447005812573,154,60,40,24
2,1080000000,0.0049675638202522,155,60,40,24
2,981000000,0.004966060844791771,156,60,40,24
2,1394000000,0.004937522967430192,157,60,40,24
2,37000000,0.004924057571815467,158,60,40,24
2,1383000000,0.004921758573024323,159,60,40,24
2,963000000,0.004904201668459175,160,60,40,24
2,1189000000,0.004882506542361495,161,60,40,24
2,51000000,0.004842796560472151,162,60,40,24
2,990000000,0.0048348590947808415,163,60,40,24
2,138000000,0.004830498865863723,164,60,40,24
2,28000000,0.004828417414041049,165,60,40,24
2,1180000000,0.004799267332643918,166,60,40,24
2,711000000,0.0047944591491558665,167,60,40,24
2,904000000,0.004766557117188827,168,60,40,24
2,920000000,0.0047572378638516995,169,60,40,24
2,1039000000,0.004724698209316146,170,60,40,24
2,1020000000,0.004719605120410197,171,60,40,24
2,60000000,0.004713438345961894,172,60,40,24
2,58000000,0.004710240384020739,173,60,40,24
2,693000000,0.004703208862445503,174,60,40,24
2,1057000000,0.004690112629731991,175,60,40,24
2,82000000,0.004678589932994736,176,60,40,24
2,975000000,0.004676410926199503,177,60,40,24
2,1158000000,0.004646711239950372,178,60,40,24
2,1073000000,0.0046096372805208875,179,60,40,24
2,1118000000,0.00454450439459063,180,60,40,24
2,992000000,0.00453158295732114,181,60,40,24
2,1097000000,0.004525910988055352,182,60,40,24
2,1092000000,0.00450921390989781,183,60,40,24
2,936000000,0.004491408018137714,184,60,40,24
2,1192000000,0.00448293542578566,185,60,40,24
2,1046000000,0.004447542310331042,186,60,40,24
2,1252000000,0.004446461128488616,187,60,40,24
2,1015000000,0.00443835351064216,188,60,40,24
2,606000000,0.004434723902358443,189,60,40,24
2,977000000,0.0044309182752296705,190,60,40,24
2,1228000000,0.004428549131110321,191,60,40,24
2,1087000000,0.004411416880273728,192,60,40,24
2,905000000,0.0043971876278135445,193,60,40,24
2,6000000,0.004387416707063444,194,60,40,24
2,65000000,0.004374408274657366,195,60,40,24
2,997000000,0.004357802365516689,196,60,40,24
2,713000000,0.004347122993419467,197,60,40,24
2,610000000,0.004345983970045347,198,60,40,24
2,1255000000,0.004303088497805315,199,60,40,24
2,628000000,0.004260812777844352,200,60,40,24
2,1103000000,0.004183715143462324,201,60,40,24
2,114000000,0.004181205338123443,202,60,40,24
2,1175000000,0.004145249975088932,203,60,40,24
2,999000000,0.00411596296008177,204,60,40,24
2,957000000,0.0041077139313754054,205,60,40,24
2,27000000,0.004102713031968994,206,60,40,24
2,1102000000,0.004079134249293849,207,60,40,24
2,964000000,0.004075621278398345,208,60,40,24
2,1420000000,0.0040751856669464645,209,60,40,24
2,914000000,0.004069250802292391,210,60,40,24
2,26000000,0.004023539669903079,211,60,40,24
2,1183000000,0.0040104428414171975,212,60,40,24
2,824000000,0.0040100844927516595,213,60,40,24
2,1431000000,0.00400918737544517,214,60,40,24
2,1008000000,0.003998845184744765,215,60,40,24
2,875000000,0.003987717616432084,216,60,40,24
2,986000000,0.00397445614128811,217,60,40,24
2,1212000000,0.003959264376411666,218,60,40,24
2,172000000,0.003953406656865339,219,60,40,24
2,956000000,0.003942003129280136,220,60,40,24
2,898000000,0.003922174047787749,221,60,40,24
2,53000000,0.003904089275235454,222,60,40,24
2,1121000000,0.0038943283507477844,223,60,40,24
2,934000000,0.0038650006161537833,224,60,40,24
2,159000000,0.0038583310521693045,225,60,40,24
2,1428000000,0.0038579503480980024,226,60,40,24
2,710000000,0.003830681485720611,227,60,40,24
2,1045000000,0.0038238384489314254,228,60,40,24
2,1059000000,0.003821858875084755,229,60,40,24
2,978000000,0.003784784379135925,230,60,40,24
2,15000000,0.0037688398811865187,231,60,40,24
2,1133000000,0.0037418942888627765,232,60,40,24
2,1417000000,0.003739923446693948,233,60,40,24
2,1083000000,0.003737162504386421,234,60,40,24
2,1030000000,0.003730185892280263,235,60,40,24
2,1397000000,0.003729529964963888,236,60,40,24
2,938000000,0.0037226321230719806,237,60,40,24
2,901000000,0.0037202491916748792,238,60,40,24
2,1386000000,0.0037077924894156444,239,60,40,24
2,1415000000,0.00369452788647759,240,60,40,24
2,1000000000,0.0036923284834271364,241,60,40,24
2,1055000000,0.0036906012314765766,242,60,40,24
2,1034000000,0.003679659138423199,243,60,40,24
2,1048000000,0.003670008161634918,244,60,40,24
2,1075000000,0.0036677731112159523,245,60,40,24
2,1174000000,0.003657625687471222,246,60,40,24
2,1426000000,0.0036466890271019746,247,60,40,24
2,1023000000,0.0036425019083590722,248,60,40,24
2,1070000000,0.0036417625445021224,249,60,40,24
2,57000000,0.003603824135655325,250,60,40,24
2,861000000,0.0035948463588935165,251,60,40,24
2,144000000,0.003588235230155712,252,60,40,24
2,1157000000,0.00357776736633554,253,60,40,24
2,965000000,0.0035577679173668443,254,60,40,24
2,1101000000,0.003536659764443841,255,60,40,24
2,62000000,0.003488102904391238,256,60,40,24
2,697000000,0.0034731271191620504,257,60,40,24
2,8000000,0.0034706076244348794,258,60,40,24
2,860000000,0.003435074063870614,259,60,40,24
2,1279000000,0.0034233074281328165,260,60,40,24
2,663000000,0.0034173622685974405,261,60,40,24
2,843000000,0.0034117380712704944,262,60,40,24
2,1091000000,0.0034105972798489778,263,60,40,24
2,1263000000,0.0034090347147780276,264,60,40,24
2,4000000,0.0033884175195689173,265,60,40,24
2,910000000,0.003372114585140078,266,60,40,24
2,1107000000,0.0033697538125872367,267,60,40,24
2,1401000000,0.0033605262342532092,268,60,40,24
2,702000000,0.0033521122756948116,269,60,40,24
2,724000000,0.0033393635616395644,270,60,40,24
2,1423000000,0.003321262457836705,271,60,40,24
2,181000000,0.0033033513352404647,272,60,40,24
2,1044000000,0.0033009816371884883,273,60,40,24
2,85000000,0.0032978742167476074,274,60,40,24
2,1093000000,0.0032606236765439786,275,60,40,24
2,712000000,0.0032567505565173627,276,60,40,24
2,1105000000,0.003247838951358625,277,60,40,24
2,1179000000,0.0032333980354545227,278,60,40,24
2,1230000000,0.0032148948381064513,279,60,40,24
2,14000000,0.0031940437227466977,280,60,40,24
2,931000000,0.0031876238818090803,281,60,40,24
2,184000000,0.003166060703982191,282,60,40,24
2,189000000,0.003132974703860696,283,60,40,24
2,190000000,0.0031315163655996816,284,60,40,24
2,933000000,0.003130782894806632,285,60,40,24
2,187000000,0.0031109425142688846,286,60,40,24
2,185000000,0.0031052975838314436,287,60,40,24
2,723000000,0.0031009859336988857,288,60,40,24
2,1081000000,0.0030896533638455547,289,60,40,24
2,611000000,0.003066462741883323,290,60,40,24
2,1188000000,0.0030236186965488234,291,60,40,24
2,170000000,0.0030232825190221924,292,60,40,24
2,155000000,0.0030172958648904944,293,60,40,24
2,171000000,0.003012132018422861,294,60,40,24
2,1062000000,0.0029998740303035757,295,60,40,24
2,1001000000,0.002996754435719398,296,60,40,24
2,874000000,0.002991926370976684,297,60,40,24
2,183000000,0.002980794098754594,298,60,40,24
2,164000000,0.0029799691139801117,299,60,40,24
2,1182000000,0.0029725420878257878,300,60,40,24
2,1126000000,0.0029711725368254385,301,60,40,24
2,188000000,0.0029659136005616934,302,60,40,24
2,191000000,0.0029506991633340965,303,60,40,24
2,912000000,0.0029436509901963723,304,60,40,24
2,129000000,0.0029377252048415534,305,60,40,24
2,630000000,0.0029337367990344325,306,60,40,24
2,1119000000,0.0029274359311640425,307,60,40,24
2,1254000000,0.002920714516204583,308,60,40,24
2,930000000,0.0029126796940912654,309,60,40,24
2,891000000,0.0029102071802908293,310,60,40,24
2,41000000,0.002909992320309546,311,60,40,24
2,196000000,0.0029068464802080294,312,60,40,24
2,948000000,0.002904110492686804,313,60,40,24
2,887000000,0.00290232173239121,314,60,40,24
2,1124000000,0.0028962897770191415,315,60,40,24
2,1141000000,0.0028836278056720032,316,60,40,24
2,1233000000,0.002849677599188876,317,60,40,24
2,958000000,0.002846255056643009,318,60,40,24
2,995000000,0.0028448420054772135,319,60,40,24
2,1123000000,0.002830155767219693,320,60,40,24
2,988000000,0.0028151023434435096,321,60,40,24
2,971000000,0.002812351215519697,322,60,40,24
2,1427000000,0.0027881953284959165,323,60,40,24
2,918000000,0.0027880706843094005,324,60,40,24
2,1416000000,0.0027862430895875113,325,60,40,24
2,942000000,0.002781523632804134,326,60,40,24
2,994000000,0.002774910976315133,327,60,40,24
2,112000000,0.002766712423958792,328,60,40,24
2,1012000000,0.002766079794742244,329,60,40,24
2,186000000,0.0027102324320845512,330,60,40,24
2,1186000000,0.002699400903329291,331,60,40,24
2,1131000000,0.0026990815636082745,332,60,40,24
2,1139000000,0.0026843839917803777,333,60,40,24
2,696000000,0.002678841683720343,334,60,40,24
2,1387000000,0.002667864846090115,335,60,40,24
2,134000000,0.002660565444665563,336,60,40,24
2,1024000000,0.002657525193159982,337,60,40,24
2,1004000000,0.0026460639291465303,338,60,40,24
2,869000000,0.0026423708571487133,339,60,40,24
2,132000000,0.0026299412982769307,340,60,40,24
2,1051000000,0.0026079332715293873,341,60,40,24
2,924000000,0.002575370315905366,342,60,40,24
2,121000000,0.0025392688255100574,343,60,40,24
2,17000000,0.0025324222616390497,344,60,40,24
2,709000000,0.002525900440186903,345,60,40,24
2,49000000,0.0025248384706661672,346,60,40,24
2,1178000000,0.002521978310624285,347,60,40,24
2,1245000000,0.0024987712109321436,348,60,40,24
2,1050000000,0.0024928377261451743,349,60,40,24
2,149000000,0.002484929819103655,350,60,40,24
2,39000000,0.0024782711168739677,351,60,40,24
2,970000000,0.0024772681533694594,352,60,40,24
2,945000000,0.002474116332589163,353,60,40,24
2,961000000,0.002460100877423646,354,60,40,24
2,842000000,0.002457700707917676,355,60,40,24
2,720000000,0.0024538655381233032,356,60,40,24
2,1237000000,0.0024493506229643107,357,60,40,24
2,643000000,0.002449170769223858,358,60,40,24
2,719000000,0.002449064074802129,359,60,40,24
2,154000000,0.0024362643998472873,360,60,40,24
2,1132000000,0.00243484040334841,361,60,40,24
2,1231000000,0.0024270598562893524,362,60,40,24
2,955000000,0.0024057034790696745,363,60,40,24
2,182000000,0.0024039282052802083,364,60,40,24
2,872000000,0.0024025969374247055,365,60,40,24
2,1072000000,0.0024016128393850884,366,60,40,24
2,1079000000,0.002398791022321801,367,60,40,24
2,1226000000,0.00239640069577955,368,60,40,24
2,1042000000,0.002393607891054726,369,60,40,24
2,1209000000,0.0023880390211674625,370,60,40,24
2,984000000,0.0023873512662794627,371,60,40,24
2,1021000000,0.0023816586446017466,372,60,40,24
2,858000000,0.002379063779548879,373,60,40,24
2,174000000,0.0023696625272700113,374,60,40,24
2,947000000,0.0023560568134365673,375,60,40,24
2,1115000000,0.002352143694937987,376,60,40,24
2,1099000000,0.0023512165397109957,377,60,40,24
2,1019000000,0.0023502849114356026,378,60,40,24
2,1165000000,0.0023493261842255134,379,60,40,24
2,879000000,0.0023433699175168495,380,60,40,24
2,717000000,0.0023364743394385045,381,60,40,24
2,1393000000,0.002335899468446409,382,60,40,24
2,851000000,0.0023346837579034797,383,60,40,24
2,662000000,0.002323456687981466,384,60,40,24
2,718000000,0.002321195927700395,385,60,40,24
2,1033000000,0.002320610587844674,386,60,40,24
2,1010000000,0.0023205320703336596,387,60,40,24
2,1194000000,0.0023163355479780046,388,60,40,24
2,1262000000,0.0023127234890570566,389,60,40,24
2,19000000,0.0023033352270279027,390,60,40,24
2,1197000000,0.0023022111709882836,391,60,40,24
2,1028000000,0.0023013008407805954,392,60,40,24
2,1382000000,0.0022948287968907366,393,60,40,24
2,1200000000,0.002288224997407384,394,60,40,24
2,923000000,0.0022866095462433793,395,60,40,24
2,1213000000,0.002285337673598659,396,60,40,24
2,906000000,0.002274519614092011,397,60,40,24
2,1205000000,0.002271734811246722,398,60,40,24
2,1014000000,0.002271557393021591,399,60,40,24
2,1078000000,0.002270401961797949,400,60,40,24
2,1031000000,0.0022669103152290803,401,60,40,24
2,1151000000,0.0022626281576604854,402,60,40,24
2,1368000000,0.0022565137706020547,403,60,40,24
2,1148000000,0.0022536029546407965,404,60,40,24
2,620000000,0.002251476778798216,405,60,40,24
2,1137000000,0.0022504189994737136,406,60,40,24
2,889000000,0.0022479233141978225,407,60,40,24
2,152000000,0.002246226263019188,408,60,40,24
2,881000000,0.0022445848754476814,409,60,40,24
2,967000000,0.002231697362363447,410,60,40,24
2,890000000,0.0022279775678649156,411,60,40,24
2,974000000,0.0022145174966012537,412,60,40,24
2,1122000000,0.0022107669961196766,413,60,40,24
2,1018000000,0.002168767622220086,414,60,40,24
2,1168000000,0.0021581588484350907,415,60,40,24
2,1125000000,0.0021581072616567174,416,60,40,24
2,1199000000,0.002146291524987894,417,60,40,24
2,1111000000,0.002145346403158981,418,60,40,24
2,859000000,0.002143268914693313,419,60,40,24
2,122000000,0.0021405446051637957,420,60,40,24
2,1266000000,0.0021378870126568814,421,60,40,24
2,55000000,0.0021371146183790037,422,60,40,24
2,1011000000,0.0021363511357737454,423,60,40,24
2,911000000,0.0021351351916877935,424,60,40,24
2,1047000000,0.002124179483090764,425,60,40,24
2,1009000000,0.002123528292614064,426,60,40,24
2,894000000,0.0021231116292117175,427,60,40,24
2,939000000,0.0021222311288125926,428,60,40,24
2,161000000,0.0021207393726166996,429,60,40,24
2,921000000,0.0021169040086174104,430,60,40,24
2,937000000,0.0021143253277101696,431,60,40,24
2,703000000,0.002108389375755154,432,60,40,24
2,128000000,0.0021057283587037233,433,60,40,24
2,1201000000,0.0021053048771664334,434,60,40,24
2,1222000000,0.0020997026438621808,435,60,40,24
2,169000000,0.002075362110576659,436,60,40,24
2,1257000000,0.002070705751890703,437,60,40,24
2,909000000,0.002057476633507812,438,60,40,24
2,830000000,0.002054307134271621,439,60,40,24
2,1264000000,0.0020474803738342825,440,60,40,24
2,198000000,0.0020443994087858412,441,60,40,24
2,888000000,0.0020412857481417923,442,60,40,24
2,52000000,0.0020411690251335795,443,60,40,24
2,193000000,0.0020397745934238073,444,60,40,24
2,605000000,0.00203645686130193,445,60,40,24
2,1035000000,0.0020283641789824148,446,60,40,24
2,123000000,0.0020244527997113865,447,60,40,24
2,1104000000,0.0020221725580924664,448,60,40,24
2,147000000,0.002019753317146979,449,60,40,24
2,162000000,0.0020137326762649553,450,60,40,24
2,1371000000,0.002010421258748689,451,60,40,24
2,951000000,0.0020008534849504374,452,60,40,24
2,1250000000,0.002000490022583859,453,60,40,24
2,1187000000,0.0020002266395529483,454,60,40,24
2,1381000000,0.0019512376540636181,455,60,40,24
2,46000000,0.0019465846531073205,456,60,40,24
2,721000000,0.001943093032398104,457,60,40,24
2,1373000000,0.0019402676242307993,458,60,40,24
2,1392000000,0.0019352939739092385,459,60,40,24
2,982000000,0.001926737955241189,460,60,40,24
2,150000000,0.0019237018923534072,461,60,40,24
2,1129000000,0.0019218641410614647,462,60,40,24
2,88000000,0.001918512907154053,463,60,40,24
2,857000000,0.0019152593618765007,464,60,40,24
2,880000000,0.0019095654134221572,465,60,40,24
2,1241000000,0.0019034396810618582,466,60,40,24
2,1171000000,0.001901103093310323,467,60,40,24
2,865000000,0.0018974781597500335,468,60,40,24
2,1244000000,0.0018973332008175056,469,60,40,24
2,56000000,0.0018942232347495763,470,60,40,24
2,1013000000,0.0018907824875942223,471,60,40,24
2,645000000,0.0018903208615959968,472,60,40,24
2,1074000000,0.0018789115450840207,473,60,40,24
2,116000000,0.0018716330274121862,474,60,40,24
2,831000000,0.0018650045554360723,475,60,40,24
2,728000000,0.0018537244074971389,476,60,40,24
2,1225000000,0.0018507017633496077,477,60,40,24
2,913000000,0.0018504240075231946,478,60,40,24
2,950000000,0.001839702940360466,479,60,40,24
2,1210000000,0.0018349610715514587,480,60,40,24
2,157000000,0.0018305498177273094,481,60,40,24
2,1193000000,0.0018171784297152155,482,60,40,24
2,631000000,0.0018149171317485802,483,60,40,24
2,1076000000,0.0017978360681472796,484,60,40,24
2,896000000,0.0017905372081482762,485,60,40,24
2,124000000,0.0017870277715401612,486,60,40,24
2,1090000000,0.001776902481524003,487,60,40,24
2,1016000000,0.0017719102669118197,488,60,40,24
2,1147000000,0.0017598736596290327,489,60,40,24
2,1247000000,0.0017593862243910558,490,60,40,24
2,1161000000,0.001740526010327626,491,60,40,24
2,900000000,0.0017401128812341783,492,60,40,24
2,1389000000,0.0017373636610985065,493,60,40,24
2,1155000000,0.0017343634049009787,494,60,40,24
2,1052000000,0.001734077367840789,495,60,40,24
2,1270000000,0.0017314417230561029,496,60,40,24
2,1114000000,0.0017294778243020664,497,60,40,24
2,90000000,0.0017227825603280218,498,60,40,24
2,125000000,0.0017202813804392653,499,60,40,24
2,120000000,0.0017196284152183388,500,60,40,24
2,1146000000,0.0017186895507767122,501,60,40,24
2,1071000000,0.0017092117911763419,502,60,40,24
2,1229000000,0.0017085996395840933,503,60,40,24
2,1258000000,0.0017058899550505139,504,60,40,24
2,989000000,0.0017046843539181367,505,60,40,24
2,89000000,0.0017021168047891856,506,60,40,24
2,1238000000,0.0016996481458289435,507,60,40,24
2,61000000,0.0016936979639884905,508,60,40,24
2,1068000000,0.0016886417987794617,509,60,40,24
2,1259000000,0.0016855762034670824,510,60,40,24
2,87000000,0.0016740778793444802,511,60,40,24
2,917000000,0.001671576680440839,512,60,40,24
2,1058000000,0.0016667377483653499,513,60,40,24
2,1265000000,0.0016649690556252727,514,60,40,24
2,64000000,0.0016622500069235866,515,60,40,24
2,1066000000,0.0016468394512855636,516,60,40,24
2,1267000000,0.0016451131915713733,517,60,40,24
2,194000000,0.0016444352086204682,518,60,40,24
2,30000000,0.0016413049328054938,519,60,40,24
2,1234000000,0.001638892325291651,520,60,40,24
2,979000000,0.0016295052186579453,521,60,40,24
2,895000000,0.0016215111177222481,522,60,40,24
2,1154000000,0.001592303368278834,523,60,40,24
2,922000000,0.0015874477795398978,524,60,40,24
2,1206000000,0.0015815362566871044,525,60,40,24
2,1069000000,0.0015670213444170583,526,60,40,24
2,953000000,0.0015583445343444944,527,60,40,24
2,16000000,0.0015504775752432014,528,60,40,24
2,968000000,0.001547258667524888,529,60,40,24
2,142000000,0.0015440570299864046,530,60,40,24
2,1219000000,0.0015348507233307793,531,60,40,24
2,885000000,0.001532770391841599,532,60,40,24
2,92000000,0.0015245621631070976,533,60,40,24
2,3000000,0.0015238313107544573,534,60,40,24
2,871000000,0.0015224808481070211,535,60,40,24
2,1190000000,0.0015191432556170552,536,60,40,24
2,832000000,0.0015164131346396173,537,60,40,24
2,847000000,0.0015085548046400467,538,60,40,24
2,700000000,0.0015081925509111633,539,60,40,24
2,868000000,0.0015032686401921073,540,60,40,24
2,91000000,0.00150266331382239,541,60,40,24
2,63000000,0.0014995005648723192,542,60,40,24
2,1117000000,0.001498678234141023,543,60,40,24
2,941000000,0.0014928508605950388,544,60,40,24
2,633000000,0.0014866844795448316,545,60,40,24
2,886000000,0.0014849459091571865,546,60,40,24
2,115000000,0.001484194986551435,547,60,40,24
2,834000000,0.0014818138019971887,548,60,40,24
2,841000000,0.0014770860144349737,549,60,40,24
2,50000000,0.0014716434199283654,550,60,40,24
2,972000000,0.0014701074922156949,551,60,40,24
2,1172000000,0.0014686672275014585,552,60,40,24
2,197000000,0.001454134607667421,553,60,40,24
2,635000000,0.001451595488561345,554,60,40,24
2,829000000,0.001448824320923035,555,60,40,24
2,1108000000,0.0014463537569214357,556,60,40,24
2,1041000000,0.0014413049332893508,557,60,40,24
2,1215000000,0.0014406530921578166,558,60,40,24
2,873000000,0.0014391230045946537,559,60,40,24
2,626000000,0.0014349818057012946,560,60,40,24
2,1271000000,0.0014315337143030618,561,60,40,24
2,659000000,0.0014259384563923528,562,60,40,24
2,192000000,0.00142573425843377,563,60,40,24
2,726000000,0.001411484403617232,564,60,40,24
2,48000000,0.0014073224723029642,565,60,40,24
2,1390000000,0.001405239445514253,566,60,40,24
2,1198000000,0.001397319683888168,567,60,40,24
2,1268000000,0.0013942757778405133,568,60,40,24
2,146000000,0.0013856722432858913,569,60,40,24
2,1149000000,0.0013843797943359376,570,60,40,24
2,870000000,0.0013841202885994002,571,60,40,24
2,1134000000,0.00138225135813424,572,60,40,24
2,983000000,0.0013814482419628005,573,60,40,24
2,1163000000,0.0013775284240196575,574,60,40,24
2,825000000,0.0013775115068857674,575,60,40,24
2,916000000,0.0013728809444683914,576,60,40,24
2,13000000,0.0013724564160891087,577,60,40,24
2,987000000,0.0013593306987098514,578,60,40,24
2,42000000,0.00135733385893224,579,60,40,24
2,1251000000,0.0013456521804130128,580,60,40,24
2,43000000,0.0013399309027207738,581,60,40,24
2,1208000000,0.001332555411955551,582,60,40,24
2,1032000000,0.001329155479651824,583,60,40,24
2,729000000,0.001327825939032366,584,60,40,24
2,952000000,0.0013254095171525363,585,60,40,24
2,1176000000,0.001320506378320364,586,60,40,24
2,925000000,0.0013166593321077647,587,60,40,24
2,636000000,0.0013064924569694684,588,60,40,24
2,1240000000,0.0013013970086712082,589,60,40,24
2,850000000,0.001299007599831424,590,60,40,24
2,29000000,0.001287200636637975,591,60,40,24
2,109000000,0.0012861371138487324,592,60,40,24
2,160000000,0.0012860603743673584,593,60,40,24
2,852000000,0.001282907451095781,594,60,40,24
2,1216000000,0.001272697453931368,595,60,40,24
2,126000000,0.0012710524853923875,596,60,40,24
2,927000000,0.001258595186056719,597,60,40,24
2,83000000,0.0012566436385224662,598,60,40,24
2,135000000,0.0012535631378259998,599,60,40,24
2,882000000,0.0012494577409106792,600,60,40,24
2,1249000000,0.0012487375728285556,601,60,40,24
2,35000000,0.0012442020825274816,602,60,40,24
2,59000000,0.0012428921628477609,603,60,40,24
2,153000000,0.0012223025508834222,604,60,40,24
2,1242000000,0.0012204687943750325,605,60,40,24
2,44000000,0.0012200730682436509,606,60,40,24
2,840000000,0.0012171519465152205,607,60,40,24
2,1063000000,0.0012140368750833811,608,60,40,24
2,876000000,0.0012138418914335826,609,60,40,24
2,1211000000,0.0012105978573591358,610,60,40,24
2,1364000000,0.001204344815859591,611,60,40,24
2,195000000,0.001203208865768895,612,60,40,24
2,1207000000,0.001203121427773292,613,60,40,24
2,1160000000,0.001202636445975074,614,60,40,24
2,733000000,0.0011909263826393472,615,60,40,24
2,722000000,0.0011907217774888702,616,60,40,24
2,158000000,0.0011878911128284575,617,60,40,24
2,25000000,0.0011810743930537298,618,60,40,24
2,827000000,0.001180418545940049,619,60,40,24
2,47000000,0.0011794870485449696,620,60,40,24
2,156000000,0.0011789150421934581,621,60,40,24
2,908000000,0.001176971896227722,622,60,40,24
2,1217000000,0.0011707671910563217,623,60,40,24
2,833000000,0.001168278401748732,624,60,40,24
2,118000000,0.0011639919701173318,625,60,40,24
2,86000000,0.0011635985593561543,626,60,40,24
2,949000000,0.00116115786756907,627,60,40,24
2,969000000,0.0011587018652671735,628,60,40,24
2,856000000,0.0011567950590718225,629,60,40,24
2,119000000,0.0011539699616005931,630,60,40,24
2,1248000000,0.0011457524328677582,631,60,40,24
2,1218000000,0.001134124055348278,632,60,40,24
2,828000000,0.0011323180469468078,633,60,40,24
2,944000000,0.0011311872016081567,634,60,40,24
2,1246000000,0.0011265391187800012,635,60,40,24
2,864000000,0.0011176402642354042,636,60,40,24
2,1007000000,0.0011145208213168764,637,60,40,24
2,946000000,0.0011115403107832267,638,60,40,24
2,1220000000,0.0011114511490577436,639,60,40,24
2,855000000,0.0010976884284956611,640,60,40,24
2,907000000,0.0010952640249317954,641,60,40,24
2,1239000000,0.0010931742072854277,642,60,40,24
2,1214000000,0.0010865813938679822,643,60,40,24
2,179000000,0.0010860021824602773,644,60,40,24
2,943000000,0.0010846804936614602,645,60,40,24
2,143000000,0.0010844503342248078,646,60,40,24
2,877000000,0.0010804553662616067,647,60,40,24
2,18000000,0.0010794614886558145,648,60,40,24
2,1202000000,0.0010789086730597184,649,60,40,24
2,180000000,0.0010772641905994742,650,60,40,24
2,1191000000,0.001067833839110123,651,60,40,24
2,45000000,0.0010668513158730273,652,60,40,24
2,54000000,0.0010593398175138052,653,60,40,24
2,985000000,0.001049985055464307,654,60,40,24
2,867000000,0.0010499767808891428,655,60,40,24
2,607000000,0.0010493160403142433,656,60,40,24
2,826000000,0.0010416908730515807,657,60,40,24
2,117000000,0.0010349844518673565,658,60,40,24
2,960000000,0.0010306089922565594,659,60,40,24
2,849000000,0.0010101744732561254,660,60,40,24
2,1195000000,0.001009932057238596,661,60,40,24
2,40000000,0.001006780535091121,662,60,40,24
2,94000000,0.0010042735942306655,663,60,40,24
2,38000000,0.000982598350495717,664,60,40,24
2,1243000000,0.0009527241966655532,665,60,40,24
2,84000000,0.00094859304357253,666,60,40,24
2,5000000,0.000945654006017049,667,60,40,24
2,1223000000,0.0009394359715279891,668,60,40,24
2,175000000,0.0009351671801518252,669,60,40,24
2,846000000,0.0009348946440595594,670,60,40,24
2,93000000,0.0009300428039602522,671,60,40,24
2,694000000,0.0009281628075557761,672,60,40,24
2,148000000,0.0009233776212603796,673,60,40,24
2,1227000000,0.0009233700362805829,674,60,40,24
2,853000000,0.0009227455161246401,675,60,40,24
2,854000000,0.000909430183668811,676,60,40,24
2,1376000000,0.0009001031458416307,677,60,40,24
2,836000000,0.0008998090213023579,678,60,40,24
2,1000000,0.0008930144955759697,679,60,40,24
2,839000000,0.0008909786027320126,680,60,40,24
2,1232000000,0.0008908694131879614,681,60,40,24
2,866000000,0.0008841333403044319,682,60,40,24
2,7000000,0.0008741322656989982,683,60,40,24
2,1006000000,0.0008738161243163248,684,60,40,24
2,878000000,0.0008701130545431801,685,60,40,24
2,647000000,0.0008606440259384802,686,60,40,24
2,848000000,0.0008583519329721609,687,60,40,24
2,835000000,0.0008468063875717006,688,60,40,24
2,151000000,0.0008405305722080038,689,60,40,24
2,862000000,0.0008394845637888118,690,60,40,24
2,2000000,0.0008390127582730923,691,60,40,24
2,838000000,0.0008363959813616523,692,60,40,24
2,95000000,0.0008156331693867589,693,60,40,24
2,111000000,0.0008125460069401979,694,60,40,24
2,145000000,0.0007952354442382015,695,60,40,24
2,608000000,0.0007919555052284877,696,60,40,24
2,845000000,0.0007910946818555587,697,60,40,24
2,837000000,0.0007663345937255443,698,60,40,24
2,863000000,0.0007591379280310997,699,60,40,24
2,24000000,0.0007561894769101974,700,60,40,24
2,141000000,0.000753804343803899,701,60,40,24
2,844000000,0.0007487612966288138,702,60,40,24
2,1432000000,0.000731151505874988,703,60,40,24
2,701000000,0.000725463739714183,704,60,40,24
2,163000000,0.0006925243892647113,705,60,40,24
2,1418000000,0.0005864675111269475,706,60,40,24
2,1403000000,0.0005770404051263001,707,60,40,24
2,1384000000,0.0005699318913053281,708,60,40,24
2,1395000000,0.0005612445395531201,709,60,40,24
2,1429000000,0.0005263720529914169,710,60,40,24
2,1425000000,0.0005238553036177086,711,60,40,24
2,1272000000,0.0004717554236401752,712,60,40,24
2,730000000,0.000428640127463487,713,60,40,24
2,1391000000,0.0004192149984612207,714,60,40,24
2,136000000,0.00034990625094055336,715,60,40,24
2,708000000,2.932625260240925e-05,716,60,40,24
2,1419000000,0.0,717,60,40,24
2,1409000000,0.0,718,60,40,24
2,1430000000,0.0,719,60,40,24
2,1422000000,0.0,720,60,40,24
2,1414000000,0.0,721,60,40,24
2,1413000000,0.0,722,60,40,24
2,1269000000,0.0,723,60,40,24
2,1408000000,0.0,724,60,40,24
2,1405000000,0.0,725,60,40,24
2,1273000000,0.0,726,60,40,24
2,1274000000,0.0,727,60,40,24
2,1277000000,0.0,728,60,40,24
2,1278000000,0.0,729,60,40,24
2,1282000000,0.0,730,60,40,24
2,1283000000,0.0,731,60,40,24
2,1375000000,0.0,732,60,40,24
2,1385000000,0.0,733,60,40,24
2,1388000000,0.0,734,60,40,24
2,727000000,0.0,735,60,40,24
2,704000000,0.0,736,60,40,24
2,1396000000,0.0,737,60,40,24
2,642000000,0.0,738,60,40,24
2,1400000000,0.0,739,60,40,24
2,640000000,0.0,740,60,40,24
2,629000000,0.0,741,60,40,24
2,1404000000,0.0,742,60,40,24
2,657000000,0.0,743,60,40,24
3,646000000,0.03670001282865621,1,60,40,24
3,690000000,0.027259186193152683,2,60,40,24
3,962000000,0.021630308610139475,3,60,40,24
3,1110000000,0.020446000755119677,4,60,40,24
3,1369000000,0.020013607934405424,5,60,40,24
3,1088000000,0.01919910795485417,6,60,40,24
3,1084000000,0.018921843289592646,7,60,40,24
3,1025000000,0.018774972908809414,8,60,40,24
3,1402000000,0.018659585545078215,9,60,40,24
3,1424000000,0.01799421046129957,10,60,40,24
3,1029000000,0.017554017010226478,11,60,40,24
3,902000000,0.017181726105902382,12,60,40,24
3,1144000000,0.016177884611441033,13,60,40,24
3,1054000000,0.01598195007436021,14,60,40,24
3,725000000,0.015924260612150302,15,60,40,24
3,929000000,0.015110915323501088,16,60,40,24
3,639000000,0.014831820432438966,17,60,40,24
3,1043000000,0.014627454559256563,18,60,40,24
3,1170000000,0.014201303329124972,19,60,40,24
3,178000000,0.014088020520224778,20,60,40,24
3,1100000000,0.014035028036017442,21,60,40,24
3,991000000,0.014014478545303253,22,60,40,24
3,1370000000,0.013957448775270099,23,60,40,24
3,928000000,0.013600379856135957,24,60,40,24
3,980000000,0.013542833471116978,25,60,40,24
3,1067000000,0.013465414798720491,26,60,40,24
3,1005000000,0.013426194234086296,27,60,40,24
3,715000000,0.013353271572942815,28,60,40,24
3,167000000,0.013193764262257006,29,60,40,24
3,1003000000,0.013102727094830844,30,60,40,24
3,1169000000,0.012314114781139151,31,60,40,24
3,714000000,0.012307268584033654,32,60,40,24
3,133000000,0.01211425480948335,33,60,40,24
3,1056000000,0.012037308228626286,34,60,40,24
3,1065000000,0.012022333553319216,35,60,40,24
3,1116000000,0.011911935241602646,36,60,40,24
3,695000000,0.011885147977566029,37,60,40,24
3,1060000000,0.011745207331287776,38,60,40,24
3,609000000,0.011686823701775413,39,60,40,24
3,1135000000,0.011576950239189941,40,60,40,24
3,698000000,0.011330016582392759,41,60,40,24
3,705000000,0.011210725135073788,42,60,40,24
3,1112000000,0.011127005898342321,43,60,40,24
3,716000000,0.011119123414692043,44,60,40,24
3,159000000,0.010862512093816508,45,60,40,24
3,1152000000,0.010563707615409163,46,60,40,24
3,707000000,0.010266308453337992,47,60,40,24
3,706000000,0.010106759276140357,48,60,40,24
3,903000000,0.010043454188953964,49,60,40,24
3,173000000,0.009909826892414092,50,60,40,24
3,137000000,0.009868223207203599,51,60,40,24
3,940000000,0.009755194231792658,52,60,40,24
3,139000000,0.00973018484521238,53,60,40,24
3,36000000,0.00967135697452193,54,60,40,24
3,966000000,0.00966521517482334,55,60,40,24
3,1140000000,0.00948798061159327,56,60,40,24
3,1417000000,0.00943560276158899,57,60,40,24
3,1428000000,0.009428175117092484,58,60,40,24
3,144000000,0.009420937977475384,59,60,40,24
3,1204000000,0.009203215610343207,60,60,40,24
3,168000000,0.009120332689272396,61,60,40,24
3,1398000000,0.009083459231657575,62,60,40,24
3,177000000,0.00906819781405509,63,60,40,24
3,1156000000,0.00906595538427686,64,60,40,24
3,33000000,0.008974077072239293,65,60,40,24
3,37000000,0.00896508025361651,66,60,40,24
3,1150000000,0.00892244767679323,67,60,40,24
3,996000000,0.008899211989766731,68,60,40,24
3,942000000,0.008893470779310018,69,60,40,24
3,926000000,0.008876063315322995,70,60,40,24
3,713000000,0.008872729015489444,71,60,40,24
3,638000000,0.008672304431664541,72,60,40,24
3,1136000000,0.008557008090371755,73,60,40,24
3,1236000000,0.008525905687890172,74,60,40,24
3,1036000000,0.008513633079108691,75,60,40,24
3,1420000000,0.008428014147576237,76,60,40,24
3,176000000,0.008369206379880074,77,60,40,24
3,1431000000,0.008366589094345265,78,60,40,24
3,1162000000,0.008331780985437149,79,60,40,24
3,1087000000,0.008167671012497352,80,60,40,24
3,1120000000,0.008163839857041165,81,60,40,24
3,884000000,0.008027303152578094,82,60,40,24
3,1096000000,0.00798368232302196,83,60,40,24
3,1185000000,0.007880524952028402,84,60,40,24
3,710000000,0.007862380264012774,85,60,40,24
3,1397000000,0.007832252706251845,86,60,40,24
3,1386000000,0.00782862382967579,87,60,40,24
3,634000000,0.007822630149619618,88,60,40,24
3,1094000000,0.007784369129397775,89,60,40,24
3,132000000,0.007778989318171952,90,60,40,24
3,31000000,0.0077586653534767345,91,60,40,24
3,660000000,0.007758082055088534,92,60,40,24
3,1153000000,0.007753513215499964,93,60,40,24
3,161000000,0.007704667114474993,94,60,40,24
3,899000000,0.0074424462992690845,95,60,40,24
3,624000000,0.007428586016961543,96,60,40,24
3,165000000,0.007322088251920367,97,60,40,24
3,993000000,0.007316020912792777,98,60,40,24
3,150000000,0.007289179153372048,99,60,40,24
3,618000000,0.007110758882065577,100,60,40,24
3,1002000000,0.007086087334476968,101,60,40,24
3,113000000,0.007052750276939581,102,60,40,24
3,28000000,0.0070425220142714805,103,60,40,24
3,1064000000,0.006915570069672707,104,60,40,24
3,824000000,0.006901984470574346,105,60,40,24
3,1128000000,0.00689013025787319,106,60,40,24
3,711000000,0.006859629069496993,107,60,40,24
3,1038000000,0.00684054428809453,108,60,40,24
3,935000000,0.006824017321357134,109,60,40,24
3,1143000000,0.006820201613558989,110,60,40,24
3,976000000,0.006802254133285857,111,60,40,24
3,1061000000,0.006788126098184808,112,60,40,24
3,1077000000,0.006750832365322551,113,60,40,24
3,1015000000,0.006747303449595058,114,60,40,24
3,1113000000,0.00669387087792291,115,60,40,24
3,1049000000,0.006685360912466185,116,60,40,24
3,1106000000,0.0066734501902132055,117,60,40,24
3,1123000000,0.006659416069089035,118,60,40,24
3,965000000,0.006655639942212413,119,60,40,24
3,954000000,0.006649048509071825,120,60,40,24
3,641000000,0.006610927258826756,121,60,40,24
3,26000000,0.006596680791875949,122,60,40,24
3,633000000,0.006582286497685857,123,60,40,24
3,699000000,0.006563480065655388,124,60,40,24
3,1121000000,0.006551681161565059,125,60,40,24
3,1089000000,0.006538727277002948,126,60,40,24
3,628000000,0.006500889912640856,127,60,40,24
3,919000000,0.0064979942171752665,128,60,40,24
3,1167000000,0.006390882132763697,129,60,40,24
3,1183000000,0.006371417650972992,130,60,40,24
3,892000000,0.006326398290453611,131,60,40,24
3,160000000,0.006312648126585227,132,60,40,24
3,1017000000,0.006295343185893849,133,60,40,24
3,1098000000,0.006266753248706172,134,60,40,24
3,959000000,0.006233850303728185,135,60,40,24
3,1177000000,0.006171521937772007,136,60,40,24
3,1082000000,0.0060951324141466584,137,60,40,24
3,172000000,0.0059728872688718515,138,60,40,24
3,893000000,0.005972552828498308,139,60,40,24
3,693000000,0.005946277906098168,140,60,40,24
3,998000000,0.005820520910406701,141,60,40,24
3,977000000,0.005797163171919852,142,60,40,24
3,131000000,0.005789281617590349,143,60,40,24
3,1130000000,0.005768295576283991,144,60,40,24
3,973000000,0.005761693423393828,145,60,40,24
3,689000000,0.005743110998834824,146,60,40,24
3,130000000,0.005720222241645945,147,60,40,24
3,1196000000,0.005670369967307606,148,60,40,24
3,1022000000,0.005582731414728956,149,60,40,24
3,1166000000,0.0054903320973268025,150,60,40,24
3,630000000,0.005478022529165382,151,60,40,24
3,1109000000,0.005469379663949684,152,60,40,24
3,1253000000,0.00545267669542726,153,60,40,24
3,981000000,0.005424701632364115,154,60,40,24
3,1028000000,0.005418030627443316,155,60,40,24
3,15000000,0.005403421338497075,156,60,40,24
3,146000000,0.005311427479688624,157,60,40,24
3,1159000000,0.00530275730026207,158,60,40,24
3,610000000,0.005297785740849819,159,60,40,24
3,129000000,0.00528517778092669,160,60,40,24
3,967000000,0.00523361382955743,161,60,40,24
3,620000000,0.0052287405611310105,162,60,40,24
3,1228000000,0.00522145548770005,163,60,40,24
3,1142000000,0.005183986759185634,164,60,40,24
3,1080000000,0.0051707431923856345,165,60,40,24
3,986000000,0.005156590820330823,166,60,40,24
3,905000000,0.00513159592092208,167,60,40,24
3,947000000,0.005111470286941722,168,60,40,24
3,956000000,0.005098203593946262,169,60,40,24
3,1129000000,0.0050519620965142715,170,60,40,24
3,883000000,0.005012687800974238,171,60,40,24
3,933000000,0.005011015015706217,172,60,40,24
3,1383000000,0.004998046796454961,173,60,40,24
3,1272000000,0.004953222280315552,174,60,40,24
3,898000000,0.00493239597708032,175,60,40,24
3,1394000000,0.004928373213331292,176,60,40,24
3,141000000,0.004926107959422752,177,60,40,24
3,894000000,0.00492427576564604,178,60,40,24
3,1224000000,0.004923819783808376,179,60,40,24
3,975000000,0.004884075401671606,180,60,40,24
3,1030000000,0.004878215334704078,181,60,40,24
3,920000000,0.004835831614377702,182,60,40,24
3,938000000,0.004819465969295087,183,60,40,24
3,27000000,0.0048175321127358695,184,60,40,24
3,1164000000,0.004761900517583182,185,60,40,24
3,932000000,0.004725671193812584,186,60,40,24
3,936000000,0.004709043778758882,187,60,40,24
3,957000000,0.004695515306697721,188,60,40,24
3,1391000000,0.004655835292960568,189,60,40,24
3,4000000,0.00464733851080706,190,60,40,24
3,1184000000,0.004640350848618275,191,60,40,24
3,697000000,0.004629483802552731,192,60,40,24
3,1004000000,0.004562103014661219,193,60,40,24
3,136000000,0.0045423889651092526,194,60,40,24
3,730000000,0.004534490421232767,195,60,40,24
3,1119000000,0.0044996465312736374,196,60,40,24
3,1020000000,0.004484053402524926,197,60,40,24
3,860000000,0.004481698615076094,198,60,40,24
3,606000000,0.00446080322959638,199,60,40,24
3,1145000000,0.004432243830800107,200,60,40,24
3,138000000,0.00441676880103046,201,60,40,24
3,145000000,0.004354825722457294,202,60,40,24
3,1192000000,0.004287469774050108,203,60,40,24
3,1254000000,0.004260909002808501,204,60,40,24
3,1255000000,0.004231860031642976,205,60,40,24
3,1040000000,0.00421685406153281,206,60,40,24
3,930000000,0.004211367864604428,207,60,40,24
3,1265000000,0.004207439698385019,208,60,40,24
3,1221000000,0.004175508133398215,209,60,40,24
3,869000000,0.004171891052669084,210,60,40,24
3,861000000,0.004171246508159902,211,60,40,24
3,1070000000,0.004125407211242541,212,60,40,24
3,611000000,0.004125087238001093,213,60,40,24
3,984000000,0.004092864255805251,214,60,40,24
3,1097000000,0.004026884655104494,215,60,40,24
3,1171000000,0.004000212132182842,216,60,40,24
3,1032000000,0.003998386102024171,217,60,40,24
3,887000000,0.003998376289104903,218,60,40,24
3,992000000,0.003995695309820451,219,60,40,24
3,1066000000,0.003990773954121788,220,60,40,24
3,1023000000,0.003985301785173129,221,60,40,24
3,6000000,0.003970003961244906,222,60,40,24
3,1006000000,0.003967289728953103,223,60,40,24
3,1083000000,0.003953531321326676,224,60,40,24
3,1138000000,0.003951604896535161,225,60,40,24
3,1141000000,0.003944517727180477,226,60,40,24
3,1173000000,0.00393276559069886,227,60,40,24
3,14000000,0.003924706122482317,228,60,40,24
3,901000000,0.0039149029631807995,229,60,40,24
3,943000000,0.003858283266389643,230,60,40,24
3,1048000000,0.003847340820240415,231,60,40,24
3,1118000000,0.003846899230697289,232,60,40,24
3,915000000,0.0038183391149395176,233,60,40,24
3,1133000000,0.0038052419410526004,234,60,40,24
3,1372000000,0.0038048309121540115,235,60,40,24
3,1072000000,0.003802988884825594,236,60,40,24
3,1235000000,0.0038022173712940763,237,60,40,24
3,963000000,0.003801910210525216,238,60,40,24
3,1024000000,0.003798209893479878,239,60,40,24
3,843000000,0.0037970617120387036,240,60,40,24
3,703000000,0.0037938767410391995,241,60,40,24
3,181000000,0.003787528678546159,242,60,40,24
3,1107000000,0.0037808203154882144,243,60,40,24
3,858000000,0.0037682033741289634,244,60,40,24
3,1376000000,0.003766668366756655,245,60,40,24
3,164000000,0.003738593761174564,246,60,40,24
3,1149000000,0.003735694317442413,247,60,40,24
3,851000000,0.003718154192187089,248,60,40,24
3,1101000000,0.003681491603718126,249,60,40,24
3,663000000,0.0036739479856892744,250,60,40,24
3,872000000,0.0036732075394714874,251,60,40,24
3,8000000,0.0036616295031405973,252,60,40,24
3,114000000,0.00364147063140169,253,60,40,24
3,1203000000,0.003593944051597458,254,60,40,24
3,969000000,0.0035407906855651652,255,60,40,24
3,1000000000,0.0035319898907511505,256,60,40,24
3,1059000000,0.0035200566386693675,257,60,40,24
3,1039000000,0.0035196251769625516,258,60,40,24
3,1055000000,0.0035004621604350443,259,60,40,24
3,1267000000,0.003479000827081388,260,60,40,24
3,999000000,0.0034650385522256824,261,60,40,24
3,1079000000,0.0034576838007091605,262,60,40,24
3,1092000000,0.0034571536375012364,263,60,40,24
3,1019000000,0.0034549007645670363,264,60,40,24
3,607000000,0.003454800578104701,265,60,40,24
3,1263000000,0.003424777948149896,266,60,40,24
3,152000000,0.0034227592654899734,267,60,40,24
3,842000000,0.0034018229132740884,268,60,40,24
3,196000000,0.0033917270112420682,269,60,40,24
3,19000000,0.0033897961623299724,270,60,40,24
3,995000000,0.0033875608986809855,271,60,40,24
3,174000000,0.003373119476783483,272,60,40,24
3,191000000,0.0033533798881654336,273,60,40,24
3,605000000,0.003340912357675492,274,60,40,24
3,961000000,0.0033334334454995095,275,60,40,24
3,1230000000,0.0033234891200884676,276,60,40,24
3,1226000000,0.0033199737752580114,277,60,40,24
3,696000000,0.0033121546847495963,278,60,40,24
3,1189000000,0.0032978884877622903,279,60,40,24
3,1095000000,0.003264550074076547,280,60,40,24
3,859000000,0.003263783751647083,281,60,40,24
3,1050000000,0.0032625567357735994,282,60,40,24
3,123000000,0.003239848393318372,283,60,40,24
3,857000000,0.0032275236561532914,284,60,40,24
3,718000000,0.003224490395456468,285,60,40,24
3,1181000000,0.0032166437710416476,286,60,40,24
3,717000000,0.003210726385976952,287,60,40,24
3,719000000,0.0032040903341943464,288,60,40,24
3,151000000,0.0032040140979033567,289,60,40,24
3,702000000,0.0031951151363482913,290,60,40,24
3,1252000000,0.003192186471307558,291,60,40,24
3,720000000,0.0031840719265810585,292,60,40,24
3,1104000000,0.003180056015715423,293,60,40,24
3,122000000,0.003173791152402795,294,60,40,24
3,115000000,0.0031717763849325787,295,60,40,24
3,1026000000,0.0031289234588386464,296,60,40,24
3,1053000000,0.0031250871825093908,297,60,40,24
3,124000000,0.0031119157298425204,298,60,40,24
3,910000000,0.0031100326447488055,299,60,40,24
3,1262000000,0.003098093597843283,300,60,40,24
3,171000000,0.003090308004911056,301,60,40,24
3,1368000000,0.0030717665836395226,302,60,40,24
3,937000000,0.0030595929915000148,303,60,40,24
3,1114000000,0.0030543171834161316,304,60,40,24
3,1279000000,0.003049979357091394,305,60,40,24
3,1013000000,0.0030453537840781733,306,60,40,24
3,900000000,0.0030422470512564493,307,60,40,24
3,1186000000,0.003039097752045801,308,60,40,24
3,960000000,0.003036720721696862,309,60,40,24
3,1044000000,0.003036364919782357,310,60,40,24
3,1231000000,0.0030322544411398302,311,60,40,24
3,170000000,0.003031792758782447,312,60,40,24
3,958000000,0.0030280187916372123,313,60,40,24
3,1037000000,0.003025380673147087,314,60,40,24
3,1157000000,0.00302395585256684,315,60,40,24
3,904000000,0.0030122262391189835,316,60,40,24
3,51000000,0.0030095114338645626,317,60,40,24
3,143000000,0.003008015111645015,318,60,40,24
3,875000000,0.003007803415333653,319,60,40,24
3,1187000000,0.0030012847722541685,320,60,40,24
3,1158000000,0.002995802257283926,321,60,40,24
3,1062000000,0.0029940364251783394,322,60,40,24
3,1001000000,0.0029730810470317273,323,60,40,24
3,1111000000,0.0029266340156629948,324,60,40,24
3,970000000,0.0029162440459541946,325,60,40,24
3,874000000,0.0028951467918126167,326,60,40,24
3,1393000000,0.0028670918919104834,327,60,40,24
3,865000000,0.0028656988116196234,328,60,40,24
3,1047000000,0.002861912506187427,329,60,40,24
3,187000000,0.0028615952068331307,330,60,40,24
3,1139000000,0.0028594851540457264,331,60,40,24
3,1034000000,0.0028454512024457044,332,60,40,24
3,868000000,0.0028175625205958325,333,60,40,24
3,1033000000,0.002815152480818738,334,60,40,24
3,82000000,0.0028133956781726623,335,60,40,24
3,1105000000,0.002806341159217174,336,60,40,24
3,1382000000,0.002805816586231538,337,60,40,24
3,183000000,0.002804910961694552,338,60,40,24
3,185000000,0.002782619489084386,339,60,40,24
3,1078000000,0.0027820369227403875,340,60,40,24
3,1237000000,0.002779519993459222,341,60,40,24
3,1086000000,0.002768803097427693,342,60,40,24
3,190000000,0.0027549984820773184,343,60,40,24
3,891000000,0.0027543580832534585,344,60,40,24
3,125000000,0.002750838772606303,345,60,40,24
3,188000000,0.0027507185724859958,346,60,40,24
3,931000000,0.002749750678797519,347,60,40,24
3,184000000,0.0027496199841690874,348,60,40,24
3,897000000,0.0027458294715558555,349,60,40,24
3,1069000000,0.002744521771967504,350,60,40,24
3,1194000000,0.002739885865687445,351,60,40,24
3,1209000000,0.002729542499777447,352,60,40,24
3,57000000,0.0027289625230766212,353,60,40,24
3,832000000,0.0027220879451600954,354,60,40,24
3,1127000000,0.0027146736742034213,355,60,40,24
3,189000000,0.0027144690261766513,356,60,40,24
3,988000000,0.0027127581310574323,357,60,40,24
3,850000000,0.0027107634521632423,358,60,40,24
3,1103000000,0.0027006390993442654,359,60,40,24
3,186000000,0.0026870366301807633,360,60,40,24
3,1199000000,0.002662316027273709,361,60,40,24
3,53000000,0.002662176275305449,362,60,40,24
3,1045000000,0.0026554023086889744,363,60,40,24
3,994000000,0.0026406631833970256,364,60,40,24
3,906000000,0.002637466202010653,365,60,40,24
3,157000000,0.0025962349612480063,366,60,40,24
3,1179000000,0.002579690554559317,367,60,40,24
3,987000000,0.0025779855341473076,368,60,40,24
3,1212000000,0.0025573343467062016,369,60,40,24
3,1423000000,0.002531061592435337,370,60,40,24
3,1401000000,0.0025226046051194393,371,60,40,24
3,1027000000,0.002515757828440724,372,60,40,24
3,939000000,0.0025124851038558324,373,60,40,24
3,870000000,0.0025057114625921155,374,60,40,24
3,841000000,0.002504032562217729,375,60,40,24
3,831000000,0.002490432827944125,376,60,40,24
3,1213000000,0.002488843361509686,377,60,40,24
3,1018000000,0.0024829810703539614,378,60,40,24
3,1057000000,0.0024789139746491935,379,60,40,24
3,1046000000,0.0024701656399354994,380,60,40,24
3,918000000,0.0024693020109844916,381,60,40,24
3,867000000,0.0024665036161436245,382,60,40,24
3,1250000000,0.002461685012170182,383,60,40,24
3,1233000000,0.0024601126409857163,384,60,40,24
3,847000000,0.002451935261755352,385,60,40,24
3,1163000000,0.0024411406111465666,386,60,40,24
3,948000000,0.0024134432165961494,387,60,40,24
3,1197000000,0.0024125168156970485,388,60,40,24
3,1147000000,0.0024116330556654864,389,60,40,24
3,1261000000,0.0024040537034977346,390,60,40,24
3,1180000000,0.0024035217974644253,391,60,40,24
3,16000000,0.0023988745903040843,392,60,40,24
3,128000000,0.0023945287899065637,393,60,40,24
3,1229000000,0.0023849294476019525,394,60,40,24
3,990000000,0.0023827096603280295,395,60,40,24
3,914000000,0.0023802916255448855,396,60,40,24
3,162000000,0.002377367835874095,397,60,40,24
3,997000000,0.002367488881716842,398,60,40,24
3,978000000,0.0023590357596133204,399,60,40,24
3,1117000000,0.002353947117689248,400,60,40,24
3,1008000000,0.0023536787777579137,401,60,40,24
3,1200000000,0.0023427585446159378,402,60,40,24
3,166000000,0.0023418071189559393,403,60,40,24
3,968000000,0.0023334183962503475,404,60,40,24
3,1416000000,0.002330676296314249,405,60,40,24
3,834000000,0.0023277116752490118,406,60,40,24
3,1151000000,0.002323216027815685,407,60,40,24
3,852000000,0.002321461971815696,408,60,40,24
3,1427000000,0.002317333182709067,409,60,40,24
3,1222000000,0.0023088913012161913,410,60,40,24
3,971000000,0.002301304532274872,411,60,40,24
3,895000000,0.0022869299907137116,412,60,40,24
3,856000000,0.0022848943833437573,413,60,40,24
3,945000000,0.0022842189111391543,414,60,40,24
3,849000000,0.0022814915437166933,415,60,40,24
3,709000000,0.0022782500942206737,416,60,40,24
3,1193000000,0.0022212602263105446,417,60,40,24
3,1381000000,0.0022090004449990494,418,60,40,24
3,1091000000,0.00220856486976546,419,60,40,24
3,1168000000,0.002207360468416646,420,60,40,24
3,950000000,0.0021933748447925195,421,60,40,24
3,1093000000,0.0021887849034772098,422,60,40,24
3,1058000000,0.0021833560472332434,423,60,40,24
3,876000000,0.0021675888315530662,424,60,40,24
3,636000000,0.002166188142166543,425,60,40,24
3,723000000,0.0021576557237115708,426,60,40,24
3,1220000000,0.002156995744143413,427,60,40,24
3,1074000000,0.002139257186451874,428,60,40,24
3,1102000000,0.002138099529001497,429,60,40,24
3,911000000,0.0021335407513130545,430,60,40,24
3,1115000000,0.0021288219137182707,431,60,40,24
3,39000000,0.0021239375914608245,432,60,40,24
3,1245000000,0.0021007602714789783,433,60,40,24
3,1051000000,0.0020990107540423074,434,60,40,24
3,1190000000,0.002095273253035599,435,60,40,24
3,1248000000,0.0020946831997340613,436,60,40,24
3,121000000,0.0020931229539042323,437,60,40,24
3,982000000,0.0020921541025557145,438,60,40,24
3,1146000000,0.0020896826475655978,439,60,40,24
3,927000000,0.002080360618182521,440,60,40,24
3,922000000,0.0020783499519319935,441,60,40,24
3,840000000,0.002075949976979509,442,60,40,24
3,134000000,0.0020584361336972072,443,60,40,24
3,126000000,0.002048068630258968,444,60,40,24
3,1415000000,0.002040269251498669,445,60,40,24
3,889000000,0.0020139755918762367,446,60,40,24
3,1426000000,0.002009623184536129,447,60,40,24
3,855000000,0.001985979033263735,448,60,40,24
3,1071000000,0.00198121602373693,449,60,40,24
3,1099000000,0.0019759559971849893,450,60,40,24
3,41000000,0.0019713088886846994,451,60,40,24
3,1259000000,0.0019613660726580853,452,60,40,24
3,1175000000,0.0019502268141272175,453,60,40,24
3,934000000,0.0019445527586782428,454,60,40,24
3,1392000000,0.0019406948378630606,455,60,40,24
3,1010000000,0.0019378729252918661,456,60,40,24
3,156000000,0.0019351604003111256,457,60,40,24
3,659000000,0.0019287414034677164,458,60,40,24
3,1223000000,0.0019277589733696443,459,60,40,24
3,1073000000,0.0019273621972206952,460,60,40,24
3,724000000,0.0019272567661590236,461,60,40,24
3,153000000,0.0019202937483086822,462,60,40,24
3,1260000000,0.0019112322988227798,463,60,40,24
3,700000000,0.0019028995431122693,464,60,40,24
3,877000000,0.0018984962759144616,465,60,40,24
3,1108000000,0.0018891374615663755,466,60,40,24
3,1188000000,0.0018765307407562644,467,60,40,24
3,712000000,0.0018758053900681734,468,60,40,24
3,17000000,0.001874206881666729,469,60,40,24
3,182000000,0.0018582703570965292,470,60,40,24
3,116000000,0.0018570564513660614,471,60,40,24
3,923000000,0.0018430344709796593,472,60,40,24
3,917000000,0.0018409271341020298,473,60,40,24
3,1246000000,0.001827092412594202,474,60,40,24
3,88000000,0.00181636802343885,475,60,40,24
3,878000000,0.0018143865874703162,476,60,40,24
3,83000000,0.0018079654903967236,477,60,40,24
3,974000000,0.0017931838458545948,478,60,40,24
3,1172000000,0.0017885764844774684,479,60,40,24
3,194000000,0.0017885331995674766,480,60,40,24
3,149000000,0.0017837944979531152,481,60,40,24
3,1122000000,0.0017762057213679266,482,60,40,24
3,1081000000,0.0017679478211543409,483,60,40,24
3,89000000,0.0017651832074689234,484,60,40,24
3,1160000000,0.0017634084252481706,485,60,40,24
3,985000000,0.0017623148892476272,486,60,40,24
3,729000000,0.0017612848052048226,487,60,40,24
3,913000000,0.0017584304206350353,488,60,40,24
3,1234000000,0.0017583906009887747,489,60,40,24
3,1239000000,0.0017537848112717767,490,60,40,24
3,708000000,0.001749642828539197,491,60,40,24
3,155000000,0.001747310024118073,492,60,40,24
3,1214000000,0.0017469755456523063,493,60,40,24
3,142000000,0.0017411184323945993,494,60,40,24
3,1125000000,0.0017392692918282357,495,60,40,24
3,1009000000,0.0017247620786675058,496,60,40,24
3,1205000000,0.0017210369381969709,497,60,40,24
3,989000000,0.001713372506320513,498,60,40,24
3,1247000000,0.0017118665088293424,499,60,40,24
3,1227000000,0.0017063269540288715,500,60,40,24
3,90000000,0.0017047392639719507,501,60,40,24
3,1388000000,0.0017016605778823765,502,60,40,24
3,912000000,0.0016951410403699186,503,60,40,24
3,1390000000,0.0016901614948506916,504,60,40,24
3,1085000000,0.0016859127471540506,505,60,40,24
3,890000000,0.0016774995439021653,506,60,40,24
3,58000000,0.0016709087391667246,507,60,40,24
3,1208000000,0.001663459299405593,508,60,40,24
3,1271000000,0.0016481381662094702,509,60,40,24
3,879000000,0.0016398466385063742,510,60,40,24
3,117000000,0.0016280600910872898,511,60,40,24
3,1240000000,0.0016270700163664295,512,60,40,24
3,1210000000,0.0016268131987496885,513,60,40,24
3,25000000,0.001626077644023192,514,60,40,24
3,1035000000,0.0016256573940690196,515,60,40,24
3,1191000000,0.0016221855990314108,516,60,40,24
3,722000000,0.001620158424329859,517,60,40,24
3,42000000,0.001617159241443015,518,60,40,24
3,198000000,0.0016117404660092095,519,60,40,24
3,3000000,0.001611291386322219,520,60,40,24
3,1063000000,0.001610499449032638,521,60,40,24
3,941000000,0.0016101563472226041,522,60,40,24
3,983000000,0.0016097687199584452,523,60,40,24
3,1387000000,0.0016077432472218006,524,60,40,24
3,909000000,0.0016058919707437952,525,60,40,24
3,163000000,0.0016046065487750033,526,60,40,24
3,60000000,0.001600300026686967,527,60,40,24
3,1207000000,0.0016001670060901787,528,60,40,24
3,1218000000,0.0015994521995234628,529,60,40,24
3,830000000,0.0015973240368798445,530,60,40,24
3,1269000000,0.0015936507189108124,531,60,40,24
3,193000000,0.0015862599078324989,532,60,40,24
3,826000000,0.0015819523935831508,533,60,40,24
3,65000000,0.0015807000369145166,534,60,40,24
3,87000000,0.0015788069699472246,535,60,40,24
3,1052000000,0.001571908165628704,536,60,40,24
3,1132000000,0.0015713324255388524,537,60,40,24
3,1126000000,0.0015662496731274444,538,60,40,24
3,1215000000,0.0015611381736154253,539,60,40,24
3,727000000,0.0015596698034996118,540,60,40,24
3,828000000,0.001556826732326724,541,60,40,24
3,643000000,0.0015563684230990138,542,60,40,24
3,91000000,0.0015554086976790013,543,60,40,24
3,1124000000,0.0015501473968186413,544,60,40,24
3,13000000,0.0015473357314529821,545,60,40,24
3,140000000,0.0015466618913769303,546,60,40,24
3,35000000,0.001534402148935414,547,60,40,24
3,55000000,0.0015292764188864784,548,60,40,24
3,5000000,0.0015247401222526066,549,60,40,24
3,86000000,0.0015221316892595456,550,60,40,24
3,1090000000,0.0015208937746046627,551,60,40,24
3,1161000000,0.0015207096656334727,552,60,40,24
3,864000000,0.001517526844582324,553,60,40,24
3,158000000,0.0015095141923395208,554,60,40,24
3,192000000,0.0015078939039814407,555,60,40,24
3,92000000,0.001506824589108994,556,60,40,24
3,972000000,0.0015054673939675675,557,60,40,24
3,1021000000,0.001490236485608742,558,60,40,24
3,1195000000,0.0014876759130669594,559,60,40,24
3,885000000,0.0014851370926213367,560,60,40,24
3,195000000,0.0014830137462196074,561,60,40,24
3,56000000,0.001477471709848735,562,60,40,24
3,1011000000,0.0014734774059768187,563,60,40,24
3,52000000,0.0014487311838072107,564,60,40,24
3,924000000,0.0014345920435843709,565,60,40,24
3,916000000,0.001431576976418841,566,60,40,24
3,169000000,0.0014246729272590565,567,60,40,24
3,952000000,0.0014206427170900399,568,60,40,24
3,949000000,0.0014193503209364812,569,60,40,24
3,955000000,0.0014146600720174106,570,60,40,24
3,40000000,0.0014072219231673886,571,60,40,24
3,112000000,0.001406667418823277,572,60,40,24
3,886000000,0.0014016431684822834,573,60,40,24
3,882000000,0.0013882037953467585,574,60,40,24
3,147000000,0.0013873294378648276,575,60,40,24
3,1182000000,0.0013859942369337627,576,60,40,24
3,1256000000,0.0013842091531089931,577,60,40,24
3,84000000,0.0013817647372300595,578,60,40,24
3,1174000000,0.0013787509678613308,579,60,40,24
3,881000000,0.0013705394391362888,580,60,40,24
3,1266000000,0.0013654611973318957,581,60,40,24
3,1148000000,0.001363457880093048,582,60,40,24
3,197000000,0.0013600775542703923,583,60,40,24
3,1134000000,0.0013550480825142404,584,60,40,24
3,951000000,0.0013531388586100572,585,60,40,24
3,119000000,0.0013530939830375978,586,60,40,24
3,179000000,0.0013526936679874129,587,60,40,24
3,921000000,0.0013510989581966653,588,60,40,24
3,1257000000,0.0013469678643682024,589,60,40,24
3,908000000,0.0013469602558378974,590,60,40,24
3,1225000000,0.0013453168348921628,591,60,40,24
3,1243000000,0.0013447080646072113,592,60,40,24
3,1137000000,0.0013431938455695186,593,60,40,24
3,1241000000,0.0013392373613211807,594,60,40,24
3,1165000000,0.0013262475694756405,595,60,40,24
3,907000000,0.0013206052374156343,596,60,40,24
3,1249000000,0.0013177500406385612,597,60,40,24
3,1373000000,0.0013158067102060267,598,60,40,24
3,1232000000,0.0013124571550440218,599,60,40,24
3,853000000,0.0013051074111552375,600,60,40,24
3,48000000,0.0013029921804782257,601,60,40,24
3,85000000,0.0012947003480593341,602,60,40,24
3,47000000,0.0012861487919259627,603,60,40,24
3,896000000,0.0012854098059571248,604,60,40,24
3,44000000,0.0012748186295258714,605,60,40,24
3,645000000,0.0012731421161896767,606,60,40,24
3,728000000,0.0012671071872270127,607,60,40,24
3,1202000000,0.001261630319843706,608,60,40,24
3,626000000,0.0012522647105537932,609,60,40,24
3,1389000000,0.0012506457122413855,610,60,40,24
3,833000000,0.0012467063696434794,611,60,40,24
3,1258000000,0.001237453781055993,612,60,40,24
3,964000000,0.0012237691005412893,613,60,40,24
3,1270000000,0.001220110497375916,614,60,40,24
3,93000000,0.0012164210246257301,615,60,40,24
3,1403000000,0.0012156468325385675,616,60,40,24
3,662000000,0.00121273310214471,617,60,40,24
3,1068000000,0.0012087131240076895,618,60,40,24
3,1244000000,0.001191138452020562,619,60,40,24
3,1198000000,0.0011908796255031588,620,60,40,24
3,846000000,0.0011826490531374944,621,60,40,24
3,1155000000,0.0011799144758173888,622,60,40,24
3,46000000,0.0011751692893815302,623,60,40,24
3,854000000,0.001174955081469499,624,60,40,24
3,721000000,0.0011691517008907734,625,60,40,24
3,62000000,0.0011671193499311022,626,60,40,24
3,880000000,0.0011662703334188562,627,60,40,24
3,148000000,0.0011642306447864795,628,60,40,24
3,839000000,0.0011578721967825682,629,60,40,24
3,1176000000,0.001157598559294333,630,60,40,24
3,1007000000,0.001151850536388509,631,60,40,24
3,1264000000,0.0011436715441143486,632,60,40,24
3,1425000000,0.001132933882090398,633,60,40,24
3,49000000,0.0011285206793650194,634,60,40,24
3,1076000000,0.0011279515654582456,635,60,40,24
3,1031000000,0.0011086594127006878,636,60,40,24
3,1432000000,0.0011076423410963188,637,60,40,24
3,953000000,0.0011064228441964765,638,60,40,24
3,838000000,0.0011035805233944723,639,60,40,24
3,866000000,0.0011035362779767961,640,60,40,24
3,1201000000,0.0010930451627688379,641,60,40,24
3,109000000,0.0010891068429327879,642,60,40,24
3,871000000,0.001087862885122807,643,60,40,24
3,50000000,0.001082282482711964,644,60,40,24
3,1014000000,0.0010819352528777448,645,60,40,24
3,1216000000,0.0010708907987589964,646,60,40,24
3,180000000,0.0010477167907384619,647,60,40,24
3,120000000,0.0010386743684925612,648,60,40,24
3,1041000000,0.0010314955890955346,649,60,40,24
3,888000000,0.0010275736988253183,650,60,40,24
3,829000000,0.0010263585849646473,651,60,40,24
3,64000000,0.0010220486207370447,652,60,40,24
3,733000000,0.0010179663965744752,653,60,40,24
3,873000000,0.0010158276116066264,654,60,40,24
3,1016000000,0.0010146295965364756,655,60,40,24
3,837000000,0.000993627307193409,656,60,40,24
3,43000000,0.000992541660060473,657,60,40,24
3,925000000,0.0009828411965829053,658,60,40,24
3,45000000,0.0009801502454674222,659,60,40,24
3,1219000000,0.0009666791291348,660,60,40,24
3,825000000,0.0009628924804352871,661,60,40,24
3,1238000000,0.0009552987877281972,662,60,40,24
3,1131000000,0.000950648582941292,663,60,40,24
3,1042000000,0.0009497421660349742,664,60,40,24
3,94000000,0.0009480206303153493,665,60,40,24
3,1075000000,0.0009477752890001752,666,60,40,24
3,1375000000,0.0009422210214833555,667,60,40,24
3,944000000,0.00093588383457112,668,60,40,24
3,1217000000,0.0009201059871313725,669,60,40,24
3,154000000,0.0009179525183915986,670,60,40,24
3,979000000,0.000913765644302154,671,60,40,24
3,694000000,0.0009137138130060702,672,60,40,24
3,95000000,0.000909264174526991,673,60,40,24
3,61000000,0.0009079372882644882,674,60,40,24
3,946000000,0.000891084637620858,675,60,40,24
3,701000000,0.0008861034256643657,676,60,40,24
3,1251000000,0.0008757717862643649,677,60,40,24
3,848000000,0.000871961135816768,678,60,40,24
3,111000000,0.0008668402780588172,679,60,40,24
3,38000000,0.0008665101173988066,680,60,40,24
3,118000000,0.0008634774802086755,681,60,40,24
3,175000000,0.0008564593471592861,682,60,40,24
3,1154000000,0.0008468126073853286,683,60,40,24
3,59000000,0.0008450924545143839,684,60,40,24
3,1206000000,0.0008373695635372608,685,60,40,24
3,2000000,0.0008094317004051395,686,60,40,24
3,844000000,0.000806992677675289,687,60,40,24
3,1178000000,0.0007988792345819024,688,60,40,24
3,1211000000,0.0007947273397752678,689,60,40,24
3,835000000,0.0007902655901905812,690,60,40,24
3,1242000000,0.0007876689843985624,691,60,40,24
3,827000000,0.0007808990901474621,692,60,40,24
3,845000000,0.0007457068540422961,693,60,40,24
3,54000000,0.0007304336998633916,694,60,40,24
3,29000000,0.0007278049243331468,695,60,40,24
3,1365000000,0.0007277419035440719,696,60,40,24
3,24000000,0.0007228895928727634,697,60,40,24
3,1012000000,0.0007147726835398972,698,60,40,24
3,63000000,0.0006953249978703744,699,60,40,24
3,1000000,0.0006869266898851946,700,60,40,24
3,862000000,0.0006833992869635885,701,60,40,24
3,836000000,0.0006765540648879131,702,60,40,24
3,30000000,0.0006641580605240955,703,60,40,24
3,608000000,0.0006528862341440612,704,60,40,24
3,863000000,0.0006270929550326987,705,60,40,24
3,1282000000,0.0005236048673957383,706,60,40,24
3,18000000,0.000485477554798772,707,60,40,24
3,1364000000,0.00045083118586803733,708,60,40,24
3,7000000,0.00042845450945002854,709,60,40,24
3,647000000,0.00041350846726615533,710,60,40,24
3,635000000,0.00037207213173883223,711,60,40,24
3,135000000,0.00035397540262468535,712,60,40,24
3,726000000,0.0,713,60,40,24
3,1414000000,0.0,714,60,40,24
3,1273000000,0.0,715,60,40,24
3,1268000000,0.0,716,60,40,24
3,1422000000,0.0,717,60,40,24
3,1274000000,0.0,718,60,40,24
3,1429000000,0.0,719,60,40,24
3,1419000000,0.0,720,60,40,24
3,1418000000,0.0,721,60,40,24
3,1277000000,0.0,722,60,40,24
3,1430000000,0.0,723,60,40,24
3,1278000000,0.0,724,60,40,24
3,704000000,0.0,725,60,40,24
3,1385000000,0.0,726,60,40,24
3,1413000000,0.0,727,60,40,24
3,1395000000,0.0,728,60,40,24
3,1384000000,0.0,729,60,40,24
3,621000000,0.0,730,60,40,24
3,629000000,0.0,731,60,40,24
3,631000000,0.0,732,60,40,24
3,640000000,0.0,733,60,40,24
3,642000000,0.0,734,60,40,24
3,1396000000,0.0,735,60,40,24
3,1409000000,0.0,736,60,40,24
3,1371000000,0.0,737,60,40,24
3,1400000000,0.0,738,60,40,24
3,657000000,0.0,739,60,40,24
3,1283000000,0.0,740,60,40,24
3,1404000000,0.0,741,60,40,24
3,1405000000,0.0,742,60,40,24
3,1408000000,0.0,743,60,40,24
4,1110000000,0.02614581662561071,1,60,40,24
4,646000000,0.026100321453269622,2,60,40,24
4,1054000000,0.02095968204001366,3,60,40,24
4,690000000,0.02014217880138033,4,60,40,24
4,698000000,0.01942355121218416,5,60,40,24
4,1170000000,0.017767035335179815,6,60,40,24
4,1369000000,0.017067549408088196,7,60,40,24
4,991000000,0.016202038241615927,8,60,40,24
4,1370000000,0.01579536084873653,9,60,40,24
4,695000000,0.015473288081714819,10,60,40,24
4,178000000,0.0153293616401616,11,60,40,24
4,693000000,0.015065268887324132,12,60,40,24
4,1402000000,0.014747766522072022,13,60,40,24
4,173000000,0.014507240613175636,14,60,40,24
4,1424000000,0.014404966963735845,15,60,40,24
4,725000000,0.014274467697386958,16,60,40,24
4,902000000,0.014020105158066407,17,60,40,24
4,639000000,0.01356385584820251,18,60,40,24
4,159000000,0.013039181052669362,19,60,40,24
4,176000000,0.012996030628246865,20,60,40,24
4,1084000000,0.012957358558535014,21,60,40,24
4,167000000,0.012890590468231704,22,60,40,24
4,962000000,0.012437773287978323,23,60,40,24
4,715000000,0.01225546055039734,24,60,40,24
4,710000000,0.012245355853305486,25,60,40,24
4,1043000000,0.012006056896355794,26,60,40,24
4,714000000,0.011795419492331328,27,60,40,24
4,1169000000,0.011686623832445814,28,60,40,24
4,1100000000,0.01160684064185851,29,60,40,24
4,1088000000,0.011522436524771822,30,60,40,24
4,1025000000,0.011485598326013757,31,60,40,24
4,1060000000,0.011464271769731154,32,60,40,24
4,824000000,0.011165987656419879,33,60,40,24
4,1116000000,0.011161952679621844,34,60,40,24
4,609000000,0.011147124122975083,35,60,40,24
4,706000000,0.011130769569881746,36,60,40,24
4,1029000000,0.01112982689923951,37,60,40,24
4,707000000,0.011124817958451657,38,60,40,24
4,161000000,0.011110043817087677,39,60,40,24
4,168000000,0.01068166182480305,40,60,40,24
4,660000000,0.010654922751691555,41,60,40,24
4,165000000,0.010510999857029324,42,60,40,24
4,980000000,0.010267031140556477,43,60,40,24
4,137000000,0.01018267559516272,44,60,40,24
4,128000000,0.010074502993948959,45,60,40,24
4,929000000,0.010038122394012278,46,60,40,24
4,1144000000,0.009997258804759823,47,60,40,24
4,144000000,0.00993379403637138,48,60,40,24
4,131000000,0.009881868734495208,49,60,40,24
4,928000000,0.009853588440429157,50,60,40,24
4,1167000000,0.009835216218238744,51,60,40,24
4,1166000000,0.00968248539745772,52,60,40,24
4,711000000,0.009629196779558657,53,60,40,24
4,621000000,0.009593965541058272,54,60,40,24
4,133000000,0.009541744575706768,55,60,40,24
4,1135000000,0.009501673734527961,56,60,40,24
4,1067000000,0.009220787840995568,57,60,40,24
4,1398000000,0.009024258822143534,58,60,40,24
4,1087000000,0.008856144002357354,59,60,40,24
4,160000000,0.00881375537501219,60,60,40,24
4,1061000000,0.00880957504411323,61,60,40,24
4,630000000,0.008736491639005906,62,60,40,24
4,1005000000,0.008697686476157295,63,60,40,24
4,139000000,0.00866334977041051,64,60,40,24
4,1162000000,0.008616878015988353,65,60,40,24
4,633000000,0.008582406642676375,66,60,40,24
4,1228000000,0.008520198066418712,67,60,40,24
4,1153000000,0.008508762981819953,68,60,40,24
4,33000000,0.008305386468999447,69,60,40,24
4,1003000000,0.00824493363915443,70,60,40,24
4,1056000000,0.0082420301736467,71,60,40,24
4,1262000000,0.008236794971468443,72,60,40,24
4,1094000000,0.008005213880263958,73,60,40,24
4,1196000000,0.00796087735028581,74,60,40,24
4,713000000,0.007917912627173073,75,60,40,24
4,1082000000,0.007891362387876981,76,60,40,24
4,146000000,0.00788660756514255,77,60,40,24
4,1022000000,0.0077814459767667175,78,60,40,24
4,1120000000,0.007714795867212199,79,60,40,24
4,628000000,0.007709265136872327,80,60,40,24
4,1150000000,0.0076560322946035465,81,60,40,24
4,1128000000,0.00765027548477418,82,60,40,24
4,1036000000,0.00755372724214441,83,60,40,24
4,36000000,0.007536281477088029,84,60,40,24
4,164000000,0.0074305803375239845,85,60,40,24
4,1156000000,0.0074291675688341685,86,60,40,24
4,705000000,0.007407242464752612,87,60,40,24
4,1152000000,0.007382721085478131,88,60,40,24
4,172000000,0.007329118495155497,89,60,40,24
4,905000000,0.007322582189270269,90,60,40,24
4,940000000,0.007298661316327295,91,60,40,24
4,177000000,0.007260032517799619,92,60,40,24
4,37000000,0.007213717450226765,93,60,40,24
4,1140000000,0.007138156793695371,94,60,40,24
4,1002000000,0.007111641250554261,95,60,40,24
4,959000000,0.0070983008673413195,96,60,40,24
4,996000000,0.007054322425811517,97,60,40,24
4,1112000000,0.006943429869140106,98,60,40,24
4,1089000000,0.006907137431315876,99,60,40,24
4,884000000,0.006905769437356119,100,60,40,24
4,697000000,0.006697262792845632,101,60,40,24
4,174000000,0.006658552530129536,102,60,40,24
4,1066000000,0.006616132952237442,103,60,40,24
4,31000000,0.006606242797502032,104,60,40,24
4,976000000,0.006503136690264553,105,60,40,24
4,1032000000,0.006497630374510204,106,60,40,24
4,618000000,0.006472757025039369,107,60,40,24
4,1185000000,0.006464230641704603,108,60,40,24
4,152000000,0.006459663076813849,109,60,40,24
4,1064000000,0.006444086836120807,110,60,40,24
4,1159000000,0.00643738293171639,111,60,40,24
4,1047000000,0.006363288843425121,112,60,40,24
4,1104000000,0.0063264884836084145,113,60,40,24
4,932000000,0.0063070347970334666,114,60,40,24
4,1204000000,0.006219456865569847,115,60,40,24
4,1091000000,0.00613160171246613,116,60,40,24
4,1098000000,0.0060396671609358995,117,60,40,24
4,1136000000,0.005928659950303122,118,60,40,24
4,145000000,0.0059230217147225785,119,60,40,24
4,977000000,0.005805008724850582,120,60,40,24
4,1143000000,0.005800440631604451,121,60,40,24
4,162000000,0.005760642129814255,122,60,40,24
4,903000000,0.005715958751312292,123,60,40,24
4,966000000,0.005714873762153564,124,60,40,24
4,1146000000,0.005710419429671864,125,60,40,24
4,1040000000,0.00569747255334666,126,60,40,24
4,965000000,0.005663858671410949,127,60,40,24
4,969000000,0.005627892357650152,128,60,40,24
4,150000000,0.005599567701084407,129,60,40,24
4,1237000000,0.005486135843178011,130,60,40,24
4,1113000000,0.005441634205006363,131,60,40,24
4,641000000,0.005424331866760956,132,60,40,24
4,1065000000,0.005421681779066416,133,60,40,24
4,151000000,0.005407900491019902,134,60,40,24
4,1393000000,0.005397565154390593,135,60,40,24
4,624000000,0.005397531728621453,136,60,40,24
4,4000000,0.005388924152157975,137,60,40,24
4,936000000,0.005366463354772764,138,60,40,24
4,899000000,0.005355614082315854,139,60,40,24
4,1382000000,0.005347433949617609,140,60,40,24
4,942000000,0.005341857245262835,141,60,40,24
4,638000000,0.005335179747815073,142,60,40,24
4,963000000,0.005333415867383688,143,60,40,24
4,919000000,0.005316808241638229,144,60,40,24
4,1235000000,0.005284368927371794,145,60,40,24
4,1236000000,0.005272194668582157,146,60,40,24
4,1023000000,0.0052146415598834425,147,60,40,24
4,141000000,0.00514171441519778,148,60,40,24
4,1145000000,0.005137921086271374,149,60,40,24
4,130000000,0.005072272392210365,150,60,40,24
4,1142000000,0.005062064089651341,151,60,40,24
4,954000000,0.00504099074961056,152,60,40,24
4,1083000000,0.005029579026068985,153,60,40,24
4,1004000000,0.005017936458403416,154,60,40,24
4,15000000,0.005009958998330977,155,60,40,24
4,1008000000,0.0050034870769094745,156,60,40,24
4,709000000,0.004969949086740851,157,60,40,24
4,1420000000,0.004964211307924331,158,60,40,24
4,1431000000,0.004962768481653751,159,60,40,24
4,1077000000,0.0049516728011840695,160,60,40,24
4,1097000000,0.004942869027026799,161,60,40,24
4,986000000,0.004936150029915159,162,60,40,24
4,1049000000,0.0049241960124961175,163,60,40,24
4,957000000,0.004916179045583031,164,60,40,24
4,1039000000,0.004913317476438593,165,60,40,24
4,1415000000,0.004899353873972482,166,60,40,24
4,1426000000,0.004877382312207152,167,60,40,24
4,883000000,0.004874917068815605,168,60,40,24
4,1171000000,0.004838602076431762,169,60,40,24
4,1000000000,0.004836386670556874,170,60,40,24
4,1253000000,0.004833646185482114,171,60,40,24
4,1187000000,0.004798660147238021,172,60,40,24
4,1037000000,0.004797746642535035,173,60,40,24
4,1224000000,0.004787685566671779,174,60,40,24
4,163000000,0.004782431866069388,175,60,40,24
4,1095000000,0.0047597160586826835,176,60,40,24
4,1106000000,0.004752701083759644,177,60,40,24
4,1125000000,0.004727404088456456,178,60,40,24
4,1114000000,0.004726775997790589,179,60,40,24
4,1428000000,0.004725349335863311,180,60,40,24
4,1164000000,0.00472498987709069,181,60,40,24
4,1417000000,0.004705324132705758,182,60,40,24
4,926000000,0.004703130162148339,183,60,40,24
4,860000000,0.00469236507143106,184,60,40,24
4,610000000,0.004690615456187595,185,60,40,24
4,1017000000,0.004666764598744328,186,60,40,24
4,892000000,0.004663263937695562,187,60,40,24
4,984000000,0.004624758809487639,188,60,40,24
4,1397000000,0.004608540459235993,189,60,40,24
4,956000000,0.00458328805925806,190,60,40,24
4,1030000000,0.004535654729148345,191,60,40,24
4,973000000,0.004533643577826407,192,60,40,24
4,1180000000,0.004528184120584181,193,60,40,24
4,132000000,0.004526574666396652,194,60,40,24
4,1386000000,0.004514069077473181,195,60,40,24
4,1107000000,0.004506397046149942,196,60,40,24
4,1028000000,0.004493410761741503,197,60,40,24
4,1179000000,0.004491764233366584,198,60,40,24
4,993000000,0.00446211358939058,199,60,40,24
4,1254000000,0.004441256091747173,200,60,40,24
4,893000000,0.004415230662332596,201,60,40,24
4,1123000000,0.004410681696664154,202,60,40,24
4,703000000,0.004344386929534164,203,60,40,24
4,999000000,0.004338640378659703,204,60,40,24
4,1026000000,0.004330109618823434,205,60,40,24
4,1212000000,0.004317812517809222,206,60,40,24
4,1427000000,0.0043098507170167295,207,60,40,24
4,1129000000,0.004305636877013725,208,60,40,24
4,1062000000,0.004260251868021689,209,60,40,24
4,1416000000,0.004255148836369308,210,60,40,24
4,1192000000,0.004226848322889044,211,60,40,24
4,1050000000,0.004216239144846526,212,60,40,24
4,1173000000,0.004214995196388516,213,60,40,24
4,1184000000,0.004166510752360509,214,60,40,24
4,1118000000,0.004144383156931558,215,60,40,24
4,869000000,0.004106880759962021,216,60,40,24
4,1203000000,0.004085776138216856,217,60,40,24
4,149000000,0.0040832348684977935,218,60,40,24
4,1086000000,0.004028700243433205,219,60,40,24
4,28000000,0.0039771721947783716,220,60,40,24
4,861000000,0.003928058345869283,221,60,40,24
4,26000000,0.003911205354558156,222,60,40,24
4,1265000000,0.003903514117894794,223,60,40,24
4,184000000,0.003846521218645752,224,60,40,24
4,968000000,0.0038433999762827052,225,60,40,24
4,1138000000,0.0038316899617723958,226,60,40,24
4,189000000,0.0038301285462342804,227,60,40,24
4,1177000000,0.0038121992133268705,228,60,40,24
4,967000000,0.003807212808410393,229,60,40,24
4,998000000,0.0037751080933977194,230,60,40,24
4,958000000,0.0037657188048084685,231,60,40,24
4,982000000,0.0037598275970340423,232,60,40,24
4,113000000,0.0037532222688322703,233,60,40,24
4,716000000,0.0037504887570033313,234,60,40,24
4,1092000000,0.0037397861514749777,235,60,40,24
4,1241000000,0.003729578606671463,236,60,40,24
4,858000000,0.0037244300845096865,237,60,40,24
4,1160000000,0.003714989989465485,238,60,40,24
4,1259000000,0.003706281182549399,239,60,40,24
4,1221000000,0.0036907548928466886,240,60,40,24
4,1096000000,0.0036879359203310412,241,60,40,24
4,659000000,0.003680093152973843,242,60,40,24
4,1252000000,0.0036757254560340494,243,60,40,24
4,961000000,0.0036725574769711886,244,60,40,24
4,724000000,0.0036560450098529185,245,60,40,24
4,185000000,0.003653682235472379,246,60,40,24
4,190000000,0.003650275780892374,247,60,40,24
4,187000000,0.00364279538902784,248,60,40,24
4,1226000000,0.0036286939544581914,249,60,40,24
4,1103000000,0.00362027170172065,250,60,40,24
4,851000000,0.0036069417264838707,251,60,40,24
4,1189000000,0.0035986866197095075,252,60,40,24
4,935000000,0.0035836323151643393,253,60,40,24
4,700000000,0.003570402831554059,254,60,40,24
4,859000000,0.0035698353223413723,255,60,40,24
4,900000000,0.0035693025404389864,256,60,40,24
4,887000000,0.003559304837544076,257,60,40,24
4,27000000,0.003558302182123066,258,60,40,24
4,981000000,0.0035435477519648794,259,60,40,24
4,1090000000,0.0035329950557983296,260,60,40,24
4,1139000000,0.0034985521329111984,261,60,40,24
4,712000000,0.0034981348364457017,262,60,40,24
4,699000000,0.0034978344265449027,263,60,40,24
4,1186000000,0.0034924410936883325,264,60,40,24
4,143000000,0.0034884061219750072,265,60,40,24
4,721000000,0.003474246923872945,266,60,40,24
4,1015000000,0.0034687956455959354,267,60,40,24
4,937000000,0.003464027526305578,268,60,40,24
4,898000000,0.003452274132854364,269,60,40,24
4,1117000000,0.0034498486087499868,270,60,40,24
4,138000000,0.0034479451094799113,271,60,40,24
4,901000000,0.0034428524966501344,272,60,40,24
4,1046000000,0.003419506886823778,273,60,40,24
4,123000000,0.003413124547638711,274,60,40,24
4,1175000000,0.0033941728054388263,275,60,40,24
4,124000000,0.0033867549912458775,276,60,40,24
4,1115000000,0.0033855478960141943,277,60,40,24
4,842000000,0.0033792252713744594,278,60,40,24
4,125000000,0.0033787833161331663,279,60,40,24
4,1130000000,0.003373144307385318,280,60,40,24
4,188000000,0.0033731383792097356,281,60,40,24
4,183000000,0.003372334847816045,282,60,40,24
4,1401000000,0.0033708221510689368,283,60,40,24
4,1048000000,0.0033684207405888142,284,60,40,24
4,1075000000,0.003341031345754031,285,60,40,24
4,136000000,0.0033389534700398716,286,60,40,24
4,191000000,0.003330550907954614,287,60,40,24
4,1205000000,0.003322010845759637,288,60,40,24
4,196000000,0.0033135707178345067,289,60,40,24
4,1423000000,0.0033031355512746635,290,60,40,24
4,1264000000,0.003301691178172239,291,60,40,24
4,843000000,0.003292566695093291,292,60,40,24
4,947000000,0.0032873917235422137,293,60,40,24
4,960000000,0.0032847689309459488,294,60,40,24
4,1372000000,0.0032794857690991303,295,60,40,24
4,147000000,0.003258747262339234,296,60,40,24
4,995000000,0.0032485916863974006,297,60,40,24
4,1038000000,0.003243827707438444,298,60,40,24
4,915000000,0.003242481873092123,299,60,40,24
4,1147000000,0.003230107732546062,300,60,40,24
4,945000000,0.0032227217214463753,301,60,40,24
4,975000000,0.0032209434891297684,302,60,40,24
4,702000000,0.0032147282999248268,303,60,40,24
4,933000000,0.003203699918906341,304,60,40,24
4,122000000,0.003190660842814685,305,60,40,24
4,1183000000,0.003137608788934121,306,60,40,24
4,938000000,0.003127883343841057,307,60,40,24
4,1230000000,0.003120680819201587,308,60,40,24
4,894000000,0.0031129559989369502,309,60,40,24
4,1080000000,0.0031081994981301837,310,60,40,24
4,1024000000,0.0030638636277656116,311,60,40,24
4,914000000,0.0030616456328535816,312,60,40,24
4,1233000000,0.003025852007915659,313,60,40,24
4,1034000000,0.003023571929457761,314,60,40,24
4,923000000,0.0030187575752850526,315,60,40,24
4,186000000,0.0030182757574295084,316,60,40,24
4,978000000,0.003017970032648508,317,60,40,24
4,1376000000,0.0030102092853499453,318,60,40,24
4,910000000,0.0029974123891597457,319,60,40,24
4,1182000000,0.0029811075315891453,320,60,40,24
4,1071000000,0.002976294451614814,321,60,40,24
4,114000000,0.0029716954120379054,322,60,40,24
4,832000000,0.002947535546999101,323,60,40,24
4,1141000000,0.002944400658437152,324,60,40,24
4,1222000000,0.0029347850595603992,325,60,40,24
4,1133000000,0.002929098781386781,326,60,40,24
4,631000000,0.0029247512137990715,327,60,40,24
4,920000000,0.002923590395170482,328,60,40,24
4,1031000000,0.0029059788164768428,329,60,40,24
4,1074000000,0.0029029545160303475,330,60,40,24
4,645000000,0.002901056546657287,331,60,40,24
4,1027000000,0.0028882621611965504,332,60,40,24
4,955000000,0.0028700863775432475,333,60,40,24
4,831000000,0.0028637675546733135,334,60,40,24
4,1181000000,0.0028556511498469125,335,60,40,24
4,126000000,0.0028505918421675622,336,60,40,24
4,857000000,0.0028491393449704416,337,60,40,24
4,1010000000,0.002847425842083043,338,60,40,24
4,1044000000,0.0028431259894692493,339,60,40,24
4,1163000000,0.002830101376923293,340,60,40,24
4,841000000,0.002819648656698271,341,60,40,24
4,1058000000,0.0028169068674122385,342,60,40,24
4,634000000,0.0028125924286690005,343,60,40,24
4,1149000000,0.0027946591371758433,344,60,40,24
4,1199000000,0.0027924290872708506,345,60,40,24
4,1194000000,0.0027848344511399305,346,60,40,24
4,1014000000,0.002743581891504192,347,60,40,24
4,1020000000,0.0027354915458384556,348,60,40,24
4,620000000,0.00272743445960461,349,60,40,24
4,51000000,0.002719884358358787,350,60,40,24
4,850000000,0.002713502190516795,351,60,40,24
4,57000000,0.002712992873781698,352,60,40,24
4,992000000,0.0027008905104089495,353,60,40,24
4,1168000000,0.002696794046470409,354,60,40,24
4,148000000,0.0026956304614449713,355,60,40,24
4,1105000000,0.0026879215259709103,356,60,40,24
4,1258000000,0.00267794417497649,357,60,40,24
4,939000000,0.002672779008351876,358,60,40,24
4,872000000,0.002669288946015917,359,60,40,24
4,1101000000,0.0026678593840130786,360,60,40,24
4,171000000,0.0026591846253546676,361,60,40,24
4,166000000,0.0026539116161281126,362,60,40,24
4,170000000,0.002651249048917726,363,60,40,24
4,897000000,0.0026459305274655802,364,60,40,24
4,874000000,0.002644523466582583,365,60,40,24
4,1381000000,0.0026419798903663987,366,60,40,24
4,14000000,0.002637849785283834,367,60,40,24
4,1257000000,0.0026212746370589068,368,60,40,24
4,53000000,0.002613075098617921,369,60,40,24
4,994000000,0.0026072501933350296,370,60,40,24
4,1069000000,0.002585937478046508,371,60,40,24
4,1063000000,0.0025828446204221828,372,60,40,24
4,635000000,0.0025816392142912177,373,60,40,24
4,1392000000,0.0025801473416828995,374,60,40,24
4,1368000000,0.0025561585945283387,375,60,40,24
4,605000000,0.0025507427058884236,376,60,40,24
4,1209000000,0.0025317610599473665,377,60,40,24
4,891000000,0.002500484358029622,378,60,40,24
4,1151000000,0.0025002051484345257,379,60,40,24
4,868000000,0.0024994199094341665,380,60,40,24
4,876000000,0.002485513691024676,381,60,40,24
4,696000000,0.0024853910758033276,382,60,40,24
4,988000000,0.0024758084657547077,383,60,40,24
4,1019000000,0.0024521394358299844,384,60,40,24
4,636000000,0.002447544692249545,385,60,40,24
4,1057000000,0.0024445479520090086,386,60,40,24
4,870000000,0.0024424652944836003,387,60,40,24
4,1051000000,0.0024411480192871814,388,60,40,24
4,607000000,0.0024332872347060225,389,60,40,24
4,948000000,0.0024293279854807567,390,60,40,24
4,1190000000,0.002421083067129913,391,60,40,24
4,1201000000,0.002409645529744409,392,60,40,24
4,918000000,0.0024074399280045694,393,60,40,24
4,1267000000,0.002389121055885813,394,60,40,24
4,1229000000,0.002383361947337006,395,60,40,24
4,115000000,0.0023678294257490867,396,60,40,24
4,116000000,0.002360938758337146,397,60,40,24
4,1215000000,0.0023473000966758033,398,60,40,24
4,1079000000,0.00233580058526578,399,60,40,24
4,852000000,0.002333227166599894,400,60,40,24
4,1247000000,0.0023294795244569663,401,60,40,24
4,906000000,0.002320113121240126,402,60,40,24
4,1157000000,0.0023109721906288136,403,60,40,24
4,904000000,0.0023073778574714213,404,60,40,24
4,1246000000,0.0023070274335339966,405,60,40,24
4,1214000000,0.0023018404607985893,406,60,40,24
4,708000000,0.0023000873332356332,407,60,40,24
4,1202000000,0.002292900738698821,408,60,40,24
4,82000000,0.0022899148651344143,409,60,40,24
4,6000000,0.0022890607782836015,410,60,40,24
4,840000000,0.0022847764396647873,411,60,40,24
4,195000000,0.0022806111599518774,412,60,40,24
4,1220000000,0.00225333553638954,413,60,40,24
4,611000000,0.0022375174560375177,414,60,40,24
4,1198000000,0.002229877536170685,415,60,40,24
4,1178000000,0.0022078826760847806,416,60,40,24
4,1165000000,0.002185476846695088,417,60,40,24
4,1009000000,0.002180046898075581,418,60,40,24
4,1279000000,0.00217608589072522,419,60,40,24
4,1193000000,0.0021649730070717335,420,60,40,24
4,643000000,0.002163288040456313,421,60,40,24
4,1261000000,0.002158584056232171,422,60,40,24
4,879000000,0.0021389560568143514,423,60,40,24
4,1099000000,0.002126812085972594,424,60,40,24
4,1225000000,0.002110929874912776,425,60,40,24
4,1122000000,0.002108635328221691,426,60,40,24
4,194000000,0.0020976339309264906,427,60,40,24
4,1137000000,0.0020956607457395396,428,60,40,24
4,1155000000,0.002094906390857291,429,60,40,24
4,1119000000,0.002075714306832658,430,60,40,24
4,1197000000,0.0020752822825319357,431,60,40,24
4,1109000000,0.0020682661004536207,432,60,40,24
4,1121000000,0.0020631257664758987,433,60,40,24
4,971000000,0.002056728912762,434,60,40,24
4,1154000000,0.0020538657060950407,435,60,40,24
4,1200000000,0.0020463644472195766,436,60,40,24
4,877000000,0.0020431720288235614,437,60,40,24
4,865000000,0.002035842381009232,438,60,40,24
4,974000000,0.0020244868398709894,439,60,40,24
4,1251000000,0.002023184840081416,440,60,40,24
4,1070000000,0.0020212776885839855,441,60,40,24
4,921000000,0.0019977174102297833,442,60,40,24
4,181000000,0.0019901020501980823,443,60,40,24
4,834000000,0.0019893774029323573,444,60,40,24
4,916000000,0.0019818852977324746,445,60,40,24
4,1260000000,0.0019787588032662757,446,60,40,24
4,1234000000,0.0019773577121008825,447,60,40,24
4,927000000,0.001972869447188348,448,60,40,24
4,39000000,0.0019707588561919975,449,60,40,24
4,1158000000,0.001958513288712689,450,60,40,24
4,5000000,0.0019291023083229304,451,60,40,24
4,1078000000,0.001927672541797774,452,60,40,24
4,88000000,0.0019203979361834688,453,60,40,24
4,881000000,0.0019114757573586967,454,60,40,24
4,1250000000,0.0019087401137862993,455,60,40,24
4,1387000000,0.0019064962626571178,456,60,40,24
4,1239000000,0.0019026104049420386,457,60,40,24
4,1208000000,0.001893552178051439,458,60,40,24
4,1270000000,0.0018680635978934879,459,60,40,24
4,140000000,0.0018564344971408427,460,60,40,24
4,1396000000,0.0018560071648316238,461,60,40,24
4,89000000,0.0018558190907045527,462,60,40,24
4,1244000000,0.0018541978064966858,463,60,40,24
4,990000000,0.0018454577149693318,464,60,40,24
4,1364000000,0.0018381492038420607,465,60,40,24
4,1365000000,0.0018328683067191708,466,60,40,24
4,16000000,0.0018317988288558116,467,60,40,24
4,951000000,0.0018314803749054022,468,60,40,24
4,983000000,0.0018198762281848829,469,60,40,24
4,849000000,0.0018186087650438306,470,60,40,24
4,1073000000,0.001817696532168844,471,60,40,24
4,1389000000,0.001809517565167717,472,60,40,24
4,1419000000,0.0018022102923834452,473,60,40,24
4,197000000,0.0018006958842713776,474,60,40,24
4,87000000,0.0017928709893059588,475,60,40,24
4,90000000,0.0017882482215659716,476,60,40,24
4,1045000000,0.0017827622168881336,477,60,40,24
4,889000000,0.0017824239301300452,478,60,40,24
4,873000000,0.001777119823437548,479,60,40,24
4,1018000000,0.001776842786813134,480,60,40,24
4,728000000,0.0017711654224790646,481,60,40,24
4,1134000000,0.0017693713263023667,482,60,40,24
4,1385000000,0.0017577016458998832,483,60,40,24
4,896000000,0.0017556194586680176,484,60,40,24
4,985000000,0.001751178403317222,485,60,40,24
4,1055000000,0.0017468562619677031,486,60,40,24
4,192000000,0.0017460850110381778,487,60,40,24
4,1394000000,0.0017425162904573213,488,60,40,24
4,1102000000,0.0017406879065203793,489,60,40,24
4,867000000,0.0017395018418664356,490,60,40,24
4,1430000000,0.0017338085296870686,491,60,40,24
4,909000000,0.0017190987308533874,492,60,40,24
4,1383000000,0.0017163216639294126,493,60,40,24
4,1081000000,0.00171585484224513,494,60,40,24
4,1059000000,0.0017140133653286978,495,60,40,24
4,1085000000,0.0017131841350456099,496,60,40,24
4,49000000,0.0017115096569604211,497,60,40,24
4,847000000,0.0017108983325251517,498,60,40,24
4,1006000000,0.0016984829630668943,499,60,40,24
4,890000000,0.0016956363336571912,500,60,40,24
4,1042000000,0.0016890253631880528,501,60,40,24
4,1093000000,0.0016798966968179965,502,60,40,24
4,941000000,0.0016740651653032216,503,60,40,24
4,1001000000,0.0016721886419231596,504,60,40,24
4,1213000000,0.001665202949491153,505,60,40,24
4,1013000000,0.001664031926384632,506,60,40,24
4,1255000000,0.0016565864039759118,507,60,40,24
4,1216000000,0.0016548374697096834,508,60,40,24
4,40000000,0.0016542547686009572,509,60,40,24
4,912000000,0.0016531835994687055,510,60,40,24
4,888000000,0.0016531423584283554,511,60,40,24
4,987000000,0.001648237665990836,512,60,40,24
4,83000000,0.0016376557283011785,513,60,40,24
4,1249000000,0.0016336273542069749,514,60,40,24
4,155000000,0.001628526605109742,515,60,40,24
4,943000000,0.0016160125466500844,516,60,40,24
4,1021000000,0.0016126657019536934,517,60,40,24
4,911000000,0.0016076761520851996,518,60,40,24
4,1207000000,0.001605122323440402,519,60,40,24
4,1243000000,0.001603112650117728,520,60,40,24
4,949000000,0.001602471181220802,521,60,40,24
4,689000000,0.0016005528494302792,522,60,40,24
4,1148000000,0.0015946900503253896,523,60,40,24
4,55000000,0.0015895548660993506,524,60,40,24
4,182000000,0.0015887689916021296,525,60,40,24
4,1072000000,0.0015771380331801687,526,60,40,24
4,19000000,0.0015680138482245319,527,60,40,24
4,42000000,0.0015675079414588394,528,60,40,24
4,1210000000,0.001567161386998921,529,60,40,24
4,922000000,0.0015653517511591553,530,60,40,24
4,606000000,0.0015570966573509781,531,60,40,24
4,180000000,0.0015520688131518076,532,60,40,24
4,997000000,0.0015508605328837255,533,60,40,24
4,1111000000,0.001546290676876264,534,60,40,24
4,92000000,0.001546063850243253,535,60,40,24
4,856000000,0.0015416438190472422,536,60,40,24
4,91000000,0.0015414367603437944,537,60,40,24
4,1272000000,0.0015277978064692915,538,60,40,24
4,45000000,0.0015194099225848542,539,60,40,24
4,169000000,0.001516425285798501,540,60,40,24
4,85000000,0.0015079493793761216,541,60,40,24
4,41000000,0.001505784501014957,542,60,40,24
4,142000000,0.0014961607139452964,543,60,40,24
4,1053000000,0.0014949390540928032,544,60,40,24
4,875000000,0.0014908111403261317,545,60,40,24
4,979000000,0.0014872736459964518,546,60,40,24
4,626000000,0.0014793717628094449,547,60,40,24
4,1161000000,0.0014793489750746852,548,60,40,24
4,886000000,0.001469823532342456,549,60,40,24
4,1132000000,0.001467175020124828,550,60,40,24
4,729000000,0.001453826517196186,551,60,40,24
4,198000000,0.0014520431397339725,552,60,40,24
4,29000000,0.001445896814963274,553,60,40,24
4,179000000,0.001445390114982928,554,60,40,24
4,193000000,0.0014293126994109492,555,60,40,24
4,1172000000,0.0014163093957635226,556,60,40,24
4,13000000,0.0014161235860985532,557,60,40,24
4,730000000,0.0014161218621139915,558,60,40,24
4,989000000,0.0014069749554933434,559,60,40,24
4,135000000,0.0014051579543642677,560,60,40,24
4,913000000,0.0014047849638561508,561,60,40,24
4,1127000000,0.0013937895962116218,562,60,40,24
4,1266000000,0.0013927402939487325,563,60,40,24
4,1391000000,0.001388539927575574,564,60,40,24
4,855000000,0.0013829839309705645,565,60,40,24
4,970000000,0.0013803094894702878,566,60,40,24
4,56000000,0.0013802559089236873,567,60,40,24
4,895000000,0.0013790054732879735,568,60,40,24
4,1191000000,0.0013753115994334058,569,60,40,24
4,1271000000,0.001373070326438428,570,60,40,24
4,1219000000,0.001370281527029668,571,60,40,24
4,1390000000,0.0013627087128082948,572,60,40,24
4,121000000,0.0013609328548923043,573,60,40,24
4,1240000000,0.001351233236669248,574,60,40,24
4,52000000,0.0013462649629187719,575,60,40,24
4,158000000,0.0013442353739358847,576,60,40,24
4,1242000000,0.0013416600670679369,577,60,40,24
4,1174000000,0.0013277062333392849,578,60,40,24
4,30000000,0.0013270805873084658,579,60,40,24
4,1232000000,0.0013247866821655674,580,60,40,24
4,1245000000,0.0013245312851670387,581,60,40,24
4,1223000000,0.0013220654126958585,582,60,40,24
4,1068000000,0.0013161606149377752,583,60,40,24
4,930000000,0.00131167960253464,584,60,40,24
4,825000000,0.0013091962628031765,585,60,40,24
4,662000000,0.0013082835501523854,586,60,40,24
4,931000000,0.0013074808215633108,587,60,40,24
4,134000000,0.0012918270760839854,588,60,40,24
4,882000000,0.0012895776316750823,589,60,40,24
4,1041000000,0.0012869689201521757,590,60,40,24
4,723000000,0.0012866683215723156,591,60,40,24
4,964000000,0.0012857028446953878,592,60,40,24
4,8000000,0.001284474045064507,593,60,40,24
4,722000000,0.0012841494317244351,594,60,40,24
4,1256000000,0.001284086594144883,595,60,40,24
4,154000000,0.0012793984211320326,596,60,40,24
4,871000000,0.001268538881763324,597,60,40,24
4,35000000,0.001258212363491172,598,60,40,24
4,1108000000,0.0012557384465264297,599,60,40,24
4,112000000,0.0012527019440164585,600,60,40,24
4,60000000,0.0012385898124063815,601,60,40,24
4,1016000000,0.0012296535940800985,602,60,40,24
4,1076000000,0.0012293362971242778,603,60,40,24
4,663000000,0.0012285552272705178,604,60,40,24
4,1176000000,0.0012213470423348821,605,60,40,24
4,950000000,0.0012212815053298316,606,60,40,24
4,1195000000,0.0012205664517033088,607,60,40,24
4,946000000,0.0012148472409033702,608,60,40,24
4,47000000,0.0012143587836798482,609,60,40,24
4,1188000000,0.0012113790650699488,610,60,40,24
4,1248000000,0.001210622663890198,611,60,40,24
4,175000000,0.001210382009193604,612,60,40,24
4,878000000,0.0012010873398748429,613,60,40,24
4,833000000,0.0012003771835851528,614,60,40,24
4,1231000000,0.0011990092568398378,615,60,40,24
4,44000000,0.0011985944293535953,616,60,40,24
4,1206000000,0.0011963906721114438,617,60,40,24
4,17000000,0.001195099895885424,618,60,40,24
4,839000000,0.001194503928264681,619,60,40,24
4,129000000,0.0011890641234092588,620,60,40,24
4,3000000,0.0011818415402268826,621,60,40,24
4,1238000000,0.00118155803376005,622,60,40,24
4,1217000000,0.0011752085935808267,623,60,40,24
4,156000000,0.0011730870820980442,624,60,40,24
4,46000000,0.00116990050616618,625,60,40,24
4,917000000,0.001162996847901429,626,60,40,24
4,907000000,0.001161306256338216,627,60,40,24
4,62000000,0.001160609497654765,628,60,40,24
4,43000000,0.001154130082435278,629,60,40,24
4,924000000,0.0011510897639781055,630,60,40,24
4,118000000,0.001150970461771753,631,60,40,24
4,65000000,0.00114883429411504,632,60,40,24
4,38000000,0.0011467848824862046,633,60,40,24
4,885000000,0.0011320259744700076,634,60,40,24
4,48000000,0.0011210965334624646,635,60,40,24
4,726000000,0.0011203328142614273,636,60,40,24
4,1052000000,0.0011155329607415315,637,60,40,24
4,50000000,0.0011125561543166582,638,60,40,24
4,1011000000,0.0011102760638013885,639,60,40,24
4,1373000000,0.0011085493038332556,640,60,40,24
4,864000000,0.0011078200802117763,641,60,40,24
4,733000000,0.0011073894860061141,642,60,40,24
4,1131000000,0.0011016353381303257,643,60,40,24
4,25000000,0.0010996989239840753,644,60,40,24
4,1227000000,0.0010972889773788075,645,60,40,24
4,1211000000,0.0010967529116347695,646,60,40,24
4,153000000,0.001096235593821437,647,60,40,24
4,1263000000,0.0010912911458377367,648,60,40,24
4,953000000,0.0010911945676419863,649,60,40,24
4,2000000,0.0010909949182148443,650,60,40,24
4,972000000,0.001088133364050091,651,60,40,24
4,934000000,0.0010790186886087316,652,60,40,24
4,827000000,0.0010789052104039154,653,60,40,24
4,1268000000,0.0010782898294032987,654,60,40,24
4,1035000000,0.001071692578128664,655,60,40,24
4,830000000,0.0010705467242903925,656,60,40,24
4,1126000000,0.0010683437043108848,657,60,40,24
4,1432000000,0.001064542815548091,658,60,40,24
4,925000000,0.001051604975570437,659,60,40,24
4,1033000000,0.001043264669844765,660,60,40,24
4,844000000,0.0010284405211113464,661,60,40,24
4,908000000,0.0010252699468512503,662,60,40,24
4,18000000,0.0010238142666849144,663,60,40,24
4,1012000000,0.001017976493876502,664,60,40,24
4,701000000,0.0010162766094190953,665,60,40,24
4,109000000,0.0010062807381793824,666,60,40,24
4,952000000,0.0010059741191850912,667,60,40,24
4,694000000,0.0010038278787757307,668,60,40,24
4,828000000,0.000999069754899049,669,60,40,24
4,157000000,0.0009875923604300944,670,60,40,24
4,718000000,0.0009849515873772154,671,60,40,24
4,86000000,0.000984487021365273,672,60,40,24
4,717000000,0.0009810270417576752,673,60,40,24
4,93000000,0.0009792381707026609,674,60,40,24
4,720000000,0.000947437761797397,675,60,40,24
4,845000000,0.0009390348360330314,676,60,40,24
4,835000000,0.0009359476107427873,677,60,40,24
4,119000000,0.0009346995222564404,678,60,40,24
4,84000000,0.0009328443178530619,679,60,40,24
4,63000000,0.0009165557085544856,680,60,40,24
4,94000000,0.0009062984736712595,681,60,40,24
4,719000000,0.0009049028215849257,682,60,40,24
4,838000000,0.0008870259770805838,683,60,40,24
4,58000000,0.0008821781364594809,684,60,40,24
4,866000000,0.0008686075965004627,685,60,40,24
4,846000000,0.0008658714586246189,686,60,40,24
4,836000000,0.0008645505352178676,687,60,40,24
4,1218000000,0.0008569600699655823,688,60,40,24
4,120000000,0.0008559349887941675,689,60,40,24
4,837000000,0.0008548438840834094,690,60,40,24
4,1000000,0.000848429227426881,691,60,40,24
4,24000000,0.0008420807904995138,692,60,40,24
4,880000000,0.0008286693028789945,693,60,40,24
4,117000000,0.0008198920567415541,694,60,40,24
4,64000000,0.0008019607140486966,695,60,40,24
4,826000000,0.0008006682010978826,696,60,40,24
4,54000000,0.000800216570372079,697,60,40,24
4,61000000,0.0007949627469688162,698,60,40,24
4,863000000,0.0007897709314541729,699,60,40,24
4,95000000,0.0007820919248387773,700,60,40,24
4,854000000,0.0007738968151192327,701,60,40,24
4,853000000,0.0007706983147795186,702,60,40,24
4,944000000,0.0007697525216878479,703,60,40,24
4,1418000000,0.0007572342431854041,704,60,40,24
4,862000000,0.0007568541130353494,705,60,40,24
4,647000000,0.0007568319410534453,706,60,40,24
4,59000000,0.0007545595546129745,707,60,40,24
4,829000000,0.0007498956421185012,708,60,40,24
4,1429000000,0.0007412242398055776,709,60,40,24
4,1395000000,0.0007376705778230389,710,60,40,24
4,111000000,0.0007268875626992017,711,60,40,24
4,1384000000,0.0007224555436019046,712,60,40,24
4,7000000,0.000714276668445315,713,60,40,24
4,848000000,0.0006964583932015454,714,60,40,24
4,608000000,0.000695178493247973,715,60,40,24
4,1124000000,0.0006801016358782224,716,60,40,24
4,1007000000,0.0006346031674519703,717,60,40,24
4,1282000000,0.00011236140475045341,718,60,40,24
4,1283000000,0.0,719,60,40,24
4,1274000000,0.0,720,60,40,24
4,640000000,0.0,721,60,40,24
4,1269000000,0.0,722,60,40,24
4,727000000,0.0,723,60,40,24
4,1371000000,0.0,724,60,40,24
4,1425000000,0.0,725,60,40,24
4,1278000000,0.0,726,60,40,24
4,1277000000,0.0,727,60,40,24
4,1422000000,0.0,728,60,40,24
4,1375000000,0.0,729,60,40,24
4,704000000,0.0,730,60,40,24
4,1400000000,0.0,731,60,40,24
4,1273000000,0.0,732,60,40,24
4,1388000000,0.0,733,60,40,24
4,629000000,0.0,734,60,40,24
4,1413000000,0.0,735,60,40,24
4,1409000000,0.0,736,60,40,24
4,1408000000,0.0,737,60,40,24
4,1405000000,0.0,738,60,40,24
4,1404000000,0.0,739,60,40,24
4,1403000000,0.0,740,60,40,24
4,657000000,0.0,741,60,40,24
4,642000000,0.0,742,60,40,24
4,1414000000,0.0,743,60,40,24
5,639000000,0.0201504628217911,1,60,40,24
5,139000000,0.01804516572914406,2,60,40,24
5,167000000,0.017764547344016113,3,60,40,24
5,1110000000,0.016991550460697384,4,60,40,24
5,1402000000,0.01670451456084264,5,60,40,24
5,1424000000,0.016411097460814084,6,60,40,24
5,646000000,0.016146610725590694,7,60,40,24
5,1170000000,0.01521240361031892,8,60,40,24
5,1398000000,0.01503820177489785,9,60,40,24
5,1369000000,0.014745238011455088,10,60,40,24
5,1088000000,0.014535484954704714,11,60,40,24
5,1144000000,0.013273642664555422,12,60,40,24
5,1084000000,0.013256671489400232,13,60,40,24
5,1135000000,0.01283929803788841,14,60,40,24
5,1070000000,0.012211853775564151,15,60,40,24
5,1054000000,0.012157123632352041,16,60,40,24
5,1370000000,0.012096894788044911,17,60,40,24
5,621000000,0.012047564395850448,18,60,40,24
5,902000000,0.011924530296340516,19,60,40,24
5,1261000000,0.0117284403115214,20,60,40,24
5,1204000000,0.011680554878860395,21,60,40,24
5,1431000000,0.011473421418335227,22,60,40,24
5,1420000000,0.011394145554280337,23,60,40,24
5,1140000000,0.01137385517288836,24,60,40,24
5,724000000,0.011349225078625605,25,60,40,24
5,1169000000,0.011114023647419221,26,60,40,24
5,962000000,0.011073555611465214,27,60,40,24
5,1417000000,0.010864207779900851,28,60,40,24
5,725000000,0.01083804855515577,29,60,40,24
5,1066000000,0.010809218084275159,30,60,40,24
5,1029000000,0.010767412877475369,31,60,40,24
5,1428000000,0.010675095406272638,32,60,40,24
5,1383000000,0.010586211522667784,33,60,40,24
5,715000000,0.01054351741924798,34,60,40,24
5,1394000000,0.010533690007584478,35,60,40,24
5,966000000,0.010383543474205241,36,60,40,24
5,1025000000,0.010301186096779404,37,60,40,24
5,37000000,0.010090028483413862,38,60,40,24
5,698000000,0.009920922219839926,39,60,40,24
5,928000000,0.009772104699527294,40,60,40,24
5,1159000000,0.009765255224164038,41,60,40,24
5,36000000,0.009757895476656253,42,60,40,24
5,884000000,0.009754953203094503,43,60,40,24
5,1184000000,0.009753034520289498,44,60,40,24
5,1397000000,0.009713778725087035,45,60,40,24
5,1236000000,0.009597380352552358,46,60,40,24
5,159000000,0.009525751823836899,47,60,40,24
5,1386000000,0.009517115029057544,48,60,40,24
5,1100000000,0.009398709440309625,49,60,40,24
5,1004000000,0.009211200341840938,50,60,40,24
5,695000000,0.009176916255582547,51,60,40,24
5,174000000,0.009046715708868369,52,60,40,24
5,1126000000,0.008971120277355424,53,60,40,24
5,714000000,0.008939046670236515,54,60,40,24
5,705000000,0.008781064380314398,55,60,40,24
5,638000000,0.008728328821618943,56,60,40,24
5,1003000000,0.008669550039192538,57,60,40,24
5,980000000,0.008634883209954036,58,60,40,24
5,1043000000,0.008625535408026266,59,60,40,24
5,1087000000,0.00855670888922409,60,60,40,24
5,940000000,0.008465946737397392,61,60,40,24
5,991000000,0.008460463581254641,62,60,40,24
5,161000000,0.00843072239868815,63,60,40,24
5,1279000000,0.008353080740334402,64,60,40,24
5,1168000000,0.008332352291012394,65,60,40,24
5,1130000000,0.008185615894912382,66,60,40,24
5,1248000000,0.00814142732377863,67,60,40,24
5,1203000000,0.008097121796459526,68,60,40,24
5,1141000000,0.008088508475921918,69,60,40,24
5,1260000000,0.007968173720802186,70,60,40,24
5,82000000,0.007895763807322428,71,60,40,24
5,1235000000,0.007840698023312519,72,60,40,24
5,689000000,0.007800710009009401,73,60,40,24
5,1125000000,0.007732115717863675,74,60,40,24
5,963000000,0.0077169898799517985,75,60,40,24
5,690000000,0.0075749259906230295,76,60,40,24
5,168000000,0.007517411192452475,77,60,40,24
5,144000000,0.007466884256970375,78,60,40,24
5,1240000000,0.007448898550321107,79,60,40,24
5,1065000000,0.007404431899938198,80,60,40,24
5,1372000000,0.0073703604951798635,81,60,40,24
5,609000000,0.00736672087662915,82,60,40,24
5,1009000000,0.007362653059788673,83,60,40,24
5,1005000000,0.0073195260319300105,84,60,40,24
5,1143000000,0.007301683528785873,85,60,40,24
5,659000000,0.007291359098188399,86,60,40,24
5,929000000,0.007290951296679584,87,60,40,24
5,1089000000,0.007214090400891304,88,60,40,24
5,1263000000,0.007189938658738517,89,60,40,24
5,1122000000,0.007178585248578321,90,60,40,24
5,173000000,0.007112525853175916,91,60,40,24
5,919000000,0.007070242290045964,92,60,40,24
5,178000000,0.007061947728588125,93,60,40,24
5,1249000000,0.006921824679245883,94,60,40,24
5,146000000,0.0069074819650017695,95,60,40,24
5,130000000,0.006883800857326553,96,60,40,24
5,26000000,0.006875558109621409,97,60,40,24
5,128000000,0.006862814933578117,98,60,40,24
5,1177000000,0.006786156167387031,99,60,40,24
5,28000000,0.0067378803077283,100,60,40,24
5,1180000000,0.006654767367897513,101,60,40,24
5,1064000000,0.0066297784880677444,102,60,40,24
5,1219000000,0.006478450469095083,103,60,40,24
5,1164000000,0.006446845388024173,104,60,40,24
5,1251000000,0.006431549628152967,105,60,40,24
5,1074000000,0.006428309798481972,106,60,40,24
5,883000000,0.0064125168944895155,107,60,40,24
5,956000000,0.006410432119287962,108,60,40,24
5,892000000,0.0064064723080368095,109,60,40,24
5,1183000000,0.006392199559388554,110,60,40,24
5,1208000000,0.0063863921906535765,111,60,40,24
5,942000000,0.006383236233021059,112,60,40,24
5,177000000,0.0063714847978424615,113,60,40,24
5,1098000000,0.0063701542857524515,114,60,40,24
5,1427000000,0.006367651676752199,115,60,40,24
5,721000000,0.0063506970838398255,116,60,40,24
5,1416000000,0.006310201904494389,117,60,40,24
5,1188000000,0.006205296629249593,118,60,40,24
5,1040000000,0.0061926036609410845,119,60,40,24
5,1185000000,0.006137598390858215,120,60,40,24
5,976000000,0.0060888830484777095,121,60,40,24
5,1216000000,0.006035949300243012,122,60,40,24
5,946000000,0.005894464726884822,123,60,40,24
5,903000000,0.005883547058406622,124,60,40,24
5,33000000,0.005865810950555769,125,60,40,24
5,1120000000,0.005851007603839168,126,60,40,24
5,947000000,0.005842752150908857,127,60,40,24
5,1097000000,0.0058230434256731686,128,60,40,24
5,1196000000,0.005805595876624052,129,60,40,24
5,1019000000,0.005793993733809723,130,60,40,24
5,893000000,0.005774241893735017,131,60,40,24
5,824000000,0.005757000702627136,132,60,40,24
5,1028000000,0.0057324014632673115,133,60,40,24
5,1092000000,0.005722875387241737,134,60,40,24
5,1156000000,0.005718006596111331,135,60,40,24
5,624000000,0.0057164454790196014,136,60,40,24
5,1116000000,0.005657125026735865,137,60,40,24
5,160000000,0.005641805056272181,138,60,40,24
5,996000000,0.005638028590075218,139,60,40,24
5,1079000000,0.005631408260057741,140,60,40,24
5,1181000000,0.0054733829041808,141,60,40,24
5,707000000,0.0054690386626596085,142,60,40,24
5,1103000000,0.005451651034315818,143,60,40,24
5,1162000000,0.0054466204215789325,144,60,40,24
5,165000000,0.005420350300462417,145,60,40,24
5,1026000000,0.0053981628490511755,146,60,40,24
5,16000000,0.0053937276033345066,147,60,40,24
5,1152000000,0.005358397166838881,148,60,40,24
5,1067000000,0.005278791544838104,149,60,40,24
5,175000000,0.0052514390820780224,150,60,40,24
5,965000000,0.005250703501502118,151,60,40,24
5,1217000000,0.005203035330555431,152,60,40,24
5,27000000,0.005186489802623859,153,60,40,24
5,1002000000,0.005151518982038548,154,60,40,24
5,977000000,0.0051426126539401975,155,60,40,24
5,910000000,0.005134997089756943,156,60,40,24
5,150000000,0.005129159397577459,157,60,40,24
5,712000000,0.005121380017077234,158,60,40,24
5,1149000000,0.005091621462296535,159,60,40,24
5,607000000,0.005089605299659126,160,60,40,24
5,1045000000,0.005082589159052644,161,60,40,24
5,711000000,0.005065375168398337,162,60,40,24
5,1109000000,0.005064671917845236,163,60,40,24
5,1039000000,0.005043118287196232,164,60,40,24
5,1167000000,0.0050417944219319395,165,60,40,24
5,1142000000,0.005035128319245892,166,60,40,24
5,1083000000,0.00502342271756678,167,60,40,24
5,1233000000,0.004939583492969013,168,60,40,24
5,1150000000,0.004875151583021566,169,60,40,24
5,1387000000,0.004871434973390278,170,60,40,24
5,1069000000,0.004865017490381542,171,60,40,24
5,1046000000,0.004842754510475522,172,60,40,24
5,31000000,0.004819344809180848,173,60,40,24
5,172000000,0.004817612522473474,174,60,40,24
5,1030000000,0.004797091323713948,175,60,40,24
5,699000000,0.004773403726545207,176,60,40,24
5,926000000,0.004771317791625651,177,60,40,24
5,967000000,0.004756625080508808,178,60,40,24
5,1254000000,0.0047424915479599185,179,60,40,24
5,915000000,0.004741453950538662,180,60,40,24
5,1072000000,0.0047235848157001605,181,60,40,24
5,920000000,0.004683610204175807,182,60,40,24
5,1085000000,0.004674482922120254,183,60,40,24
5,641000000,0.004669771313750589,184,60,40,24
5,932000000,0.004665892884685679,185,60,40,24
5,1228000000,0.004663524228868945,186,60,40,24
5,51000000,0.004628017695810798,187,60,40,24
5,1250000000,0.004624560420610538,188,60,40,24
5,634000000,0.004618171546016562,189,60,40,24
5,1230000000,0.0046132718160674605,190,60,40,24
5,628000000,0.004569044519121475,191,60,40,24
5,645000000,0.004553373820340795,192,60,40,24
5,1050000000,0.004532074147802047,193,60,40,24
5,1179000000,0.004449558634459497,194,60,40,24
5,1008000000,0.004447095271776757,195,60,40,24
5,1077000000,0.004415963828243506,196,60,40,24
5,1113000000,0.004410872907491764,197,60,40,24
5,1118000000,0.0044084098846808185,198,60,40,24
5,938000000,0.004398892965607027,199,60,40,24
5,1136000000,0.004387907380085061,200,60,40,24
5,1034000000,0.004337343918515517,201,60,40,24
5,53000000,0.0043347227880946495,202,60,40,24
5,1123000000,0.004281214044743002,203,60,40,24
5,939000000,0.004271644970148687,204,60,40,24
5,941000000,0.004256067614111569,205,60,40,24
5,971000000,0.004250195867249984,206,60,40,24
5,1259000000,0.004237201614275091,207,60,40,24
5,1107000000,0.004225835517168441,208,60,40,24
5,981000000,0.004172006130160884,209,60,40,24
5,115000000,0.004117084237225812,210,60,40,24
5,57000000,0.004109859187844405,211,60,40,24
5,709000000,0.004107457398642134,212,60,40,24
5,176000000,0.004098032911181544,213,60,40,24
5,969000000,0.004086746195876866,214,60,40,24
5,145000000,0.004077124740626923,215,60,40,24
5,136000000,0.004040334373253905,216,60,40,24
5,1255000000,0.003991989034772466,217,60,40,24
5,1001000000,0.003982601926700189,218,60,40,24
5,1212000000,0.003978707698097128,219,60,40,24
5,1032000000,0.00397504379598805,220,60,40,24
5,660000000,0.00397019374556949,221,60,40,24
5,1010000000,0.003962015571017232,222,60,40,24
5,1111000000,0.003953118002900689,223,60,40,24
5,1201000000,0.003936503782854884,224,60,40,24
5,1017000000,0.003933058823746265,225,60,40,24
5,1153000000,0.003920723092749492,226,60,40,24
5,1018000000,0.003912120631846715,227,60,40,24
5,1060000000,0.003910229838031873,228,60,40,24
5,706000000,0.0038963417191906313,229,60,40,24
5,1078000000,0.0038768854380570885,230,60,40,24
5,1036000000,0.0038481369344055944,231,60,40,24
5,1258000000,0.003844798191637596,232,60,40,24
5,1071000000,0.0038173956981212157,233,60,40,24
5,620000000,0.0038149224680260347,234,60,40,24
5,700000000,0.0038112958098769937,235,60,40,24
5,897000000,0.003801316200938251,236,60,40,24
5,1193000000,0.003766758969161316,237,60,40,24
5,975000000,0.003760924766912583,238,60,40,24
5,720000000,0.0037555202231026206,239,60,40,24
5,643000000,0.003750560013665036,240,60,40,24
5,170000000,0.0037386917182505737,241,60,40,24
5,950000000,0.0037349952412031604,242,60,40,24
5,710000000,0.0037345399730586504,243,60,40,24
5,171000000,0.003710862919782623,244,60,40,24
5,1101000000,0.003707201984433452,245,60,40,24
5,717000000,0.003703218973155176,246,60,40,24
5,1013000000,0.003693880295132665,247,60,40,24
5,930000000,0.0036910791285838618,248,60,40,24
5,945000000,0.003687792402484059,249,60,40,24
5,1218000000,0.003682675202108608,250,60,40,24
5,1057000000,0.0036810851124639524,251,60,40,24
5,933000000,0.0036798751630031405,252,60,40,24
5,636000000,0.0036620981812488574,253,60,40,24
5,718000000,0.003656455317078529,254,60,40,24
5,606000000,0.0036124346659167183,255,60,40,24
5,923000000,0.0036058270296086977,256,60,40,24
5,1102000000,0.003595931225362646,257,60,40,24
5,1157000000,0.0035955364878783843,258,60,40,24
5,983000000,0.003587062817910052,259,60,40,24
5,1147000000,0.0035820012772573686,260,60,40,24
5,719000000,0.00357932911004342,261,60,40,24
5,716000000,0.0035600507649850527,262,60,40,24
5,1059000000,0.00355970029573535,263,60,40,24
5,1145000000,0.0035578527615144945,264,60,40,24
5,1382000000,0.0035444482455697923,265,60,40,24
5,633000000,0.0035337687500711077,266,60,40,24
5,1244000000,0.0035287151596974857,267,60,40,24
5,14000000,0.0034815722463873724,268,60,40,24
5,114000000,0.003463063024198609,269,60,40,24
5,131000000,0.0034578447950529808,270,60,40,24
5,1393000000,0.0034528725989799976,271,60,40,24
5,1023000000,0.0034405577037573075,272,60,40,24
5,1197000000,0.0034270448402795514,273,60,40,24
5,113000000,0.0034024167934036775,274,60,40,24
5,1242000000,0.0033828416915673187,275,60,40,24
5,121000000,0.003352990928425406,276,60,40,24
5,728000000,0.0033404617812142776,277,60,40,24
5,133000000,0.003328453351616355,278,60,40,24
5,151000000,0.003325586483041255,279,60,40,24
5,978000000,0.0033179024755986847,280,60,40,24
5,65000000,0.003307717058861385,281,60,40,24
5,1134000000,0.0033041738350686823,282,60,40,24
5,957000000,0.0032963534015084143,283,60,40,24
5,995000000,0.003279537241574894,284,60,40,24
5,1270000000,0.0032712739093990386,285,60,40,24
5,1151000000,0.0032695773470557206,286,60,40,24
5,702000000,0.003257942895780576,287,60,40,24
5,1158000000,0.0032463718172633933,288,60,40,24
5,894000000,0.003237970714161333,289,60,40,24
5,611000000,0.003220757798439243,290,60,40,24
5,60000000,0.0032109903173465093,291,60,40,24
5,1389000000,0.003182747716421478,292,60,40,24
5,1044000000,0.0031816358919054886,293,60,40,24
5,1047000000,0.0031774837479609814,294,60,40,24
5,914000000,0.0031765292412338007,295,60,40,24
5,935000000,0.003174532227900551,296,60,40,24
5,972000000,0.003173833128978563,297,60,40,24
5,179000000,0.003163891760028444,298,60,40,24
5,1048000000,0.0031628153120798917,299,60,40,24
5,1234000000,0.003137324827747287,300,60,40,24
5,860000000,0.003137247324106259,301,60,40,24
5,152000000,0.003126361570069574,302,60,40,24
5,1094000000,0.0031159824033485527,303,60,40,24
5,140000000,0.003103699420845557,304,60,40,24
5,1104000000,0.00310265836793107,305,60,40,24
5,998000000,0.0030842688482195985,306,60,40,24
5,630000000,0.0030705490899514197,307,60,40,24
5,1095000000,0.003069638611080745,308,60,40,24
5,137000000,0.0030648555520087603,309,60,40,24
5,868000000,0.00303504514992719,310,60,40,24
5,1073000000,0.0030348095915230956,311,60,40,24
5,191000000,0.00299285725647933,312,60,40,24
5,25000000,0.0029876343984794737,313,60,40,24
5,1056000000,0.0029779610225623885,314,60,40,24
5,865000000,0.002975673209707596,315,60,40,24
5,1171000000,0.002974581466861301,316,60,40,24
5,662000000,0.0029743151335320083,317,60,40,24
5,55000000,0.002972118207825367,318,60,40,24
5,132000000,0.002960589183504161,319,60,40,24
5,861000000,0.0029399862333610275,320,60,40,24
5,994000000,0.002915257091931974,321,60,40,24
5,1053000000,0.0029092994349783304,322,60,40,24
5,196000000,0.0029074747958454657,323,60,40,24
5,62000000,0.0029074057394987626,324,60,40,24
5,1091000000,0.002905904065562877,325,60,40,24
5,1090000000,0.0028844577316043535,326,60,40,24
5,851000000,0.0028779030360998035,327,60,40,24
5,858000000,0.002866812172351595,328,60,40,24
5,1213000000,0.002864206642435841,329,60,40,24
5,953000000,0.0028621098039269943,330,60,40,24
5,869000000,0.002861886267742213,331,60,40,24
5,1037000000,0.002856794656449515,332,60,40,24
5,850000000,0.0028543775384883563,333,60,40,24
5,141000000,0.002853482208609694,334,60,40,24
5,58000000,0.002842244925141821,335,60,40,24
5,138000000,0.002839563592561629,336,60,40,24
5,129000000,0.0028181237234046236,337,60,40,24
5,1368000000,0.002813367543105917,338,60,40,24
5,134000000,0.002808995934576875,339,60,40,24
5,8000000,0.002794262359093243,340,60,40,24
5,1401000000,0.0027905507635712186,341,60,40,24
5,1239000000,0.002787324455323209,342,60,40,24
5,847000000,0.0027843351233487012,343,60,40,24
5,3000000,0.002771171649097883,344,60,40,24
5,1423000000,0.0027580063458066168,345,60,40,24
5,693000000,0.0027560394648559316,346,60,40,24
5,663000000,0.0027530071180890256,347,60,40,24
5,857000000,0.0027525962739350226,348,60,40,24
5,610000000,0.002749334355394497,349,60,40,24
5,1146000000,0.0027435704497330393,350,60,40,24
5,1186000000,0.0027318165554157917,351,60,40,24
5,164000000,0.002718436825082564,352,60,40,24
5,1264000000,0.0027085190433400424,353,60,40,24
5,1022000000,0.0027017204234488492,354,60,40,24
5,843000000,0.0026909096582428244,355,60,40,24
5,1096000000,0.0026805740956068976,356,60,40,24
5,1105000000,0.0026791807717576,357,60,40,24
5,1175000000,0.0026684408949111064,358,60,40,24
5,708000000,0.0026658977854207688,359,60,40,24
5,1082000000,0.002636325402278238,360,60,40,24
5,954000000,0.0026360928939675662,361,60,40,24
5,703000000,0.0026316157463536264,362,60,40,24
5,186000000,0.0026226506183292067,363,60,40,24
5,1226000000,0.0026216831959736554,364,60,40,24
5,1245000000,0.002610884226106208,365,60,40,24
5,1252000000,0.002605072707841943,366,60,40,24
5,183000000,0.0025998566692435536,367,60,40,24
5,986000000,0.0025850594620528415,368,60,40,24
5,1225000000,0.002584574083992625,369,60,40,24
5,188000000,0.002583652663008669,370,60,40,24
5,180000000,0.002576514389805386,371,60,40,24
5,1038000000,0.00257466570604211,372,60,40,24
5,830000000,0.002572201750608698,373,60,40,24
5,958000000,0.0025652558308193905,374,60,40,24
5,1093000000,0.0025539426449737277,375,60,40,24
5,187000000,0.002543494080865161,376,60,40,24
5,1127000000,0.0025413909080092352,377,60,40,24
5,889000000,0.00253977724545715,378,60,40,24
5,1238000000,0.0025342399540361008,379,60,40,24
5,922000000,0.0025206007403190222,380,60,40,24
5,1246000000,0.002515674745671867,381,60,40,24
5,1209000000,0.002512315965330859,382,60,40,24
5,1115000000,0.002498570000075965,383,60,40,24
5,185000000,0.0024959304259911078,384,60,40,24
5,5000000,0.0024911683686779564,385,60,40,24
5,1253000000,0.0024822771965412544,386,60,40,24
5,974000000,0.0024770874737503933,387,60,40,24
5,190000000,0.002474614924631961,388,60,40,24
5,1132000000,0.00247230679171532,389,60,40,24
5,697000000,0.0024632324534991042,390,60,40,24
5,1229000000,0.00246146025952954,391,60,40,24
5,1000000000,0.002457975699135037,392,60,40,24
5,1373000000,0.002453068484995538,393,60,40,24
5,885000000,0.0024520549472762045,394,60,40,24
5,864000000,0.0024511883817805538,395,60,40,24
5,1062000000,0.0024396766667647263,396,60,40,24
5,155000000,0.0024396136943978888,397,60,40,24
5,184000000,0.002435375421459307,398,60,40,24
5,1121000000,0.0024317448314778666,399,60,40,24
5,1207000000,0.0024269403389439253,400,60,40,24
5,17000000,0.0024255831622585905,401,60,40,24
5,1148000000,0.0024069335448125896,402,60,40,24
5,189000000,0.00240588454316851,403,60,40,24
5,1220000000,0.002390809987284303,404,60,40,24
5,968000000,0.002387799565138257,405,60,40,24
5,1076000000,0.002384128244892742,406,60,40,24
5,913000000,0.002381299218785692,407,60,40,24
5,841000000,0.002379824400855078,408,60,40,24
5,1222000000,0.0023796385713752647,409,60,40,24
5,1112000000,0.0023617769935929895,410,60,40,24
5,1173000000,0.002355738887082103,411,60,40,24
5,859000000,0.002350465373181579,412,60,40,24
5,63000000,0.0023388399774535032,413,60,40,24
5,1178000000,0.0023359866499279643,414,60,40,24
5,887000000,0.002322383905230792,415,60,40,24
5,890000000,0.002321492988512144,416,60,40,24
5,85000000,0.0023137231559097016,417,60,40,24
5,1390000000,0.0023021513303940907,418,60,40,24
5,1119000000,0.0022966489495365333,419,60,40,24
5,1061000000,0.0022851330897613697,420,60,40,24
5,879000000,0.0022752709829706656,421,60,40,24
5,169000000,0.002272412580814256,422,60,40,24
5,846000000,0.002269520657415908,423,60,40,24
5,54000000,0.002267805963192544,424,60,40,24
5,832000000,0.002266933954339956,425,60,40,24
5,990000000,0.0022560860707022427,426,60,40,24
5,982000000,0.0022479617716101483,427,60,40,24
5,1241000000,0.002247104812219356,428,60,40,24
5,842000000,0.0022461710459622804,429,60,40,24
5,891000000,0.0022424885583090886,430,60,40,24
5,917000000,0.0022301681197529574,431,60,40,24
5,142000000,0.002223088407162181,432,60,40,24
5,1080000000,0.0022174480207650116,433,60,40,24
5,1011000000,0.00221580161991741,434,60,40,24
5,1031000000,0.0022080750513081976,435,60,40,24
5,124000000,0.002205120574448464,436,60,40,24
5,908000000,0.0022018517462743968,437,60,40,24
5,608000000,0.0021993278153159337,438,60,40,24
5,881000000,0.0021904142160082446,439,60,40,24
5,1133000000,0.002188093313808514,440,60,40,24
5,943000000,0.002172001106994606,441,60,40,24
5,39000000,0.0021651054851544497,442,60,40,24
5,1172000000,0.0021649926889824246,443,60,40,24
5,1006000000,0.0021526957558175787,444,60,40,24
5,35000000,0.002149836853767088,445,60,40,24
5,123000000,0.002149050265274462,446,60,40,24
5,1035000000,0.002144033653462996,447,60,40,24
5,722000000,0.0021416453767574175,448,60,40,24
5,1271000000,0.002129776463668396,449,60,40,24
5,120000000,0.002124566201261176,450,60,40,24
5,899000000,0.0021227853084861367,451,60,40,24
5,618000000,0.002119654561469381,452,60,40,24
5,1432000000,0.0021179792743729825,453,60,40,24
5,6000000,0.002104630500235566,454,60,40,24
5,997000000,0.0021031447112662277,455,60,40,24
5,1206000000,0.0020928084536055223,456,60,40,24
5,855000000,0.002088671002144046,457,60,40,24
5,116000000,0.002086573448860413,458,60,40,24
5,880000000,0.002078438918540937,459,60,40,24
5,1365000000,0.0020741912091943957,460,60,40,24
5,122000000,0.002067119700888276,461,60,40,24
5,1199000000,0.0020662366584354814,462,60,40,24
5,898000000,0.002064138305876998,463,60,40,24
5,955000000,0.0020545956157325914,464,60,40,24
5,934000000,0.0020431266867720495,465,60,40,24
5,1049000000,0.0020421041095924626,466,60,40,24
5,952000000,0.0020403036357078204,467,60,40,24
5,729000000,0.0020398187178185465,468,60,40,24
5,1086000000,0.002038394809514572,469,60,40,24
5,901000000,0.0020330657032099123,470,60,40,24
5,1137000000,0.0020288403814841846,471,60,40,24
5,904000000,0.002026483590064632,472,60,40,24
5,1052000000,0.002025313015599337,473,60,40,24
5,862000000,0.002023804411276485,474,60,40,24
5,989000000,0.0020163387145527988,475,60,40,24
5,1231000000,0.0020125284657357624,476,60,40,24
5,987000000,0.0020083237890373903,477,60,40,24
5,1165000000,0.0020080900064489665,478,60,40,24
5,970000000,0.0019930642815769364,479,60,40,24
5,1012000000,0.001990178559914429,480,60,40,24
5,41000000,0.0019900957792657156,481,60,40,24
5,1223000000,0.0019866560027103197,482,60,40,24
5,1063000000,0.001985430083858884,483,60,40,24
5,162000000,0.001983032317002658,484,60,40,24
5,1068000000,0.001968063323144577,485,60,40,24
5,877000000,0.0019588385133800673,486,60,40,24
5,993000000,0.001957163836737519,487,60,40,24
5,973000000,0.0019544715994798084,488,60,40,24
5,1042000000,0.00195355165408728,489,60,40,24
5,1016000000,0.0019529157664616066,490,60,40,24
5,1198000000,0.0019461834787799384,491,60,40,24
5,886000000,0.0019454006809335707,492,60,40,24
5,900000000,0.0019453978970038024,493,60,40,24
5,1247000000,0.0019349054290299856,494,60,40,24
5,959000000,0.0019325062599505085,495,60,40,24
5,921000000,0.0019273876988695606,496,60,40,24
5,166000000,0.0019215018774430066,497,60,40,24
5,1257000000,0.0019161475830055134,498,60,40,24
5,1041000000,0.0019048011385685007,499,60,40,24
5,1160000000,0.0018957301245341976,500,60,40,24
5,863000000,0.0018950958755005723,501,60,40,24
5,840000000,0.001893338644826419,502,60,40,24
5,874000000,0.001890295655868801,503,60,40,24
5,964000000,0.0018668383565214916,504,60,40,24
5,882000000,0.0018639151662320464,505,60,40,24
5,1176000000,0.0018627142417801854,506,60,40,24
5,905000000,0.001844774072796082,507,60,40,24
5,197000000,0.0018292139359798035,508,60,40,24
5,1000000,0.001827506290407778,509,60,40,24
5,1182000000,0.0018270948348325493,510,60,40,24
5,198000000,0.001826443108648421,511,60,40,24
5,163000000,0.0018215459068697988,512,60,40,24
5,1128000000,0.0018173477984475244,513,60,40,24
5,192000000,0.0018169875615272953,514,60,40,24
5,1191000000,0.0018163151844925902,515,60,40,24
5,147000000,0.0018083570623861072,516,60,40,24
5,1021000000,0.0018066796705682186,517,60,40,24
5,193000000,0.0018031761452296994,518,60,40,24
5,906000000,0.0018023295161576362,519,60,40,24
5,158000000,0.0017948355343600383,520,60,40,24
5,1033000000,0.001794511607203135,521,60,40,24
5,45000000,0.0017825186560288604,522,60,40,24
5,845000000,0.0017813249381178266,523,60,40,24
5,24000000,0.001768484711284029,524,60,40,24
5,828000000,0.0017654380314037757,525,60,40,24
5,723000000,0.001763866271973577,526,60,40,24
5,1161000000,0.0017613665535521762,527,60,40,24
5,153000000,0.0017607654803976868,528,60,40,24
5,1058000000,0.0017548736243422416,529,60,40,24
5,837000000,0.001754434286087955,530,60,40,24
5,1020000000,0.001753572039927622,531,60,40,24
5,15000000,0.0017492887825293403,532,60,40,24
5,1237000000,0.0017435306508263397,533,60,40,24
5,1106000000,0.0017421489420946868,534,60,40,24
5,13000000,0.001740382034509081,535,60,40,24
5,694000000,0.0017365278202211717,536,60,40,24
5,927000000,0.0017340131996573453,537,60,40,24
5,1190000000,0.001733566500463469,538,60,40,24
5,896000000,0.0017312947125837784,539,60,40,24
5,918000000,0.001727321823442479,540,60,40,24
5,119000000,0.0017143133722239067,541,60,40,24
5,1192000000,0.0017132383005087997,542,60,40,24
5,1015000000,0.0017069370810613002,543,60,40,24
5,1194000000,0.0017054550042182642,544,60,40,24
5,866000000,0.0017025510311330172,545,60,40,24
5,154000000,0.0017017483536048024,546,60,40,24
5,870000000,0.0016985881802571458,547,60,40,24
5,1256000000,0.0016895250529167744,548,60,40,24
5,1131000000,0.0016827598865895071,549,60,40,24
5,1210000000,0.0016798422601993041,550,60,40,24
5,912000000,0.001679779087133087,551,60,40,24
5,194000000,0.0016788262103810013,552,60,40,24
5,999000000,0.00167820822157481,553,60,40,24
5,49000000,0.0016726387009945447,554,60,40,24
5,907000000,0.0016702233049057196,555,60,40,24
5,936000000,0.0016670052288590804,556,60,40,24
5,1108000000,0.0016652200264085904,557,60,40,24
5,1099000000,0.0016651592091737174,558,60,40,24
5,4000000,0.0016566283010820914,559,60,40,24
5,1117000000,0.001650675753398643,560,60,40,24
5,1007000000,0.0016374628345916392,561,60,40,24
5,924000000,0.001635675514787271,562,60,40,24
5,944000000,0.0016329372326628275,563,60,40,24
5,1243000000,0.0016276806661500605,564,60,40,24
5,1129000000,0.0016235766868176959,565,60,40,24
5,156000000,0.0016206782256144177,566,60,40,24
5,1139000000,0.0016148942658382748,567,60,40,24
5,852000000,0.0016144083390582178,568,60,40,24
5,1214000000,0.0016122925922606422,569,60,40,24
5,30000000,0.001610624351833645,570,60,40,24
5,135000000,0.001601032702165147,571,60,40,24
5,854000000,0.0015989033434103501,572,60,40,24
5,834000000,0.0015982605798772664,573,60,40,24
5,867000000,0.0015967219575833678,574,60,40,24
5,925000000,0.0015950875004183236,575,60,40,24
5,911000000,0.0015949932511900235,576,60,40,24
5,949000000,0.0015923501306507506,577,60,40,24
5,849000000,0.0015920097809598952,578,60,40,24
5,909000000,0.0015902398654664197,579,60,40,24
5,48000000,0.0015901827825778425,580,60,40,24
5,1224000000,0.0015869997795954285,581,60,40,24
5,888000000,0.0015839874055462205,582,60,40,24
5,1027000000,0.0015806180087923742,583,60,40,24
5,937000000,0.0015789157842487065,584,60,40,24
5,149000000,0.0015649196828793166,585,60,40,24
5,1075000000,0.0015582923267682288,586,60,40,24
5,143000000,0.0015492907526933756,587,60,40,24
5,83000000,0.0015466031955256522,588,60,40,24
5,1163000000,0.001544473660769026,589,60,40,24
5,829000000,0.0015440682375230902,590,60,40,24
5,895000000,0.0015339436504796934,591,60,40,24
5,626000000,0.0015128379492826193,592,60,40,24
5,826000000,0.0015104155196634665,593,60,40,24
5,696000000,0.0015088526209099807,594,60,40,24
5,856000000,0.0015086401797293244,595,60,40,24
5,84000000,0.0015084848086427557,596,60,40,24
5,1155000000,0.0014968558909892954,597,60,40,24
5,961000000,0.0014934754536809172,598,60,40,24
5,1215000000,0.0014906874448752188,599,60,40,24
5,1138000000,0.001490036002692644,600,60,40,24
5,117000000,0.0014837558258158265,601,60,40,24
5,1265000000,0.0014810535579623469,602,60,40,24
5,1114000000,0.0014783900105310658,603,60,40,24
5,1232000000,0.0014752952761724473,604,60,40,24
5,1267000000,0.0014750031749196997,605,60,40,24
5,833000000,0.001468702935152467,606,60,40,24
5,1014000000,0.001462734196348921,607,60,40,24
5,29000000,0.0014516026746346613,608,60,40,24
5,111000000,0.0014369528963384883,609,60,40,24
5,951000000,0.00143109288252001,610,60,40,24
5,157000000,0.0014246711027374648,611,60,40,24
5,148000000,0.0014179725435132782,612,60,40,24
5,112000000,0.0014160115453050728,613,60,40,24
5,18000000,0.0014145167591379543,614,60,40,24
5,876000000,0.0014112846630770519,615,60,40,24
5,872000000,0.001408032213107964,616,60,40,24
5,1174000000,0.00140322768278688,617,60,40,24
5,873000000,0.0013977314184318778,618,60,40,24
5,916000000,0.0013960143318073011,619,60,40,24
5,109000000,0.0013955982059647965,620,60,40,24
5,89000000,0.0013953811754848179,621,60,40,24
5,831000000,0.0013935599143946285,622,60,40,24
5,1081000000,0.0013870640708830565,623,60,40,24
5,1202000000,0.0013807814823054646,624,60,40,24
5,195000000,0.0013800376585599043,625,60,40,24
5,86000000,0.001379030672489017,626,60,40,24
5,948000000,0.0013721522526459345,627,60,40,24
5,701000000,0.0013702204414722577,628,60,40,24
5,853000000,0.0013701455057342593,629,60,40,24
5,1211000000,0.0013653417455262572,630,60,40,24
5,984000000,0.0013645975203625802,631,60,40,24
5,1266000000,0.0013634993843702908,632,60,40,24
5,7000000,0.0013603729036953905,633,60,40,24
5,1024000000,0.0013468933660844735,634,60,40,24
5,42000000,0.0013364313480711731,635,60,40,24
5,875000000,0.001334676190101236,636,60,40,24
5,1221000000,0.001326648893425448,637,60,40,24
5,182000000,0.0013144360910302979,638,60,40,24
5,647000000,0.0013138350402332633,639,60,40,24
5,713000000,0.0013020772039289258,640,60,40,24
5,844000000,0.0012979085616540034,641,60,40,24
5,1262000000,0.0012893315957845349,642,60,40,24
5,985000000,0.0012814327642732776,643,60,40,24
5,88000000,0.0012813471474373518,644,60,40,24
5,988000000,0.0012780605579403657,645,60,40,24
5,848000000,0.001277022931614386,646,60,40,24
5,2000000,0.001274668056138893,647,60,40,24
5,960000000,0.0012592914486240778,648,60,40,24
5,61000000,0.0012582841584373816,649,60,40,24
5,839000000,0.0012582534240287411,650,60,40,24
5,1154000000,0.0012550189538427796,651,60,40,24
5,1189000000,0.0012504997844926366,652,60,40,24
5,635000000,0.001244522158748698,653,60,40,24
5,838000000,0.0012337673491970348,654,60,40,24
5,40000000,0.00123136150038989,655,60,40,24
5,931000000,0.0012300849401463902,656,60,40,24
5,1187000000,0.001220830136211496,657,60,40,24
5,56000000,0.001201933951214422,658,60,40,24
5,93000000,0.0011904558957291861,659,60,40,24
5,90000000,0.0011857905484444536,660,60,40,24
5,125000000,0.0011846580483658384,661,60,40,24
5,836000000,0.0011806905026356927,662,60,40,24
5,59000000,0.0011794928160413427,663,60,40,24
5,43000000,0.0011542811358289115,664,60,40,24
5,1055000000,0.0011520195784637912,665,60,40,24
5,605000000,0.0011493052167389278,666,60,40,24
5,47000000,0.001138087352709124,667,60,40,24
5,1371000000,0.001136781731155112,668,60,40,24
5,1195000000,0.0011333248765419545,669,60,40,24
5,64000000,0.0011282180760132977,670,60,40,24
5,87000000,0.0011280053551771647,671,60,40,24
5,871000000,0.0011246150299917177,672,60,40,24
5,1205000000,0.0011166750858836866,673,60,40,24
5,52000000,0.0011107982110737764,674,60,40,24
5,94000000,0.0010892304175672703,675,60,40,24
5,181000000,0.0010868089588372185,676,60,40,24
5,1227000000,0.0010711989569920693,677,60,40,24
5,1166000000,0.0010642335133735604,678,60,40,24
5,1051000000,0.0010616462270177692,679,60,40,24
5,979000000,0.0010613244115887939,680,60,40,24
5,44000000,0.00104752891271545,681,60,40,24
5,91000000,0.0010418491424938642,682,60,40,24
5,50000000,0.0010418199525028566,683,60,40,24
5,878000000,0.0010395465371245023,684,60,40,24
5,835000000,0.0010328881625036928,685,60,40,24
5,992000000,0.0010182082321637718,686,60,40,24
5,46000000,0.0010037909849812795,687,60,40,24
5,1200000000,0.000998371907171198,688,60,40,24
5,1124000000,0.0009964529247725486,689,60,40,24
5,118000000,0.0009944728827072451,690,60,40,24
5,19000000,0.0009820513168820658,691,60,40,24
5,825000000,0.0009710872667503635,692,60,40,24
5,95000000,0.0009607738429860177,693,60,40,24
5,733000000,0.0009492386262352617,694,60,40,24
5,38000000,0.0009412064184452534,695,60,40,24
5,92000000,0.0009064421106132617,696,60,40,24
5,827000000,0.000891171967922105,697,60,40,24
5,126000000,0.0008231601439680746,698,60,40,24
5,1403000000,0.0007257740739962999,699,60,40,24
5,1364000000,0.0007194335134313442,700,60,40,24
5,1384000000,0.0007022699767665637,701,60,40,24
5,1395000000,0.0006964866117282963,702,60,40,24
5,1429000000,0.0006952112995858702,703,60,40,24
5,1418000000,0.0006897139741293098,704,60,40,24
5,1425000000,0.0006871420126234908,705,60,40,24
5,631000000,0.0006709841217895899,706,60,40,24
5,1426000000,0.000657574430194909,707,60,40,24
5,1415000000,0.0006480453604405005,708,60,40,24
5,1272000000,0.000588251686801166,709,60,40,24
5,1391000000,0.000537157806011483,710,60,40,24
5,730000000,0.0005328256511885274,711,60,40,24
5,1392000000,0.0004771966184147519,712,60,40,24
5,1381000000,0.0003737406811813874,713,60,40,24
5,704000000,0.00018694349079720896,714,60,40,24
5,657000000,0.0,715,60,40,24
5,1385000000,0.0,716,60,40,24
5,1273000000,0.0,717,60,40,24
5,1430000000,0.0,718,60,40,24
5,1274000000,0.0,719,60,40,24
5,1277000000,0.0,720,60,40,24
5,1278000000,0.0,721,60,40,24
5,1282000000,0.0,722,60,40,24
5,1283000000,0.0,723,60,40,24
5,1375000000,0.0,724,60,40,24
5,1376000000,0.0,725,60,40,24
5,1422000000,0.0,726,60,40,24
5,1419000000,0.0,727,60,40,24
5,629000000,0.0,728,60,40,24
5,727000000,0.0,729,60,40,24
5,1396000000,0.0,730,60,40,24
5,1388000000,0.0,731,60,40,24
5,1414000000,0.0,732,60,40,24
5,1413000000,0.0,733,60,40,24
5,1409000000,0.0,734,60,40,24
5,1408000000,0.0,735,60,40,24
5,1405000000,0.0,736,60,40,24
5,1404000000,0.0,737,60,40,24
5,640000000,0.0,738,60,40,24
5,1269000000,0.0,739,60,40,24
5,726000000,0.0,740,60,40,24
5,1400000000,0.0,741,60,40,24
5,642000000,0.0,742,60,40,24
5,1268000000,0.0,743,60,40,24
