sample_id,outer_fold,true_label,score_active,optimized_threshold,predicted_label
749826,1,1,0.0012493990665828735,0.000876792972680915,1
887464,1,1,0.0005241966969943712,0.000876792972680915,0
976363,1,1,0.005443924075853397,0.000876792972680915,1
2212050,1,1,0.025473687490856066,0.000876792972680915,1
3236240,1,1,0.000538972390138077,0.000876792972680915,0
3238191,1,1,0.016939559180319582,0.000876792972680915,1
3672,1,0,0.00027104293602841714,0.000876792972680915,0
4030,1,0,0.003586322055895289,0.000876792972680915,1
4495,1,0,0.0014648771406298026,0.000876792972680915,1
5319,1,0,0.0035008770268753616,0.000876792972680915,1
11378,1,0,0.0018599372712792665,0.000876792972680915,1
12492,1,0,0.0006981382473661591,0.000876792972680915,0
18283,1,0,0.0002607062046962575,0.000876792972680915,0
22783,1,0,0.0014251312832308796,0.000876792972680915,1
25590,1,0,0.0014130776795490535,0.000876792972680915,1
31898,1,0,0.0005646121589011564,0.000876792972680915,0
38727,1,0,0.0004566058889725127,0.000876792972680915,0
44093,1,0,0.0006236579111759431,0.000876792972680915,0
54739,1,0,0.00028330612193606616,0.000876792972680915,0
64049,1,0,0.0006936172836615276,0.000876792972680915,0
65549,1,0,0.00045332377894094034,0.000876792972680915,0
65768,1,0,0.005152099724066177,0.000876792972680915,1
66068,1,0,0.00012915616848331062,0.000876792972680915,0
66259,1,0,0.00012555262363032332,0.000876792972680915,0
70652,1,0,0.00035156934030567744,0.000876792972680915,0
73239,1,0,0.0007133834633987562,0.000876792972680915,0
73324,1,0,0.002158808609628038,0.000876792972680915,1
78416,1,0,0.00022685226952037581,0.000876792972680915,0
79418,1,0,0.0014624982569661717,0.000876792972680915,1
92387,1,0,0.0002485373243098546,0.000876792972680915,0
96863,1,0,0.00044853418639697115,0.000876792972680915,0
98348,1,0,0.0005833524822293838,0.000876792972680915,0
100195,1,0,0.0004939165163439724,0.000876792972680915,0
101991,1,0,0.00033750870253926947,0.000876792972680915,0
120054,1,0,0.0008874531004141594,0.000876792972680915,1
132771,1,0,0.0001196891313956286,0.000876792972680915,0
136944,1,0,0.002127398918202992,0.000876792972680915,1
147001,1,0,0.0077558621973748505,0.000876792972680915,1
151393,1,0,0.0002628397174616732,0.000876792972680915,0
169117,1,0,0.0015485903135015737,0.000876792972680915,1
197774,1,0,0.001324661811275862,0.000876792972680915,1
198956,1,0,0.0009455011971635314,0.000876792972680915,1
202020,1,0,0.0006690700428912371,0.000876792972680915,0
206184,1,0,0.0019273866141284867,0.000876792972680915,1
207582,1,0,0.0027865120948313837,0.000876792972680915,1
217791,1,0,0.0006783632641470004,0.000876792972680915,0
223566,1,0,0.0002213724676008962,0.000876792972680915,0
226793,1,0,0.000774511344176763,0.000876792972680915,0
228632,1,0,6.073836586417646e-05,0.000876792972680915,0
234612,1,0,0.0022647357221303923,0.000876792972680915,1
239202,1,0,0.001584407022474147,0.000876792972680915,1
259998,1,0,0.0009568593026325786,0.000876792972680915,1
270782,1,0,0.0013541688780425616,0.000876792972680915,1
307028,1,0,0.0005561575945648847,0.000876792972680915,0
307230,1,0,0.003253380603396672,0.000876792972680915,1
310139,1,0,0.0016942427300542437,0.000876792972680915,1
318084,1,0,0.0006952555761218182,0.000876792972680915,0
320165,1,0,0.0007295259483471909,0.000876792972680915,0
336252,1,0,0.003621169425069506,0.000876792972680915,1
337779,1,0,0.00012727090189443638,0.000876792972680915,0
345843,1,0,0.0004131639068676608,0.000876792972680915,0
375912,1,0,0.0012934241869773148,0.000876792972680915,1
384428,1,0,0.02059779797216436,0.000876792972680915,1
403034,1,0,0.0004704355737845646,0.000876792972680915,0
441344,1,0,0.00033489832191713274,0.000876792972680915,0
459731,1,0,0.001112092484321788,0.000876792972680915,1
459770,1,0,0.0015087650666118686,0.000876792972680915,1
517858,1,0,0.00029171821682690956,0.000876792972680915,0
531921,1,0,0.002952079646841939,0.000876792972680915,1
532723,1,0,0.0167737894242965,0.000876792972680915,1
540689,1,0,0.003020073105987055,0.000876792972680915,1
549134,1,0,0.0005416081890432538,0.000876792972680915,0
559421,1,0,0.0020735906599494295,0.000876792972680915,1
562753,1,0,0.001164895010810854,0.000876792972680915,1
564729,1,0,0.0008720854585736729,0.000876792972680915,0
565816,1,0,0.003829672887139261,0.000876792972680915,1
566023,1,0,0.00023824614268562605,0.000876792972680915,0
566392,1,0,0.0003594327486754769,0.000876792972680915,0
568025,1,0,0.00011927018343082866,0.000876792972680915,0
570287,1,0,0.0010430087445108063,0.000876792972680915,1
573742,1,0,0.005462374721924438,0.000876792972680915,1
574261,1,0,0.00041490844524136626,0.000876792972680915,0
576969,1,0,0.000595986796621667,0.000876792972680915,0
577561,1,0,0.0014270883077073186,0.000876792972680915,1
579089,1,0,0.00010693008080892838,0.000876792972680915,0
579610,1,0,0.0007679801064781185,0.000876792972680915,0
580214,1,0,0.00025472623681001814,0.000876792972680915,0
585566,1,0,0.0029342056477411446,0.000876792972680915,1
588017,1,0,5.7537340015006834e-05,0.000876792972680915,0
590148,1,0,0.0015766339455729095,0.000876792972680915,1
590957,1,0,0.0018467094455762423,0.000876792972680915,1
595568,1,0,0.0013788269548278204,0.000876792972680915,1
596805,1,0,0.002136754322571067,0.000876792972680915,1
596935,1,0,0.027102506363872306,0.000876792972680915,1
598097,1,0,0.0019889193321860478,0.000876792972680915,1
601673,1,0,0.0005663338227396928,0.000876792972680915,0
604704,1,0,0.00025948250068643367,0.000876792972680915,0
606904,1,0,0.003872572382103987,0.000876792972680915,1
607443,1,0,0.00034819254337028045,0.000876792972680915,0
611070,1,0,0.0005994198041563201,0.000876792972680915,0
611222,1,0,0.0003488549126195964,0.000876792972680915,0
614000,1,0,0.0010713961250819078,0.000876792972680915,1
619837,1,0,0.0013302491155891946,0.000876792972680915,1
623828,1,0,0.0006091968359294008,0.000876792972680915,0
626045,1,0,0.004198121890486396,0.000876792972680915,1
628238,1,0,0.0006373927894208514,0.000876792972680915,0
629427,1,0,0.0007125286844859618,0.000876792972680915,0
630454,1,0,0.0003110551597988303,0.000876792972680915,0
644406,1,0,0.009545229301596816,0.000876792972680915,1
644407,1,0,0.0014681174810767482,0.000876792972680915,1
644444,1,0,0.0026445369279772357,0.000876792972680915,1
644476,1,0,0.0003297166631271682,0.000876792972680915,0
644519,1,0,0.00039133162635873893,0.000876792972680915,0
644561,1,0,0.0010288287421804908,0.000876792972680915,1
644568,1,0,0.0020554021196894814,0.000876792972680915,1
644599,1,0,0.0002766070302498612,0.000876792972680915,0
644611,1,0,0.013888875482650598,0.000876792972680915,1
644634,1,0,0.0011951601067022124,0.000876792972680915,1
644658,1,0,0.0011995950118804152,0.000876792972680915,1
644660,1,0,0.0015481070251523754,0.000876792972680915,1
644663,1,0,0.000359643544316025,0.000876792972680915,0
644704,1,0,0.0005374228681200193,0.000876792972680915,0
644707,1,0,0.0013136887264889904,0.000876792972680915,1
644715,1,0,0.00013700998957255056,0.000876792972680915,0
644737,1,0,0.001466304744785079,0.000876792972680915,1
644783,1,0,0.0005451869507180345,0.000876792972680915,0
644821,1,0,0.00032008580539431456,0.000876792972680915,0
644839,1,0,0.0007778423039189305,0.000876792972680915,0
644868,1,0,0.00013198425049879096,0.000876792972680915,0
644888,1,0,0.0001924638223654296,0.000876792972680915,0
644889,1,0,0.00020467907326440117,0.000876792972680915,0
644907,1,0,0.00022762193380800776,0.000876792972680915,0
644911,1,0,0.00867749036788871,0.000876792972680915,1
644913,1,0,0.00013467253928223826,0.000876792972680915,0
644920,1,0,0.0008232991310632961,0.000876792972680915,0
644923,1,0,0.0018844487570184533,0.000876792972680915,1
644950,1,0,0.002579962487303227,0.000876792972680915,1
644966,1,0,0.00021041520203463147,0.000876792972680915,0
644968,1,0,0.010913267048553528,0.000876792972680915,1
645035,1,0,0.0034138881220171276,0.000876792972680915,1
645036,1,0,0.0023764881384911525,0.000876792972680915,1
645051,1,0,5.5219394996360165e-05,0.000876792972680915,0
645067,1,0,0.0006234237973145336,0.000876792972680915,0
645101,1,0,0.00029299857151774,0.000876792972680915,0
645147,1,0,0.001005396255905335,0.000876792972680915,1
645212,1,0,0.0006433336032738734,0.000876792972680915,0
645221,1,0,0.0003525544417346128,0.000876792972680915,0
645244,1,0,0.005003149896750131,0.000876792972680915,1
645249,1,0,0.004000814750955847,0.000876792972680915,1
645252,1,0,0.0006018343832425584,0.000876792972680915,0
645267,1,0,0.0008123317707195279,0.000876792972680915,0
645271,1,0,0.0015549238956792755,0.000876792972680915,1
645283,1,0,0.0021720111388001235,0.000876792972680915,1
645318,1,0,0.00024025394550234827,0.000876792972680915,0
645387,1,0,9.907262572178538e-05,0.000876792972680915,0
645395,1,0,0.00020418465317602512,0.000876792972680915,0
645400,1,0,0.00031870593766145143,0.000876792972680915,0
645415,1,0,0.005952806595643075,0.000876792972680915,1
645417,1,0,0.0017794439513720433,0.000876792972680915,1
645445,1,0,0.00122208038422833,0.000876792972680915,1
645508,1,0,0.0003190815621764806,0.000876792972680915,0
645514,1,0,9.332686806402316e-05,0.000876792972680915,0
645520,1,0,0.00116506341925762,0.000876792972680915,1
645550,1,0,0.00031377448297666144,0.000876792972680915,0
645555,1,0,0.0002533185275687766,0.000876792972680915,0
645612,1,0,0.0008043346865839955,0.000876792972680915,0
645613,1,0,0.0002469059122706436,0.000876792972680915,0
645661,1,0,0.001750211131762368,0.000876792972680915,1
645677,1,0,0.00011717662072916917,0.000876792972680915,0
645726,1,0,0.0001033423185369241,0.000876792972680915,0
645739,1,0,0.0004975548145514931,0.000876792972680915,0
645757,1,0,0.0009376038354724738,0.000876792972680915,1
645772,1,0,0.00259005027468325,0.000876792972680915,1
645789,1,0,0.0036815355847516855,0.000876792972680915,1
645857,1,0,0.0005241392015859568,0.000876792972680915,0
645874,1,0,0.00021446426478724526,0.000876792972680915,0
645880,1,0,0.0001733372685620681,0.000876792972680915,0
645887,1,0,0.0006485039289990406,0.000876792972680915,0
645898,1,0,0.0012877798671780123,0.000876792972680915,1
645914,1,0,0.0006849068632393158,0.000876792972680915,0
645921,1,0,0.000860540732917654,0.000876792972680915,0
645925,1,0,0.0004885189002359581,0.000876792972680915,0
645962,1,0,0.0006276119507339999,0.000876792972680915,0
645964,1,0,0.00021366328201665206,0.000876792972680915,0
645986,1,0,0.001510259837653946,0.000876792972680915,1
645990,1,0,9.63335925715155e-05,0.000876792972680915,0
645999,1,0,0.0001754172968888735,0.000876792972680915,0
646006,1,0,0.00033215206551151147,0.000876792972680915,0
646014,1,0,0.0002834228465915608,0.000876792972680915,0
646033,1,0,9.51130438947994e-05,0.000876792972680915,0
646109,1,0,0.00010031301944652521,0.000876792972680915,0
646112,1,0,0.0001903772119337224,0.000876792972680915,0
646114,1,0,0.0019766452542832103,0.000876792972680915,1
646139,1,0,0.0005227916441442436,0.000876792972680915,0
646158,1,0,0.0002502238282520543,0.000876792972680915,0
646159,1,0,0.0016683685022016207,0.000876792972680915,1
646163,1,0,0.0053312702775924325,0.000876792972680915,1
646169,1,0,0.0005694472331263497,0.000876792972680915,0
646175,1,0,0.00037885103442214177,0.000876792972680915,0
646208,1,0,0.001951099444752798,0.000876792972680915,1
646209,1,0,0.0005622743972853036,0.000876792972680915,0
646216,1,0,0.00019215400476015661,0.000876792972680915,0
646267,1,0,0.0018547974934001912,0.000876792972680915,1
646268,1,0,0.0005509911708939774,0.000876792972680915,0
646283,1,0,0.001455505811286251,0.000876792972680915,1
646300,1,0,0.00011211484068295862,0.000876792972680915,0
646307,1,0,0.0019561276074275876,0.000876792972680915,1
646318,1,0,0.000200442308583974,0.000876792972680915,0
646343,1,0,0.006119355745752642,0.000876792972680915,1
646354,1,0,0.00044239806838229705,0.000876792972680915,0
646376,1,0,0.00030907982023620234,0.000876792972680915,0
646414,1,0,9.305309968877344e-05,0.000876792972680915,0
646417,1,0,0.0002594733253101101,0.000876792972680915,0
646423,1,0,0.001101662610049506,0.000876792972680915,1
646428,1,0,4.1829884697831895e-05,0.000876792972680915,0
646431,1,0,0.00012124217475040668,0.000876792972680915,0
646456,1,0,0.0004355741752265523,0.000876792972680915,0
646462,1,0,0.00012917749128345707,0.000876792972680915,0
646486,1,0,6.667242617340734e-05,0.000876792972680915,0
646490,1,0,0.0004953744254424799,0.000876792972680915,0
646507,1,0,0.0005707966493158687,0.000876792972680915,0
646524,1,0,0.004073036151346567,0.000876792972680915,1
646539,1,0,0.0010620852159665692,0.000876792972680915,1
646580,1,0,0.0016369205469935178,0.000876792972680915,1
646615,1,0,0.0008023383617518736,0.000876792972680915,0
646671,1,0,0.007150593388357033,0.000876792972680915,1
646692,1,0,0.0012431637976604935,0.000876792972680915,1
646730,1,0,0.0008178670226798363,0.000876792972680915,0
646774,1,0,0.0020250496785843065,0.000876792972680915,1
646787,1,0,0.00031969760649423485,0.000876792972680915,0
646827,1,0,0.0016269103146904255,0.000876792972680915,1
646838,1,0,0.00016604920382358822,0.000876792972680915,0
646842,1,0,0.003092421499668404,0.000876792972680915,1
646862,1,0,0.001413720704092424,0.000876792972680915,1
646865,1,0,0.00020328417374663324,0.000876792972680915,0
646883,1,0,0.00014070533172956098,0.000876792972680915,0
646901,1,0,0.0029788040275536424,0.000876792972680915,1
646906,1,0,0.0005341461052693317,0.000876792972680915,0
646907,1,0,0.00029640199167391867,0.000876792972680915,0
646941,1,0,0.0004969137029903712,0.000876792972680915,0
646946,1,0,0.0007595743676018587,0.000876792972680915,0
646948,1,0,0.00036629178744029063,0.000876792972680915,0
646956,1,0,0.0022597689523594297,0.000876792972680915,1
646997,1,0,0.000601475019147413,0.000876792972680915,0
647007,1,0,0.0003775787125641313,0.000876792972680915,0
647085,1,0,0.00020417098118968524,0.000876792972680915,0
647106,1,0,0.0005675344680459666,0.000876792972680915,0
647122,1,0,7.765498652864713e-05,0.000876792972680915,0
647123,1,0,0.0005930175621231892,0.000876792972680915,0
647129,1,0,0.0011893809600297648,0.000876792972680915,1
647177,1,0,0.0010242837258770021,0.000876792972680915,1
647210,1,0,0.0016290245318638147,0.000876792972680915,1
647238,1,0,0.0014926136877408155,0.000876792972680915,1
647244,1,0,0.0004917554067544286,0.000876792972680915,0
647257,1,0,0.003240133983439457,0.000876792972680915,1
647274,1,0,0.0023781135744686543,0.000876792972680915,1
647317,1,0,0.0004182785545460614,0.000876792972680915,0
647334,1,0,0.0018956621958524306,0.000876792972680915,1
647347,1,0,0.0017778055039076306,0.000876792972680915,1
647484,1,0,0.0009270788556041188,0.000876792972680915,1
647502,1,0,0.00030966206234800555,0.000876792972680915,0
647597,1,0,0.0009487192054221699,0.000876792972680915,1
647603,1,0,6.657627694761513e-05,0.000876792972680915,0
647654,1,0,0.0005738229852550713,0.000876792972680915,0
647658,1,0,0.0031082905429308653,0.000876792972680915,1
647680,1,0,0.00504355954400119,0.000876792972680915,1
647708,1,0,0.004695788102228534,0.000876792972680915,1
647713,1,0,0.0013802781807096818,0.000876792972680915,1
647714,1,0,0.0009699301087006231,0.000876792972680915,1
647718,1,0,0.00033859830550604707,0.000876792972680915,0
647726,1,0,0.0011491674365705067,0.000876792972680915,1
647728,1,0,4.523624160381054e-05,0.000876792972680915,0
647748,1,0,0.00021588917832945359,0.000876792972680915,0
647797,1,0,0.0094722539402691,0.000876792972680915,1
647805,1,0,0.00024306152793065046,0.000876792972680915,0
647852,1,0,0.0001725775990381827,0.000876792972680915,0
647866,1,0,0.0391462380856909,0.000876792972680915,1
647870,1,0,0.0011310090847185172,0.000876792972680915,1
647885,1,0,0.001124146439660916,0.000876792972680915,1
647888,1,0,0.0015051957651381963,0.000876792972680915,1
647922,1,0,0.004648813639537109,0.000876792972680915,1
647938,1,0,0.0004199794409335528,0.000876792972680915,0
647939,1,0,0.0041924736635718905,0.000876792972680915,1
647958,1,0,0.00010826187093427073,0.000876792972680915,0
647960,1,0,6.60046516510751e-05,0.000876792972680915,0
647966,1,0,0.0009914806432723615,0.000876792972680915,1
647971,1,0,4.916600398368593e-05,0.000876792972680915,0
647977,1,0,0.0006403104515463521,0.000876792972680915,0
648005,1,0,7.288887756530295e-05,0.000876792972680915,0
648009,1,0,0.00031094308863306974,0.000876792972680915,0
648063,1,0,0.0005111289994529514,0.000876792972680915,0
648065,1,0,0.0011608662978552773,0.000876792972680915,1
648072,1,0,0.00011770203548039203,0.000876792972680915,0
648115,1,0,0.0009434015038537201,0.000876792972680915,1
648127,1,0,0.0007477305777681452,0.000876792972680915,0
648128,1,0,0.00015459314446416786,0.000876792972680915,0
648154,1,0,0.0008704090012899955,0.000876792972680915,0
648155,1,0,5.3617826634279255e-05,0.000876792972680915,0
648173,1,0,0.00036006526925132205,0.000876792972680915,0
648180,1,0,0.00441579281551939,0.000876792972680915,1
648202,1,0,0.0004293996355001646,0.000876792972680915,0
648205,1,0,0.0007967881270099454,0.000876792972680915,0
648206,1,0,0.00014823626268900203,0.000876792972680915,0
648296,1,0,0.0008925938166116087,0.000876792972680915,1
648322,1,0,0.0004212193976004996,0.000876792972680915,0
648418,1,0,0.00044282976884082927,0.000876792972680915,0
648428,1,0,7.448997277813701e-05,0.000876792972680915,0
648447,1,0,0.0020783892612346645,0.000876792972680915,1
648482,1,0,0.001542831370062927,0.000876792972680915,1
648490,1,0,0.0009177130985731144,0.000876792972680915,1
648522,1,0,7.410879853685962e-05,0.000876792972680915,0
648549,1,0,0.0007546968636629089,0.000876792972680915,0
648637,1,0,0.00012017489500747805,0.000876792972680915,0
648667,1,0,0.0003502380741522558,0.000876792972680915,0
648717,1,0,0.0020190674644330873,0.000876792972680915,1
648728,1,0,0.00047798897642482396,0.000876792972680915,0
648733,1,0,0.0017076593753857713,0.000876792972680915,1
648746,1,0,9.964519437144223e-05,0.000876792972680915,0
648773,1,0,0.0002097127400011371,0.000876792972680915,0
648839,1,0,0.0008055769896006378,0.000876792972680915,0
648874,1,0,0.0001273936406609749,0.000876792972680915,0
648876,1,0,0.00035808829976670495,0.000876792972680915,0
648951,1,0,8.297667113095207e-05,0.000876792972680915,0
648957,1,0,0.0020406238361981937,0.000876792972680915,1
648959,1,0,0.0011630977624028707,0.000876792972680915,1
648962,1,0,0.00042772931288428154,0.000876792972680915,0
648972,1,0,0.00027384657757110304,0.000876792972680915,0
648973,1,0,0.0009152787193825292,0.000876792972680915,1
648979,1,0,0.00039700844026427764,0.000876792972680915,0
648981,1,0,0.00021149959496546958,0.000876792972680915,0
649033,1,0,0.0001809150692226626,0.000876792972680915,0
649045,1,0,0.0003300269374784073,0.000876792972680915,0
649048,1,0,0.00029014515118075835,0.000876792972680915,0
649072,1,0,0.002436050001778809,0.000876792972680915,1
649099,1,0,0.001391661705595887,0.000876792972680915,1
649146,1,0,0.011088490072595434,0.000876792972680915,1
649154,1,0,0.00032345864468904867,0.000876792972680915,0
649202,1,0,0.0010267279679024553,0.000876792972680915,1
649210,1,0,0.00013903827540887734,0.000876792972680915,0
649220,1,0,0.002259965311750224,0.000876792972680915,1
649229,1,0,0.0014651372634432967,0.000876792972680915,1
649254,1,0,0.0012289291656277378,0.000876792972680915,1
649270,1,0,0.0003212792310586158,0.000876792972680915,0
649272,1,0,0.0007637607169311099,0.000876792972680915,0
649277,1,0,0.0009107727428090571,0.000876792972680915,1
649283,1,0,0.0010539406096631992,0.000876792972680915,1
649284,1,0,0.0007101088223232363,0.000876792972680915,0
649290,1,0,0.0008253493010123991,0.000876792972680915,0
649331,1,0,0.00041840173705495775,0.000876792972680915,0
649340,1,0,0.0011233272885999687,0.000876792972680915,1
649404,1,0,0.0025477457021996224,0.000876792972680915,1
649406,1,0,0.002110438155303946,0.000876792972680915,1
649414,1,0,0.0002688477913471665,0.000876792972680915,0
649442,1,0,0.00020299177702127132,0.000876792972680915,0
649491,1,0,0.0003606830598797036,0.000876792972680915,0
649550,1,0,0.0005633399313470642,0.000876792972680915,0
649558,1,0,0.0004985535427161586,0.000876792972680915,0
649571,1,0,0.00032968960331111025,0.000876792972680915,0
649648,1,0,6.399982990627828e-05,0.000876792972680915,0
649655,1,0,0.0025865681050388483,0.000876792972680915,1
649661,1,0,0.004623004028709788,0.000876792972680915,1
649687,1,0,0.0014650378689969128,0.000876792972680915,1
649713,1,0,0.0007912981861104192,0.000876792972680915,0
649733,1,0,0.0011724491650357597,0.000876792972680915,1
649744,1,0,0.00013529298526010578,0.000876792972680915,0
649757,1,0,0.0015690612461717883,0.000876792972680915,1
649791,1,0,0.0008865246948220069,0.000876792972680915,1
649846,1,0,0.0010302072134670804,0.000876792972680915,1
649851,1,0,0.0008158347013863878,0.000876792972680915,0
649857,1,0,0.0009669401850072489,0.000876792972680915,1
649880,1,0,0.0020669709234518267,0.000876792972680915,1
649981,1,0,0.0005514702597143242,0.000876792972680915,0
650017,1,0,0.0001750904620172586,0.000876792972680915,0
650093,1,0,0.00017040819968850153,0.000876792972680915,0
650101,1,0,0.0003867584764747348,0.000876792972680915,0
650104,1,0,0.00032304935268465704,0.000876792972680915,0
650116,1,0,0.0007848586807305691,0.000876792972680915,0
650133,1,0,0.0005434258334790388,0.000876792972680915,0
650150,1,0,0.0040653494629921925,0.000876792972680915,1
650161,1,0,0.001298212584866797,0.000876792972680915,1
650173,1,0,0.0052545806280980675,0.000876792972680915,1
650209,1,0,0.0015623207422618642,0.000876792972680915,1
650224,1,0,7.095360968265943e-05,0.000876792972680915,0
650232,1,0,0.002805018349835717,0.000876792972680915,1
650238,1,0,2.725480710767424e-05,0.000876792972680915,0
650255,1,0,5.966295067204604e-05,0.000876792972680915,0
650313,1,0,0.0001612039597002769,0.000876792972680915,0
650319,1,0,0.010602811820803963,0.000876792972680915,1
650354,1,0,0.00047863794310940217,0.000876792972680915,0
650374,1,0,0.002292293827532527,0.000876792972680915,1
650441,1,0,0.0004085534473796169,0.000876792972680915,0
650486,1,0,0.00041175812997328915,0.000876792972680915,0
650491,1,0,0.0029448229913108504,0.000876792972680915,1
650498,1,0,0.0007561416730121334,0.000876792972680915,0
650583,1,0,6.874948290216746e-05,0.000876792972680915,0
650641,1,0,0.0005118299379934993,0.000876792972680915,0
650645,1,0,0.0005807048601185682,0.000876792972680915,0
650650,1,0,0.0004513465641088858,0.000876792972680915,0
650673,1,0,0.0005043172536480487,0.000876792972680915,0
650684,1,0,0.0007319523248191222,0.000876792972680915,0
650695,1,0,0.001658623485397157,0.000876792972680915,1
650716,1,0,0.0028846650534014224,0.000876792972680915,1
650759,1,0,7.251084910054817e-05,0.000876792972680915,0
650823,1,0,0.001573157673807043,0.000876792972680915,1
650824,1,0,0.00030526150933725236,0.000876792972680915,0
650829,1,0,0.0012145292379099526,0.000876792972680915,1
650839,1,0,0.0007421130366153772,0.000876792972680915,0
650874,1,0,0.00011938246356317781,0.000876792972680915,0
650904,1,0,0.0003803953686499115,0.000876792972680915,0
650908,1,0,0.0012018343393108894,0.000876792972680915,1
651000,1,0,0.00015483379059579413,0.000876792972680915,0
651018,1,0,0.00011948513346685351,0.000876792972680915,0
651020,1,0,0.0002106028850963344,0.000876792972680915,0
651052,1,0,0.0016248293427009745,0.000876792972680915,1
651061,1,0,0.0009057986789856967,0.000876792972680915,1
651072,1,0,1.2235221011841458e-05,0.000876792972680915,0
651119,1,0,0.0007422377736476587,0.000876792972680915,0
651131,1,0,0.0011167543563373114,0.000876792972680915,1
651142,1,0,0.0003956890757333303,0.000876792972680915,0
651143,1,0,0.0005187828251214742,0.000876792972680915,0
651156,1,0,0.0006514882833708954,0.000876792972680915,0
651189,1,0,0.00027488992442129234,0.000876792972680915,0
651192,1,0,0.0004393045213680528,0.000876792972680915,0
651203,1,0,0.0064956905859044275,0.000876792972680915,1
651213,1,0,0.00032029827898055887,0.000876792972680915,0
651224,1,0,0.0002877202246720876,0.000876792972680915,0
651231,1,0,0.0005993361785682928,0.000876792972680915,0
651234,1,0,0.0003005357020156924,0.000876792972680915,0
651253,1,0,0.0001069422997187854,0.000876792972680915,0
651276,1,0,0.0001241975789478895,0.000876792972680915,0
651334,1,0,0.00020451225212646747,0.000876792972680915,0
651335,1,0,0.0018954899380492865,0.000876792972680915,1
651370,1,0,0.0016591452295907163,0.000876792972680915,1
651375,1,0,0.0009841579168848842,0.000876792972680915,1
651389,1,0,0.0002721372291904034,0.000876792972680915,0
651433,1,0,0.00023834051198981518,0.000876792972680915,0
651444,1,0,0.00044710345924007096,0.000876792972680915,0
651456,1,0,0.00010580459731479611,0.000876792972680915,0
651463,1,0,0.00017979495262970908,0.000876792972680915,0
651474,1,0,0.00022872094297883612,0.000876792972680915,0
651487,1,0,0.0005237504286525659,0.000876792972680915,0
651489,1,0,9.10992994656322e-05,0.000876792972680915,0
651498,1,0,0.0001629474382177398,0.000876792972680915,0
651536,1,0,7.84351422653294e-05,0.000876792972680915,0
651654,1,0,0.0001297441505582502,0.000876792972680915,0
651679,1,0,0.00011720949839286319,0.000876792972680915,0
651685,1,0,0.001463724720528419,0.000876792972680915,1
651707,1,0,0.0010967507432392853,0.000876792972680915,1
651725,1,0,0.000594079752367097,0.000876792972680915,0
651733,1,0,0.00037883348231662785,0.000876792972680915,0
651742,1,0,0.002566603309113517,0.000876792972680915,1
651780,1,0,0.0013966047865739707,0.000876792972680915,1
651807,1,0,0.001633013910896421,0.000876792972680915,1
651812,1,0,0.0014871557383993777,0.000876792972680915,1
651833,1,0,0.0006327260575102156,0.000876792972680915,0
651877,1,0,0.0026885363005538228,0.000876792972680915,1
651915,1,0,0.00035110663295874684,0.000876792972680915,0
651974,1,0,0.0021384124811623085,0.000876792972680915,1
651980,1,0,0.0017485044467857066,0.000876792972680915,1
652024,1,0,0.00043645103915165953,0.000876792972680915,0
652028,1,0,0.0007542165156703592,0.000876792972680915,0
652032,1,0,0.0026092556049550778,0.000876792972680915,1
652088,1,0,0.001376355396905773,0.000876792972680915,1
652091,1,0,0.0007139148577281474,0.000876792972680915,0
652139,1,0,0.0006941619641926913,0.000876792972680915,0
652141,1,0,0.00022798824715973968,0.000876792972680915,0
652230,1,0,0.002655404894857236,0.000876792972680915,1
652245,1,0,0.000154482974645497,0.000876792972680915,0
652304,1,0,0.00011267000292253335,0.000876792972680915,0
652317,1,0,0.0008489223568210634,0.000876792972680915,0
652320,1,0,0.0014149543768326772,0.000876792972680915,1
652324,1,0,0.0001844493915395478,0.000876792972680915,0
652363,1,0,0.0004150301752311711,0.000876792972680915,0
652387,1,0,0.00029205450858916555,0.000876792972680915,0
652400,1,0,0.00016295644038141627,0.000876792972680915,0
652414,1,0,0.00026548138726963116,0.000876792972680915,0
652462,1,0,0.00025911567056696505,0.000876792972680915,0
652482,1,0,6.377298608489909e-05,0.000876792972680915,0
652486,1,0,8.524901606966927e-05,0.000876792972680915,0
652501,1,0,0.0001651218449442795,0.000876792972680915,0
652507,1,0,0.0006722263482528483,0.000876792972680915,0
652523,1,0,0.0005812862847325935,0.000876792972680915,0
652577,1,0,0.0008306563093143607,0.000876792972680915,0
652611,1,0,0.00038074912680663366,0.000876792972680915,0
652613,1,0,0.0006941603070314383,0.000876792972680915,0
652622,1,0,0.0006156083764854034,0.000876792972680915,0
652629,1,0,0.00022935322815129236,0.000876792972680915,0
652631,1,0,0.0009878795121082502,0.000876792972680915,1
652673,1,0,0.0008957916457041164,0.000876792972680915,1
652808,1,0,0.000578703594377178,0.000876792972680915,0
652824,1,0,0.003913007965952078,0.000876792972680915,1
652848,1,0,0.0009772647815707264,0.000876792972680915,1
652876,1,0,0.0005544569663879515,0.000876792972680915,0
652879,1,0,0.00035102029000445693,0.000876792972680915,0
652957,1,0,0.0007437945027841608,0.000876792972680915,0
652992,1,0,0.00037100610732442485,0.000876792972680915,0
653061,1,0,0.00017565900980439093,0.000876792972680915,0
653069,1,0,0.00038334546480677916,0.000876792972680915,0
653088,1,0,0.0004318310594055267,0.000876792972680915,0
653097,1,0,0.0006142038722183024,0.000876792972680915,0
653117,1,0,9.923547678999583e-05,0.000876792972680915,0
653137,1,0,0.00037519323905564297,0.000876792972680915,0
653140,1,0,0.00227214364768182,0.000876792972680915,1
653144,1,0,0.0006277202794173836,0.000876792972680915,0
653171,1,0,0.0006240001413511142,0.000876792972680915,0
653184,1,0,0.00030548575654416204,0.000876792972680915,0
653215,1,0,0.0009821212267973035,0.000876792972680915,1
653237,1,0,0.0007260698019527546,0.000876792972680915,0
653272,1,0,0.001770024989741014,0.000876792972680915,1
653285,1,0,7.605058986823742e-05,0.000876792972680915,0
653310,1,0,0.00019592542354288648,0.000876792972680915,0
653314,1,0,0.001206393777280062,0.000876792972680915,1
653326,1,0,0.005535672013562695,0.000876792972680915,1
653332,1,0,0.0005822802284364016,0.000876792972680915,0
653334,1,0,0.00024733189045469354,0.000876792972680915,0
653346,1,0,0.001199107743587788,0.000876792972680915,1
653356,1,0,9.03277238325952e-05,0.000876792972680915,0
653429,1,0,0.0006539377493247486,0.000876792972680915,0
653442,1,0,0.00011973701212650139,0.000876792972680915,0
653447,1,0,0.002702486865251756,0.000876792972680915,1
653491,1,0,0.0008203990042706765,0.000876792972680915,0
653493,1,0,0.001268720129877283,0.000876792972680915,1
653519,1,0,0.0007300697886321034,0.000876792972680915,0
653526,1,0,0.0011454543457176918,0.000876792972680915,1
653535,1,0,0.00015628931584208227,0.000876792972680915,0
653552,1,0,0.00038006326515410574,0.000876792972680915,0
653570,1,0,0.0005051036274219789,0.000876792972680915,0
653572,1,0,0.0006089637243672507,0.000876792972680915,0
653591,1,0,0.0009918470198373925,0.000876792972680915,1
653601,1,0,0.00084892648433731,0.000876792972680915,0
653602,1,0,0.0009305450866423841,0.000876792972680915,1
653610,1,0,0.001909736273374263,0.000876792972680915,1
653653,1,0,0.0005434223335173185,0.000876792972680915,0
653666,1,0,0.000354884199783322,0.000876792972680915,0
653738,1,0,0.0004967936476465581,0.000876792972680915,0
653781,1,0,0.0004814620628068298,0.000876792972680915,0
653789,1,0,0.000655277335377087,0.000876792972680915,0
653795,1,0,0.0009513142770072832,0.000876792972680915,1
653861,1,0,0.00029738060680975184,0.000876792972680915,0
653871,1,0,0.0010840375461093673,0.000876792972680915,1
653892,1,0,0.00023774608407712671,0.000876792972680915,0
653922,1,0,0.0002499978087688183,0.000876792972680915,0
653928,1,0,0.00036128466636159494,0.000876792972680915,0
653934,1,0,0.00041588593998479725,0.000876792972680915,0
653942,1,0,0.00012992708519669898,0.000876792972680915,0
653949,1,0,0.0014987739803603007,0.000876792972680915,1
653951,1,0,0.00012503415437963597,0.000876792972680915,0
653961,1,0,0.0002844204798164991,0.000876792972680915,0
653982,1,0,0.0007996076326124161,0.000876792972680915,0
654032,1,0,0.0012133849951318748,0.000876792972680915,1
654051,1,0,0.00024592690634427496,0.000876792972680915,0
654099,1,0,0.00014463731326508515,0.000876792972680915,0
654100,1,0,0.00018306917372402443,0.000876792972680915,0
654101,1,0,0.0006433074287655978,0.000876792972680915,0
654112,1,0,0.007709995064754647,0.000876792972680915,1
654121,1,0,0.0074411975147175785,0.000876792972680915,1
654122,1,0,0.00020153111537397702,0.000876792972680915,0
654225,1,0,0.005062726748168962,0.000876792972680915,1
654239,1,0,0.00016313292313123115,0.000876792972680915,0
654258,1,0,0.004526020413920777,0.000876792972680915,1
654293,1,0,0.00020158388629845972,0.000876792972680915,0
654322,1,0,0.0004328769315320272,0.000876792972680915,0
654328,1,0,0.016016160971499317,0.000876792972680915,1
654330,1,0,0.0006376541150572179,0.000876792972680915,0
654352,1,0,0.001630640163218053,0.000876792972680915,1
654353,1,0,0.00035801289058285497,0.000876792972680915,0
654415,1,0,0.00019398200698741183,0.000876792972680915,0
654427,1,0,0.0006046951807646249,0.000876792972680915,0
654444,1,0,0.0002468430288834398,0.000876792972680915,0
654455,1,0,0.0007508449870867416,0.000876792972680915,0
654456,1,0,4.093403108262183e-05,0.000876792972680915,0
654469,1,0,0.0005246357687107163,0.000876792972680915,0
654479,1,0,0.0018471987908673256,0.000876792972680915,1
654524,1,0,0.00019911232804470822,0.000876792972680915,0
654529,1,0,0.0009063598744738175,0.000876792972680915,1
654568,1,0,0.00017377895863743116,0.000876792972680915,0
654571,1,0,0.006628491938416727,0.000876792972680915,1
654599,1,0,0.001347064790906653,0.000876792972680915,1
654603,1,0,0.000577433159097864,0.000876792972680915,0
654637,1,0,0.0001242255351587726,0.000876792972680915,0
654667,1,0,0.0014650343033552947,0.000876792972680915,1
654705,1,0,0.000962825478133255,0.000876792972680915,1
654773,1,0,0.0004340958548495327,0.000876792972680915,0
654799,1,0,0.0016364009364593912,0.000876792972680915,1
654820,1,0,0.0023270910694588413,0.000876792972680915,1
654821,1,0,0.0001481692335602286,0.000876792972680915,0
654830,1,0,1.6652979408165947e-05,0.000876792972680915,0
654838,1,0,0.0020655322779721806,0.000876792972680915,1
654850,1,0,0.0018496804752307673,0.000876792972680915,1
654870,1,0,0.001042401188230808,0.000876792972680915,1
654896,1,0,0.00019075353438186352,0.000876792972680915,0
654913,1,0,0.01222063216290514,0.000876792972680915,1
654922,1,0,0.0006584245904077529,0.000876792972680915,0
654986,1,0,0.00126373037068148,0.000876792972680915,1
655013,1,0,0.0005920422254150456,0.000876792972680915,0
655034,1,0,0.0003589893478569557,0.000876792972680915,0
655058,1,0,0.0007967151046199255,0.000876792972680915,0
655109,1,0,6.832104955715508e-05,0.000876792972680915,0
655143,1,0,5.018330904351567e-05,0.000876792972680915,0
655179,1,0,0.0033274705070131085,0.000876792972680915,1
655182,1,0,0.0010787338625690326,0.000876792972680915,1
655184,1,0,0.0002249233324555143,0.000876792972680915,0
655216,1,0,0.00023442999579037716,0.000876792972680915,0
655245,1,0,0.00010170169461283164,0.000876792972680915,0
655257,1,0,0.0005833966419420496,0.000876792972680915,0
655289,1,0,0.00021587736859459656,0.000876792972680915,0
655296,1,0,0.00041059697380380793,0.000876792972680915,0
655372,1,0,0.00043238972313641114,0.000876792972680915,0
655407,1,0,0.0021269276456484924,0.000876792972680915,1
655420,1,0,0.00023240055556365688,0.000876792972680915,0
655437,1,0,0.0006054209254812184,0.000876792972680915,0
655462,1,0,0.0008825900023339432,0.000876792972680915,1
655549,1,0,0.004616989037233613,0.000876792972680915,1
655557,1,0,0.00010100332951289887,0.000876792972680915,0
655563,1,0,0.00024458508342589636,0.000876792972680915,0
655565,1,0,0.0001661760708026309,0.000876792972680915,0
655590,1,0,0.00016325017104086516,0.000876792972680915,0
655647,1,0,0.00012671538997009998,0.000876792972680915,0
655649,1,0,0.0008178789338281421,0.000876792972680915,0
655659,1,0,0.00017893352575347427,0.000876792972680915,0
655661,1,0,0.0006594403633962062,0.000876792972680915,0
655668,1,0,0.0004344832171644696,0.000876792972680915,0
655679,1,0,0.002699454029991868,0.000876792972680915,1
655690,1,0,0.00048730639938342717,0.000876792972680915,0
655698,1,0,0.015039389757596501,0.000876792972680915,1
655738,1,0,0.001680235196495686,0.000876792972680915,1
655760,1,0,0.0003772803684146778,0.000876792972680915,0
655762,1,0,0.00046700116938827254,0.000876792972680915,0
655779,1,0,0.00015841481132198104,0.000876792972680915,0
655786,1,0,0.001037108697444017,0.000876792972680915,1
655797,1,0,0.0019060420216146523,0.000876792972680915,1
655804,1,0,0.0028518734492253696,0.000876792972680915,1
655810,1,0,0.00026241881078080853,0.000876792972680915,0
655850,1,0,0.0007741294072325033,0.000876792972680915,0
655858,1,0,0.0008733958639041909,0.000876792972680915,0
655875,1,0,0.0005365785605110216,0.000876792972680915,0
655893,1,0,0.0013767323343553235,0.000876792972680915,1
655919,1,0,7.005362842254337e-05,0.000876792972680915,0
655946,1,0,0.0005146004854148328,0.000876792972680915,0
655990,1,0,0.0001832059128930168,0.000876792972680915,0
656025,1,0,0.000791937981360468,0.000876792972680915,0
656031,1,0,0.0003823087768402758,0.000876792972680915,0
656040,1,0,0.00394631762733766,0.000876792972680915,1
656100,1,0,0.0008754428852072687,0.000876792972680915,0
656109,1,0,8.935715348358738e-05,0.000876792972680915,0
656110,1,0,9.252314522032567e-05,0.000876792972680915,0
656122,1,0,0.013845261256263409,0.000876792972680915,1
656197,1,0,0.0005815548414927033,0.000876792972680915,0
656208,1,0,0.0007859298192023867,0.000876792972680915,0
656215,1,0,0.0004746296507662065,0.000876792972680915,0
656221,1,0,0.0015656122278985831,0.000876792972680915,1
656224,1,0,0.00028303493501552463,0.000876792972680915,0
656230,1,0,0.005309504361836274,0.000876792972680915,1
656231,1,0,0.001133967161987585,0.000876792972680915,1
656248,1,0,0.0002475213157130867,0.000876792972680915,0
656252,1,0,0.0007632131423289046,0.000876792972680915,0
656265,1,0,0.0034799727997912922,0.000876792972680915,1
656269,1,0,0.003408720174325023,0.000876792972680915,1
656289,1,0,0.0009746947086110781,0.000876792972680915,1
656292,1,0,0.001109187814158834,0.000876792972680915,1
656293,1,0,0.001997963807554482,0.000876792972680915,1
656305,1,0,0.0001918606940666548,0.000876792972680915,0
656322,1,0,8.430753225072795e-05,0.000876792972680915,0
656323,1,0,0.0009646260336333546,0.000876792972680915,1
656332,1,0,0.00018247174578371906,0.000876792972680915,0
656358,1,0,8.461566187328386e-05,0.000876792972680915,0
656369,1,0,0.00048030402254801784,0.000876792972680915,0
656379,1,0,0.005035306901379888,0.000876792972680915,1
657302,1,0,0.0008138767316932448,0.000876792972680915,0
657346,1,0,0.0014186783879721828,0.000876792972680915,1
657462,1,0,0.0033822157805122747,0.000876792972680915,1
657593,1,0,0.000505896509794205,0.000876792972680915,0
657675,1,0,0.00660798479197637,0.000876792972680915,1
657699,1,0,0.001640846499924715,0.000876792972680915,1
657752,1,0,0.000945688884441988,0.000876792972680915,1
657765,1,0,0.0060470672578216735,0.000876792972680915,1
657796,1,0,0.0006551929234672818,0.000876792972680915,0
657801,1,0,0.001776955398588183,0.000876792972680915,1
657819,1,0,0.00039111248470483355,0.000876792972680915,0
657896,1,0,0.0003243080162317337,0.000876792972680915,0
657909,1,0,0.005934564888812333,0.000876792972680915,1
657930,1,0,0.0009873475289510032,0.000876792972680915,1
657960,1,0,0.00017596112307690916,0.000876792972680915,0
658030,1,0,0.000555138574021203,0.000876792972680915,0
658130,1,0,0.00010119676282618701,0.000876792972680915,0
658222,1,0,0.0010573523656567329,0.000876792972680915,1
658246,1,0,0.00017035238746111484,0.000876792972680915,0
658266,1,0,9.585176266770433e-05,0.000876792972680915,0
658277,1,0,0.0002458307055298363,0.000876792972680915,0
658323,1,0,0.0004686048025072602,0.000876792972680915,0
658356,1,0,0.00020014088680741403,0.000876792972680915,0
658362,1,0,0.0015138863043555007,0.000876792972680915,1
658395,1,0,0.0002910319078090825,0.000876792972680915,0
658412,1,0,0.0016268443289928812,0.000876792972680915,1
658450,1,0,6.509388729523019e-05,0.000876792972680915,0
658468,1,0,9.042061219889197e-05,0.000876792972680915,0
658480,1,0,0.0022429801804266275,0.000876792972680915,1
658541,1,0,0.00035492594223151565,0.000876792972680915,0
658594,1,0,0.0024029081070627294,0.000876792972680915,1
658600,1,0,0.0002260376370048586,0.000876792972680915,0
658627,1,0,0.0004042793631403584,0.000876792972680915,0
658677,1,0,0.0006267732647962429,0.000876792972680915,0
658779,1,0,0.0011599735771152492,0.000876792972680915,1
658807,1,0,0.0012151389782621624,0.000876792972680915,1
658808,1,0,0.0033231222292603693,0.000876792972680915,1
658919,1,0,0.00040688698452824487,0.000876792972680915,0
658932,1,0,0.0001128750424204892,0.000876792972680915,0
658939,1,0,0.001279003583066261,0.000876792972680915,1
658963,1,0,0.001332979719830862,0.000876792972680915,1
658992,1,0,0.0016140293849800954,0.000876792972680915,1
659035,1,0,0.0005069518279190353,0.000876792972680915,0
659101,1,0,0.0013688935910501061,0.000876792972680915,1
659110,1,0,0.00017905417583184458,0.000876792972680915,0
659168,1,0,0.0009243322365558758,0.000876792972680915,1
659300,1,0,0.0010784102913431657,0.000876792972680915,1
659320,1,0,0.00036158586273879787,0.000876792972680915,0
659358,1,0,0.0004104628510667331,0.000876792972680915,0
659430,1,0,0.0003881657533055587,0.000876792972680915,0
659438,1,0,0.0003801200019105135,0.000876792972680915,0
659500,1,0,0.0015698338350648305,0.000876792972680915,1
659507,1,0,0.012304319259253939,0.000876792972680915,1
659551,1,0,0.0024784584196441543,0.000876792972680915,1
659604,1,0,0.0009298008885551491,0.000876792972680915,1
659611,1,0,0.003431829470118474,0.000876792972680915,1
659635,1,0,7.324939434617884e-05,0.000876792972680915,0
659637,1,0,0.00011288239112435597,0.000876792972680915,0
659640,1,0,0.0016393221860084607,0.000876792972680915,1
659719,1,0,0.002643430607293801,0.000876792972680915,1
659772,1,0,4.5787953325045194e-05,0.000876792972680915,0
659853,1,0,0.00031141243909904706,0.000876792972680915,0
659877,1,0,9.057095840392521e-05,0.000876792972680915,0
659900,1,0,0.002304162842061782,0.000876792972680915,1
659997,1,0,0.00012261478852594785,0.000876792972680915,0
660078,1,0,0.00037621003869245796,0.000876792972680915,0
660182,1,0,0.00016265959680931096,0.000876792972680915,0
660188,1,0,0.0005366363083594055,0.000876792972680915,0
660197,1,0,0.000570340402437154,0.000876792972680915,0
660228,1,0,0.0013534350250816605,0.000876792972680915,1
660255,1,0,0.00021623047674288866,0.000876792972680915,0
660260,1,0,0.0020176836067185757,0.000876792972680915,1
660382,1,0,0.00015125206265220726,0.000876792972680915,0
660440,1,0,0.0023794118366277303,0.000876792972680915,1
660491,1,0,0.001893661760589523,0.000876792972680915,1
660560,1,0,0.0002552129211846231,0.000876792972680915,0
660574,1,0,0.0007948560397866469,0.000876792972680915,0
660592,1,0,0.0014374172147256902,0.000876792972680915,1
660677,1,0,0.0009069264373379722,0.000876792972680915,1
660693,1,0,0.0010071132565585854,0.000876792972680915,1
660696,1,0,0.001268887987046428,0.000876792972680915,1
660717,1,0,0.0007078882002057259,0.000876792972680915,0
660720,1,0,0.0005975467834243111,0.000876792972680915,0
660772,1,0,0.00022924962056673133,0.000876792972680915,0
660808,1,0,0.000488002175265093,0.000876792972680915,0
660883,1,0,0.0014651495123611986,0.000876792972680915,1
660932,1,0,0.0008098702799385359,0.000876792972680915,0
660968,1,0,0.00026283297704062886,0.000876792972680915,0
660994,1,0,0.0008683080136320725,0.000876792972680915,0
661030,1,0,0.001646045688616883,0.000876792972680915,1
661201,1,0,0.0014745691886709296,0.000876792972680915,1
661246,1,0,0.006367326484924126,0.000876792972680915,1
661248,1,0,0.0012775458233154399,0.000876792972680915,1
661295,1,0,7.886374865998089e-05,0.000876792972680915,0
661318,1,0,0.0024735404075274907,0.000876792972680915,1
661329,1,0,0.00024615641044827317,0.000876792972680915,0
661351,1,0,0.0002373521460119602,0.000876792972680915,0
661408,1,0,0.0010190060349007074,0.000876792972680915,1
661469,1,0,0.00022472565394559898,0.000876792972680915,0
661495,1,0,0.0006561270940234304,0.000876792972680915,0
661498,1,0,0.0027794531883305073,0.000876792972680915,1
661513,1,0,0.0012204108470682399,0.000876792972680915,1
661545,1,0,0.003266399529784668,0.000876792972680915,1
661577,1,0,9.552113281495475e-05,0.000876792972680915,0
661593,1,0,0.0012400309599378883,0.000876792972680915,1
661599,1,0,0.0007274965019215551,0.000876792972680915,0
661660,1,0,0.0005641341365178438,0.000876792972680915,0
661689,1,0,0.0008989475972799382,0.000876792972680915,1
661742,1,0,0.0006566617677182492,0.000876792972680915,0
661771,1,0,0.00010905000568935355,0.000876792972680915,0
661863,1,0,0.0003880062344495293,0.000876792972680915,0
661924,1,0,0.0006690071155899107,0.000876792972680915,0
661965,1,0,0.004504180562793467,0.000876792972680915,1
661982,1,0,0.00201605203943954,0.000876792972680915,1
662006,1,0,0.0017393592237320587,0.000876792972680915,1
662029,1,0,0.0008881498292053069,0.000876792972680915,1
662083,1,0,0.000806800029691257,0.000876792972680915,0
662113,1,0,0.0018087601680284555,0.000876792972680915,1
662131,1,0,0.0005781931904064679,0.000876792972680915,0
662185,1,0,0.0017131983969102581,0.000876792972680915,1
662306,1,0,0.0008247458928753023,0.000876792972680915,0
662386,1,0,0.0010183081089415254,0.000876792972680915,1
662400,1,0,0.00387394462581657,0.000876792972680915,1
662417,1,0,0.00023638295449660875,0.000876792972680915,0
662422,1,0,0.00038204383974845636,0.000876792972680915,0
662459,1,0,0.003915721719231421,0.000876792972680915,1
662563,1,0,0.0007552339462110667,0.000876792972680915,0
662627,1,0,0.0007037564234390845,0.000876792972680915,0
662646,1,0,0.0018548908425420414,0.000876792972680915,1
662796,1,0,0.0007953675161617571,0.000876792972680915,0
662826,1,0,0.003709661562103755,0.000876792972680915,1
662838,1,0,0.002907469441769029,0.000876792972680915,1
662867,1,0,0.0006784432873970176,0.000876792972680915,0
662895,1,0,0.0019068256550313994,0.000876792972680915,1
662905,1,0,0.0012004900104696276,0.000876792972680915,1
662943,1,0,0.00020227032894598013,0.000876792972680915,0
663048,1,0,0.0003902300821479935,0.000876792972680915,0
663081,1,0,0.0009181645301316425,0.000876792972680915,1
663115,1,0,0.000406032884371714,0.000876792972680915,0
663133,1,0,0.0009924189631539545,0.000876792972680915,1
663144,1,0,0.0003288008618471922,0.000876792972680915,0
663162,1,0,0.0017412347390703966,0.000876792972680915,1
663165,1,0,0.0005903672150452067,0.000876792972680915,0
663178,1,0,0.0005043574628467869,0.000876792972680915,0
663374,1,0,7.148779751449891e-05,0.000876792972680915,0
663378,1,0,0.010104266829632402,0.000876792972680915,1
663410,1,0,0.0006684768336817517,0.000876792972680915,0
663457,1,0,0.0039902144102995606,0.000876792972680915,1
663467,1,0,0.00017566053247834967,0.000876792972680915,0
663486,1,0,0.0005621199227631555,0.000876792972680915,0
663507,1,0,0.001065581847534982,0.000876792972680915,1
663541,1,0,0.0004634491618281467,0.000876792972680915,0
663545,1,0,0.00014541406578087962,0.000876792972680915,0
663561,1,0,0.001534459305573455,0.000876792972680915,1
663615,1,0,7.773047848541892e-05,0.000876792972680915,0
663622,1,0,0.004756699357327502,0.000876792972680915,1
663661,1,0,0.0006135027661312795,0.000876792972680915,0
663690,1,0,0.0027260594323183403,0.000876792972680915,1
663704,1,0,0.0020226020641970865,0.000876792972680915,1
663715,1,0,0.0004576518871672874,0.000876792972680915,0
663731,1,0,0.004275460324172961,0.000876792972680915,1
663746,1,0,7.007630507031722e-05,0.000876792972680915,0
663844,1,0,0.06723970579015029,0.000876792972680915,1
663898,1,0,0.0005808028768404881,0.000876792972680915,0
663902,1,0,4.441998515912796e-05,0.000876792972680915,0
663905,1,0,0.0004670745431463761,0.000876792972680915,0
663932,1,0,0.00012059588938277544,0.000876792972680915,0
663962,1,0,0.001167122435755017,0.000876792972680915,1
664006,1,0,0.00013096458047683594,0.000876792972680915,0
664015,1,0,8.533054278206396e-05,0.000876792972680915,0
664060,1,0,0.001117009862552291,0.000876792972680915,1
664110,1,0,0.0005310614780422105,0.000876792972680915,0
664144,1,0,0.002470372106763418,0.000876792972680915,1
664150,1,0,0.00019637374216927538,0.000876792972680915,0
664152,1,0,0.0011479633668521865,0.000876792972680915,1
664207,1,0,0.0017983499083836039,0.000876792972680915,1
664215,1,0,0.0017134605964279912,0.000876792972680915,1
664218,1,0,0.0058706828041920735,0.000876792972680915,1
664233,1,0,0.0004937473225939166,0.000876792972680915,0
664237,1,0,0.0012053976701791981,0.000876792972680915,1
664243,1,0,0.0015519163725504677,0.000876792972680915,1
664438,1,0,0.0005445824999600029,0.000876792972680915,0
664443,1,0,0.000623809880464932,0.000876792972680915,0
664457,1,0,0.0004794403424442839,0.000876792972680915,0
664509,1,0,0.0001349642199714788,0.000876792972680915,0
664512,1,0,0.0010007456729926503,0.000876792972680915,1
664516,1,0,0.0006260429058165812,0.000876792972680915,0
664536,1,0,0.00012134878687623221,0.000876792972680915,0
664584,1,0,0.0004901215924273434,0.000876792972680915,0
664592,1,0,0.0008495889988732566,0.000876792972680915,0
664594,1,0,0.00010220498659497142,0.000876792972680915,0
664623,1,0,0.01113280767219417,0.000876792972680915,1
664652,1,0,0.00014465366729769018,0.000876792972680915,0
664673,1,0,8.639005427499475e-05,0.000876792972680915,0
664677,1,0,0.004601323404585194,0.000876792972680915,1
664738,1,0,0.0005001308757979265,0.000876792972680915,0
664755,1,0,0.0009573281796474121,0.000876792972680915,1
664793,1,0,0.0003619592222894675,0.000876792972680915,0
664825,1,0,0.00012092196597298773,0.000876792972680915,0
664864,1,0,0.0017384765831987077,0.000876792972680915,1
664887,1,0,0.00010246186426284897,0.000876792972680915,0
664892,1,0,6.327094352226755e-05,0.000876792972680915,0
664911,1,0,0.0004457753618602361,0.000876792972680915,0
664961,1,0,0.001292156480689277,0.000876792972680915,1
664968,1,0,0.0005248412433841622,0.000876792972680915,0
664999,1,0,0.003984340329674403,0.000876792972680915,1
665034,1,0,0.001233046328094598,0.000876792972680915,1
665060,1,0,0.0006493752747135765,0.000876792972680915,0
665068,1,0,0.001458497320629097,0.000876792972680915,1
665070,1,0,0.0025053688584665145,0.000876792972680915,1
665085,1,0,0.001052566124919805,0.000876792972680915,1
665111,1,0,0.00031892574760796307,0.000876792972680915,0
665120,1,0,0.0001147564333201183,0.000876792972680915,0
665195,1,0,0.000292268948507557,0.000876792972680915,0
665217,1,0,0.0009532588011114588,0.000876792972680915,1
665227,1,0,0.0008782027630619728,0.000876792972680915,1
665236,1,0,0.0008617968543407039,0.000876792972680915,0
665244,1,0,0.0003243551402144472,0.000876792972680915,0
665249,1,0,0.00023087357992225647,0.000876792972680915,0
665287,1,0,0.0029311401972622283,0.000876792972680915,1
665303,1,0,0.0011699784772712164,0.000876792972680915,1
665312,1,0,0.0007601865748808195,0.000876792972680915,0
665361,1,0,0.0006758547872273336,0.000876792972680915,0
665378,1,0,0.0003851896305538016,0.000876792972680915,0
665400,1,0,0.0002668006229737593,0.000876792972680915,0
665402,1,0,0.0003371143070579437,0.000876792972680915,0
665416,1,0,0.0015468584377886388,0.000876792972680915,1
665427,1,0,0.0019652060532590904,0.000876792972680915,1
665429,1,0,0.0012600680490684058,0.000876792972680915,1
665444,1,0,0.0016666402507585015,0.000876792972680915,1
665465,1,0,0.0011079831807582544,0.000876792972680915,1
665478,1,0,8.198611549792309e-05,0.000876792972680915,0
665484,1,0,0.002075457475747772,0.000876792972680915,1
665500,1,0,0.0010698942855851667,0.000876792972680915,1
665503,1,0,0.0006402764002730912,0.000876792972680915,0
665511,1,0,0.0006012460421718611,0.000876792972680915,0
665532,1,0,0.000979687877658068,0.000876792972680915,1
665558,1,0,0.00013756250237775984,0.000876792972680915,0
665597,1,0,0.00018251041707632995,0.000876792972680915,0
665612,1,0,0.0011331956264009917,0.000876792972680915,1
665633,1,0,0.0006895912789823175,0.000876792972680915,0
665635,1,0,0.0020132114899312887,0.000876792972680915,1
665649,1,0,0.0011150558573036534,0.000876792972680915,1
665659,1,0,0.0014229799573693706,0.000876792972680915,1
665660,1,0,0.0009525698995730992,0.000876792972680915,1
665696,1,0,0.002198546666232261,0.000876792972680915,1
665699,1,0,0.0012064274556624524,0.000876792972680915,1
665700,1,0,0.001242707396872362,0.000876792972680915,1
665711,1,0,0.00022385813969325236,0.000876792972680915,0
665715,1,0,0.0006972829637517271,0.000876792972680915,0
665730,1,0,0.0001308548015830517,0.000876792972680915,0
665803,1,0,0.000841702157296456,0.000876792972680915,0
665884,1,0,0.0006444923085065475,0.000876792972680915,0
665890,1,0,0.0010946866452789424,0.000876792972680915,1
665896,1,0,0.0009174556319293272,0.000876792972680915,1
665904,1,0,0.0009130483829398135,0.000876792972680915,1
665906,1,0,0.004135887654135761,0.000876792972680915,1
665918,1,0,0.0008840554184941605,0.000876792972680915,1
665968,1,0,0.004687111814960589,0.000876792972680915,1
666030,1,0,0.0021470278321087484,0.000876792972680915,1
666037,1,0,0.0012374510779623205,0.000876792972680915,1
666065,1,0,0.0006663827015985887,0.000876792972680915,0
666082,1,0,0.0014995567456544876,0.000876792972680915,1
666129,1,0,0.0018452982513453813,0.000876792972680915,1
666130,1,0,0.0019216106674514516,0.000876792972680915,1
666139,1,0,0.0002740786096137196,0.000876792972680915,0
666152,1,0,0.0022513982498345592,0.000876792972680915,1
666171,1,0,0.0028278385376056285,0.000876792972680915,1
666194,1,0,0.00048557432376429387,0.000876792972680915,0
666195,1,0,0.0001450529417643458,0.000876792972680915,0
666238,1,0,0.009457365283472683,0.000876792972680915,1
666270,1,0,0.0003306352790328617,0.000876792972680915,0
666337,1,0,0.0003940072905074634,0.000876792972680915,0
666386,1,0,0.0027275198289716854,0.000876792972680915,1
666390,1,0,0.0002812556166090969,0.000876792972680915,0
666407,1,0,0.0009686162145099597,0.000876792972680915,1
666432,1,0,0.00011257338384575285,0.000876792972680915,0
666468,1,0,0.0037713216919310357,0.000876792972680915,1
666469,1,0,0.000860998795950141,0.000876792972680915,0
666486,1,0,0.0006777744135006576,0.000876792972680915,0
666588,1,0,0.0005756265510028767,0.000876792972680915,0
666616,1,0,0.00038364966930104385,0.000876792972680915,0
666644,1,0,0.0013012841392205884,0.000876792972680915,1
666653,1,0,0.000602278558612569,0.000876792972680915,0
666663,1,0,0.00011067702858928552,0.000876792972680915,0
666757,1,0,0.0002026950596677933,0.000876792972680915,0
666759,1,0,0.00022255539516250616,0.000876792972680915,0
666781,1,0,0.00023873069260943978,0.000876792972680915,0
666794,1,0,0.00037568905154942896,0.000876792972680915,0
666814,1,0,8.12331452889384e-05,0.000876792972680915,0
666941,1,0,5.1717007813973325e-05,0.000876792972680915,0
666991,1,0,0.00446341111398168,0.000876792972680915,1
666994,1,0,0.00039008363752600134,0.000876792972680915,0
667000,1,0,0.0004559307423224999,0.000876792972680915,0
667034,1,0,0.00023225021957617572,0.000876792972680915,0
667057,1,0,0.00048061923920645765,0.000876792972680915,0
667059,1,0,0.00025607543498328917,0.000876792972680915,0
667080,1,0,0.001807504659014566,0.000876792972680915,1
667097,1,0,0.005442873682207866,0.000876792972680915,1
667142,1,0,0.0007132686807566226,0.000876792972680915,0
667144,1,0,0.004910318032443635,0.000876792972680915,1
667147,1,0,0.0006709943954866741,0.000876792972680915,0
667159,1,0,0.0006533459784973427,0.000876792972680915,0
667202,1,0,0.00250123417102814,0.000876792972680915,1
667214,1,0,0.002513628213252683,0.000876792972680915,1
667215,1,0,0.0011767922213696735,0.000876792972680915,1
667240,1,0,0.0002697733207322902,0.000876792972680915,0
667283,1,0,0.000835180113400236,0.000876792972680915,0
667313,1,0,0.0006869380027175706,0.000876792972680915,0
667316,1,0,0.0010696997926315783,0.000876792972680915,1
667355,1,0,0.00019197193932263496,0.000876792972680915,0
667615,1,0,0.0005374566279057346,0.000876792972680915,0
669274,1,0,0.000545912849500997,0.000876792972680915,0
669435,1,0,0.0008675313397488556,0.000876792972680915,0
669751,1,0,0.00010992145528021525,0.000876792972680915,0
671011,1,0,0.002917824097432055,0.000876792972680915,1
671917,1,0,0.0007150705496623929,0.000876792972680915,0
672160,1,0,0.0004554576104646492,0.000876792972680915,0
672555,1,0,0.00024308131400139316,0.000876792972680915,0
672585,1,0,0.0029705233661323363,0.000876792972680915,1
673609,1,0,0.00026484210211614204,0.000876792972680915,0
673730,1,0,0.0006292093765812057,0.000876792972680915,0
674051,1,0,0.0010291584849044162,0.000876792972680915,1
674186,1,0,0.00029008631197489194,0.000876792972680915,0
674994,1,0,0.00028161795398007106,0.000876792972680915,0
675181,1,0,0.000799220920532256,0.000876792972680915,0
675343,1,0,0.00021550574144464467,0.000876792972680915,0
675533,1,0,0.003762483792265585,0.000876792972680915,1
676133,1,0,0.0003374262301050307,0.000876792972680915,0
676595,1,0,0.0002961651523902832,0.000876792972680915,0
677923,1,0,0.0010919109147395404,0.000876792972680915,1
678218,1,0,0.00013787342962347834,0.000876792972680915,0
679762,1,0,0.0009208667911089924,0.000876792972680915,1
680103,1,0,0.0005915608122004868,0.000876792972680915,0
683338,1,0,0.0004293933429706657,0.000876792972680915,0
684344,1,0,0.00019120288950482195,0.000876792972680915,0
684548,1,0,0.00021667981019438343,0.000876792972680915,0
684657,1,0,0.00043865074278407064,0.000876792972680915,0
685108,1,0,0.0002451400728029602,0.000876792972680915,0
686269,1,0,0.003712588155283338,0.000876792972680915,1
686340,1,0,0.0005412120075134332,0.000876792972680915,0
686775,1,0,0.001399235826703402,0.000876792972680915,1
691328,1,0,0.0010971890904429536,0.000876792972680915,1
691987,1,0,0.00042940259441462544,0.000876792972680915,0
692198,1,0,0.0005761619586875938,0.000876792972680915,0
693664,1,0,0.00042320528573073856,0.000876792972680915,0
694208,1,0,0.003119765453621293,0.000876792972680915,1
694875,1,0,0.000871165340866099,0.000876792972680915,0
695208,1,0,0.005433724224618711,0.000876792972680915,1
696014,1,0,0.00028485362078969895,0.000876792972680915,0
696380,1,0,0.0002945331903626316,0.000876792972680915,0
696845,1,0,0.002958836897467042,0.000876792972680915,1
698491,1,0,0.0005861453792463765,0.000876792972680915,0
698707,1,0,0.000468755520907662,0.000876792972680915,0
698770,1,0,0.0007900644952914511,0.000876792972680915,0
699629,1,0,0.013628742867816809,0.000876792972680915,1
699751,1,0,0.0017380673912305048,0.000876792972680915,1
699753,1,0,0.0009242942607513207,0.000876792972680915,1
701070,1,0,0.0120894262472308,0.000876792972680915,1
701085,1,0,0.000986115470115812,0.000876792972680915,1
702153,1,0,0.00086370940129618,0.000876792972680915,0
702520,1,0,0.0036980545788262006,0.000876792972680915,1
703931,1,0,0.00041824248141129287,0.000876792972680915,0
704121,1,0,0.0007689374710187564,0.000876792972680915,0
704533,1,0,0.0003345284479004624,0.000876792972680915,0
705151,1,0,0.0002325666349392867,0.000876792972680915,0
705218,1,0,0.0017198482382622961,0.000876792972680915,1
705594,1,0,0.002365444963884307,0.000876792972680915,1
706129,1,0,0.0012147119724626443,0.000876792972680915,1
706548,1,0,0.0003812750926585697,0.000876792972680915,0
706621,1,0,0.0007434052186145438,0.000876792972680915,0
707117,1,0,0.002114641847827502,0.000876792972680915,1
707260,1,0,0.0006610534031039922,0.000876792972680915,0
707841,1,0,0.0004766115015517083,0.000876792972680915,0
709437,1,0,0.0002826437555221072,0.000876792972680915,0
709823,1,0,0.0001664687287181491,0.000876792972680915,0
709890,1,0,0.00038025484830781034,0.000876792972680915,0
712041,1,0,0.0002555587704967565,0.000876792972680915,0
712052,1,0,0.00018587692595232726,0.000876792972680915,0
712669,1,0,0.00013036918856626373,0.000876792972680915,0
713184,1,0,0.0007566622499180457,0.000876792972680915,0
713221,1,0,0.0006696424171237107,0.000876792972680915,0
714029,1,0,0.00042350164004282534,0.000876792972680915,0
714054,1,0,0.00045972916648579735,0.000876792972680915,0
714193,1,0,0.00012409289852332992,0.000876792972680915,0
714396,1,0,0.00030971575662249405,0.000876792972680915,0
714527,1,0,0.0011666525091582351,0.000876792972680915,1
714553,1,0,0.001901646270466606,0.000876792972680915,1
715100,1,0,0.00016899606608845034,0.000876792972680915,0
715379,1,0,0.0035529860601288274,0.000876792972680915,1
715399,1,0,0.00014961981163755684,0.000876792972680915,0
715443,1,0,0.0001795711960554943,0.000876792972680915,0
715538,1,0,0.00909205314545592,0.000876792972680915,1
717171,1,0,0.00024307721222523786,0.000876792972680915,0
717539,1,0,0.0006608599760599529,0.000876792972680915,0
717657,1,0,0.0004924300510862748,0.000876792972680915,0
718035,1,0,0.0003435995862261463,0.000876792972680915,0
718572,1,0,0.0002280302253328753,0.000876792972680915,0
719101,1,0,0.005445992677481556,0.000876792972680915,1
719650,1,0,5.612223037099587e-05,0.000876792972680915,0
720004,1,0,0.00044771170989540553,0.000876792972680915,0
720585,1,0,0.0010168805621641039,0.000876792972680915,1
722503,1,0,0.0012614236592398396,0.000876792972680915,1
726848,1,0,0.0005327039909050672,0.000876792972680915,0
727725,1,0,0.0057407380377869875,0.000876792972680915,1
728497,1,0,0.005844944292428297,0.000876792972680915,1
729563,1,0,0.00013091400814571814,0.000876792972680915,0
729749,1,0,0.0026911913440271938,0.000876792972680915,1
731807,1,0,8.605290232622716e-05,0.000876792972680915,0
733793,1,0,0.00034522345635249884,0.000876792972680915,0
734097,1,0,0.0003372692809361074,0.000876792972680915,0
734497,1,0,0.002796659917442132,0.000876792972680915,1
735875,1,0,0.0009538366100380386,0.000876792972680915,1
738096,1,0,0.0007842075395778381,0.000876792972680915,0
738845,1,0,0.000504143048322566,0.000876792972680915,0
739612,1,0,0.0009132518480271157,0.000876792972680915,1
740589,1,0,0.0010338297047803612,0.000876792972680915,1
740754,1,0,0.0009160675668337217,0.000876792972680915,1
740876,1,0,0.00041260505420061966,0.000876792972680915,0
742643,1,0,0.0001445715994135604,0.000876792972680915,0
742754,1,0,0.0006264138690177332,0.000876792972680915,0
743130,1,0,0.00040748175537224724,0.000876792972680915,0
743969,1,0,0.00035005420073115043,0.000876792972680915,0
744343,1,0,0.0007100048724256521,0.000876792972680915,0
745537,1,0,0.010053425070279332,0.000876792972680915,1
746207,1,0,0.0007139604147685726,0.000876792972680915,0
746545,1,0,0.00010380176508841881,0.000876792972680915,0
746585,1,0,0.00022612753644875346,0.000876792972680915,0
746692,1,0,0.0011087309883748792,0.000876792972680915,1
747391,1,0,0.0017832354174829423,0.000876792972680915,1
747476,1,0,0.0014378218832093062,0.000876792972680915,1
748068,1,0,0.0014084478498965903,0.000876792972680915,1
748263,1,0,0.0006751180932454763,0.000876792972680915,0
748950,1,0,0.0004938081716517583,0.000876792972680915,0
749403,1,0,0.0003348375897974867,0.000876792972680915,0
750220,1,0,0.002329902672627095,0.000876792972680915,1
750669,1,0,0.001534327411598842,0.000876792972680915,1
750712,1,0,0.0002126774417879962,0.000876792972680915,0
750927,1,0,0.00011811874354350248,0.000876792972680915,0
751320,1,0,0.0007657474927775049,0.000876792972680915,0
751373,1,0,0.0035039654896978105,0.000876792972680915,1
752122,1,0,0.0008458968393702303,0.000876792972680915,0
752158,1,0,0.00016692715652810185,0.000876792972680915,0
752301,1,0,5.542736790850281e-05,0.000876792972680915,0
752667,1,0,0.0031885961504797317,0.000876792972680915,1
752793,1,0,0.00026495356494270943,0.000876792972680915,0
752838,1,0,0.00024338951419211857,0.000876792972680915,0
752905,1,0,0.0008800418591532469,0.000876792972680915,1
753292,1,0,0.0003240976730641329,0.000876792972680915,0
753814,1,0,0.0010092067351853908,0.000876792972680915,1
753989,1,0,0.0002653524306274017,0.000876792972680915,0
754937,1,0,9.814999595894711e-05,0.000876792972680915,0
755368,1,0,0.00015348518202413437,0.000876792972680915,0
755570,1,0,0.00015541357519307334,0.000876792972680915,0
756358,1,0,0.001987204279008096,0.000876792972680915,1
756649,1,0,0.0004310509496489821,0.000876792972680915,0
756689,1,0,0.00021974831234444845,0.000876792972680915,0
756749,1,0,0.0003748918410317364,0.000876792972680915,0
756833,1,0,0.0009796691344210024,0.000876792972680915,1
756904,1,0,0.0005043888217347164,0.000876792972680915,0
758269,1,0,0.0003112338085857134,0.000876792972680915,0
760047,1,0,0.005475145725456736,0.000876792972680915,1
762330,1,0,0.0003364830834792757,0.000876792972680915,0
762462,1,0,0.0004364510201915496,0.000876792972680915,0
764336,1,0,0.00024313110664839639,0.000876792972680915,0
764722,1,0,0.0002947911760419319,0.000876792972680915,0
765667,1,0,0.00029871216812922806,0.000876792972680915,0
768189,1,0,0.004060782340502012,0.000876792972680915,1
768406,1,0,9.187274705242463e-05,0.000876792972680915,0
768965,1,0,0.0029031107176065688,0.000876792972680915,1
769060,1,0,0.0006779790468674345,0.000876792972680915,0
769090,1,0,0.0020226969565749825,0.000876792972680915,1
769135,1,0,0.003820223696759706,0.000876792972680915,1
770213,1,0,0.0018040673724164346,0.000876792972680915,1
770793,1,0,0.0004573625656903535,0.000876792972680915,0
771966,1,0,0.0023729793004224355,0.000876792972680915,1
772276,1,0,0.0003382272448669871,0.000876792972680915,0
772515,1,0,0.0002608503182679508,0.000876792972680915,0
772520,1,0,0.0008493099295769842,0.000876792972680915,0
773039,1,0,9.181011479454886e-05,0.000876792972680915,0
774489,1,0,0.0009469977563785306,0.000876792972680915,1
774884,1,0,9.360518441163062e-05,0.000876792972680915,0
775799,1,0,0.00027203346443401824,0.000876792972680915,0
778626,1,0,0.0008695874826228203,0.000876792972680915,0
778714,1,0,0.00030817132612616973,0.000876792972680915,0
779968,1,0,0.03691900215320383,0.000876792972680915,1
781328,1,0,0.00051165802466385,0.000876792972680915,0
782348,1,0,0.00015916162834501927,0.000876792972680915,0
782414,1,0,0.0005126655330168243,0.000876792972680915,0
782630,1,0,0.001987352138094585,0.000876792972680915,1
782864,1,0,0.0004505877295527153,0.000876792972680915,0
782865,1,0,0.0003305086698234895,0.000876792972680915,0
786375,1,0,0.004417466587786305,0.000876792972680915,1
786671,1,0,0.0026769927166960723,0.000876792972680915,1
787442,1,0,9.17816642634728e-05,0.000876792972680915,0
787615,1,0,0.0005450980333459469,0.000876792972680915,0
787692,1,0,0.0008932807317151992,0.000876792972680915,1
787773,1,0,0.00037239350333892815,0.000876792972680915,0
787920,1,0,0.0012083342791685055,0.000876792972680915,1
790153,1,0,0.0007656957783720198,0.000876792972680915,0
790310,1,0,0.0005968066585627512,0.000876792972680915,0
790432,1,0,0.0011401844541104199,0.000876792972680915,1
791477,1,0,0.0002575402246686025,0.000876792972680915,0
791564,1,0,0.000914202380154136,0.000876792972680915,1
793594,1,0,0.004025420494803405,0.000876792972680915,1
793678,1,0,0.0005011655418336988,0.000876792972680915,0
793991,1,0,0.0012763716498062868,0.000876792972680915,1
794096,1,0,0.0005218435670079123,0.000876792972680915,0
794578,1,0,0.0008751897823132936,0.000876792972680915,0
794607,1,0,0.00022355918420891927,0.000876792972680915,0
795916,1,0,0.00020067111635058114,0.000876792972680915,0
796903,1,0,0.00037116974613164667,0.000876792972680915,0
797232,1,0,0.002036737720528701,0.000876792972680915,1
797333,1,0,0.00018290741587401063,0.000876792972680915,0
797670,1,0,7.941905388506184e-05,0.000876792972680915,0
797933,1,0,5.0970083269248045e-05,0.000876792972680915,0
798105,1,0,0.0008002880745331822,0.000876792972680915,0
798780,1,0,0.0018120907102863047,0.000876792972680915,1
800327,1,0,0.0014272256591583265,0.000876792972680915,1
800429,1,0,6.495983775138492e-05,0.000876792972680915,0
801290,1,0,8.454944935409389e-05,0.000876792972680915,0
802085,1,0,0.0003157355838831141,0.000876792972680915,0
802097,1,0,0.0007482133325086824,0.000876792972680915,0
803048,1,0,0.0008516903772438145,0.000876792972680915,0
803418,1,0,0.0003659043421598054,0.000876792972680915,0
805390,1,0,0.0011513486226746026,0.000876792972680915,1
806175,1,0,6.849764498921138e-05,0.000876792972680915,0
807071,1,0,0.0016564910727261003,0.000876792972680915,1
811280,1,0,0.0005417699975278247,0.000876792972680915,0
812029,1,0,0.0001265973774101241,0.000876792972680915,0
815481,1,0,7.932578137644242e-05,0.000876792972680915,0
821815,1,0,0.003708088683466022,0.000876792972680915,1
823364,1,0,0.00030915748751376065,0.000876792972680915,0
826934,1,0,0.0001499536299868043,0.000876792972680915,0
827711,1,0,6.899335339653001e-05,0.000876792972680915,0
828555,1,0,0.0010829065302089625,0.000876792972680915,1
829194,1,0,0.0010293750363533506,0.000876792972680915,1
829820,1,0,0.004185118231604554,0.000876792972680915,1
829856,1,0,0.00022337819544256907,0.000876792972680915,0
829946,1,0,0.0039718204473482175,0.000876792972680915,1
830688,1,0,0.00164835540271754,0.000876792972680915,1
831603,1,0,0.0022514133040596146,0.000876792972680915,1
831798,1,0,0.0003194904297564807,0.000876792972680915,0
832308,1,0,0.0007046993151415234,0.000876792972680915,0
833616,1,0,0.00011494565596667021,0.000876792972680915,0
836204,1,0,0.0004027484245865034,0.000876792972680915,0
838549,1,0,0.00023098047942172523,0.000876792972680915,0
838737,1,0,0.00061154439356487,0.000876792972680915,0
840682,1,0,0.0002326964917742673,0.000876792972680915,0
843337,1,0,0.00014576196220415766,0.000876792972680915,0
844858,1,0,0.00041367502130394744,0.000876792972680915,0
845766,1,0,0.0005361813326917044,0.000876792972680915,0
846475,1,0,0.001187937905489411,0.000876792972680915,1
846547,1,0,0.0015660124341275753,0.000876792972680915,1
847066,1,0,0.0007824327153616426,0.000876792972680915,0
847874,1,0,0.000386680859573445,0.000876792972680915,0
847923,1,0,0.00273145212301306,0.000876792972680915,1
847943,1,0,0.0006875990525297785,0.000876792972680915,0
848598,1,0,0.00011277106543230662,0.000876792972680915,0
848717,1,0,0.0016639079517220682,0.000876792972680915,1
848719,1,0,0.002639167967228215,0.000876792972680915,1
851156,1,0,0.00060832793323484,0.000876792972680915,0
852180,1,0,0.00024926445586379486,0.000876792972680915,0
852246,1,0,0.006627495107433785,0.000876792972680915,1
853427,1,0,0.0011136352500748436,0.000876792972680915,1
854265,1,0,0.0014503293918013197,0.000876792972680915,1
856143,1,0,0.0007083363540122106,0.000876792972680915,0
859114,1,0,0.00021770618717760072,0.000876792972680915,0
860215,1,0,0.0008765264815453224,0.000876792972680915,0
866382,1,0,0.0008644249299026264,0.000876792972680915,0
866516,1,0,0.00043611073013536815,0.000876792972680915,0
866661,1,0,0.00010985046996074369,0.000876792972680915,0
866671,1,0,0.0005831785075878201,0.000876792972680915,0
866920,1,0,0.002419253642448559,0.000876792972680915,1
866943,1,0,0.0005732379304464885,0.000876792972680915,0
866987,1,0,0.0001193550718942878,0.000876792972680915,0
867086,1,0,0.0006221042821935605,0.000876792972680915,0
867488,1,0,0.0007314651471706848,0.000876792972680915,0
867980,1,0,0.001012093634577329,0.000876792972680915,1
869427,1,0,0.00038198221012679905,0.000876792972680915,0
869526,1,0,0.00010042873985473487,0.000876792972680915,0
869690,1,0,0.0004836715234035221,0.000876792972680915,0
869844,1,0,6.612641794308946e-05,0.000876792972680915,0
870241,1,0,0.001837753853749416,0.000876792972680915,1
870393,1,0,0.002947474237969258,0.000876792972680915,1
870960,1,0,0.00022373062392295163,0.000876792972680915,0
871476,1,0,0.0003426169699830045,0.000876792972680915,0
871808,1,0,0.0008982165771595238,0.000876792972680915,1
872090,1,0,0.0003183970157415163,0.000876792972680915,0
872317,1,0,0.0036064124086016163,0.000876792972680915,1
872330,1,0,0.0006956565658483854,0.000876792972680915,0
872367,1,0,0.002186929813060376,0.000876792972680915,1
873063,1,0,0.0022066436136575144,0.000876792972680915,1
873512,1,0,8.198971963160857e-05,0.000876792972680915,0
873588,1,0,0.0006450273620843224,0.000876792972680915,0
873594,1,0,0.00039449496757836255,0.000876792972680915,0
873914,1,0,4.057488446185448e-05,0.000876792972680915,0
873978,1,0,0.00012574654004647776,0.000876792972680915,0
874386,1,0,0.0012848052657919533,0.000876792972680915,1
875199,1,0,0.002865683528025127,0.000876792972680915,1
875376,1,0,0.00018905514814163715,0.000876792972680915,0
877354,1,0,0.002194667942647774,0.000876792972680915,1
877366,1,0,0.0005777501224083142,0.000876792972680915,0
877833,1,0,0.0003918155522952183,0.000876792972680915,0
878804,1,0,0.00048374624955958037,0.000876792972680915,0
880010,1,0,0.00010043968859078989,0.000876792972680915,0
880574,1,0,0.00018373515078190525,0.000876792972680915,0
881046,1,0,0.0005734406639747757,0.000876792972680915,0
882506,1,0,0.0029382806524089066,0.000876792972680915,1
885431,1,0,0.0007422047626705832,0.000876792972680915,0
886657,1,0,0.01461538102241993,0.000876792972680915,1
888108,1,0,0.0005506256710249534,0.000876792972680915,0
888358,1,0,0.0005777900010724728,0.000876792972680915,0
888373,1,0,0.0001284033804628679,0.000876792972680915,0
889333,1,0,0.0001708233216216005,0.000876792972680915,0
889704,1,0,0.0005904105069866813,0.000876792972680915,0
889880,1,0,0.00036365269791976723,0.000876792972680915,0
890827,1,0,0.00018997988525744317,0.000876792972680915,0
890979,1,0,0.00027533233256155066,0.000876792972680915,0
891156,1,0,0.001521327692975995,0.000876792972680915,1
891289,1,0,0.00021011752281598845,0.000876792972680915,0
891461,1,0,0.0017510400975138444,0.000876792972680915,1
891798,1,0,0.00028596754640016576,0.000876792972680915,0
892027,1,0,0.0011772743945809756,0.000876792972680915,1
892424,1,0,0.00010001495825876874,0.000876792972680915,0
892462,1,0,0.0003267661041711165,0.000876792972680915,0
892728,1,0,0.0001608227727019342,0.000876792972680915,0
892999,1,0,0.0026824986443779253,0.000876792972680915,1
893238,1,0,0.008998381184548055,0.000876792972680915,1
893290,1,0,0.00019531613065343196,0.000876792972680915,0
893292,1,0,0.00012867054944934485,0.000876792972680915,0
893368,1,0,0.0002720556517833199,0.000876792972680915,0
893369,1,0,0.0011044609413727862,0.000876792972680915,1
893664,1,0,0.00042052292530434226,0.000876792972680915,0
893729,1,0,0.0018486202279101058,0.000876792972680915,1
893755,1,0,7.002882940376493e-05,0.000876792972680915,0
894549,1,0,0.000525495458441282,0.000876792972680915,0
894644,1,0,0.0004933744758922486,0.000876792972680915,0
895015,1,0,0.0024150986581597594,0.000876792972680915,1
895051,1,0,0.0005655231164227845,0.000876792972680915,0
895701,1,0,0.0011399287612335444,0.000876792972680915,1
895881,1,0,0.0006291708670532595,0.000876792972680915,0
896068,1,0,4.758889472142944e-05,0.000876792972680915,0
896649,1,0,0.005867588878795857,0.000876792972680915,1
897479,1,0,0.0003096488456147228,0.000876792972680915,0
898015,1,0,0.0003726692836098758,0.000876792972680915,0
898091,1,0,0.00043892792456233515,0.000876792972680915,0
898362,1,0,0.0001576062912164604,0.000876792972680915,0
899074,1,0,0.0008308364084044431,0.000876792972680915,0
900288,1,0,0.001059825841926578,0.000876792972680915,1
900524,1,0,0.0011044048377200073,0.000876792972680915,1
900796,1,0,0.0006274664701492873,0.000876792972680915,0
900993,1,0,0.001785876117278925,0.000876792972680915,1
901224,1,0,0.0008758062830012968,0.000876792972680915,0
904602,1,0,0.0013295472921420425,0.000876792972680915,1
910585,1,0,0.0003241205301115196,0.000876792972680915,0
913814,1,0,0.001273036266369615,0.000876792972680915,1
915757,1,0,0.00043777315761212954,0.000876792972680915,0
920392,1,0,0.0013254011056447225,0.000876792972680915,1
923199,1,0,0.0003747521926609021,0.000876792972680915,0
923206,1,0,0.00021688990573037842,0.000876792972680915,0
923207,1,0,3.858980650252856e-05,0.000876792972680915,0
923210,1,0,0.0005251370570904896,0.000876792972680915,0
934797,1,0,0.0005985362846030411,0.000876792972680915,0
934896,1,0,0.0002773583662160499,0.000876792972680915,0
935064,1,0,0.0004296974894108711,0.000876792972680915,0
935234,1,0,0.00017306488417896966,0.000876792972680915,0
935269,1,0,0.00040666416354694773,0.000876792972680915,0
935556,1,0,0.0009366296747620627,0.000876792972680915,1
936578,1,0,0.0003546910045854017,0.000876792972680915,0
936637,1,0,0.0004026708099323201,0.000876792972680915,0
936708,1,0,0.00034662752831295915,0.000876792972680915,0
937197,1,0,0.0003496164038656588,0.000876792972680915,0
941246,1,0,0.0001554889472207825,0.000876792972680915,0
945378,1,0,7.887794794130703e-05,0.000876792972680915,0
945443,1,0,0.0019304604752390052,0.000876792972680915,1
945763,1,0,0.0003563287514577014,0.000876792972680915,0
948801,1,0,0.0011339569113536835,0.000876792972680915,1
951580,1,0,0.00011029715566018566,0.000876792972680915,0
952505,1,0,0.0003096426447433819,0.000876792972680915,0
953656,1,0,0.0011951458976195792,0.000876792972680915,1
956345,1,0,0.0034619011275439063,0.000876792972680915,1
956509,1,0,0.00027034514856646996,0.000876792972680915,0
957413,1,0,0.002210721552847471,0.000876792972680915,1
958620,1,0,0.000744693169447838,0.000876792972680915,0
962267,1,0,0.001116435705398573,0.000876792972680915,1
965272,1,0,0.0006381639838674664,0.000876792972680915,0
967271,1,0,0.0005366684557137907,0.000876792972680915,0
967722,1,0,0.009794287410313858,0.000876792972680915,1
967787,1,0,6.925763717959044e-05,0.000876792972680915,0
967914,1,0,0.00045353632572768586,0.000876792972680915,0
969673,1,0,0.0003041369924350753,0.000876792972680915,0
970263,1,0,0.0008881146228215055,0.000876792972680915,1
970559,1,0,0.0005293876758931044,0.000876792972680915,0
970835,1,0,0.00031111240831632444,0.000876792972680915,0
970871,1,0,0.003930904254859232,0.000876792972680915,1
970938,1,0,0.0005859947790995244,0.000876792972680915,0
971039,1,0,0.001349160718809413,0.000876792972680915,1
971861,1,0,0.00021973499543209355,0.000876792972680915,0
971878,1,0,0.001530834614909707,0.000876792972680915,1
972247,1,0,0.0013703510159916651,0.000876792972680915,1
972317,1,0,0.00010991301314581459,0.000876792972680915,0
972560,1,0,0.00013776309861418152,0.000876792972680915,0
972595,1,0,0.005901307580730479,0.000876792972680915,1
972603,1,0,0.0019940033936492532,0.000876792972680915,1
972842,1,0,0.002186447911307305,0.000876792972680915,1
973041,1,0,0.0008506244430041362,0.000876792972680915,0
973068,1,0,0.0023735572157402556,0.000876792972680915,1
973212,1,0,0.0013997146800576942,0.000876792972680915,1
973358,1,0,0.012504369054936293,0.000876792972680915,1
973400,1,0,0.004159950214343464,0.000876792972680915,1
973595,1,0,0.00023336888655236702,0.000876792972680915,0
973782,1,0,0.0028072904932856906,0.000876792972680915,1
974070,1,0,0.00041376929467065255,0.000876792972680915,0
974153,1,0,0.0004339970242279874,0.000876792972680915,0
974192,1,0,0.0016160804646423302,0.000876792972680915,1
974602,1,0,0.0013542341711266473,0.000876792972680915,1
974713,1,0,0.000555314566762221,0.000876792972680915,0
974925,1,0,0.00027559090604118444,0.000876792972680915,0
974955,1,0,0.00045265088166371987,0.000876792972680915,0
976075,1,0,0.0005013046866453793,0.000876792972680915,0
976162,1,0,0.00023570620076592962,0.000876792972680915,0
976285,1,0,0.05446219901885032,0.000876792972680915,1
976394,1,0,0.0001495830502952775,0.000876792972680915,0
976706,1,0,0.00023383814371244542,0.000876792972680915,0
976794,1,0,0.00039199208156549017,0.000876792972680915,0
976985,1,0,0.0016486178619387858,0.000876792972680915,1
977133,1,0,0.0007762093045659303,0.000876792972680915,0
977233,1,0,3.7204589102323785e-05,0.000876792972680915,0
977306,1,0,0.002572537462478965,0.000876792972680915,1
977415,1,0,0.000797125795694455,0.000876792972680915,0
977429,1,0,0.0003348810382356619,0.000876792972680915,0
977504,1,0,0.0012191228698919586,0.000876792972680915,1
977664,1,0,0.005076456199449074,0.000876792972680915,1
977800,1,0,0.000978723925531527,0.000876792972680915,1
978260,1,0,0.0010747094924603636,0.000876792972680915,1
978969,1,0,0.022361343937560573,0.000876792972680915,1
980701,1,0,0.0001382420041811951,0.000876792972680915,0
982331,1,0,0.0003009864901196615,0.000876792972680915,0
984193,1,0,0.003961305129998321,0.000876792972680915,1
985316,1,0,0.0016482686861259022,0.000876792972680915,1
987254,1,0,0.0016431815809638498,0.000876792972680915,1
989220,1,0,0.00046634021812428907,0.000876792972680915,0
991754,1,0,0.0010515688222511308,0.000876792972680915,1
992281,1,0,0.00045016141868421667,0.000876792972680915,0
993392,1,0,0.0014791109252796524,0.000876792972680915,1
1008080,1,0,0.0003805808906825036,0.000876792972680915,0
1010420,1,0,0.00029136582977531587,0.000876792972680915,0
1012319,1,0,0.0002777751202297858,0.000876792972680915,0
1034468,1,0,0.0013972435810771953,0.000876792972680915,1
1041318,1,0,0.00041738288946781813,0.000876792972680915,0
1044767,1,0,0.0021855171657183723,0.000876792972680915,1
1050462,1,0,0.0010092997772306641,0.000876792972680915,1
1069130,1,0,0.0009030615788539917,0.000876792972680915,1
1069562,1,0,0.0011257439969392694,0.000876792972680915,1
1070224,1,0,0.0002879115771952499,0.000876792972680915,0
1071278,1,0,0.0005960185955854264,0.000876792972680915,0
1072066,1,0,0.00011902251209687425,0.000876792972680915,0
1073127,1,0,0.00018363995105374252,0.000876792972680915,0
1075551,1,0,7.048686024730583e-05,0.000876792972680915,0
1075566,1,0,0.00028486000899758583,0.000876792972680915,0
1078123,1,0,0.0009836476293283896,0.000876792972680915,1
1079377,1,0,0.0014765276898573915,0.000876792972680915,1
1080043,1,0,0.00034176005385243063,0.000876792972680915,0
1080280,1,0,0.0008590434579087849,0.000876792972680915,0
1080538,1,0,0.0006139562235157065,0.000876792972680915,0
1081943,1,0,0.00026456830764349544,0.000876792972680915,0
1084037,1,0,0.0002789865030827347,0.000876792972680915,0
1084370,1,0,0.0001936163624628772,0.000876792972680915,0
1084980,1,0,0.0009744160240735145,0.000876792972680915,1
1085507,1,0,0.0008826884613725473,0.000876792972680915,1
1085969,1,0,5.919725237347184e-05,0.000876792972680915,0
1086088,1,0,0.012532132762991796,0.000876792972680915,1
1087322,1,0,0.00040893248670932023,0.000876792972680915,0
1088642,1,0,0.0016818820542804458,0.000876792972680915,1
1088681,1,0,0.0001865654315323584,0.000876792972680915,0
1089055,1,0,0.0003675239305153195,0.000876792972680915,0
1090110,1,0,0.00012734148133402112,0.000876792972680915,0
1090945,1,0,0.0015507155065112102,0.000876792972680915,1
1091475,1,0,0.00048364069139204824,0.000876792972680915,0
1091676,1,0,0.0036886379994631882,0.000876792972680915,1
1092932,1,0,0.0004950785664417455,0.000876792972680915,0
1093251,1,0,0.0014403077482881975,0.000876792972680915,1
1094091,1,0,0.0006165627884715299,0.000876792972680915,0
1094288,1,0,0.0007995438180147323,0.000876792972680915,0
1094882,1,0,0.0005882463475455439,0.000876792972680915,0
1094980,1,0,0.0003218022328937271,0.000876792972680915,0
1095124,1,0,0.0003602798099105653,0.000876792972680915,0
1096294,1,0,0.0006615714301248149,0.000876792972680915,0
1104092,1,0,0.002136622279042079,0.000876792972680915,1
1112844,1,0,0.0006002627157231197,0.000876792972680915,0
1115131,1,0,0.0006455185245025451,0.000876792972680915,0
1118257,1,0,0.011866094601046274,0.000876792972680915,1
1121354,1,0,0.000855796162735873,0.000876792972680915,0
1122116,1,0,0.0008113164168192172,0.000876792972680915,0
1129881,1,0,0.0016670951927727333,0.000876792972680915,1
1133587,1,0,0.0010624191644352217,0.000876792972680915,1
1136397,1,0,0.00018964481184558361,0.000876792972680915,0
1137865,1,0,0.001066742171286836,0.000876792972680915,1
1147557,1,0,0.0006863815430611126,0.000876792972680915,0
1149679,1,0,0.0012491031657521268,0.000876792972680915,1
1152634,1,0,0.0032315989996612626,0.000876792972680915,1
1153671,1,0,0.0003066326949468747,0.000876792972680915,0
1156033,1,0,0.0001871916188906637,0.000876792972680915,0
1160733,1,0,0.00040766113620146636,0.000876792972680915,0
1164668,1,0,0.002835988211279498,0.000876792972680915,1
1167248,1,0,0.0005344925752399294,0.000876792972680915,0
1177287,1,0,0.00035500996476338695,0.000876792972680915,0
1178217,1,0,0.00020355822774579277,0.000876792972680915,0
1180112,1,0,0.0005085504648004992,0.000876792972680915,0
1182906,1,0,0.0015099437621276047,0.000876792972680915,1
1190260,1,0,0.00042427260231275794,0.000876792972680915,0
1203196,1,0,0.0001311309564138076,0.000876792972680915,0
1204217,1,0,0.004676871845453723,0.000876792972680915,1
1207936,1,0,0.0009136532714554814,0.000876792972680915,1
1213365,1,0,0.000834658262993735,0.000876792972680915,0
1217154,1,0,0.0004983786978412499,0.000876792972680915,0
1220269,1,0,0.0011930240382102331,0.000876792972680915,1
1222832,1,0,0.0011458733904454923,0.000876792972680915,1
1227337,1,0,0.0007764501304908754,0.000876792972680915,0
1234087,1,0,0.0011671221842908545,0.000876792972680915,1
1235819,1,0,0.000388695522144066,0.000876792972680915,0
1236189,1,0,0.0011894679656148444,0.000876792972680915,1
1239232,1,0,0.008230296849452907,0.000876792972680915,1
1241962,1,0,0.0006713852849504162,0.000876792972680915,0
1242022,1,0,0.0002756865103229747,0.000876792972680915,0
1243763,1,0,0.006635550935634948,0.000876792972680915,1
1244590,1,0,0.0013766748045558556,0.000876792972680915,1
1244711,1,0,0.0008563239401365804,0.000876792972680915,0
1245035,1,0,0.0004215128118926244,0.000876792972680915,0
1245049,1,0,0.00012047933557006091,0.000876792972680915,0
1245058,1,0,0.0012844482645053452,0.000876792972680915,1
1245174,1,0,0.001287958913111172,0.000876792972680915,1
1245418,1,0,0.0005748674097884011,0.000876792972680915,0
1245581,1,0,0.002313690039117589,0.000876792972680915,1
1245677,1,0,0.0022160232620388924,0.000876792972680915,1
1245885,1,0,0.0004279763251687005,0.000876792972680915,0
1246241,1,0,0.00218993867495824,0.000876792972680915,1
1246262,1,0,0.00010860374320836812,0.000876792972680915,0
1246317,1,0,0.003360265039945618,0.000876792972680915,1
1246423,1,0,0.0006665578777206276,0.000876792972680915,0
1246473,1,0,0.0007686613392705823,0.000876792972680915,0
1246663,1,0,0.0002698394775265228,0.000876792972680915,0
1246952,1,0,0.001895140800720466,0.000876792972680915,1
1247020,1,0,0.003013510882420572,0.000876792972680915,1
1247215,1,0,0.0013052214489648732,0.000876792972680915,1
1247272,1,0,0.0012259845848833874,0.000876792972680915,1
1247681,1,0,0.0006321093361417581,0.000876792972680915,0
1247755,1,0,0.00032561162632476165,0.000876792972680915,0
1247966,1,0,0.00019975464265601276,0.000876792972680915,0
1248259,1,0,0.0009793906292133213,0.000876792972680915,1
1248521,1,0,0.000566022168369126,0.000876792972680915,0
1249221,1,0,0.0016783504369227167,0.000876792972680915,1
1250020,1,0,0.00011697810710697753,0.000876792972680915,0
1250533,1,0,0.0004292041719691944,0.000876792972680915,0
1250695,1,0,0.0012155900518337234,0.000876792972680915,1
1250928,1,0,0.00039862682354229394,0.000876792972680915,0
1251500,1,0,0.00028023841928016087,0.000876792972680915,0
1252205,1,0,6.0106642226263825e-05,0.000876792972680915,0
1252430,1,0,0.0020164619045662225,0.000876792972680915,1
1252775,1,0,0.0008315333362623491,0.000876792972680915,0
1253429,1,0,0.0009095927923050112,0.000876792972680915,1
1256251,1,0,0.0006275566547440397,0.000876792972680915,0
1256853,1,0,0.00028279269199802477,0.000876792972680915,0
1256865,1,0,0.003977435209543099,0.000876792972680915,1
1257512,1,0,7.920575274977477e-05,0.000876792972680915,0
1257531,1,0,0.0007937049305571988,0.000876792972680915,0
1257729,1,0,0.000113554802984323,0.000876792972680915,0
1258003,1,0,0.0003661675689832814,0.000876792972680915,0
1258161,1,0,0.0005904127642485954,0.000876792972680915,0
1259020,1,0,0.025116658458120066,0.000876792972680915,1
1259709,1,0,0.006030311013341327,0.000876792972680915,1
1259858,1,0,0.000578353717318352,0.000876792972680915,0
1262216,1,0,0.0001912410059085953,0.000876792972680915,0
1262685,1,0,0.0015001635268954323,0.000876792972680915,1
1263104,1,0,0.00011295677894463749,0.000876792972680915,0
1263357,1,0,0.0007084440012416064,0.000876792972680915,0
1264360,1,0,0.000342694257153159,0.000876792972680915,0
1264900,1,0,0.0004528563361300281,0.000876792972680915,0
1264902,1,0,0.00025412846055383417,0.000876792972680915,0
1265494,1,0,0.0007219015110483338,0.000876792972680915,0
1266519,1,0,0.00020660130523069762,0.000876792972680915,0
1266768,1,0,0.018849801396759486,0.000876792972680915,1
1267671,1,0,0.00019343283862254424,0.000876792972680915,0
1267856,1,0,0.031071682625082777,0.000876792972680915,1
1269494,1,0,0.00022057116299390014,0.000876792972680915,0
1285995,1,0,0.0003447254877328448,0.000876792972680915,0
1286715,1,0,0.0046301470860341,0.000876792972680915,1
1287206,1,0,0.0002620637835346904,0.000876792972680915,0
1288173,1,0,6.613371196893438e-05,0.000876792972680915,0
1288938,1,0,0.001419720007265086,0.000876792972680915,1
1289072,1,0,0.001129320862115847,0.000876792972680915,1
1289729,1,0,0.0002539886649182917,0.000876792972680915,0
1290059,1,0,0.0005917419259987477,0.000876792972680915,0
1292057,1,0,0.00016533279262612144,0.000876792972680915,0
1292336,1,0,0.005365947224906189,0.000876792972680915,1
1292507,1,0,0.00042093084680937324,0.000876792972680915,0
1292871,1,0,0.0032693740112370528,0.000876792972680915,1
1293110,1,0,0.0008390720454857771,0.000876792972680915,0
1295477,1,0,0.0004349784760314431,0.000876792972680915,0
1296067,1,0,0.0002075275257058846,0.000876792972680915,0
1296911,1,0,0.0035376386497101373,0.000876792972680915,1
1299132,1,0,0.00030822955742610753,0.000876792972680915,0
1299473,1,0,0.001473123193386129,0.000876792972680915,1
1301658,1,0,0.00015334337570571495,0.000876792972680915,0
1301937,1,0,0.0012969867491396682,0.000876792972680915,1
1304866,1,0,0.0005087401087744712,0.000876792972680915,0
1306434,1,0,0.0005013174208783737,0.000876792972680915,0
1306519,1,0,0.0006147244417113542,0.000876792972680915,0
1307078,1,0,0.0009007455933533591,0.000876792972680915,1
1307368,1,0,3.436181299018688e-05,0.000876792972680915,0
1307706,1,0,0.000200371825459352,0.000876792972680915,0
1309069,1,0,0.0002620399201045804,0.000876792972680915,0
1309539,1,0,0.001547638555665071,0.000876792972680915,1
1310735,1,0,0.00015299985496017675,0.000876792972680915,0
1311845,1,0,0.0004979116289842002,0.000876792972680915,0
1312376,1,0,0.00036501077975120325,0.000876792972680915,0
1312649,1,0,0.011202414454239673,0.000876792972680915,1
1313869,1,0,0.0003247678580070186,0.000876792972680915,0
1314141,1,0,0.00014377881107942138,0.000876792972680915,0
1314443,1,0,0.002471996426508262,0.000876792972680915,1
1314910,1,0,0.000942540886751205,0.000876792972680915,1
1315334,1,0,0.0008967993647431334,0.000876792972680915,1
1315619,1,0,0.000645998344268383,0.000876792972680915,0
1316594,1,0,0.0001705104595113536,0.000876792972680915,0
1319182,1,0,0.0009464060072136436,0.000876792972680915,1
1321203,1,0,0.0003557625207768425,0.000876792972680915,0
1321373,1,0,0.004182289324009487,0.000876792972680915,1
1324653,1,0,0.000713311055728195,0.000876792972680915,0
1332572,1,0,0.00015536899962970686,0.000876792972680915,0
1332652,1,0,0.0006004772613116054,0.000876792972680915,0
1332678,1,0,0.0016031594026968095,0.000876792972680915,1
1332751,1,0,0.0009765886479343585,0.000876792972680915,1
1338210,1,0,0.00047736964008095363,0.000876792972680915,0
1339686,1,0,0.005859362432110741,0.000876792972680915,1
1340407,1,0,0.00047979194776850455,0.000876792972680915,0
1350038,1,0,0.0002804733797596126,0.000876792972680915,0
1352598,1,0,0.010188568647484384,0.000876792972680915,1
1355281,1,0,0.0004247729991025532,0.000876792972680915,0
1363991,1,0,0.0005091811604835099,0.000876792972680915,0
1366294,1,0,0.00013537289188504016,0.000876792972680915,0
1367557,1,0,0.0014150753684856084,0.000876792972680915,1
1377111,1,0,0.00018478561862058556,0.000876792972680915,0
1379554,1,0,0.00011818180661861902,0.000876792972680915,0
1397542,1,0,0.0012512155744496842,0.000876792972680915,1
1397839,1,0,0.0002638796501901291,0.000876792972680915,0
1416241,1,0,0.0016442916393365672,0.000876792972680915,1
1441072,1,0,0.0008265649728811081,0.000876792972680915,0
1448416,1,0,0.00018660532203047648,0.000876792972680915,0
1454652,1,0,0.001149575027215089,0.000876792972680915,1
1473320,1,0,0.0013167425826712742,0.000876792972680915,1
1500010,1,0,0.002107846140518366,0.000876792972680915,1
1517919,1,0,0.0003994241264460972,0.000876792972680915,0
1519524,1,0,0.0033341103246087717,0.000876792972680915,1
1519798,1,0,0.002751901042292078,0.000876792972680915,1
1521366,1,0,0.00017808594530776726,0.000876792972680915,0
1522381,1,0,0.0016548975119562678,0.000876792972680915,1
1533650,1,0,0.00033898318867931713,0.000876792972680915,0
1534927,1,0,0.0006043312626954176,0.000876792972680915,0
1536758,1,0,0.00045069633711166415,0.000876792972680915,0
1537484,1,0,0.0009823914497582254,0.000876792972680915,1
1547964,1,0,0.0012294788748834873,0.000876792972680915,1
1563400,1,0,0.0011209002515543888,0.000876792972680915,1
1564326,1,0,0.0003175985273211502,0.000876792972680915,0
1564642,1,0,0.0009004558430720954,0.000876792972680915,1
1569642,1,0,0.0009887244103506448,0.000876792972680915,1
1583933,1,0,0.0008214404623404285,0.000876792972680915,0
1586062,1,0,0.0003863124749682232,0.000876792972680915,0
1600110,1,0,0.002161240266150445,0.000876792972680915,1
1604980,1,0,0.0020109176862002833,0.000876792972680915,1
1627199,1,0,0.0026176805805984728,0.000876792972680915,1
1630760,1,0,0.0004951124746487484,0.000876792972680915,0
1768567,1,0,0.0062947946071232625,0.000876792972680915,1
1788010,1,0,0.008518684053424127,0.000876792972680915,1
1825648,1,0,0.00024030308371040537,0.000876792972680915,0
1827097,1,0,0.00033304944845504727,0.000876792972680915,0
1830672,1,0,0.0021865031868316927,0.000876792972680915,1
1858707,1,0,0.0002023690620756351,0.000876792972680915,0
1867624,1,0,0.0007306642104923663,0.000876792972680915,0
1871571,1,0,6.787352846120032e-05,0.000876792972680915,0
1878948,1,0,0.0004866320958918802,0.000876792972680915,0
1880472,1,0,0.0002770851204257452,0.000876792972680915,0
1890961,1,0,0.0018244532164979283,0.000876792972680915,1
1904626,1,0,0.0006895313669099603,0.000876792972680915,0
1912725,1,0,0.0009238990655742257,0.000876792972680915,1
1916559,1,0,0.0014391786284438555,0.000876792972680915,1
1939424,1,0,0.0006760285687737071,0.000876792972680915,0
1947375,1,0,0.0005780174694652322,0.000876792972680915,0
1952823,1,0,0.0003011972961531564,0.000876792972680915,0
1971233,1,0,0.00035429675517108776,0.000876792972680915,0
1978135,1,0,0.00041022331579470715,0.000876792972680915,0
2020399,1,0,0.00014866514873004944,0.000876792972680915,0
2029464,1,0,7.493647047455793e-05,0.000876792972680915,0
2033004,1,0,0.001452341036497779,0.000876792972680915,1
2047470,1,0,0.0030570497847361385,0.000876792972680915,1
2050900,1,0,0.000700760141692136,0.000876792972680915,0
2051224,1,0,0.0010223705756642364,0.000876792972680915,1
2052813,1,0,0.0005341938465301002,0.000876792972680915,0
2052868,1,0,0.00016454329233476546,0.000876792972680915,0
2053114,1,0,0.0005209769516184239,0.000876792972680915,0
2054808,1,0,0.0010840166670753283,0.000876792972680915,1
2055475,1,0,0.0009250535948116185,0.000876792972680915,1
2055854,1,0,0.0004078218812966536,0.000876792972680915,0
2057396,1,0,0.0002716401241499119,0.000876792972680915,0
2057828,1,0,0.0025629551882671605,0.000876792972680915,1
2059539,1,0,0.0009406422202542052,0.000876792972680915,1
2059949,1,0,0.0002794255362112615,0.000876792972680915,0
2062145,1,0,0.0003154425301350858,0.000876792972680915,0
2062326,1,0,0.00032407677366622117,0.000876792972680915,0
2068185,1,0,0.001113663911736381,0.000876792972680915,1
2072949,1,0,0.003009585512919437,0.000876792972680915,1
2078228,1,0,0.0004641097878712557,0.000876792972680915,0
2078668,1,0,0.004642538704598529,0.000876792972680915,1
2079190,1,0,0.0004196519608567095,0.000876792972680915,0
2079911,1,0,0.00030245501409938835,0.000876792972680915,0
2080061,1,0,0.0005789864863803159,0.000876792972680915,0
2081459,1,0,0.0007069419669103401,0.000876792972680915,0
2081549,1,0,0.0005021759595492837,0.000876792972680915,0
2081875,1,0,0.0005015077551484652,0.000876792972680915,0
2082828,1,0,0.00017891839929862959,0.000876792972680915,0
2083069,1,0,0.0006294110187768665,0.000876792972680915,0
2084325,1,0,0.0007148487078116269,0.000876792972680915,0
2084566,1,0,0.0033234640772379018,0.000876792972680915,1
2086878,1,0,0.0003201086082528323,0.000876792972680915,0
2089356,1,0,0.0001664645717013754,0.000876792972680915,0
2090380,1,0,0.0004828050079277445,0.000876792972680915,0
2090794,1,0,0.0012454783627134675,0.000876792972680915,1
2093645,1,0,0.0004808215607574764,0.000876792972680915,0
2096099,1,0,0.00017168408733638773,0.000876792972680915,0
2096243,1,0,0.0028308336513019478,0.000876792972680915,1
2096474,1,0,0.0003308025580142873,0.000876792972680915,0
2098603,1,0,0.0005597241819824208,0.000876792972680915,0
2099037,1,0,0.000354707310690752,0.000876792972680915,0
2099355,1,0,0.0006850267269312281,0.000876792972680915,0
2100211,1,0,0.0013840000287640452,0.000876792972680915,1
2100758,1,0,0.0013159455701607689,0.000876792972680915,1
2102160,1,0,0.0008697170372835729,0.000876792972680915,0
2102349,1,0,0.00018934223328150507,0.000876792972680915,0
2102550,1,0,0.0014253643068278452,0.000876792972680915,1
2103176,1,0,0.0002541300601353163,0.000876792972680915,0
2106171,1,0,0.0010845862555943248,0.000876792972680915,1
2106188,1,0,0.00015287688285106196,0.000876792972680915,0
2107456,1,0,0.0004714448763729867,0.000876792972680915,0
2108022,1,0,0.0005733729427329468,0.000876792972680915,0
2108576,1,0,0.001793824638519305,0.000876792972680915,1
2109478,1,0,0.0017591070445162084,0.000876792972680915,1
2109636,1,0,0.00036417741597936937,0.000876792972680915,0
2110251,1,0,0.0006448147339279135,0.000876792972680915,0
2110684,1,0,0.00020487907848691848,0.000876792972680915,0
2110716,1,0,0.0011243594522862945,0.000876792972680915,1
2111176,1,0,0.004519348777136225,0.000876792972680915,1
2111823,1,0,9.422214714449057e-05,0.000876792972680915,0
2112024,1,0,0.0012510687236887438,0.000876792972680915,1
2112324,1,0,0.0010385514542911578,0.000876792972680915,1
2112794,1,0,0.0033127640368215473,0.000876792972680915,1
2112813,1,0,0.0008882168300765492,0.000876792972680915,1
2112833,1,0,0.007854987011826488,0.000876792972680915,1
2113123,1,0,0.0038057324130138055,0.000876792972680915,1
2114383,1,0,0.0009152712741185966,0.000876792972680915,1
2115705,1,0,0.0003347167961796009,0.000876792972680915,0
2116736,1,0,0.004421419837760312,0.000876792972680915,1
2116993,1,0,0.0014534485944029405,0.000876792972680915,1
2117015,1,0,0.0003088920475022115,0.000876792972680915,0
2119303,1,0,0.0003082110031141687,0.000876792972680915,0
2119318,1,0,0.00035559295507047866,0.000876792972680915,0
2120112,1,0,0.00023227284412681286,0.000876792972680915,0
2120187,1,0,0.00037325180540974124,0.000876792972680915,0
2120241,1,0,0.00351184981292206,0.000876792972680915,1
2122383,1,0,0.0006130700358029006,0.000876792972680915,0
2123067,1,0,0.00035726337159308386,0.000876792972680915,0
2123450,1,0,0.000345859832210549,0.000876792972680915,0
2123600,1,0,0.0008864970712163465,0.000876792972680915,1
2124981,1,0,0.0007289163467386073,0.000876792972680915,0
2124987,1,0,0.0002689727204845389,0.000876792972680915,0
2125057,1,0,0.0005948476081362257,0.000876792972680915,0
2125629,1,0,0.0007214488462964737,0.000876792972680915,0
2127619,1,0,0.004147549877030344,0.000876792972680915,1
2128445,1,0,0.00029302206378833257,0.000876792972680915,0
2128917,1,0,0.0018996436156260383,0.000876792972680915,1
2128937,1,0,0.001260300135635596,0.000876792972680915,1
2129425,1,0,5.985882060372558e-05,0.000876792972680915,0
2133613,1,0,0.0005029131283759294,0.000876792972680915,0
2133717,1,0,0.0006966052384671995,0.000876792972680915,0
2135742,1,0,0.002785658056453589,0.000876792972680915,1
2137045,1,0,0.004477117644093796,0.000876792972680915,1
2140141,1,0,0.0013830538900246293,0.000876792972680915,1
2142318,1,0,0.016122258913568017,0.000876792972680915,1
2142426,1,0,0.005202110286615764,0.000876792972680915,1
2147116,1,0,0.010637427558710607,0.000876792972680915,1
2149418,1,0,0.0003274246760989024,0.000876792972680915,0
2149971,1,0,0.00023857216067838392,0.000876792972680915,0
2150886,1,0,0.0005555394571504423,0.000876792972680915,0
2152338,1,0,0.001676764548816793,0.000876792972680915,1
2153104,1,0,0.0006374033201628057,0.000876792972680915,0
2153219,1,0,0.0003874529947187998,0.000876792972680915,0
2153244,1,0,0.00023092494985126367,0.000876792972680915,0
2155036,1,0,0.00021387840983831514,0.000876792972680915,0
2155038,1,0,0.006236458627891592,0.000876792972680915,1
2155101,1,0,9.707666765427352e-05,0.000876792972680915,0
2155331,1,0,0.0002392590430072732,0.000876792972680915,0
2155619,1,0,0.0013222938155994148,0.000876792972680915,1
2155708,1,0,0.000920370712346645,0.000876792972680915,1
2155754,1,0,0.0001298053335163297,0.000876792972680915,0
2158952,1,0,0.0021259573172111115,0.000876792972680915,1
2159338,1,0,0.0004923852578522068,0.000876792972680915,0
2159395,1,0,0.0004511981558329931,0.000876792972680915,0
2159397,1,0,0.00046172139182371443,0.000876792972680915,0
2160234,1,0,0.0010487267680723818,0.000876792972680915,1
2161567,1,0,0.0004888921285621943,0.000876792972680915,0
2161709,1,0,0.0015797221433449574,0.000876792972680915,1
2162375,1,0,0.008203662514448816,0.000876792972680915,1
2162494,1,0,0.009516808203103884,0.000876792972680915,1
2162841,1,0,0.00023301349668896872,0.000876792972680915,0
2163056,1,0,0.00068261919591877,0.000876792972680915,0
2164885,1,0,0.00027384115185246087,0.000876792972680915,0
2165954,1,0,0.00031217891384690416,0.000876792972680915,0
2171196,1,0,0.0019336125289712458,0.000876792972680915,1
2174235,1,0,0.0003169377364785403,0.000876792972680915,0
2179734,1,0,0.000503491573157244,0.000876792972680915,0
2180086,1,0,0.00031577063706617634,0.000876792972680915,0
2184789,1,0,0.00012342082537689767,0.000876792972680915,0
2187633,1,0,0.0017231076551972356,0.000876792972680915,1
2187895,1,0,0.0005392765314043833,0.000876792972680915,0
2188632,1,0,0.0005179809288616598,0.000876792972680915,0
2191518,1,0,0.00042737227459218506,0.000876792972680915,0
2191773,1,0,0.0005073223202337299,0.000876792972680915,0
2192830,1,0,0.0010190580041955822,0.000876792972680915,1
2193377,1,0,0.003701549817575177,0.000876792972680915,1
2193475,1,0,0.0005220178678457411,0.000876792972680915,0
2193700,1,0,0.0023978709459389225,0.000876792972680915,1
2194597,1,0,0.00045962907616210627,0.000876792972680915,0
2197691,1,0,0.008748300946809633,0.000876792972680915,1
2198447,1,0,0.0008823525382931378,0.000876792972680915,1
2199218,1,0,0.0009153415987047475,0.000876792972680915,1
2199310,1,0,0.000728088922697131,0.000876792972680915,0
2199936,1,0,0.0005971778965876777,0.000876792972680915,0
2199948,1,0,0.00017398916277857002,0.000876792972680915,0
2200259,1,0,0.002565199729398429,0.000876792972680915,1
2200896,1,0,0.0026680819130200898,0.000876792972680915,1
2201274,1,0,0.0007276198244140799,0.000876792972680915,0
2202278,1,0,0.0037188369975729163,0.000876792972680915,1
2202493,1,0,0.0001863755759285781,0.000876792972680915,0
2203235,1,0,0.0014190143118121528,0.000876792972680915,1
2204449,1,0,0.0002574266186278409,0.000876792972680915,0
2206419,1,0,0.00045522441408020817,0.000876792972680915,0
2206443,1,0,0.004042714583778897,0.000876792972680915,1
2207221,1,0,0.0021359085938491215,0.000876792972680915,1
2211672,1,0,0.0004970113280083878,0.000876792972680915,0
2212657,1,0,0.004951050913176202,0.000876792972680915,1
2213077,1,0,0.0010493508732304503,0.000876792972680915,1
2213917,1,0,0.0018229358315274369,0.000876792972680915,1
2214635,1,0,0.0026078733292831655,0.000876792972680915,1
2214862,1,0,0.0003257530479763327,0.000876792972680915,0
2215035,1,0,0.0008881490381094087,0.000876792972680915,1
2215707,1,0,0.0007133988935680295,0.000876792972680915,0
2215889,1,0,0.00032171312112903183,0.000876792972680915,0
2216420,1,0,0.0005964119751355343,0.000876792972680915,0
2217894,1,0,0.00075417882532155,0.000876792972680915,0
2218567,1,0,0.0006691153829399681,0.000876792972680915,0
2219283,1,0,0.005588597499945866,0.000876792972680915,1
2219494,1,0,0.0002581652168505538,0.000876792972680915,0
2221608,1,0,0.004174006317043932,0.000876792972680915,1
2221761,1,0,0.0013834899923726993,0.000876792972680915,1
2221795,1,0,0.00023597875302821273,0.000876792972680915,0
2222016,1,0,0.0016596748703951517,0.000876792972680915,1
2222394,1,0,0.000951434244322673,0.000876792972680915,1
2222655,1,0,0.0028607733362903546,0.000876792972680915,1
2223129,1,0,0.0003986105203248299,0.000876792972680915,0
2223155,1,0,0.0002518091568943972,0.000876792972680915,0
2223195,1,0,0.0012365580547800317,0.000876792972680915,1
2224507,1,0,0.0001779331790373751,0.000876792972680915,0
2224658,1,0,0.0002651980266632034,0.000876792972680915,0
2224699,1,0,0.00027126507446626895,0.000876792972680915,0
2226135,1,0,0.0003084367811588179,0.000876792972680915,0
2226137,1,0,0.0012575043930714023,0.000876792972680915,1
2226440,1,0,0.00017897809721648643,0.000876792972680915,0
2226955,1,0,0.0016360466446942922,0.000876792972680915,1
2227163,1,0,0.0012572742721524799,0.000876792972680915,1
2227254,1,0,0.0059809971737206655,0.000876792972680915,1
2227731,1,0,0.00036705962726455143,0.000876792972680915,0
2227998,1,0,0.002790318705651769,0.000876792972680915,1
2228353,1,0,0.0005256477230767434,0.000876792972680915,0
2229300,1,0,0.00015236033729148653,0.000876792972680915,0
2229558,1,0,0.0003063939144292473,0.000876792972680915,0
2230309,1,0,0.005668654622027081,0.000876792972680915,1
2230317,1,0,0.00021017402658169055,0.000876792972680915,0
2231249,1,0,0.0002620983628849157,0.000876792972680915,0
2231474,1,0,0.004727476259557068,0.000876792972680915,1
2232007,1,0,0.002041158147114594,0.000876792972680915,1
2233919,1,0,0.005594787131511734,0.000876792972680915,1
2235222,1,0,0.0015499316571009575,0.000876792972680915,1
2235959,1,0,0.0005220649081498539,0.000876792972680915,0
2235995,1,0,0.0067232181133398475,0.000876792972680915,1
2237723,1,0,0.000834694142649097,0.000876792972680915,0
2238182,1,0,9.938221536064489e-05,0.000876792972680915,0
2238454,1,0,0.00022177887676100072,0.000876792972680915,0
2239980,1,0,0.0023691881560608456,0.000876792972680915,1
2240619,1,0,0.00046773953213885967,0.000876792972680915,0
2243175,1,0,0.0034330760724398664,0.000876792972680915,1
2245402,1,0,0.0006028887728219929,0.000876792972680915,0
2248084,1,0,0.00012577999382361053,0.000876792972680915,0
2257914,1,0,0.0009961695155202594,0.000876792972680915,1
2258754,1,0,0.00027624629572846007,0.000876792972680915,0
2259209,1,0,0.00018117267164626698,0.000876792972680915,0
2259930,1,0,0.0012181759386206653,0.000876792972680915,1
2260458,1,0,0.012009409289751425,0.000876792972680915,1
2261344,1,0,0.0015311900504533442,0.000876792972680915,1
2262434,1,0,0.004389213182883163,0.000876792972680915,1
2264847,1,0,0.0003009701382355723,0.000876792972680915,0
2267185,1,0,0.0004582844420967176,0.000876792972680915,0
2268406,1,0,0.0006335710433469105,0.000876792972680915,0
2268933,1,0,0.00046732762305655277,0.000876792972680915,0
2270178,1,0,0.0015787256761061884,0.000876792972680915,1
2277833,1,0,0.0014451160893976692,0.000876792972680915,1
2279376,1,0,0.0002904683657321631,0.000876792972680915,0
2280443,1,0,0.000908146323626486,0.000876792972680915,1
2286723,1,0,0.0002054069307195849,0.000876792972680915,0
2288969,1,0,0.0005249274118282695,0.000876792972680915,0
2290952,1,0,0.0007104945104051186,0.000876792972680915,0
2293105,1,0,0.0006632141158061768,0.000876792972680915,0
2295169,1,0,0.0008325017836371127,0.000876792972680915,0
2296198,1,0,0.00010653680939124923,0.000876792972680915,0
2297232,1,0,0.002232180094197077,0.000876792972680915,1
2299954,1,0,0.00038562729166713086,0.000876792972680915,0
2302260,1,0,0.0004736882849409983,0.000876792972680915,0
2302362,1,0,0.00021086880474037345,0.000876792972680915,0
2303493,1,0,0.00038714190871046985,0.000876792972680915,0
2304284,1,0,0.00022572043053378663,0.000876792972680915,0
2306612,1,0,0.0007404392814382231,0.000876792972680915,0
2307957,1,0,0.0034787578466174925,0.000876792972680915,1
2310735,1,0,0.0004205838855805704,0.000876792972680915,0
2315676,1,0,0.0006157796350998578,0.000876792972680915,0
2318726,1,0,0.0002693419881803605,0.000876792972680915,0
2318867,1,0,0.0012461724478486011,0.000876792972680915,1
2321917,1,0,9.973899434397101e-05,0.000876792972680915,0
2322434,1,0,0.0009689759447344509,0.000876792972680915,1
2324269,1,0,0.005031629651052847,0.000876792972680915,1
2327941,1,0,0.0014849295390761243,0.000876792972680915,1
2330317,1,0,0.00022035906398827005,0.000876792972680915,0
2332761,1,0,0.0013762541973501056,0.000876792972680915,1
2333837,1,0,0.002756988057739632,0.000876792972680915,1
2334577,1,0,0.000305707363117969,0.000876792972680915,0
2336431,1,0,0.0027554888093881927,0.000876792972680915,1
2345123,1,0,0.0019023523355779879,0.000876792972680915,1
2346076,1,0,0.0007898343164529778,0.000876792972680915,0
2346231,1,0,0.0005543141359210723,0.000876792972680915,0
2346494,1,0,0.00042449525114903873,0.000876792972680915,0
2346917,1,0,0.0009119194749898731,0.000876792972680915,1
2348690,1,0,0.0011328037114265216,0.000876792972680915,1
2352919,1,0,0.0007842391734163768,0.000876792972680915,0
2353415,1,0,0.0008973187922815954,0.000876792972680915,1
2354442,1,0,0.0011623732456274502,0.000876792972680915,1
2355109,1,0,0.001954130807100525,0.000876792972680915,1
2355400,1,0,0.0005675310918031168,0.000876792972680915,0
2357568,1,0,0.0005595308845235107,0.000876792972680915,0
2359029,1,0,0.0007467712463246323,0.000876792972680915,0
2360931,1,0,0.0017607032462130317,0.000876792972680915,1
2362845,1,0,0.0005072394233658734,0.000876792972680915,0
2363184,1,0,9.355758023912218e-05,0.000876792972680915,0
2365151,1,0,0.0016603327994840023,0.000876792972680915,1
2366220,1,0,0.0014607162314205,0.000876792972680915,1
2368753,1,0,0.0006718420616663815,0.000876792972680915,0
2371784,1,0,0.0014415127030799266,0.000876792972680915,1
2373683,1,0,0.000486733200745,0.000876792972680915,0
2382049,1,0,0.0026723528366727205,0.000876792972680915,1
2384734,1,0,0.003982603961717923,0.000876792972680915,1
2385273,1,0,0.0009685095199897607,0.000876792972680915,1
2388852,1,0,0.00017421150862279285,0.000876792972680915,0
2388927,1,0,0.0005791107318098535,0.000876792972680915,0
2389022,1,0,0.00043227348945455897,0.000876792972680915,0
2394820,1,0,0.0015266070873572895,0.000876792972680915,1
2396077,1,0,0.0010761723427464348,0.000876792972680915,1
2397931,1,0,0.004323940225283325,0.000876792972680915,1
2400664,1,0,0.0021981792135429014,0.000876792972680915,1
2401327,1,0,0.0005081884956283322,0.000876792972680915,0
2402789,1,0,0.0022172825321385083,0.000876792972680915,1
2403325,1,0,0.0001326087065207548,0.000876792972680915,0
2407781,1,0,0.0004663675865958909,0.000876792972680915,0
2410091,1,0,0.0003973630045850182,0.000876792972680915,0
2415764,1,0,0.0006753493621636337,0.000876792972680915,0
2418824,1,0,0.001904048232463268,0.000876792972680915,1
2421505,1,0,9.343569671273746e-05,0.000876792972680915,0
2421674,1,0,0.0011567611702832151,0.000876792972680915,1
2432869,1,0,6.340243968100605e-05,0.000876792972680915,0
2433682,1,0,0.00016237212472044264,0.000876792972680915,0
2434303,1,0,0.001375331584087425,0.000876792972680915,1
2434535,1,0,0.000672495827558885,0.000876792972680915,0
2434551,1,0,0.010748320793843153,0.000876792972680915,1
2435699,1,0,0.0002498123781552938,0.000876792972680915,0
2436477,1,0,0.0012097853465625516,0.000876792972680915,1
2490269,1,0,0.00047720116422523195,0.000876792972680915,0
2495025,1,0,0.0003645669351622818,0.000876792972680915,0
2496691,1,0,0.0006228911513416676,0.000876792972680915,0
2497035,1,0,0.00016139829675065792,0.000876792972680915,0
2501872,1,0,0.00026006725666406685,0.000876792972680915,0
2524078,1,0,0.00014449728914648545,0.000876792972680915,0
2524803,1,0,0.000510932534510833,0.000876792972680915,0
2531382,1,0,0.0012831341925053916,0.000876792972680915,1
2532461,1,0,0.0019878473973615,0.000876792972680915,1
2533046,1,0,0.0003819592972788796,0.000876792972680915,0
2534314,1,0,0.005385444796609253,0.000876792972680915,1
2537291,1,0,0.0017058133285662727,0.000876792972680915,1
2537709,1,0,0.001061519622832921,0.000876792972680915,1
2538737,1,0,3.40398765162098e-05,0.000876792972680915,0
2539361,1,0,0.0024877699859767862,0.000876792972680915,1
2539973,1,0,0.0005726483877559417,0.000876792972680915,0
2540336,1,0,0.0006356059067450843,0.000876792972680915,0
2540894,1,0,0.002984446750219164,0.000876792972680915,1
2540975,1,0,0.00033856125647308054,0.000876792972680915,0
2542208,1,0,0.0010104622788829768,0.000876792972680915,1
2548181,1,0,0.0002556622419144101,0.000876792972680915,0
2548299,1,0,0.00024703120825890257,0.000876792972680915,0
2548564,1,0,0.00024840297081813795,0.000876792972680915,0
2552695,1,0,0.0013071288399896237,0.000876792972680915,1
2553083,1,0,0.0010124131794850748,0.000876792972680915,1
2555359,1,0,0.00013667110178592088,0.000876792972680915,0
2561414,1,0,0.0023228926873317965,0.000876792972680915,1
2562360,1,0,0.0009440210577701245,0.000876792972680915,1
2565430,1,0,0.0003842753638791228,0.000876792972680915,0
2566528,1,0,0.005052219620612101,0.000876792972680915,1
2568758,1,0,0.0015780594351853766,0.000876792972680915,1
2571427,1,0,0.0007413851424032379,0.000876792972680915,0
2571429,1,0,0.005749520607667038,0.000876792972680915,1
2571603,1,0,0.012153965951574771,0.000876792972680915,1
2571609,1,0,0.013020975252258406,0.000876792972680915,1
2576795,1,0,0.0006912803205295789,0.000876792972680915,0
2578503,1,0,0.0016394137559769771,0.000876792972680915,1
2583589,1,0,0.0002568100587395037,0.000876792972680915,0
2584998,1,0,0.0004831287240980592,0.000876792972680915,0
2591568,1,0,0.0006294721354818087,0.000876792972680915,0
2594513,1,0,0.0001555079757870045,0.000876792972680915,0
2595147,1,0,0.0001574338994018401,0.000876792972680915,0
2598352,1,0,0.00024688775786865173,0.000876792972680915,0
2599202,1,0,0.0005722597823160307,0.000876792972680915,0
2603020,1,0,0.00026177617165369464,0.000876792972680915,0
2610204,1,0,0.0005786730205942404,0.000876792972680915,0
2610835,1,0,0.0003099928854741857,0.000876792972680915,0
2612952,1,0,0.0017616464637589249,0.000876792972680915,1
2614045,1,0,0.00021813532223784055,0.000876792972680915,0
2621569,1,0,0.000958965372696098,0.000876792972680915,1
2622660,1,0,0.00020729331352496895,0.000876792972680915,0
2622821,1,0,0.0008271560101297269,0.000876792972680915,0
2649486,1,0,0.004207955932204445,0.000876792972680915,1
2666714,1,0,0.003368877623451833,0.000876792972680915,1
2669397,1,0,0.0003267619854648067,0.000876792972680915,0
2669903,1,0,0.0013384271394182913,0.000876792972680915,1
2673081,1,0,8.823582263839474e-05,0.000876792972680915,0
2673168,1,0,0.008639213416978956,0.000876792972680915,1
2675259,1,0,0.0033735857810201575,0.000876792972680915,1
2707505,1,0,0.00011234934720117924,0.000876792972680915,0
2711952,1,0,0.0012099194780747712,0.000876792972680915,1
2712666,1,0,0.00017580362683016808,0.000876792972680915,0
2751330,1,0,0.0006060140969955377,0.000876792972680915,0
2751443,1,0,0.0002882413720286086,0.000876792972680915,0
2770846,1,0,0.005189479204574611,0.000876792972680915,1
2771106,1,0,0.0008010109809412287,0.000876792972680915,0
2788209,1,0,9.204867160495921e-05,0.000876792972680915,0
2789457,1,0,0.0001886399926060591,0.000876792972680915,0
2790483,1,0,0.010190344716444661,0.000876792972680915,1
2792419,1,0,0.0014907881441979653,0.000876792972680915,1
2807595,1,0,0.004400109343743116,0.000876792972680915,1
2817097,1,0,0.000610578139476351,0.000876792972680915,0
2827233,1,0,0.00033881818364741315,0.000876792972680915,0
2831741,1,0,0.0010308405253865764,0.000876792972680915,1
2832357,1,0,0.0023222885433509793,0.000876792972680915,1
2832746,1,0,0.0011694843927978807,0.000876792972680915,1
2833663,1,0,0.0007159919776743435,0.000876792972680915,0
2834781,1,0,0.0003059145294079463,0.000876792972680915,0
2839049,1,0,0.0003177548993473898,0.000876792972680915,0
2840005,1,0,0.00011849500047762968,0.000876792972680915,0
2840098,1,0,0.000718068875919661,0.000876792972680915,0
2842752,1,0,0.0002727933711217005,0.000876792972680915,0
2843418,1,0,0.00867308404494829,0.000876792972680915,1
2849681,1,0,0.0001362509451394474,0.000876792972680915,0
2850100,1,0,0.0007693298213141218,0.000876792972680915,0
2853442,1,0,0.0007676995485256656,0.000876792972680915,0
2854508,1,0,0.00040231666107814557,0.000876792972680915,0
2854663,1,0,0.00014085841930183904,0.000876792972680915,0
2854923,1,0,0.000506809500112441,0.000876792972680915,0
2855188,1,0,4.29533266835633e-05,0.000876792972680915,0
2855572,1,0,0.00010525307788062697,0.000876792972680915,0
2856113,1,0,0.0007875399514302395,0.000876792972680915,0
2856644,1,0,0.0002617568941130598,0.000876792972680915,0
2856664,1,0,0.00020851761001320965,0.000876792972680915,0
2857923,1,0,0.0003774152255106854,0.000876792972680915,0
2857928,1,0,0.0005211896210809261,0.000876792972680915,0
2861197,1,0,0.0013988396088735527,0.000876792972680915,1
2861884,1,0,0.00015396799865889419,0.000876792972680915,0
2861905,1,0,0.0004955852504358865,0.000876792972680915,0
2862213,1,0,0.0008903255187158987,0.000876792972680915,1
2862214,1,0,0.0004284906631878568,0.000876792972680915,0
2862455,1,0,0.00012000086842689218,0.000876792972680915,0
2862512,1,0,0.00047659836412900967,0.000876792972680915,0
2863238,1,0,0.00022566749711981442,0.000876792972680915,0
2864747,1,0,0.0012563747730759908,0.000876792972680915,1
2868949,1,0,0.00011166550296271584,0.000876792972680915,0
2872082,1,0,0.0011307117148068619,0.000876792972680915,1
2872121,1,0,0.00010274203966569723,0.000876792972680915,0
2874292,1,0,0.0005911847399985773,0.000876792972680915,0
2874844,1,0,0.00019383353280117172,0.000876792972680915,0
2877277,1,0,0.0002999214718542674,0.000876792972680915,0
2877493,1,0,0.0007489067410451471,0.000876792972680915,0
2877634,1,0,0.0006264532504773732,0.000876792972680915,0
2877689,1,0,0.00033896443024486673,0.000876792972680915,0
2877708,1,0,0.00019162102427383297,0.000876792972680915,0
2877940,1,0,0.00018924706383193634,0.000876792972680915,0
2880256,1,0,0.00022370080248243582,0.000876792972680915,0
2880364,1,0,0.00357782794318714,0.000876792972680915,1
2881315,1,0,0.00012258364249744249,0.000876792972680915,0
2881379,1,0,0.00037251669029190055,0.000876792972680915,0
2881773,1,0,0.00039226600053248,0.000876792972680915,0
2882451,1,0,0.0015701935386265935,0.000876792972680915,1
2884589,1,0,0.0035122231254717403,0.000876792972680915,1
2886110,1,0,4.262720255619159e-05,0.000876792972680915,0
2886417,1,0,7.720236336824704e-05,0.000876792972680915,0
2886593,1,0,0.00015645064132033344,0.000876792972680915,0
2888648,1,0,0.0007394367114656784,0.000876792972680915,0
2889550,1,0,3.8460389775203806e-05,0.000876792972680915,0
2890313,1,0,0.0029573403893007138,0.000876792972680915,1
2890602,1,0,5.53566370417976e-05,0.000876792972680915,0
2890921,1,0,0.0003047930092422768,0.000876792972680915,0
2891337,1,0,0.0003382603037096352,0.000876792972680915,0
2892989,1,0,0.0005065852845905884,0.000876792972680915,0
2893307,1,0,0.0020266762567073622,0.000876792972680915,1
2893985,1,0,0.00034185842500375686,0.000876792972680915,0
2896894,1,0,0.0004810696744364762,0.000876792972680915,0
2897066,1,0,0.000631297889914258,0.000876792972680915,0
2897268,1,0,0.0013590636817935873,0.000876792972680915,1
2897870,1,0,0.0007657498463306548,0.000876792972680915,0
2898060,1,0,0.0003356853007940917,0.000876792972680915,0
2900028,1,0,0.00016244073419314868,0.000876792972680915,0
2900108,1,0,0.00017899985964460962,0.000876792972680915,0
2900415,1,0,0.0001189173736638462,0.000876792972680915,0
2902839,1,0,0.00039120402837905006,0.000876792972680915,0
2904128,1,0,0.0008979916306103488,0.000876792972680915,1
2905306,1,0,0.00013829159985075963,0.000876792972680915,0
2908155,1,0,0.0014457000093679809,0.000876792972680915,1
2911491,1,0,0.00030762161452511027,0.000876792972680915,0
2911947,1,0,0.0008689738735488233,0.000876792972680915,0
2912319,1,0,0.0005997329431380414,0.000876792972680915,0
2913074,1,0,0.0012951164571470154,0.000876792972680915,1
2913330,1,0,0.0005550622177367676,0.000876792972680915,0
2913340,1,0,0.000896357601395142,0.000876792972680915,1
2914750,1,0,0.00024155939971857806,0.000876792972680915,0
2918378,1,0,0.0004514254301260856,0.000876792972680915,0
2919510,1,0,0.0005376387674629164,0.000876792972680915,0
2920510,1,0,0.0015592744905819826,0.000876792972680915,1
2920519,1,0,0.002100284448835175,0.000876792972680915,1
2920647,1,0,0.000160576702970449,0.000876792972680915,0
2920750,1,0,7.4163955703748e-05,0.000876792972680915,0
2920901,1,0,0.0006094311152730493,0.000876792972680915,0
2921003,1,0,0.002522635739555677,0.000876792972680915,1
2921725,1,0,0.0019114517583121548,0.000876792972680915,1
2922186,1,0,0.00031636409476700915,0.000876792972680915,0
2923199,1,0,0.0016953096890984555,0.000876792972680915,1
2924668,1,0,0.0008750814410299634,0.000876792972680915,0
2925272,1,0,0.00010227928894252086,0.000876792972680915,0
2925284,1,0,0.0001206437882856541,0.000876792972680915,0
2926635,1,0,8.379516204171545e-05,0.000876792972680915,0
2926678,1,0,0.000178046143145528,0.000876792972680915,0
2926690,1,0,8.934562464025817e-05,0.000876792972680915,0
2927290,1,0,0.0001372436576839052,0.000876792972680915,0
2927499,1,0,0.0017196257954134675,0.000876792972680915,1
2927621,1,0,0.00022634542642243437,0.000876792972680915,0
2928409,1,0,0.0017316615109324797,0.000876792972680915,1
2928530,1,0,0.0006531050939908526,0.000876792972680915,0
2928576,1,0,0.0002883913617786787,0.000876792972680915,0
2928616,1,0,0.0009963188275543395,0.000876792972680915,1
2928967,1,0,0.00040157753853708696,0.000876792972680915,0
2929829,1,0,0.0002222624259323435,0.000876792972680915,0
2930838,1,0,0.0010441572132685792,0.000876792972680915,1
2932661,1,0,0.00047929567325361776,0.000876792972680915,0
2933467,1,0,0.00023750122085786914,0.000876792972680915,0
2935739,1,0,0.00010522801871584799,0.000876792972680915,0
2936474,1,0,0.00020848881478968914,0.000876792972680915,0
2940209,1,0,0.0009381383583886571,0.000876792972680915,1
2941117,1,0,0.0010258370199190694,0.000876792972680915,1
2941333,1,0,0.0005715354251665252,0.000876792972680915,0
2942011,1,0,0.00015428861515158143,0.000876792972680915,0
2942855,1,0,0.0012808712119368767,0.000876792972680915,1
2944710,1,0,9.259467948921555e-05,0.000876792972680915,0
2945018,1,0,0.00029664739790853943,0.000876792972680915,0
2945384,1,0,0.0003176102567822214,0.000876792972680915,0
2945616,1,0,0.0009652999751501645,0.000876792972680915,1
2946039,1,0,0.00017294929348143814,0.000876792972680915,0
2946284,1,0,0.0009680856016863434,0.000876792972680915,1
2946727,1,0,0.0006094082607615125,0.000876792972680915,0
2947258,1,0,0.003374116258984056,0.000876792972680915,1
2947372,1,0,0.0001194893825373108,0.000876792972680915,0
2947404,1,0,0.00042936425654462897,0.000876792972680915,0
2947711,1,0,0.0003108499807977188,0.000876792972680915,0
2947814,1,0,0.00021177519983604646,0.000876792972680915,0
2948509,1,0,4.947873953838815e-05,0.000876792972680915,0
2949965,1,0,8.406333675754698e-05,0.000876792972680915,0
2950295,1,0,0.0002038405830231043,0.000876792972680915,0
2951449,1,0,0.00010386078794653786,0.000876792972680915,0
2952147,1,0,0.00022906866621552475,0.000876792972680915,0
2952291,1,0,0.0002777540115852935,0.000876792972680915,0
2953071,1,0,0.0014194843646939232,0.000876792972680915,1
2953193,1,0,0.0005319716356717623,0.000876792972680915,0
2953401,1,0,0.00023316270891417023,0.000876792972680915,0
2954206,1,0,0.00037985128867713505,0.000876792972680915,0
2955468,1,0,0.001463765171911407,0.000876792972680915,1
2957591,1,0,0.004566831598945557,0.000876792972680915,1
2958213,1,0,0.0008213732914507675,0.000876792972680915,0
2958776,1,0,0.0007874341070394781,0.000876792972680915,0
2959235,1,0,0.00015565300749742874,0.000876792972680915,0
2959773,1,0,0.00029181905617839144,0.000876792972680915,0
2959777,1,0,0.00048339254337598404,0.000876792972680915,0
2961131,1,0,0.0007261353914349904,0.000876792972680915,0
2961222,1,0,0.0001390765166251588,0.000876792972680915,0
2961811,1,0,0.00035555026458428265,0.000876792972680915,0
2962184,1,0,0.0012607226219476311,0.000876792972680915,1
2962189,1,0,0.0016736019714133897,0.000876792972680915,1
2962288,1,0,0.0035935501776104533,0.000876792972680915,1
2963180,1,0,0.00018382709034396675,0.000876792972680915,0
2963273,1,0,0.00011271325528637982,0.000876792972680915,0
2963324,1,0,7.48624765618482e-05,0.000876792972680915,0
2963810,1,0,0.0009421120216792826,0.000876792972680915,1
2963986,1,0,0.000238947821356593,0.000876792972680915,0
2964401,1,0,0.000265824235745198,0.000876792972680915,0
2964454,1,0,0.0014962269692680803,0.000876792972680915,1
2964566,1,0,0.0004618692123083453,0.000876792972680915,0
2964618,1,0,0.00014568897602827282,0.000876792972680915,0
2965115,1,0,0.0002602629463573635,0.000876792972680915,0
2965617,1,0,0.002668558137211817,0.000876792972680915,1
2965972,1,0,0.0024200993943143388,0.000876792972680915,1
2966361,1,0,0.0033444314504883998,0.000876792972680915,1
2967187,1,0,0.00014299713492836266,0.000876792972680915,0
2967430,1,0,4.361487975705825e-05,0.000876792972680915,0
2967884,1,0,0.0009392275430721506,0.000876792972680915,1
2968694,1,0,0.0011134688943065217,0.000876792972680915,1
2969922,1,0,0.002150686163177452,0.000876792972680915,1
2970422,1,0,3.561609451004711e-05,0.000876792972680915,0
2970666,1,0,0.00033021996126920966,0.000876792972680915,0
2971285,1,0,0.00047057244433563756,0.000876792972680915,0
2971521,1,0,0.000924958904423087,0.000876792972680915,1
2971618,1,0,0.0006563307586789763,0.000876792972680915,0
2972469,1,0,0.00019087326828052625,0.000876792972680915,0
2972635,1,0,0.000845146389136822,0.000876792972680915,0
2972770,1,0,0.00037519508963652334,0.000876792972680915,0
2972885,1,0,0.0033865418150464785,0.000876792972680915,1
2972990,1,0,0.0006410557893323061,0.000876792972680915,0
2973713,1,0,0.001112427812116735,0.000876792972680915,1
2973742,1,0,0.0004026504701281462,0.000876792972680915,0
2974284,1,0,0.0426032525464185,0.000876792972680915,1
2975715,1,0,0.00017747254710751554,0.000876792972680915,0
2975922,1,0,0.0002904236035464501,0.000876792972680915,0
2976902,1,0,7.531434846972017e-05,0.000876792972680915,0
2977485,1,0,0.00015786987067344305,0.000876792972680915,0
2979285,1,0,0.00027386828105488187,0.000876792972680915,0
2980579,1,0,0.0007624010973710923,0.000876792972680915,0
2980615,1,0,0.006333789259953174,0.000876792972680915,1
2980948,1,0,0.0005153394105683968,0.000876792972680915,0
2981638,1,0,0.0002774768466389565,0.000876792972680915,0
2981828,1,0,0.0020973111929646604,0.000876792972680915,1
2981832,1,0,0.0002652679309518171,0.000876792972680915,0
2981865,1,0,7.849006082549608e-05,0.000876792972680915,0
2982429,1,0,0.0006602810078216144,0.000876792972680915,0
2983557,1,0,0.00021936905691207444,0.000876792972680915,0
2983583,1,0,0.0012766434866002126,0.000876792972680915,1
2984764,1,0,0.0003958234721994045,0.000876792972680915,0
2987591,1,0,7.613566191137336e-05,0.000876792972680915,0
2988541,1,0,8.988227918664287e-05,0.000876792972680915,0
2988720,1,0,0.00030620283088470944,0.000876792972680915,0
2991565,1,0,8.402614853493737e-05,0.000876792972680915,0
2997504,1,0,0.0008279884052821305,0.000876792972680915,0
2997552,1,0,0.0003777127027185074,0.000876792972680915,0
2997557,1,0,0.000549776553883768,0.000876792972680915,0
2997565,1,0,0.0005726166606646619,0.000876792972680915,0
2997595,1,0,0.0006574252445569136,0.000876792972680915,0
2997601,1,0,0.000546425252163802,0.000876792972680915,0
2997624,1,0,0.0004030137251805192,0.000876792972680915,0
2997645,1,0,0.0018633543012483392,0.000876792972680915,1
2997649,1,0,0.00013698877470757952,0.000876792972680915,0
2997654,1,0,0.00035209425703561166,0.000876792972680915,0
2997679,1,0,0.00021650568835093024,0.000876792972680915,0
2997730,1,0,0.0022778717218945124,0.000876792972680915,1
2997762,1,0,0.00023076749967153028,0.000876792972680915,0
2997764,1,0,0.0009035198342404087,0.000876792972680915,1
2997772,1,0,0.0004148315885561999,0.000876792972680915,0
2997787,1,0,0.0004946564238929808,0.000876792972680915,0
2997801,1,0,0.00021083055261171112,0.000876792972680915,0
2997821,1,0,0.0006636202803348943,0.000876792972680915,0
2997837,1,0,0.0006806756906105947,0.000876792972680915,0
2997862,1,0,0.0013795707920190297,0.000876792972680915,1
2997868,1,0,0.00034476683548667446,0.000876792972680915,0
2997878,1,0,0.0013674818268824428,0.000876792972680915,1
2997891,1,0,0.0009640697182550271,0.000876792972680915,1
2997894,1,0,0.00034885044571445004,0.000876792972680915,0
2997944,1,0,0.00021102640636825245,0.000876792972680915,0
2997954,1,0,0.0019159516417977286,0.000876792972680915,1
2998005,1,0,0.001251715426327024,0.000876792972680915,1
2998033,1,0,0.0016066316792937433,0.000876792972680915,1
2998054,1,0,0.00013954405388786318,0.000876792972680915,0
2998068,1,0,0.0030965115810715474,0.000876792972680915,1
2998079,1,0,0.00019676744131204898,0.000876792972680915,0
2998080,1,0,0.0003430298556904905,0.000876792972680915,0
2998094,1,0,0.0004340924979229469,0.000876792972680915,0
2998123,1,0,0.0006875172657737583,0.000876792972680915,0
2998177,1,0,0.00017209502697852321,0.000876792972680915,0
2998178,1,0,0.00037700985640374857,0.000876792972680915,0
2998188,1,0,0.0012892712751391144,0.000876792972680915,1
2998190,1,0,0.001104972828835206,0.000876792972680915,1
2998212,1,0,0.0010692342262165174,0.000876792972680915,1
2998219,1,0,0.0006487184947344919,0.000876792972680915,0
2998266,1,0,0.00024059732051012894,0.000876792972680915,0
2998275,1,0,0.000205148043596421,0.000876792972680915,0
2998287,1,0,0.00037435372228666425,0.000876792972680915,0
2998353,1,0,0.0002467850968070235,0.000876792972680915,0
2998355,1,0,0.0002498025712455338,0.000876792972680915,0
2998377,1,0,0.0004286374664615563,0.000876792972680915,0
2998378,1,0,0.0008218201351024564,0.000876792972680915,0
2998423,1,0,0.0003824332419083466,0.000876792972680915,0
2998433,1,0,0.00042341079455682386,0.000876792972680915,0
2998437,1,0,0.0009931463222932234,0.000876792972680915,1
2998479,1,0,0.0019914022225924225,0.000876792972680915,1
2998496,1,0,9.274170530081416e-05,0.000876792972680915,0
2998500,1,0,0.0003306988924311239,0.000876792972680915,0
2998505,1,0,0.0001681495061700564,0.000876792972680915,0
2998519,1,0,0.00022676151662448914,0.000876792972680915,0
2998636,1,0,0.0015128067002682544,0.000876792972680915,1
2998666,1,0,6.047069525437103e-05,0.000876792972680915,0
2998684,1,0,0.0044738994017817614,0.000876792972680915,1
2998693,1,0,0.0011549416956355722,0.000876792972680915,1
2998707,1,0,0.00023324622359776552,0.000876792972680915,0
2998729,1,0,0.0007414227164134695,0.000876792972680915,0
2998737,1,0,0.00022260285817849853,0.000876792972680915,0
2998774,1,0,0.0021219473874757016,0.000876792972680915,1
2998779,1,0,0.00019926672703191305,0.000876792972680915,0
2998818,1,0,0.0001743979299521086,0.000876792972680915,0
2998840,1,0,0.006046163320004915,0.000876792972680915,1
2998842,1,0,0.0005928639894315417,0.000876792972680915,0
2998843,1,0,0.00024280910186824463,0.000876792972680915,0
2998849,1,0,0.0033635234200563974,0.000876792972680915,1
2998872,1,0,0.0003547216457321874,0.000876792972680915,0
2998878,1,0,0.0001513011315218908,0.000876792972680915,0
2998880,1,0,0.0027703587530195496,0.000876792972680915,1
2998902,1,0,0.0005616652763495611,0.000876792972680915,0
2998948,1,0,0.0007936548839105142,0.000876792972680915,0
2998955,1,0,0.0002542092680883954,0.000876792972680915,0
2998975,1,0,0.007915134448508982,0.000876792972680915,1
2999038,1,0,0.0011645156746154103,0.000876792972680915,1
2999055,1,0,0.00019886453695019274,0.000876792972680915,0
2999057,1,0,0.0005356751291615892,0.000876792972680915,0
2999085,1,0,0.00030295862838587576,0.000876792972680915,0
2999160,1,0,0.003574656538582041,0.000876792972680915,1
2999226,1,0,0.0018934365190040475,0.000876792972680915,1
2999314,1,0,0.0009662395710335102,0.000876792972680915,1
2999334,1,0,0.0017419284608949823,0.000876792972680915,1
2999404,1,0,0.00043035486922323346,0.000876792972680915,0
2999408,1,0,0.0003031883942832097,0.000876792972680915,0
2999410,1,0,0.0009201580325094767,0.000876792972680915,1
2999427,1,0,0.0009983903023755602,0.000876792972680915,1
2999467,1,0,0.0006315324834653281,0.000876792972680915,0
2999493,1,0,0.0002630374673192907,0.000876792972680915,0
2999512,1,0,0.007080016322158336,0.000876792972680915,1
2999523,1,0,0.0003019983331901896,0.000876792972680915,0
2999542,1,0,0.00019231864286028996,0.000876792972680915,0
2999609,1,0,5.420445323510442e-05,0.000876792972680915,0
2999614,1,0,0.005190399276144824,0.000876792972680915,1
2999644,1,0,0.00026838029215740366,0.000876792972680915,0
2999663,1,0,0.0008369297692363649,0.000876792972680915,0
2999686,1,0,0.006196212812952957,0.000876792972680915,1
2999701,1,0,0.0023727456956094996,0.000876792972680915,1
2999732,1,0,0.000536967268661119,0.000876792972680915,0
2999746,1,0,0.0003215884226578606,0.000876792972680915,0
2999766,1,0,0.000724896626167924,0.000876792972680915,0
2999819,1,0,0.000499818380036914,0.000876792972680915,0
2999823,1,0,0.0018636795107546528,0.000876792972680915,1
2999836,1,0,0.0016366059322117043,0.000876792972680915,1
2999871,1,0,8.593263739241014e-05,0.000876792972680915,0
2999881,1,0,0.0013354677972041997,0.000876792972680915,1
2999895,1,0,0.002371341075978956,0.000876792972680915,1
2999897,1,0,0.0005853960987744194,0.000876792972680915,0
2999947,1,0,0.0014546151471851484,0.000876792972680915,1
2999948,1,0,0.001369931643049196,0.000876792972680915,1
2999950,1,0,0.002615269099338955,0.000876792972680915,1
2999974,1,0,0.0016192698650106794,0.000876792972680915,1
2999997,1,0,0.0006618729366238714,0.000876792972680915,0
3000047,1,0,0.0008385368908216614,0.000876792972680915,0
3000050,1,0,0.0005301464269817101,0.000876792972680915,0
3000062,1,0,0.0008344421050962446,0.000876792972680915,0
3000109,1,0,0.0009898872194801377,0.000876792972680915,1
3000128,1,0,0.002950183296304092,0.000876792972680915,1
3000148,1,0,0.0011256279625291006,0.000876792972680915,1
3067895,1,0,0.0007086624567605026,0.000876792972680915,0
3092009,1,0,0.0002377959456527369,0.000876792972680915,0
3112940,1,0,0.00010437339181409141,0.000876792972680915,0
3116055,1,0,0.0006466844280107445,0.000876792972680915,0
3116057,1,0,0.0005181690425074887,0.000876792972680915,0
3125900,1,0,0.0053723294813259916,0.000876792972680915,1
3127949,1,0,0.0006339358681752063,0.000876792972680915,0
3128935,1,0,9.43247995966682e-05,0.000876792972680915,0
3131359,1,0,0.00021392819005917034,0.000876792972680915,0
3133108,1,0,0.0005021276292351768,0.000876792972680915,0
3143117,1,0,0.0003837908786906497,0.000876792972680915,0
3148371,1,0,0.0013799057914580623,0.000876792972680915,1
3149577,1,0,0.00021032253792157126,0.000876792972680915,0
3151088,1,0,0.00015528806869435693,0.000876792972680915,0
3154399,1,0,0.0009639489660794658,0.000876792972680915,1
3156107,1,0,0.00016132173045566256,0.000876792972680915,0
3156778,1,0,0.0005382690011353534,0.000876792972680915,0
3158616,1,0,0.0023419856344309765,0.000876792972680915,1
3162310,1,0,0.00045077669640522023,0.000876792972680915,0
3162346,1,0,0.00032478871186402525,0.000876792972680915,0
3162368,1,0,0.00037733649686901916,0.000876792972680915,0
3162373,1,0,0.00043034315163286124,0.000876792972680915,0
3162382,1,0,0.0005067708928657096,0.000876792972680915,0
3162449,1,0,6.073396197206133e-05,0.000876792972680915,0
3162458,1,0,0.00047320110991711325,0.000876792972680915,0
3186454,1,0,0.00014956382155726806,0.000876792972680915,0
3235659,1,0,0.001111633712886339,0.000876792972680915,1
3235688,1,0,0.0030819408120968785,0.000876792972680915,1
3235693,1,0,0.0021017269512470906,0.000876792972680915,1
3235699,1,0,0.000738474424012282,0.000876792972680915,0
3235710,1,0,0.0009615849086611877,0.000876792972680915,1
3235743,1,0,0.0004422902513872259,0.000876792972680915,0
3235760,1,0,0.00037854234469713574,0.000876792972680915,0
3235773,1,0,0.00046109591489960135,0.000876792972680915,0
3235790,1,0,0.00031728378907299853,0.000876792972680915,0
3235802,1,0,0.0031056141207244964,0.000876792972680915,1
3235819,1,0,0.00015101559891821535,0.000876792972680915,0
3235828,1,0,0.017365926248779605,0.000876792972680915,1
3235835,1,0,0.0077548353998132015,0.000876792972680915,1
3235864,1,0,0.0003446258935518687,0.000876792972680915,0
3235881,1,0,0.002677734929327245,0.000876792972680915,1
3235971,1,0,0.002854070753982182,0.000876792972680915,1
3235987,1,0,0.00021158004400346963,0.000876792972680915,0
3236000,1,0,0.00037841898576506197,0.000876792972680915,0
3236010,1,0,0.00047191031556464855,0.000876792972680915,0
3236011,1,0,0.00024139951534579582,0.000876792972680915,0
3236019,1,0,5.07232736905496e-05,0.000876792972680915,0
3236030,1,0,0.00042145549580061345,0.000876792972680915,0
3236035,1,0,0.0001491318076965024,0.000876792972680915,0
3236036,1,0,0.009360258065408088,0.000876792972680915,1
3236066,1,0,0.00029858066151671234,0.000876792972680915,0
3236070,1,0,0.00028974080531184545,0.000876792972680915,0
3236102,1,0,0.0005917410450590006,0.000876792972680915,0
3236141,1,0,0.000149152832216961,0.000876792972680915,0
3236155,1,0,0.0018228458881302514,0.000876792972680915,1
3236161,1,0,0.0017011579825918146,0.000876792972680915,1
3236170,1,0,0.007419671658152614,0.000876792972680915,1
3236187,1,0,0.0003898904704401746,0.000876792972680915,0
3236192,1,0,0.00045618404948846204,0.000876792972680915,0
3236247,1,0,0.00012409096483225284,0.000876792972680915,0
3236321,1,0,0.00031040497173922816,0.000876792972680915,0
3236322,1,0,0.000259939863761909,0.000876792972680915,0
3236324,1,0,0.0014082000561984234,0.000876792972680915,1
3236328,1,0,0.0031348837718391184,0.000876792972680915,1
3236343,1,0,0.000455481707253076,0.000876792972680915,0
3236344,1,0,0.00029737332156320654,0.000876792972680915,0
3236408,1,0,0.0004511733668381766,0.000876792972680915,0
3236474,1,0,0.0006108881430768437,0.000876792972680915,0
3236478,1,0,0.0010763985375677905,0.000876792972680915,1
3236483,1,0,0.00045386130948877647,0.000876792972680915,0
3236518,1,0,8.616624374585361e-05,0.000876792972680915,0
3236550,1,0,0.0003716055763214988,0.000876792972680915,0
3236583,1,0,9.180112422930945e-05,0.000876792972680915,0
3236621,1,0,0.00208799498682904,0.000876792972680915,1
3236666,1,0,0.0007524836190868465,0.000876792972680915,0
3236680,1,0,0.3983863892402952,0.000876792972680915,1
3236757,1,0,0.00031953652101644097,0.000876792972680915,0
3236764,1,0,0.001552861442363142,0.000876792972680915,1
3236769,1,0,0.0009155940816584431,0.000876792972680915,1
3236847,1,0,3.876711688384131e-05,0.000876792972680915,0
3236853,1,0,0.003116461864855864,0.000876792972680915,1
3236879,1,0,0.0003614223121666327,0.000876792972680915,0
3236933,1,0,0.0001263095310528971,0.000876792972680915,0
3236943,1,0,0.0017539074097088483,0.000876792972680915,1
3236947,1,0,0.0007372004989688244,0.000876792972680915,0
3236996,1,0,0.0005846546527721217,0.000876792972680915,0
3237019,1,0,0.00035854849906573094,0.000876792972680915,0
3237054,1,0,0.0007071373556817767,0.000876792972680915,0
3237154,1,0,0.0007379605409663593,0.000876792972680915,0
3237167,1,0,0.0009626158195805082,0.000876792972680915,1
3237179,1,0,0.0004711714542888846,0.000876792972680915,0
3237182,1,0,0.0005464848653755638,0.000876792972680915,0
3237228,1,0,0.00010095373853453097,0.000876792972680915,0
3237232,1,0,7.238895292094801e-05,0.000876792972680915,0
3237239,1,0,0.013597650753595186,0.000876792972680915,1
3237260,1,0,5.307941329623752e-05,0.000876792972680915,0
3237297,1,0,0.0008882135220126253,0.000876792972680915,1
3237334,1,0,0.0010459895374343923,0.000876792972680915,1
3237341,1,0,0.000347963423521674,0.000876792972680915,0
3237360,1,0,0.005323512314707941,0.000876792972680915,1
3237407,1,0,0.0017998831594140013,0.000876792972680915,1
3237413,1,0,7.781103078672363e-05,0.000876792972680915,0
3237424,1,0,0.0012066488196580932,0.000876792972680915,1
3237434,1,0,0.00035817626588550625,0.000876792972680915,0
3237439,1,0,6.363664363418632e-05,0.000876792972680915,0
3237499,1,0,0.002294183911510089,0.000876792972680915,1
3237539,1,0,0.0008183483948979993,0.000876792972680915,0
3237559,1,0,0.0002539853648874247,0.000876792972680915,0
3237582,1,0,0.005527388266663683,0.000876792972680915,1
3237590,1,0,0.00031878679072141564,0.000876792972680915,0
3237614,1,0,0.004495469222587206,0.000876792972680915,1
3237624,1,0,0.00039218411336437703,0.000876792972680915,0
3237626,1,0,0.015775205694616542,0.000876792972680915,1
3237661,1,0,0.002450657503971737,0.000876792972680915,1
3237670,1,0,0.00029041777596137844,0.000876792972680915,0
3237698,1,0,0.0004252727039584697,0.000876792972680915,0
3237703,1,0,0.0004706618889177608,0.000876792972680915,0
3237748,1,0,0.0008821823942531603,0.000876792972680915,1
3237794,1,0,0.00017218905005157557,0.000876792972680915,0
3237798,1,0,0.002549629396701504,0.000876792972680915,1
3237802,1,0,0.00023681709339890857,0.000876792972680915,0
3237867,1,0,0.0037368512104792185,0.000876792972680915,1
3237892,1,0,0.00040589714156788475,0.000876792972680915,0
3237910,1,0,0.0009895019897046998,0.000876792972680915,1
3237924,1,0,0.0009917860931201459,0.000876792972680915,1
3237927,1,0,0.00010285857752863841,0.000876792972680915,0
3237937,1,0,0.00020207849908653475,0.000876792972680915,0
3237963,1,0,0.0009900894278620628,0.000876792972680915,1
3237974,1,0,0.0009405323009358863,0.000876792972680915,1
3237985,1,0,0.00016954852591852707,0.000876792972680915,0
3238013,1,0,0.0001143817658468678,0.000876792972680915,0
3238019,1,0,0.0013650126978478892,0.000876792972680915,1
3238039,1,0,0.0002883721346838366,0.000876792972680915,0
3238061,1,0,0.01827118879723984,0.000876792972680915,1
3238067,1,0,0.00042654740602763046,0.000876792972680915,0
3238074,1,0,0.00017409120371638523,0.000876792972680915,0
3238081,1,0,0.0009715238122400099,0.000876792972680915,1
3238084,1,0,0.00022609886596144582,0.000876792972680915,0
3238132,1,0,0.005626546965101815,0.000876792972680915,1
3238135,1,0,0.000802603562326125,0.000876792972680915,0
3238179,1,0,0.0010972447023573327,0.000876792972680915,1
3238192,1,0,0.0001427074683783166,0.000876792972680915,0
3238216,1,0,0.00017020579555955212,0.000876792972680915,0
3238241,1,0,0.000757250061876414,0.000876792972680915,0
3238254,1,0,0.00032781903098704396,0.000876792972680915,0
3238319,1,0,0.0001552107205089962,0.000876792972680915,0
3238330,1,0,0.0016825729728360882,0.000876792972680915,1
3238375,1,0,0.0004835325728394339,0.000876792972680915,0
3238423,1,0,0.00025649379351129286,0.000876792972680915,0
3238432,1,0,0.0008461619645473554,0.000876792972680915,0
3238446,1,0,0.0023618037338715,0.000876792972680915,1
3238468,1,0,0.0001729768887071194,0.000876792972680915,0
3238510,1,0,0.00038550919699547047,0.000876792972680915,0
3238512,1,0,0.0005977427447248025,0.000876792972680915,0
3238557,1,0,0.0005959296898994054,0.000876792972680915,0
3238567,1,0,0.00034661020329700886,0.000876792972680915,0
3238573,1,0,0.0014576416396795704,0.000876792972680915,1
3238585,1,0,0.005725413685840984,0.000876792972680915,1
3238602,1,0,4.7773981006961325e-05,0.000876792972680915,0
3238608,1,0,0.0021554073446116142,0.000876792972680915,1
3238627,1,0,0.0146611196741977,0.000876792972680915,1
3238693,1,0,0.0002476498705465374,0.000876792972680915,0
3238765,1,0,0.0001537447401090374,0.000876792972680915,0
3238808,1,0,0.45412161345220664,0.000876792972680915,1
3238860,1,0,0.000155006198154804,0.000876792972680915,0
3238864,1,0,5.033183629654746e-05,0.000876792972680915,0
3239030,1,0,0.0012321164601877624,0.000876792972680915,1
3239034,1,0,0.00014530755947938191,0.000876792972680915,0
3239036,1,0,0.0007907139304386106,0.000876792972680915,0
3239055,1,0,0.0014188826661020253,0.000876792972680915,1
3239102,1,0,0.0038934891329041347,0.000876792972680915,1
3239117,1,0,0.002251293989091471,0.000876792972680915,1
3239137,1,0,0.0013839392778482713,0.000876792972680915,1
3239151,1,0,0.000334881293205321,0.000876792972680915,0
3239167,1,0,0.000432219544020645,0.000876792972680915,0
3239183,1,0,0.0001803285775063027,0.000876792972680915,0
3239187,1,0,0.000255385344973496,0.000876792972680915,0
3239193,1,0,0.00014266185842357044,0.000876792972680915,0
3239196,1,0,0.0014383065220433717,0.000876792972680915,1
3239336,1,0,7.493794786466334e-05,0.000876792972680915,0
3239432,1,0,0.000811675340429227,0.000876792972680915,0
3239445,1,0,0.0002701935925341402,0.000876792972680915,0
3239567,1,0,0.00022372116197387482,0.000876792972680915,0
3239615,1,0,0.0007891189921612258,0.000876792972680915,0
3239618,1,0,0.00023896866467491598,0.000876792972680915,0
3239622,1,0,0.0016472339656849809,0.000876792972680915,1
3239623,1,0,0.0008946934328033321,0.000876792972680915,1
3239656,1,0,0.0001248926483209902,0.000876792972680915,0
3239661,1,0,0.0008054300785291048,0.000876792972680915,0
3239724,1,0,0.0008116251844147916,0.000876792972680915,0
3239734,1,0,0.0008011283734096288,0.000876792972680915,0
3239774,1,0,0.0006560139117570057,0.000876792972680915,0
3239841,1,0,0.0022255037981223926,0.000876792972680915,1
3239861,1,0,0.00037697036572304366,0.000876792972680915,0
3239909,1,0,0.0006585306218596416,0.000876792972680915,0
3239975,1,0,0.0007111980470670307,0.000876792972680915,0
3240011,1,0,0.0019315724347172328,0.000876792972680915,1
3240055,1,0,0.00011125728415520242,0.000876792972680915,0
3240077,1,0,0.0036435762703848793,0.000876792972680915,1
3240129,1,0,0.0003790057608189398,0.000876792972680915,0
3240153,1,0,0.0035400004345833604,0.000876792972680915,1
3240166,1,0,0.0008712151915931463,0.000876792972680915,0
3240182,1,0,0.0156985546042326,0.000876792972680915,1
3240190,1,0,0.013298776930399842,0.000876792972680915,1
3240276,1,0,0.0009572966999042209,0.000876792972680915,1
3240279,1,0,0.0014644274335277386,0.000876792972680915,1
3240303,1,0,0.0004306239532228246,0.000876792972680915,0
3240328,1,0,0.0010764099101909425,0.000876792972680915,1
3240330,1,0,0.00028085951945859116,0.000876792972680915,0
3240332,1,0,0.0004121099470956269,0.000876792972680915,0
3240337,1,0,0.00044540724888596933,0.000876792972680915,0
3240411,1,0,0.0003696969372945086,0.000876792972680915,0
3240456,1,0,0.0009485652640709031,0.000876792972680915,1
3240467,1,0,5.748529015998097e-05,0.000876792972680915,0
3240472,1,0,0.000135245447516949,0.000876792972680915,0
3240509,1,0,0.0009500862504154282,0.000876792972680915,1
3240529,1,0,0.0004982326888364803,0.000876792972680915,0
3240532,1,0,0.001312390001461826,0.000876792972680915,1
3240551,1,0,0.0007566584827651406,0.000876792972680915,0
3240563,1,0,0.00033730866691627815,0.000876792972680915,0
3240577,1,0,0.000172981275322294,0.000876792972680915,0
3240617,1,0,0.00045743318003789283,0.000876792972680915,0
3240707,1,0,0.00024326307003907842,0.000876792972680915,0
3240713,1,0,0.0007703718279136953,0.000876792972680915,0
3240723,1,0,0.0008731802672032446,0.000876792972680915,0
3240839,1,0,0.00018347789956620422,0.000876792972680915,0
3240856,1,0,0.000993335772036194,0.000876792972680915,1
3240857,1,0,0.0016212844396461283,0.000876792972680915,1
3240909,1,0,0.0002837789905740091,0.000876792972680915,0
3240912,1,0,0.0007575499228277269,0.000876792972680915,0
3240953,1,0,0.0055127375298473745,0.000876792972680915,1
3240980,1,0,0.0006302770761621203,0.000876792972680915,0
3241005,1,0,0.0007173192203543259,0.000876792972680915,0
3241023,1,0,0.0009137122324455004,0.000876792972680915,1
3241109,1,0,0.003032055423182138,0.000876792972680915,1
3241139,1,0,0.00041453185046027284,0.000876792972680915,0
3241189,1,0,0.0004190472207270357,0.000876792972680915,0
3241202,1,0,0.00661911120825477,0.000876792972680915,1
3241235,1,0,0.00019185866014922334,0.000876792972680915,0
3241247,1,0,0.0018957383080023906,0.000876792972680915,1
3241259,1,0,0.0006077866367738598,0.000876792972680915,0
3241296,1,0,0.00015465199828702754,0.000876792972680915,0
3241303,1,0,0.03931341751534447,0.000876792972680915,1
3241314,1,0,0.0012671936009402778,0.000876792972680915,1
3241344,1,0,8.054869916305523e-05,0.000876792972680915,0
3241421,1,0,0.00036289623627924116,0.000876792972680915,0
3241452,1,0,0.00022648058100619705,0.000876792972680915,0
3241466,1,0,0.002705979950635685,0.000876792972680915,1
3241515,1,0,0.00032550531491521475,0.000876792972680915,0
3241544,1,0,0.00014088045588538664,0.000876792972680915,0
3241586,1,0,0.0013333614992268896,0.000876792972680915,1
3241594,1,0,0.001045515936189913,0.000876792972680915,1
3241622,1,0,0.00010169436718530268,0.000876792972680915,0
3241626,1,0,0.0010233718577811722,0.000876792972680915,1
3241634,1,0,0.0026002942166856416,0.000876792972680915,1
3241702,1,0,0.00035730598576103544,0.000876792972680915,0
3241723,1,0,0.0022554223134580763,0.000876792972680915,1
3241752,1,0,0.0009820965517210256,0.000876792972680915,1
3241773,1,0,0.0006882539308966994,0.000876792972680915,0
3241800,1,0,0.0008503763562576108,0.000876792972680915,0
3241849,1,0,0.00031028102329784264,0.000876792972680915,0
3241885,1,0,0.0011339119769718641,0.000876792972680915,1
3241893,1,0,0.0013816372180751222,0.000876792972680915,1
3241930,1,0,9.479425864861282e-05,0.000876792972680915,0
3241964,1,0,0.0026838144186997898,0.000876792972680915,1
3241965,1,0,0.0009191987009167398,0.000876792972680915,1
3241983,1,0,0.0005229970054401503,0.000876792972680915,0
3241985,1,0,9.166133469322977e-05,0.000876792972680915,0
3242007,1,0,0.0003951273039068368,0.000876792972680915,0
3242025,1,0,0.0012260617010289635,0.000876792972680915,1
3242044,1,0,0.0003266090713999259,0.000876792972680915,0
3242063,1,0,0.00047152306234136553,0.000876792972680915,0
3242071,1,0,0.0010895601847651201,0.000876792972680915,1
3242077,1,0,0.0005746597724930583,0.000876792972680915,0
3242178,1,0,0.001588508162070696,0.000876792972680915,1
3242224,1,0,0.0028030306563044307,0.000876792972680915,1
3242305,1,0,0.000301887137924296,0.000876792972680915,0
3242321,1,0,0.0010061689887297652,0.000876792972680915,1
3242330,1,0,0.0001221076847265009,0.000876792972680915,0
3242337,1,0,0.00048781969712591804,0.000876792972680915,0
3242370,1,0,0.00037623411098656117,0.000876792972680915,0
3242426,1,0,0.00040769443157583107,0.000876792972680915,0
3242446,1,0,0.000218580371247764,0.000876792972680915,0
3242448,1,0,0.0008982336317594891,0.000876792972680915,1
3242453,1,0,0.004274424248843457,0.000876792972680915,1
3242478,1,0,0.0005155666701542476,0.000876792972680915,0
3242505,1,0,0.000584163552501262,0.000876792972680915,0
3242506,1,0,0.0008335944680810895,0.000876792972680915,0
3242512,1,0,0.00023420213969894174,0.000876792972680915,0
3242545,1,0,0.003292744360344652,0.000876792972680915,1
3242638,1,0,0.023509670415311597,0.000876792972680915,1
3242672,1,0,0.00011742740782363657,0.000876792972680915,0
3242749,1,0,0.000273994727275299,0.000876792972680915,0
3242807,1,0,0.000138740785476588,0.000876792972680915,0
3242811,1,0,9.953391101973286e-05,0.000876792972680915,0
3242821,1,0,6.329780979524249e-05,0.000876792972680915,0
3242835,1,0,0.001498603484434494,0.000876792972680915,1
3242947,1,0,0.00048282208871016757,0.000876792972680915,0
3242962,1,0,0.00042243819619084696,0.000876792972680915,0
3243027,1,0,7.215202881548381e-05,0.000876792972680915,0
3243084,1,0,0.0011700161753942383,0.000876792972680915,1
3243149,1,0,0.004380696541931831,0.000876792972680915,1
3243224,1,0,0.00013676080403755256,0.000876792972680915,0
3243226,1,0,0.0014706701866961651,0.000876792972680915,1
3243236,1,0,0.00013898444771556285,0.000876792972680915,0
3243260,1,0,0.0002915062214902659,0.000876792972680915,0
3243273,1,0,0.00022912475104992436,0.000876792972680915,0
3243317,1,0,0.0008617674211032182,0.000876792972680915,0
3243341,1,0,0.0002254000155770909,0.000876792972680915,0
3243360,1,0,0.001960660673015386,0.000876792972680915,1
3243408,1,0,0.00015550024601060318,0.000876792972680915,0
3243596,1,0,0.0003409162947401511,0.000876792972680915,0
3243601,1,0,0.0001208309403363671,0.000876792972680915,0
3243631,1,0,0.0002454080627870054,0.000876792972680915,0
3243645,1,0,0.000621064166549916,0.000876792972680915,0
3243679,1,0,0.0004947586210963163,0.000876792972680915,0
3243715,1,0,0.0039734189836786536,0.000876792972680915,1
3243845,1,0,0.0012908673192610729,0.000876792972680915,1
3243861,1,0,0.0004480515006399301,0.000876792972680915,0
3243886,1,0,0.0005381600020792732,0.000876792972680915,0
3243894,1,0,0.0008973126829393363,0.000876792972680915,1
3243896,1,0,0.000732749278850469,0.000876792972680915,0
3243905,1,0,0.00048521023815006604,0.000876792972680915,0
3243908,1,0,0.00021415556909188776,0.000876792972680915,0
3243917,1,0,0.4018476335606223,0.000876792972680915,1
3243965,1,0,0.001503973690594055,0.000876792972680915,1
3244011,1,0,0.0013618386750175874,0.000876792972680915,1
3244062,1,0,0.0014674170915383803,0.000876792972680915,1
3244155,1,0,0.001490266292826872,0.000876792972680915,1
3244164,1,0,0.00010943757652409625,0.000876792972680915,0
3244217,1,0,0.0011813534499041016,0.000876792972680915,1
3244295,1,0,0.00035474233336407285,0.000876792972680915,0
3244305,1,0,0.00031051408507494835,0.000876792972680915,0
3244308,1,0,0.000465981378411361,0.000876792972680915,0
3244311,1,0,0.0006876143203024608,0.000876792972680915,0
3244369,1,0,0.0002937634441171383,0.000876792972680915,0
3244433,1,0,0.0003028745621917932,0.000876792972680915,0
3244434,1,0,0.0004980454094342315,0.000876792972680915,0
3244447,1,0,0.0015444504835327947,0.000876792972680915,1
3244475,1,0,0.0006727544669225394,0.000876792972680915,0
3244492,1,0,0.0007150373614459246,0.000876792972680915,0
3244498,1,0,0.000195879604169839,0.000876792972680915,0
3244553,1,0,0.002165773724867523,0.000876792972680915,1
3244582,1,0,0.0034715904931193163,0.000876792972680915,1
3244592,1,0,0.0013606165401251426,0.000876792972680915,1
3244608,1,0,0.0008336398304551381,0.000876792972680915,0
3244670,1,0,0.0007344522010072677,0.000876792972680915,0
3244675,1,0,0.0005335770286392573,0.000876792972680915,0
3244684,1,0,7.183994963538304e-05,0.000876792972680915,0
3244791,1,0,0.0006640355118075042,0.000876792972680915,0
3244830,1,0,0.00040797142546087245,0.000876792972680915,0
3244847,1,0,0.00032878139513803877,0.000876792972680915,0
3244848,1,0,0.0003114463512921214,0.000876792972680915,0
3244894,1,0,0.007395930773416382,0.000876792972680915,1
3244981,1,0,0.0003757490226261273,0.000876792972680915,0
3245020,1,0,0.0007151462479603492,0.000876792972680915,0
3245057,1,0,0.000503876123022801,0.000876792972680915,0
3245164,1,0,0.00036010326088906444,0.000876792972680915,0
3245170,1,0,0.0011202413216898643,0.000876792972680915,1
3245224,1,0,0.00018106364839932463,0.000876792972680915,0
3245225,1,0,0.0005252505018626662,0.000876792972680915,0
3245229,1,0,0.0004883166122136728,0.000876792972680915,0
3245248,1,0,0.00029043096929469165,0.000876792972680915,0
3245272,1,0,0.001636981296945691,0.000876792972680915,1
3245336,1,0,0.0004242557346301557,0.000876792972680915,0
3245352,1,0,0.0008065261302879529,0.000876792972680915,0
3245401,1,0,0.0014136578803909969,0.000876792972680915,1
3245480,1,0,0.0006420156377683852,0.000876792972680915,0
3245497,1,0,0.0006689091456486506,0.000876792972680915,0
3245618,1,0,0.0051705568633198355,0.000876792972680915,1
3245630,1,0,0.000253714676886452,0.000876792972680915,0
3245701,1,0,0.004443929994297514,0.000876792972680915,1
3245734,1,0,0.006817653002195194,0.000876792972680915,1
3245749,1,0,0.0002522797590998279,0.000876792972680915,0
3245764,1,0,0.0003806849997466235,0.000876792972680915,0
3245789,1,0,0.003781725946604836,0.000876792972680915,1
3245839,1,0,0.00011324037681652366,0.000876792972680915,0
3245894,1,0,0.0011771791908007146,0.000876792972680915,1
3245912,1,0,0.0008099837221441345,0.000876792972680915,0
3245959,1,0,0.00182378841992598,0.000876792972680915,1
3245971,1,0,0.0005485050357734735,0.000876792972680915,0
3245994,1,0,0.0011283910534249434,0.000876792972680915,1
3246770,1,0,0.0007139874319949534,0.000876792972680915,0
3246797,1,0,2.3322529061418598e-05,0.000876792972680915,0
3260865,1,0,0.0005727739500104425,0.000876792972680915,0
3265903,1,0,8.012076310527527e-05,0.000876792972680915,0
3314951,1,0,0.0006085770445763808,0.000876792972680915,0
3315129,1,0,0.0009911123262402234,0.000876792972680915,1
3404474,1,0,0.0024169671963885104,0.000876792972680915,1
3435090,1,0,0.0003962092221107588,0.000876792972680915,0
3436420,1,0,0.004220229733579241,0.000876792972680915,1
3436636,1,0,0.0016466981444617213,0.000876792972680915,1
3438303,1,0,0.008755475590955642,0.000876792972680915,1
3442155,1,0,0.0012254963827915708,0.000876792972680915,1
3491374,1,0,0.0006335173040373549,0.000876792972680915,0
3511375,1,0,0.00047642605109191787,0.000876792972680915,0
3520063,1,0,0.0007094920657067224,0.000876792972680915,0
3590647,1,0,0.0005160921313699827,0.000876792972680915,0
3603126,1,0,0.0004958270607651221,0.000876792972680915,0
3620360,1,0,0.0009397507695866438,0.000876792972680915,1
3649326,1,0,0.0006061134883924613,0.000876792972680915,0
3651146,1,0,0.0007598374705218352,0.000876792972680915,0
3653329,1,0,0.00024618557691429835,0.000876792972680915,0
3690440,1,0,0.0003070671784675065,0.000876792972680915,0
3796447,1,0,0.0007240972645986274,0.000876792972680915,0
3797114,1,0,0.00018047688138448325,0.000876792972680915,0
3797905,1,0,0.00037637176661937244,0.000876792972680915,0
3813399,1,0,0.0016599892779845412,0.000876792972680915,1
3858898,1,0,0.00032252957870709716,0.000876792972680915,0
4094173,1,0,0.00022469891628074728,0.000876792972680915,0
4105570,1,0,0.00014079717198726033,0.000876792972680915,0
4108861,1,0,6.866979889111818e-05,0.000876792972680915,0
4114331,1,0,0.0010095947986878484,0.000876792972680915,1
4117900,1,0,0.0011701655986024878,0.000876792972680915,1
4129119,1,0,0.002380736654319161,0.000876792972680915,1
4136905,1,0,0.004245115016570569,0.000876792972680915,1
4150047,1,0,8.240613561090907e-05,0.000876792972680915,0
4152810,1,0,0.0003515135010688614,0.000876792972680915,0
4164379,1,0,8.224779615539594e-05,0.000876792972680915,0
4165356,1,0,0.0005252414481022955,0.000876792972680915,0
4174169,1,0,0.0001953699892426678,0.000876792972680915,0
4205813,1,0,0.00021956689902476786,0.000876792972680915,0
4234394,1,0,0.00018727940036372462,0.000876792972680915,0
4246776,1,0,0.009062649618878283,0.000876792972680915,1
4289349,1,0,0.000975893498327128,0.000876792972680915,1
4343836,1,0,8.427834824463653e-05,0.000876792972680915,0
4353821,1,0,0.0001757564905657824,0.000876792972680915,0
4361104,1,0,0.0003236532000603236,0.000876792972680915,0
4402411,1,0,0.005207627929209599,0.000876792972680915,1
4432211,1,0,0.0005169865520572718,0.000876792972680915,0
4432959,1,0,0.0018351476644352359,0.000876792972680915,1
4524563,1,0,0.003568359702038284,0.000876792972680915,1
4530632,1,0,0.00024186188732214272,0.000876792972680915,0
4588656,1,0,0.00013560024051792403,0.000876792972680915,0
4592510,1,0,0.00010661379989206696,0.000876792972680915,0
4616029,1,0,0.00034548826049030307,0.000876792972680915,0
4660885,1,0,0.0008125513180353702,0.000876792972680915,0
4859802,1,0,0.00030955440739007385,0.000876792972680915,0
4893183,1,0,0.0002922436204796271,0.000876792972680915,0
4896219,1,0,0.0006058517438825435,0.000876792972680915,0
5070178,1,0,4.814853866025745e-05,0.000876792972680915,0
5076106,1,0,0.000248874650612688,0.000876792972680915,0
5076107,1,0,0.00032042484849789345,0.000876792972680915,0
5122224,1,0,0.0005660691932743815,0.000876792972680915,0
5142912,1,0,0.0003893589562021891,0.000876792972680915,0
5178250,1,0,0.0013218838334828594,0.000876792972680915,1
5192235,1,0,0.00016590523044448496,0.000876792972680915,0
5201818,1,0,0.00025630732340270506,0.000876792972680915,0
5219757,1,0,0.0036907819358367954,0.000876792972680915,1
5295151,1,0,0.0009269642882418478,0.000876792972680915,1
5307143,1,0,0.00254493309850288,0.000876792972680915,1
5307153,1,0,0.00036253250746528506,0.000876792972680915,0
5307159,1,0,0.0040039159252255796,0.000876792972680915,1
5307284,1,0,0.0008558253572127659,0.000876792972680915,0
5307306,1,0,0.0014497834373841873,0.000876792972680915,1
5307321,1,0,0.0007962948058352984,0.000876792972680915,0
5307497,1,0,0.0002740029812895332,0.000876792972680915,0
5307500,1,0,0.0007785915923881108,0.000876792972680915,0
5307573,1,0,0.0038717061131079335,0.000876792972680915,1
5307585,1,0,0.00012826715292933266,0.000876792972680915,0
5307596,1,0,0.0003339422496364872,0.000876792972680915,0
5307639,1,0,0.0005475627086820698,0.000876792972680915,0
5307749,1,0,0.0004295700891551253,0.000876792972680915,0
5307770,1,0,0.0005853658233390493,0.000876792972680915,0
5307818,1,0,0.0028402448754226493,0.000876792972680915,1
5307841,1,0,0.00047532219284039684,0.000876792972680915,0
5307862,1,0,0.00017837215033762673,0.000876792972680915,0
5307908,1,0,0.00048255985570984166,0.000876792972680915,0
5307917,1,0,0.0005109041832679529,0.000876792972680915,0
5307966,1,0,0.0005298188374948983,0.000876792972680915,0
5307985,1,0,0.0009456776170722013,0.000876792972680915,1
5308019,1,0,0.000549938105924123,0.000876792972680915,0
5308042,1,0,0.00016235952497170057,0.000876792972680915,0
5308060,1,0,6.793439848929769e-05,0.000876792972680915,0
5308162,1,0,0.00017744737661832443,0.000876792972680915,0
5308213,1,0,0.00030902155785540156,0.000876792972680915,0
5308250,1,0,0.0015565473226425441,0.000876792972680915,1
5308255,1,0,4.369096965023968e-05,0.000876792972680915,0
5308264,1,0,0.000458533906771689,0.000876792972680915,0
5308289,1,0,0.00027596636065191745,0.000876792972680915,0
5308315,1,0,0.000953814562002266,0.000876792972680915,1
5308322,1,0,0.0018732932370989226,0.000876792972680915,1
5308351,1,0,0.00038819115222466795,0.000876792972680915,0
5308421,1,0,0.000193356277158971,0.000876792972680915,0
5308424,1,0,0.0003140830432091214,0.000876792972680915,0
5308471,1,0,4.5776826028697445e-05,0.000876792972680915,0
5308495,1,0,0.0005669294687393847,0.000876792972680915,0
5308516,1,0,0.000259413642276241,0.000876792972680915,0
5308566,1,0,0.0004295945611544412,0.000876792972680915,0
5308659,1,0,0.000543352405620597,0.000876792972680915,0
5308688,1,0,0.002551646178157977,0.000876792972680915,1
5308689,1,0,0.0022589148771309814,0.000876792972680915,1
5308736,1,0,0.0001574841742072754,0.000876792972680915,0
5308738,1,0,0.00026879948373349706,0.000876792972680915,0
5308752,1,0,0.0007761212250669722,0.000876792972680915,0
5308758,1,0,0.0019668532012196995,0.000876792972680915,1
5308769,1,0,0.0007601963556678808,0.000876792972680915,0
5308975,1,0,0.004389485115908066,0.000876792972680915,1
5308983,1,0,0.0002795863780672577,0.000876792972680915,0
5309021,1,0,0.0029807722824000877,0.000876792972680915,1
5309116,1,0,0.004158606700896592,0.000876792972680915,1
5309133,1,0,0.00010475762140186188,0.000876792972680915,0
5309168,1,0,0.00024950421425716583,0.000876792972680915,0
5309187,1,0,0.0010202076670158076,0.000876792972680915,1
5309205,1,0,0.0017928546656705328,0.000876792972680915,1
5309206,1,0,0.000972892317321812,0.000876792972680915,1
5309322,1,0,0.0001029217574805684,0.000876792972680915,0
5309326,1,0,0.002705705094172794,0.000876792972680915,1
5309334,1,0,0.0017901011256360201,0.000876792972680915,1
5309449,1,0,0.00026726497497571043,0.000876792972680915,0
5309455,1,0,0.00011610448937525368,0.000876792972680915,0
5309460,1,0,0.0003321173997273149,0.000876792972680915,0
5309511,1,0,0.0013027907588971741,0.000876792972680915,1
5309543,1,0,0.00025506629022517953,0.000876792972680915,0
5309586,1,0,0.0014955237016187467,0.000876792972680915,1
5309641,1,0,0.0004101424303995281,0.000876792972680915,0
5309661,1,0,0.0007258269526023789,0.000876792972680915,0
5309666,1,0,0.0008869761297554497,0.000876792972680915,1
5309669,1,0,0.00048461987284533907,0.000876792972680915,0
5309670,1,0,0.0013279401364340426,0.000876792972680915,1
5309687,1,0,0.0007940298342045526,0.000876792972680915,0
5309730,1,0,0.00015068584813019068,0.000876792972680915,0
5309739,1,0,0.0010991569085522825,0.000876792972680915,1
5309785,1,0,0.001201453069948118,0.000876792972680915,1
5309815,1,0,0.0018560692285064864,0.000876792972680915,1
5309847,1,0,0.001867274736178868,0.000876792972680915,1
5309881,1,0,0.005021814620937353,0.000876792972680915,1
5309936,1,0,0.00033995148174563347,0.000876792972680915,0
5309966,1,0,0.0008722401023118647,0.000876792972680915,0
5309981,1,0,0.00013015384024990564,0.000876792972680915,0
5309989,1,0,0.021398114644556834,0.000876792972680915,1
5310016,1,0,0.00021238559409820354,0.000876792972680915,0
5310053,1,0,0.0037723519187364135,0.000876792972680915,1
5310108,1,0,0.0011040260313959528,0.000876792972680915,1
5310218,1,0,0.0003920354197788483,0.000876792972680915,0
5310258,1,0,0.008316570525321598,0.000876792972680915,1
5310351,1,0,0.0005791626968067822,0.000876792972680915,0
5310384,1,0,0.0001777297286815439,0.000876792972680915,0
5310411,1,0,8.94870044799592e-05,0.000876792972680915,0
5310511,1,0,0.0004579620349357054,0.000876792972680915,0
5310529,1,0,0.0005249105863680764,0.000876792972680915,0
5310559,1,0,0.000646557531537538,0.000876792972680915,0
5310562,1,0,0.00037355343383673264,0.000876792972680915,0
5310565,1,0,0.00014800956300617873,0.000876792972680915,0
5310568,1,0,0.0009987647114245385,0.000876792972680915,1
5310577,1,0,0.00014590230824199858,0.000876792972680915,0
5310666,1,0,0.0006023080585253834,0.000876792972680915,0
5310739,1,0,0.004003896476187957,0.000876792972680915,1
5310854,1,0,0.0016185372454679938,0.000876792972680915,1
5310872,1,0,0.00024596819477150215,0.000876792972680915,0
5328770,1,0,0.0016290087350378669,0.000876792972680915,1
5388987,1,0,0.0019246429586601951,0.000876792972680915,1
5389045,1,0,0.00015109276488171487,0.000876792972680915,0
5389060,1,0,0.00012652031344861212,0.000876792972680915,0
5389228,1,0,0.0011809406569143585,0.000876792972680915,1
5389242,1,0,0.001391094374604892,0.000876792972680915,1
5389291,1,0,0.0006402582010629051,0.000876792972680915,0
5389324,1,0,0.0006497157183219892,0.000876792972680915,0
5389332,1,0,0.0012574257649585812,0.000876792972680915,1
5389464,1,0,0.0012842646165643781,0.000876792972680915,1
5389489,1,0,0.00042856257157711236,0.000876792972680915,0
5389506,1,0,0.0010137296745789436,0.000876792972680915,1
5389516,1,0,0.0007797092025199042,0.000876792972680915,0
5389579,1,0,0.0005914187710381973,0.000876792972680915,0
5389590,1,0,0.0003514249217830331,0.000876792972680915,0
5389617,1,0,0.0010469437468541762,0.000876792972680915,1
5389635,1,0,0.0010324287711734415,0.000876792972680915,1
5389667,1,0,0.00039886149490849594,0.000876792972680915,0
5389679,1,0,0.0005135932683801947,0.000876792972680915,0
5389684,1,0,0.0015540698286067545,0.000876792972680915,1
5389687,1,0,0.00012104686315318241,0.000876792972680915,0
5389700,1,0,0.0006092821540052187,0.000876792972680915,0
5389704,1,0,0.001598740044372138,0.000876792972680915,1
5389719,1,0,0.00017303356666043435,0.000876792972680915,0
5389727,1,0,0.0009634742088110966,0.000876792972680915,1
5389776,1,0,0.0007345999022343524,0.000876792972680915,0
5389785,1,0,0.0005772364918860449,0.000876792972680915,0
5389862,1,0,0.0006538753157893063,0.000876792972680915,0
5389904,1,0,0.0008484579380346563,0.000876792972680915,0
5389935,1,0,0.003981855573257174,0.000876792972680915,1
5389984,1,0,0.0005122621477599239,0.000876792972680915,0
5390049,1,0,0.003952474290634256,0.000876792972680915,1
5390063,1,0,0.0004061706461278928,0.000876792972680915,0
5390073,1,0,0.0008857275858668191,0.000876792972680915,1
5390084,1,0,0.000308501792205222,0.000876792972680915,0
5390085,1,0,0.003964388858827221,0.000876792972680915,1
5390087,1,0,0.0005225683889312117,0.000876792972680915,0
5403777,1,0,0.00035396624750296733,0.000876792972680915,0
5429720,1,0,0.0008606951553949218,0.000876792972680915,0
5447163,1,0,0.000343584524058406,0.000876792972680915,0
5693111,1,0,0.004456519834335951,0.000876792972680915,1
5711569,1,0,0.00040006169839585103,0.000876792972680915,0
5739357,1,0,0.0017514225111343604,0.000876792972680915,1
5739993,1,0,0.001310414350788462,0.000876792972680915,1
5741317,1,0,0.000646975942091712,0.000876792972680915,0
5741809,1,0,0.0005357606672105488,0.000876792972680915,0
5741987,1,0,0.00040157238095894294,0.000876792972680915,0
5742448,1,0,0.001818095392644291,0.000876792972680915,1
5742455,1,0,0.009457635023868134,0.000876792972680915,1
5742483,1,0,0.0019275109398546562,0.000876792972680915,1
5742533,1,0,0.0001799186174602518,0.000876792972680915,0
5742536,1,0,0.0031557643836403982,0.000876792972680915,1
5742565,1,0,0.0021932459649879874,0.000876792972680915,1
5768983,1,0,0.0007294825601121122,0.000876792972680915,0
5769116,1,0,0.0001305509919603499,0.000876792972680915,0
5769461,1,0,0.0018336830406828484,0.000876792972680915,1
5770442,1,0,0.0018859719164923746,0.000876792972680915,1
5771238,1,0,0.00011759573041466876,0.000876792972680915,0
5771338,1,0,0.0014003364354448873,0.000876792972680915,1
5771400,1,0,0.0004351443922908796,0.000876792972680915,0
5771494,1,0,0.0005189869406530402,0.000876792972680915,0
5771716,1,0,0.0017018180976901731,0.000876792972680915,1
5771731,1,0,0.001060153433543875,0.000876792972680915,1
5878100,1,0,0.00047097491679582484,0.000876792972680915,0
6023689,1,0,0.003898363248725565,0.000876792972680915,1
6324553,1,0,0.0006120081731618525,0.000876792972680915,0
6324554,1,0,0.0008491920725950705,0.000876792972680915,0
6400952,1,0,0.0020751566654959833,0.000876792972680915,1
6602533,1,0,0.0010181482082840061,0.000876792972680915,1
6602610,1,0,0.001150417792324147,0.000876792972680915,1
6602685,1,0,0.0008689100350374492,0.000876792972680915,0
6602694,1,0,7.55047583899228e-05,0.000876792972680915,0
6602737,1,0,0.0005351325347144531,0.000876792972680915,0
6602758,1,0,0.0009113204727130105,0.000876792972680915,1
6602761,1,0,0.0003673491927342574,0.000876792972680915,0
6602774,1,0,0.00021542930984815866,0.000876792972680915,0
6602809,1,0,0.0008201463327843957,0.000876792972680915,0
6602854,1,0,0.0010855869409943468,0.000876792972680915,1
6602867,1,0,0.00042120156512374577,0.000876792972680915,0
6602936,1,0,9.376099758017944e-05,0.000876792972680915,0
6602982,1,0,0.00020011717126260483,0.000876792972680915,0
6603104,1,0,0.0009697525633373671,0.000876792972680915,1
6603115,1,0,0.002348819954584665,0.000876792972680915,1
6603130,1,0,0.0011757058522893764,0.000876792972680915,1
6603138,1,0,0.0004429879508286007,0.000876792972680915,0
6603146,1,0,0.0008901325136308359,0.000876792972680915,1
6603151,1,0,0.0003230365696835801,0.000876792972680915,0
6603215,1,0,0.0008750529721347359,0.000876792972680915,0
6603239,1,0,0.0006807010910809514,0.000876792972680915,0
6603263,1,0,0.0004875536579790586,0.000876792972680915,0
6603274,1,0,0.001627204706568602,0.000876792972680915,1
6603394,1,0,0.0010530340026511744,0.000876792972680915,1
6603418,1,0,8.835520660135173e-05,0.000876792972680915,0
6603463,1,0,0.0005166790809348394,0.000876792972680915,0
6603504,1,0,0.000345207450406284,0.000876792972680915,0
6603634,1,0,0.0005808588639100138,0.000876792972680915,0
6603637,1,0,0.0006906263108796162,0.000876792972680915,0
6603658,1,0,0.00011618927129343464,0.000876792972680915,0
6603665,1,0,0.002693376939728466,0.000876792972680915,1
6603680,1,0,0.00028026683574695373,0.000876792972680915,0
9595210,1,0,0.0003588856865253068,0.000876792972680915,0
9601081,1,0,0.00020896563952848304,0.000876792972680915,0
658778,2,1,0.0013994807397018384,0.0027386387067340366,0
663743,2,1,0.08277073179390014,0.0027386387067340366,1
2084089,2,1,0.00917640957458963,0.0027386387067340366,1
3242160,2,1,0.03660330649050434,0.0027386387067340366,1
3243790,2,1,0.06141001373016857,0.0027386387067340366,1
5308876,2,1,0.10743449513390756,0.0027386387067340366,1
2000,2,0,0.00042174013626919323,0.0027386387067340366,0
3012,2,0,0.0001829569428778943,0.0027386387067340366,0
3182,2,0,0.0003000426716234251,0.0027386387067340366,0
3488,2,0,0.003793614568064021,0.0027386387067340366,1
3702,2,0,0.001335791369337523,0.0027386387067340366,0
4235,2,0,0.000456420382391777,0.0027386387067340366,0
4507,2,0,0.0007785843263736316,0.0027386387067340366,0
4649,2,0,0.0007981198039591796,0.0027386387067340366,0
4879,2,0,0.005590922797353772,0.0027386387067340366,1
4891,2,0,0.0001949432080730041,0.0027386387067340366,0
5328,2,0,0.002115078831391074,0.0027386387067340366,0
15680,2,0,0.0025475270534843224,0.0027386387067340366,0
19529,2,0,0.00617191611714841,0.0027386387067340366,1
22780,2,0,0.00027221299699255956,0.0027386387067340366,0
41860,2,0,0.00021540415425101746,0.0027386387067340366,0
64196,2,0,0.0011221554981056163,0.0027386387067340366,0
67476,2,0,0.0008180867000319935,0.0027386387067340366,0
68872,2,0,0.0038980518749163803,0.0027386387067340366,1
70849,2,0,0.00016649816548624044,0.0027386387067340366,0
74469,2,0,0.0005922238539963923,0.0027386387067340366,0
79336,2,0,0.0006255657142446973,0.0027386387067340366,0
81406,2,0,0.0002100618731974168,0.0027386387067340366,0
81423,2,0,0.0008252073896987196,0.0027386387067340366,0
85445,2,0,0.00056184418265723,0.0027386387067340366,0
118264,2,0,0.0020044138150933496,0.0027386387067340366,0
141040,2,0,0.0026768670238111166,0.0027386387067340366,0
171296,2,0,0.0008313259848347229,0.0027386387067340366,0
204149,2,0,0.002411822335613881,0.0027386387067340366,0
206388,2,0,0.005667434801052655,0.0027386387067340366,1
212794,2,0,9.270850430561106e-05,0.0027386387067340366,0
217657,2,0,0.0007674990102601819,0.0027386387067340366,0
219352,2,0,0.00016656788256851293,0.0027386387067340366,0
226199,2,0,0.0014997839470214077,0.0027386387067340366,0
232388,2,0,0.0006005385195157009,0.0027386387067340366,0
232605,2,0,0.0005886218813922382,0.0027386387067340366,0
233815,2,0,0.0012504824517933953,0.0027386387067340366,0
235438,2,0,0.0004226305097247385,0.0027386387067340366,0
238491,2,0,0.00018135401036178288,0.0027386387067340366,0
238492,2,0,0.0005726327552350206,0.0027386387067340366,0
249097,2,0,0.0003652043893163225,0.0027386387067340366,0
249759,2,0,0.0022176071553912124,0.0027386387067340366,0
251561,2,0,0.0016955045190692848,0.0027386387067340366,0
263032,2,0,0.0009200006386295672,0.0027386387067340366,0
283081,2,0,0.0010382776701192593,0.0027386387067340366,0
319734,2,0,0.0068761079037262625,0.0027386387067340366,1
332934,2,0,0.00011773235526498513,0.0027386387067340366,0
332978,2,0,0.0055761691420441115,0.0027386387067340366,1
334856,2,0,0.0009911205606567253,0.0027386387067340366,0
346199,2,0,0.0007547991669178125,0.0027386387067340366,0
362128,2,0,0.0004855334516946974,0.0027386387067340366,0
373687,2,0,0.0010052225456414785,0.0027386387067340366,0
424338,2,0,0.000769534787984791,0.0027386387067340366,0
433486,2,0,0.0010265819266806072,0.0027386387067340366,0
532276,2,0,0.0013588086524013397,0.0027386387067340366,0
541823,2,0,0.0009647008631561519,0.0027386387067340366,0
550273,2,0,0.00938145705376729,0.0027386387067340366,1
550653,2,0,0.00030876599076206924,0.0027386387067340366,0
551311,2,0,0.0008904063505092462,0.0027386387067340366,0
551361,2,0,0.00022806338273098148,0.0027386387067340366,0
562532,2,0,0.000721305046961774,0.0027386387067340366,0
563007,2,0,0.0007404696647738962,0.0027386387067340366,0
563388,2,0,0.0051118756401897095,0.0027386387067340366,1
564337,2,0,0.0007748220929909336,0.0027386387067340366,0
565110,2,0,0.0011571413683971045,0.0027386387067340366,0
565132,2,0,0.00014377910780157303,0.0027386387067340366,0
567240,2,0,0.0003614550325444684,0.0027386387067340366,0
569519,2,0,0.002263800359981403,0.0027386387067340366,0
570153,2,0,0.0032017095557659797,0.0027386387067340366,1
570879,2,0,0.0008948581588041858,0.0027386387067340366,0
572638,2,0,0.0002454051427586155,0.0027386387067340366,0
573210,2,0,0.0031777265853609217,0.0027386387067340366,1
576560,2,0,0.002348157005669878,0.0027386387067340366,0
581021,2,0,0.0006227772112284599,0.0027386387067340366,0
581073,2,0,0.0002185309170440363,0.0027386387067340366,0
584305,2,0,0.00011065018731099082,0.0027386387067340366,0
588033,2,0,8.746536202769526e-05,0.0027386387067340366,0
589107,2,0,0.0007746851317402113,0.0027386387067340366,0
590998,2,0,0.0004182192484030999,0.0027386387067340366,0
592152,2,0,0.0009372150389640567,0.0027386387067340366,0
592389,2,0,0.0004603681189937976,0.0027386387067340366,0
592640,2,0,0.0003933826604013173,0.0027386387067340366,0
595041,2,0,0.0006419462008598687,0.0027386387067340366,0
597002,2,0,0.0010146418349870894,0.0027386387067340366,0
597482,2,0,0.0002128445878543844,0.0027386387067340366,0
598216,2,0,0.00017970176739934038,0.0027386387067340366,0
598249,2,0,0.0004327443684621401,0.0027386387067340366,0
599493,2,0,0.0008641945716302587,0.0027386387067340366,0
600165,2,0,0.00037391196387563045,0.0027386387067340366,0
600947,2,0,0.0018471461194523294,0.0027386387067340366,0
604485,2,0,0.0026981860640378327,0.0027386387067340366,0
605448,2,0,0.0011883411460057326,0.0027386387067340366,0
607074,2,0,0.0020469096863167204,0.0027386387067340366,0
614081,2,0,0.000574973933588902,0.0027386387067340366,0
614956,2,0,0.0001305958201574055,0.0027386387067340366,0
616673,2,0,0.002173537427288438,0.0027386387067340366,0
616871,2,0,0.00044086051934809443,0.0027386387067340366,0
618556,2,0,8.498882834302149e-05,0.0027386387067340366,0
619876,2,0,0.0019096823880285956,0.0027386387067340366,0
621946,2,0,0.00043593950038112606,0.0027386387067340366,0
624005,2,0,0.0005849756554423725,0.0027386387067340366,0
624804,2,0,0.0008874050400406741,0.0027386387067340366,0
625722,2,0,7.48933606270262e-05,0.0027386387067340366,0
627025,2,0,0.001724367761006764,0.0027386387067340366,0
628013,2,0,0.00048113056527560066,0.0027386387067340366,0
628038,2,0,0.0006840898157829975,0.0027386387067340366,0
644417,2,0,9.226794415044923e-05,0.0027386387067340366,0
644422,2,0,0.0006698272311928067,0.0027386387067340366,0
644439,2,0,0.0009928529981491328,0.0027386387067340366,0
644448,2,0,0.0002144749462311549,0.0027386387067340366,0
644520,2,0,0.00012913683683671962,0.0027386387067340366,0
644548,2,0,0.0003575911689474643,0.0027386387067340366,0
644560,2,0,0.005987914232437377,0.0027386387067340366,1
644571,2,0,0.0002242161631016622,0.0027386387067340366,0
644579,2,0,0.00028000537006717455,0.0027386387067340366,0
644580,2,0,0.0004811373738013291,0.0027386387067340366,0
644594,2,0,0.0015362333707269811,0.0027386387067340366,0
644602,2,0,0.00025736647358290225,0.0027386387067340366,0
644608,2,0,0.0004561111858917478,0.0027386387067340366,0
644613,2,0,0.0017903736591881182,0.0027386387067340366,0
644657,2,0,0.0003632381688827005,0.0027386387067340366,0
644670,2,0,0.00019927820890430743,0.0027386387067340366,0
644698,2,0,0.00036641344092541543,0.0027386387067340366,0
644716,2,0,0.0015816248851256837,0.0027386387067340366,0
644734,2,0,0.002409187908749527,0.0027386387067340366,0
644801,2,0,0.0021212523384129146,0.0027386387067340366,0
644826,2,0,0.0006883564923525268,0.0027386387067340366,0
644837,2,0,0.0013269269934503883,0.0027386387067340366,0
644847,2,0,0.0011008289029883448,0.0027386387067340366,0
644886,2,0,0.0028552222564943797,0.0027386387067340366,1
644891,2,0,0.0004362787824076679,0.0027386387067340366,0
644912,2,0,0.004144063414336218,0.0027386387067340366,1
644952,2,0,0.0004043375607794898,0.0027386387067340366,0
645033,2,0,0.0005330148879111663,0.0027386387067340366,0
645063,2,0,0.0004319685627660536,0.0027386387067340366,0
645085,2,0,0.00013453763778636038,0.0027386387067340366,0
645089,2,0,0.00025284774485411014,0.0027386387067340366,0
645090,2,0,0.0010982616544790058,0.0027386387067340366,0
645119,2,0,0.000156566922565771,0.0027386387067340366,0
645143,2,0,0.00017221226064312187,0.0027386387067340366,0
645158,2,0,0.000777386425572501,0.0027386387067340366,0
645171,2,0,0.007152664647816904,0.0027386387067340366,1
645177,2,0,0.0016126907177966456,0.0027386387067340366,0
645194,2,0,0.00018751318841744223,0.0027386387067340366,0
645234,2,0,0.0005924855513035178,0.0027386387067340366,0
645239,2,0,2.6737802044807493e-05,0.0027386387067340366,0
645259,2,0,0.0005554541036485343,0.0027386387067340366,0
645274,2,0,0.0008566920483850591,0.0027386387067340366,0
645275,2,0,0.002952744978255641,0.0027386387067340366,1
645286,2,0,0.0005634152728079396,0.0027386387067340366,0
645300,2,0,0.0032379649373766627,0.0027386387067340366,1
645306,2,0,0.0007956008552990538,0.0027386387067340366,0
645314,2,0,0.0008775638613748333,0.0027386387067340366,0
645315,2,0,0.0005372438644693516,0.0027386387067340366,0
645322,2,0,0.00012227556977301664,0.0027386387067340366,0
645341,2,0,0.0007162668950358176,0.0027386387067340366,0
645356,2,0,0.00040141390962384504,0.0027386387067340366,0
645358,2,0,0.009637083590289332,0.0027386387067340366,1
645359,2,0,0.00026673042211665783,0.0027386387067340366,0
645361,2,0,0.0006678760840074704,0.0027386387067340366,0
645383,2,0,0.00017542399414613346,0.0027386387067340366,0
645392,2,0,0.0006786037205089381,0.0027386387067340366,0
645394,2,0,0.002641940315735008,0.0027386387067340366,0
645409,2,0,0.0012782790048781302,0.0027386387067340366,0
645444,2,0,0.005493282935053421,0.0027386387067340366,1
645450,2,0,0.00012055620592401704,0.0027386387067340366,0
645460,2,0,0.0011211378323824645,0.0027386387067340366,0
645496,2,0,7.604514657142651e-05,0.0027386387067340366,0
645519,2,0,0.0014695754077682047,0.0027386387067340366,0
645560,2,0,0.001022433514992011,0.0027386387067340366,0
645585,2,0,0.0016765157091743212,0.0027386387067340366,0
645617,2,0,0.0015279215333090085,0.0027386387067340366,0
645620,2,0,0.0006999197527122414,0.0027386387067340366,0
645633,2,0,0.0038344744912263773,0.0027386387067340366,1
645634,2,0,0.0006096500985779759,0.0027386387067340366,0
645637,2,0,0.0005478504811700939,0.0027386387067340366,0
645664,2,0,0.00026016670452382577,0.0027386387067340366,0
645687,2,0,0.00027872878844948073,0.0027386387067340366,0
645787,2,0,0.00252682191620507,0.0027386387067340366,0
645860,2,0,0.00012998683072206447,0.0027386387067340366,0
645900,2,0,0.0010323216441514068,0.0027386387067340366,0
645908,2,0,0.0003139151754766969,0.0027386387067340366,0
645915,2,0,0.0023289566568898473,0.0027386387067340366,0
645969,2,0,0.0018554805525838342,0.0027386387067340366,0
645993,2,0,0.0015532383751946954,0.0027386387067340366,0
645994,2,0,0.0004610734502784129,0.0027386387067340366,0
646001,2,0,0.00015481543286881817,0.0027386387067340366,0
646017,2,0,0.00011815130214868807,0.0027386387067340366,0
646022,2,0,0.00023163395975592358,0.0027386387067340366,0
646046,2,0,0.004568830346588502,0.0027386387067340366,1
646070,2,0,0.0006936621898899025,0.0027386387067340366,0
646084,2,0,0.0011797772268393135,0.0027386387067340366,0
646095,2,0,0.000418374148623882,0.0027386387067340366,0
646103,2,0,0.003854225505709407,0.0027386387067340366,1
646156,2,0,0.00033428874433479554,0.0027386387067340366,0
646178,2,0,0.0026145986722383575,0.0027386387067340366,0
646185,2,0,0.00016044096512066584,0.0027386387067340366,0
646210,2,0,0.005941579181084417,0.0027386387067340366,1
646241,2,0,0.002240449786541994,0.0027386387067340366,0
646279,2,0,0.001981573058933157,0.0027386387067340366,0
646366,2,0,0.0003940651142301388,0.0027386387067340366,0
646367,2,0,0.0002372568375304264,0.0027386387067340366,0
646369,2,0,0.00011452862901536463,0.0027386387067340366,0
646380,2,0,0.0013088654035304482,0.0027386387067340366,0
646394,2,0,0.00017681170702424698,0.0027386387067340366,0
646411,2,0,0.00816952661240894,0.0027386387067340366,1
646497,2,0,0.00013696844606093462,0.0027386387067340366,0
646501,2,0,0.00010409701461047879,0.0027386387067340366,0
646504,2,0,0.0005534740400868966,0.0027386387067340366,0
646518,2,0,0.008578641806413465,0.0027386387067340366,1
646586,2,0,0.00018932603589506944,0.0027386387067340366,0
646599,2,0,0.001201440766163752,0.0027386387067340366,0
646610,2,0,0.00025583527701551897,0.0027386387067340366,0
646630,2,0,0.015890506327303922,0.0027386387067340366,1
646667,2,0,0.0002364829062961765,0.0027386387067340366,0
646681,2,0,0.0005463052853435774,0.0027386387067340366,0
646700,2,0,0.0005137881917833372,0.0027386387067340366,0
646704,2,0,0.0012367184646002714,0.0027386387067340366,0
646731,2,0,0.00041962274091501643,0.0027386387067340366,0
646748,2,0,8.90642037763372e-05,0.0027386387067340366,0
646751,2,0,0.0012681905126038437,0.0027386387067340366,0
646755,2,0,0.0012384541026930498,0.0027386387067340366,0
646763,2,0,0.003222535394089587,0.0027386387067340366,1
646764,2,0,0.000312175794317709,0.0027386387067340366,0
646771,2,0,0.00261608946866223,0.0027386387067340366,0
646778,2,0,0.0036080885423191785,0.0027386387067340366,1
646783,2,0,0.0006997715034429829,0.0027386387067340366,0
646784,2,0,0.0010471203078033803,0.0027386387067340366,0
646824,2,0,0.0002405335388600492,0.0027386387067340366,0
646871,2,0,0.0001849649011084183,0.0027386387067340366,0
646890,2,0,0.0005855706016378957,0.0027386387067340366,0
646908,2,0,0.0002978983179354244,0.0027386387067340366,0
646920,2,0,0.0005685863405784138,0.0027386387067340366,0
646954,2,0,0.0004987168840327851,0.0027386387067340366,0
646959,2,0,0.0008225622487289698,0.0027386387067340366,0
646965,2,0,0.0015561989979295024,0.0027386387067340366,0
646994,2,0,0.000557380674880106,0.0027386387067340366,0
647015,2,0,0.0029117729199973027,0.0027386387067340366,1
647019,2,0,0.0003663013517525775,0.0027386387067340366,0
647032,2,0,0.002689697287385874,0.0027386387067340366,0
647075,2,0,0.0006099836706342362,0.0027386387067340366,0
647117,2,0,0.0010238801436383404,0.0027386387067340366,0
647153,2,0,0.00031901458680749697,0.0027386387067340366,0
647161,2,0,0.00207657978916903,0.0027386387067340366,0
647180,2,0,0.00011744692010718094,0.0027386387067340366,0
647236,2,0,5.8072414824173955e-05,0.0027386387067340366,0
647270,2,0,0.0005911603495055745,0.0027386387067340366,0
647281,2,0,0.0007406202612284334,0.0027386387067340366,0
647283,2,0,0.000593886735018545,0.0027386387067340366,0
647305,2,0,0.0014475322176083515,0.0027386387067340366,0
647310,2,0,8.633140485532281e-05,0.0027386387067340366,0
647340,2,0,0.00015922311623155103,0.0027386387067340366,0
647417,2,0,0.003529530124670248,0.0027386387067340366,1
647427,2,0,0.0008771096407159591,0.0027386387067340366,0
647456,2,0,0.000680337132431368,0.0027386387067340366,0
647470,2,0,0.00013705912697357069,0.0027386387067340366,0
647471,2,0,0.0012540615312443674,0.0027386387067340366,0
647478,2,0,0.010821139220813656,0.0027386387067340366,1
647489,2,0,0.0017042216434414847,0.0027386387067340366,0
647491,2,0,0.005186902623533817,0.0027386387067340366,1
647493,2,0,0.00021177567742707365,0.0027386387067340366,0
647508,2,0,0.00012975860198733119,0.0027386387067340366,0
647539,2,0,0.00038201619109318397,0.0027386387067340366,0
647545,2,0,0.0002073226192966944,0.0027386387067340366,0
647570,2,0,0.000917517797966205,0.0027386387067340366,0
647585,2,0,0.0002538987196451442,0.0027386387067340366,0
647590,2,0,0.00018491772483837277,0.0027386387067340366,0
647605,2,0,0.0006181687398385906,0.0027386387067340366,0
647630,2,0,0.00028573672554042286,0.0027386387067340366,0
647633,2,0,0.0002779226264226128,0.0027386387067340366,0
647660,2,0,0.006119498810133752,0.0027386387067340366,1
647672,2,0,0.00028220911605751994,0.0027386387067340366,0
647682,2,0,0.001075603688669835,0.0027386387067340366,0
647706,2,0,0.0033356763906484906,0.0027386387067340366,1
647716,2,0,0.0020618002043118287,0.0027386387067340366,0
647744,2,0,0.0003196808249792504,0.0027386387067340366,0
647788,2,0,0.0012973553128144146,0.0027386387067340366,0
647814,2,0,0.001641945420464096,0.0027386387067340366,0
647817,2,0,0.003991078944660858,0.0027386387067340366,1
647859,2,0,0.0011662529794405519,0.0027386387067340366,0
647872,2,0,0.002016237253194914,0.0027386387067340366,0
647882,2,0,0.0002497745476288545,0.0027386387067340366,0
647884,2,0,0.00011796253170248126,0.0027386387067340366,0
647965,2,0,0.00018778661051635417,0.0027386387067340366,0
647970,2,0,0.00036476177363445995,0.0027386387067340366,0
647984,2,0,0.0002618910579642203,0.0027386387067340366,0
647996,2,0,0.0001889905144851985,0.0027386387067340366,0
648003,2,0,0.005012854670457063,0.0027386387067340366,1
648008,2,0,0.0003370431318678686,0.0027386387067340366,0
648076,2,0,0.0008921231586471995,0.0027386387067340366,0
648096,2,0,0.001534054102582581,0.0027386387067340366,0
648157,2,0,0.0008085727134503513,0.0027386387067340366,0
648168,2,0,0.0008338053297230893,0.0027386387067340366,0
648203,2,0,0.0005327909841710626,0.0027386387067340366,0
648241,2,0,0.0005822072960417259,0.0027386387067340366,0
648243,2,0,0.0006436733925609092,0.0027386387067340366,0
648284,2,0,0.0017139806393910734,0.0027386387067340366,0
648295,2,0,0.00044148669996778165,0.0027386387067340366,0
648299,2,0,0.0016839500953398914,0.0027386387067340366,0
648329,2,0,0.000318855636121348,0.0027386387067340366,0
648330,2,0,0.00028841017232739585,0.0027386387067340366,0
648415,2,0,0.0002475958366380026,0.0027386387067340366,0
648417,2,0,0.000264973524932293,0.0027386387067340366,0
648446,2,0,0.0023782886899385144,0.0027386387067340366,0
648479,2,0,0.0019633295594414396,0.0027386387067340366,0
648539,2,0,0.0001320747973402387,0.0027386387067340366,0
648551,2,0,0.0001498081471242369,0.0027386387067340366,0
648578,2,0,0.000670691717477984,0.0027386387067340366,0
648613,2,0,0.004951307928388328,0.0027386387067340366,1
648671,2,0,0.00016330071878843482,0.0027386387067340366,0
648727,2,0,0.0006749466225071161,0.0027386387067340366,0
648805,2,0,0.0004981885961266168,0.0027386387067340366,0
648828,2,0,0.0010822528061322709,0.0027386387067340366,0
648856,2,0,0.042720207326705964,0.0027386387067340366,1
648859,2,0,0.0028795322228773075,0.0027386387067340366,1
648892,2,0,0.0006201302710830712,0.0027386387067340366,0
648902,2,0,0.0008208109244896526,0.0027386387067340366,0
648915,2,0,0.0023007801041568868,0.0027386387067340366,0
648952,2,0,0.03919967521634282,0.0027386387067340366,1
648954,2,0,0.001426888117038431,0.0027386387067340366,0
648956,2,0,0.00038891026040352536,0.0027386387067340366,0
648967,2,0,0.0003755627107914701,0.0027386387067340366,0
649036,2,0,0.0007146153635810037,0.0027386387067340366,0
649062,2,0,0.00010100828213181314,0.0027386387067340366,0
649087,2,0,0.0054002158344977486,0.0027386387067340366,1
649103,2,0,9.379459064923864e-05,0.0027386387067340366,0
649106,2,0,0.0031801705779285617,0.0027386387067340366,1
649111,2,0,0.0003551778233550476,0.0027386387067340366,0
649129,2,0,0.00033667506040236674,0.0027386387067340366,0
649134,2,0,0.00015250409440250537,0.0027386387067340366,0
649158,2,0,0.000303391623927044,0.0027386387067340366,0
649189,2,0,0.003490693070571256,0.0027386387067340366,1
649193,2,0,0.0003231361139028761,0.0027386387067340366,0
649199,2,0,0.0026050130188139133,0.0027386387067340366,0
649219,2,0,0.001671526642043478,0.0027386387067340366,0
649230,2,0,0.000651105219586447,0.0027386387067340366,0
649233,2,0,0.0012019815516973278,0.0027386387067340366,0
649286,2,0,0.010389218737599322,0.0027386387067340366,1
649298,2,0,0.002310111101345969,0.0027386387067340366,0
649300,2,0,0.00033495435503874606,0.0027386387067340366,0
649310,2,0,0.000724240516437597,0.0027386387067340366,0
649316,2,0,0.0007435232765240244,0.0027386387067340366,0
649318,2,0,0.0002383818582267568,0.0027386387067340366,0
649325,2,0,0.0004184161197011595,0.0027386387067340366,0
649342,2,0,0.0003890160324057058,0.0027386387067340366,0
649355,2,0,0.0023115158313620175,0.0027386387067340366,0
649397,2,0,0.0006583771702897534,0.0027386387067340366,0
649435,2,0,0.0012013725737516573,0.0027386387067340366,0
649490,2,0,0.000784755570826069,0.0027386387067340366,0
649505,2,0,0.0005042959442930682,0.0027386387067340366,0
649531,2,0,0.00024038280610364765,0.0027386387067340366,0
649580,2,0,0.0009797050436189858,0.0027386387067340366,0
649625,2,0,0.0005612762499305857,0.0027386387067340366,0
649627,2,0,0.00026414863416755226,0.0027386387067340366,0
649659,2,0,0.0006851774740079669,0.0027386387067340366,0
649672,2,0,0.00029400393756848735,0.0027386387067340366,0
649679,2,0,0.0002372456408622996,0.0027386387067340366,0
649797,2,0,0.0006389601114224051,0.0027386387067340366,0
649801,2,0,0.004286107222729654,0.0027386387067340366,1
649832,2,0,6.405301513442996e-05,0.0027386387067340366,0
649836,2,0,0.0011466321243156121,0.0027386387067340366,0
649839,2,0,0.0004928497194453512,0.0027386387067340366,0
649849,2,0,0.0018004495736822228,0.0027386387067340366,0
649854,2,0,0.0021704075242186646,0.0027386387067340366,0
649858,2,0,0.0005760812358051746,0.0027386387067340366,0
649866,2,0,0.0016830254086394618,0.0027386387067340366,0
649868,2,0,0.0019874131078319846,0.0027386387067340366,0
649878,2,0,0.003235029120220363,0.0027386387067340366,1
649896,2,0,0.0005320163433501251,0.0027386387067340366,0
649917,2,0,0.0010621401352569875,0.0027386387067340366,0
649936,2,0,0.02684225439170743,0.0027386387067340366,1
649948,2,0,0.0005232327525218433,0.0027386387067340366,0
649969,2,0,7.308979340166147e-05,0.0027386387067340366,0
649970,2,0,0.00021288325314721643,0.0027386387067340366,0
649987,2,0,0.00023937965981123463,0.0027386387067340366,0
650011,2,0,0.0013855576696781035,0.0027386387067340366,0
650022,2,0,0.0006237729560145399,0.0027386387067340366,0
650033,2,0,0.00025848378202835304,0.0027386387067340366,0
650073,2,0,0.005079806762171707,0.0027386387067340366,1
650108,2,0,0.0002870139585494854,0.0027386387067340366,0
650140,2,0,0.00033901099970511713,0.0027386387067340366,0
650148,2,0,0.0006995712690621571,0.0027386387067340366,0
650172,2,0,0.0011817721175931268,0.0027386387067340366,0
650251,2,0,0.00108093742220923,0.0027386387067340366,0
650282,2,0,0.001893670288982434,0.0027386387067340366,0
650286,2,0,0.0008427381291803857,0.0027386387067340366,0
650312,2,0,0.00017775147947885736,0.0027386387067340366,0
650316,2,0,0.0007498386827901151,0.0027386387067340366,0
650336,2,0,0.0030343135074064518,0.0027386387067340366,1
650376,2,0,0.0007827417843414302,0.0027386387067340366,0
650389,2,0,0.0011524053173280488,0.0027386387067340366,0
650398,2,0,7.783894706438999e-05,0.0027386387067340366,0
650399,2,0,0.0014048822009654605,0.0027386387067340366,0
650401,2,0,0.0002484795165253258,0.0027386387067340366,0
650525,2,0,0.001378627344401143,0.0027386387067340366,0
650551,2,0,0.0023620225570447416,0.0027386387067340366,0
650608,2,0,0.001253052724835882,0.0027386387067340366,0
650635,2,0,0.0002334320453411542,0.0027386387067340366,0
650702,2,0,0.0039046584984229462,0.0027386387067340366,1
650728,2,0,0.00037442756861690496,0.0027386387067340366,0
650767,2,0,0.0003657494640068352,0.0027386387067340366,0
650811,2,0,0.004432573016845774,0.0027386387067340366,1
650828,2,0,0.0001226827533128264,0.0027386387067340366,0
650885,2,0,0.003483170123067419,0.0027386387067340366,1
650902,2,0,0.0008264872024546087,0.0027386387067340366,0
650942,2,0,0.00014576802231703576,0.0027386387067340366,0
650979,2,0,0.002705150512477033,0.0027386387067340366,0
650998,2,0,0.001002161761244525,0.0027386387067340366,0
651003,2,0,0.0007120904688505882,0.0027386387067340366,0
651006,2,0,0.001205477790425428,0.0027386387067340366,0
651059,2,0,0.0010386407373131925,0.0027386387067340366,0
651124,2,0,0.03075325738142505,0.0027386387067340366,1
651137,2,0,0.0015400131362936235,0.0027386387067340366,0
651207,2,0,0.000689858068959857,0.0027386387067340366,0
651230,2,0,0.00029296626312805166,0.0027386387067340366,0
651260,2,0,0.00027447192344536,0.0027386387067340366,0
651266,2,0,0.0005685978855873927,0.0027386387067340366,0
651273,2,0,0.0003707893432248236,0.0027386387067340366,0
651327,2,0,0.00018530815477718564,0.0027386387067340366,0
651341,2,0,0.0005294340858559997,0.0027386387067340366,0
651355,2,0,0.0003762746868703926,0.0027386387067340366,0
651410,2,0,0.008171329677278249,0.0027386387067340366,1
651443,2,0,0.0006794516646757674,0.0027386387067340366,0
651446,2,0,0.00028698839676707775,0.0027386387067340366,0
651448,2,0,0.00039087091939001006,0.0027386387067340366,0
651457,2,0,0.0026862031843672717,0.0027386387067340366,0
651459,2,0,0.0006782206999190965,0.0027386387067340366,0
651461,2,0,0.00046235030920248034,0.0027386387067340366,0
651485,2,0,0.00024045468209114883,0.0027386387067340366,0
651502,2,0,0.0005421570208636092,0.0027386387067340366,0
651535,2,0,0.00010384483351493987,0.0027386387067340366,0
651576,2,0,0.0007685738204732663,0.0027386387067340366,0
651589,2,0,6.484126114882407e-05,0.0027386387067340366,0
651606,2,0,0.0007782970364216576,0.0027386387067340366,0
651608,2,0,0.0010548591834893281,0.0027386387067340366,0
651639,2,0,0.0008328025732190585,0.0027386387067340366,0
651653,2,0,0.00032946776579711426,0.0027386387067340366,0
651658,2,0,0.0002072484832641317,0.0027386387067340366,0
651686,2,0,0.002582336972913379,0.0027386387067340366,0
651705,2,0,0.00040098358409819184,0.0027386387067340366,0
651719,2,0,0.000550964134016772,0.0027386387067340366,0
651721,2,0,0.0005193357582699923,0.0027386387067340366,0
651760,2,0,0.00027688298889144464,0.0027386387067340366,0
651777,2,0,0.0003066719714518875,0.0027386387067340366,0
651806,2,0,0.0014287385122296022,0.0027386387067340366,0
651837,2,0,0.0017218572026284028,0.0027386387067340366,0
651844,2,0,0.0002913355575642557,0.0027386387067340366,0
651845,2,0,0.00013998987699177695,0.0027386387067340366,0
651847,2,0,6.314260434642627e-05,0.0027386387067340366,0
651889,2,0,0.0004171179430918451,0.0027386387067340366,0
651895,2,0,0.0003862614470300893,0.0027386387067340366,0
651897,2,0,0.001118127491501302,0.0027386387067340366,0
651903,2,0,0.0010585897138746072,0.0027386387067340366,0
651948,2,0,0.002032279159331401,0.0027386387067340366,0
651978,2,0,0.001713624878253573,0.0027386387067340366,0
651983,2,0,0.0001903503292702249,0.0027386387067340366,0
651999,2,0,0.00031333979827032196,0.0027386387067340366,0
652002,2,0,0.0007833131164524472,0.0027386387067340366,0
652006,2,0,0.0026464825580077987,0.0027386387067340366,0
652010,2,0,0.00016955242324494956,0.0027386387067340366,0
652021,2,0,0.0011538352453580394,0.0027386387067340366,0
652041,2,0,0.003490129266863055,0.0027386387067340366,1
652062,2,0,0.00016188843984309367,0.0027386387067340366,0
652084,2,0,0.0008975757195809353,0.0027386387067340366,0
652086,2,0,0.006645422721312516,0.0027386387067340366,1
652117,2,0,0.0007179666751891319,0.0027386387067340366,0
652130,2,0,0.0008017025016141114,0.0027386387067340366,0
652200,2,0,0.003864619105680015,0.0027386387067340366,1
652202,2,0,0.00019483475196298693,0.0027386387067340366,0
652226,2,0,0.000306788850867533,0.0027386387067340366,0
652236,2,0,0.0004625173321018849,0.0027386387067340366,0
652265,2,0,0.00014444328371813908,0.0027386387067340366,0
652296,2,0,0.0005831048890580501,0.0027386387067340366,0
652314,2,0,0.001098733035086706,0.0027386387067340366,0
652335,2,0,0.0002687282747594561,0.0027386387067340366,0
652351,2,0,0.0003713762202474985,0.0027386387067340366,0
652371,2,0,0.00024764667488070787,0.0027386387067340366,0
652421,2,0,0.003121355364093237,0.0027386387067340366,1
652424,2,0,0.0013242420173388704,0.0027386387067340366,0
652449,2,0,0.00013283737549627545,0.0027386387067340366,0
652471,2,0,0.011353449194248985,0.0027386387067340366,1
652489,2,0,0.00243748221208688,0.0027386387067340366,0
652531,2,0,0.022321546906211055,0.0027386387067340366,1
652534,2,0,0.0015112560693484188,0.0027386387067340366,0
652539,2,0,0.00032286822106007105,0.0027386387067340366,0
652566,2,0,0.0001779788169728744,0.0027386387067340366,0
652568,2,0,0.00030758206760902746,0.0027386387067340366,0
652587,2,0,0.0010921916008466979,0.0027386387067340366,0
652590,2,0,0.00033560931691548767,0.0027386387067340366,0
652591,2,0,0.0006001677879100446,0.0027386387067340366,0
652594,2,0,0.0010707620575081402,0.0027386387067340366,0
652609,2,0,0.004243778580877037,0.0027386387067340366,1
652615,2,0,0.008883710260511773,0.0027386387067340366,1
652627,2,0,0.0007429152407560317,0.0027386387067340366,0
652686,2,0,0.0007503940498656619,0.0027386387067340366,0
652696,2,0,0.0006497135800226471,0.0027386387067340366,0
652707,2,0,0.000719124652562421,0.0027386387067340366,0
652714,2,0,0.0005073319681389234,0.0027386387067340366,0
652726,2,0,0.00025211454081757736,0.0027386387067340366,0
652729,2,0,0.0004202970709354376,0.0027386387067340366,0
652736,2,0,0.000955864324067121,0.0027386387067340366,0
652741,2,0,0.0011452309872202952,0.0027386387067340366,0
652775,2,0,0.0002170509934286614,0.0027386387067340366,0
652781,2,0,0.0001370743012539313,0.0027386387067340366,0
652799,2,0,0.004013115817594136,0.0027386387067340366,1
652835,2,0,0.0011367226923563144,0.0027386387067340366,0
652843,2,0,0.0005367579138176547,0.0027386387067340366,0
652847,2,0,0.00032123398444823645,0.0027386387067340366,0
652871,2,0,0.0001005437605236279,0.0027386387067340366,0
652877,2,0,0.0002702496711453325,0.0027386387067340366,0
652922,2,0,0.00011028899673192009,0.0027386387067340366,0
652934,2,0,0.001289917519818854,0.0027386387067340366,0
652952,2,0,0.0011754686238084756,0.0027386387067340366,0
652979,2,0,0.002245176362490778,0.0027386387067340366,0
652985,2,0,0.00888889191976861,0.0027386387067340366,1
653041,2,0,0.003117245129102093,0.0027386387067340366,1
653064,2,0,0.00739646348827692,0.0027386387067340366,1
653076,2,0,0.00030624546041731063,0.0027386387067340366,0
653105,2,0,0.0003982750943014195,0.0027386387067340366,0
653113,2,0,0.0005833887083662389,0.0027386387067340366,0
653142,2,0,0.000555862195987549,0.0027386387067340366,0
653168,2,0,0.0002841316640732227,0.0027386387067340366,0
653183,2,0,0.00037036254308765406,0.0027386387067340366,0
653190,2,0,0.0006070601543070817,0.0027386387067340366,0
653248,2,0,0.000495104762865393,0.0027386387067340366,0
653268,2,0,0.0006645797818919735,0.0027386387067340366,0
653274,2,0,0.0004875903687649021,0.0027386387067340366,0
653280,2,0,0.001666816339177497,0.0027386387067340366,0
653290,2,0,0.0006571245937691361,0.0027386387067340366,0
653324,2,0,0.0031572968631011257,0.0027386387067340366,1
653343,2,0,0.0006061941801134734,0.0027386387067340366,0
653347,2,0,0.0022127279491837696,0.0027386387067340366,0
653359,2,0,0.0022571663109200797,0.0027386387067340366,0
653417,2,0,0.0004740338956386577,0.0027386387067340366,0
653421,2,0,0.00012139157790968692,0.0027386387067340366,0
653428,2,0,0.0011681799272135421,0.0027386387067340366,0
653444,2,0,0.00023885592044780974,0.0027386387067340366,0
653446,2,0,0.001618880565530636,0.0027386387067340366,0
653459,2,0,0.0002685168355910206,0.0027386387067340366,0
653476,2,0,0.0007600003313896564,0.0027386387067340366,0
653516,2,0,0.002338154508034364,0.0027386387067340366,0
653547,2,0,0.0009433843724742617,0.0027386387067340366,0
653554,2,0,0.00035974598314625534,0.0027386387067340366,0
653568,2,0,0.004902452153568636,0.0027386387067340366,1
653575,2,0,0.0018510320785781597,0.0027386387067340366,0
653593,2,0,0.0001889990519975236,0.0027386387067340366,0
653614,2,0,0.0006508467706541057,0.0027386387067340366,0
653645,2,0,0.0004558403978018226,0.0027386387067340366,0
653664,2,0,0.003090984274857364,0.0027386387067340366,1
653729,2,0,0.00046529607902924807,0.0027386387067340366,0
653749,2,0,0.00039499808559583313,0.0027386387067340366,0
653762,2,0,0.0025755870914910607,0.0027386387067340366,0
653775,2,0,0.0006701498094096838,0.0027386387067340366,0
653830,2,0,0.00276082114216658,0.0027386387067340366,1
653839,2,0,0.001141636850493644,0.0027386387067340366,0
653850,2,0,0.00011093447177148785,0.0027386387067340366,0
653856,2,0,0.00033800477409083894,0.0027386387067340366,0
653857,2,0,0.00016001762606922327,0.0027386387067340366,0
653858,2,0,0.00024735340825782475,0.0027386387067340366,0
653894,2,0,0.0002427743521973759,0.0027386387067340366,0
653895,2,0,0.00024199481221340847,0.0027386387067340366,0
653906,2,0,0.00011150479703691963,0.0027386387067340366,0
653910,2,0,0.00032786954726210396,0.0027386387067340366,0
653917,2,0,0.0007025943977183733,0.0027386387067340366,0
653950,2,0,0.00014558683314312823,0.0027386387067340366,0
654012,2,0,0.0012027455251807804,0.0027386387067340366,0
654048,2,0,0.00046045500459518206,0.0027386387067340366,0
654068,2,0,0.000831576736085185,0.0027386387067340366,0
654114,2,0,0.0007773411433910248,0.0027386387067340366,0
654127,2,0,0.0009260732744049712,0.0027386387067340366,0
654153,2,0,0.0030097473224586137,0.0027386387067340366,1
654173,2,0,0.0002044974004022153,0.0027386387067340366,0
654211,2,0,0.0038225136218274845,0.0027386387067340366,1
654241,2,0,0.0001747057992017546,0.0027386387067340366,0
654244,2,0,6.580092091640112e-05,0.0027386387067340366,0
654249,2,0,0.0011299874428149354,0.0027386387067340366,0
654251,2,0,0.0009652857217101454,0.0027386387067340366,0
654315,2,0,0.000225956749191336,0.0027386387067340366,0
654318,2,0,0.00598723585088726,0.0027386387067340366,1
654324,2,0,0.0011340769374591643,0.0027386387067340366,0
654343,2,0,0.0014616614716581719,0.0027386387067340366,0
654366,2,0,0.00032748894604580703,0.0027386387067340366,0
654368,2,0,0.001021315449977144,0.0027386387067340366,0
654377,2,0,0.0014413840825054619,0.0027386387067340366,0
654483,2,0,0.00045732215093375537,0.0027386387067340366,0
654494,2,0,0.0005254784686445609,0.0027386387067340366,0
654502,2,0,0.00024980326670528757,0.0027386387067340366,0
654541,2,0,0.0007439533151763931,0.0027386387067340366,0
654550,2,0,0.025330313172105184,0.0027386387067340366,1
654565,2,0,9.175973080683057e-05,0.0027386387067340366,0
654576,2,0,0.002747126712849676,0.0027386387067340366,1
654580,2,0,7.708407400535319e-05,0.0027386387067340366,0
654596,2,0,0.004600919734325565,0.0027386387067340366,1
654617,2,0,0.00043054770289298485,0.0027386387067340366,0
654618,2,0,0.00014346390690888323,0.0027386387067340366,0
654633,2,0,0.006756802925003433,0.0027386387067340366,1
654642,2,0,0.0006366286836199909,0.0027386387067340366,0
654650,2,0,0.00012434629245022807,0.0027386387067340366,0
654656,2,0,0.00015813753853638685,0.0027386387067340366,0
654659,2,0,0.00038030230353022337,0.0027386387067340366,0
654695,2,0,0.0005169650718534457,0.0027386387067340366,0
654722,2,0,0.0008066232400094007,0.0027386387067340366,0
654751,2,0,0.0019780031864964622,0.0027386387067340366,0
654755,2,0,0.0010493853678779955,0.0027386387067340366,0
654772,2,0,4.7660882737586574e-05,0.0027386387067340366,0
654809,2,0,0.00041090838413041316,0.0027386387067340366,0
654819,2,0,0.0001727673895434925,0.0027386387067340366,0
654825,2,0,0.000639309730166191,0.0027386387067340366,0
654849,2,0,0.002385786253366707,0.0027386387067340366,0
654924,2,0,0.004156425824513661,0.0027386387067340366,1
654943,2,0,0.001768112790949883,0.0027386387067340366,0
654954,2,0,0.00014934163654155757,0.0027386387067340366,0
655002,2,0,0.0005763241417366102,0.0027386387067340366,0
655037,2,0,0.0009330956843108943,0.0027386387067340366,0
655038,2,0,0.0005417519521555906,0.0027386387067340366,0
655046,2,0,0.0004662356857240084,0.0027386387067340366,0
655052,2,0,0.00017911165410958206,0.0027386387067340366,0
655064,2,0,0.0008395485016890576,0.0027386387067340366,0
655070,2,0,0.00042432526794930324,0.0027386387067340366,0
655078,2,0,0.0006863014604088806,0.0027386387067340366,0
655117,2,0,0.0003908401242851125,0.0027386387067340366,0
655162,2,0,0.0051079708081034235,0.0027386387067340366,1
655167,2,0,0.0019025855747376245,0.0027386387067340366,0
655178,2,0,0.0036237126860486743,0.0027386387067340366,1
655201,2,0,0.0005626769989651733,0.0027386387067340366,0
655211,2,0,0.00025798238228237847,0.0027386387067340366,0
655249,2,0,0.00016135610156496123,0.0027386387067340366,0
655262,2,0,0.00047795987547683406,0.0027386387067340366,0
655268,2,0,0.0006796489028548103,0.0027386387067340366,0
655275,2,0,0.0014558897218919613,0.0027386387067340366,0
655285,2,0,0.00026424133039133394,0.0027386387067340366,0
655321,2,0,0.00010655388411177128,0.0027386387067340366,0
655392,2,0,0.00023075546553923284,0.0027386387067340366,0
655411,2,0,0.002499677910140967,0.0027386387067340366,0
655449,2,0,0.0003138457421324799,0.0027386387067340366,0
655461,2,0,0.0014087817368710095,0.0027386387067340366,0
655489,2,0,0.0009992326668016136,0.0027386387067340366,0
655535,2,0,0.0002444038762933319,0.0027386387067340366,0
655548,2,0,0.00028982675644799726,0.0027386387067340366,0
655597,2,0,0.0021426550755048006,0.0027386387067340366,0
655610,2,0,0.0004575776261146693,0.0027386387067340366,0
655646,2,0,0.001688025783540186,0.0027386387067340366,0
655656,2,0,0.00041946447242877945,0.0027386387067340366,0
655672,2,0,0.0012445576149401128,0.0027386387067340366,0
655701,2,0,0.000779215212285662,0.0027386387067340366,0
655705,2,0,0.0005862488756430781,0.0027386387067340366,0
655781,2,0,0.0028017594896175284,0.0027386387067340366,1
655818,2,0,0.0013187261046759438,0.0027386387067340366,0
655824,2,0,0.0003425267690208415,0.0027386387067340366,0
655907,2,0,0.0004258901012229367,0.0027386387067340366,0
655932,2,0,0.00027688139983152827,0.0027386387067340366,0
655955,2,0,0.0020287681617330955,0.0027386387067340366,0
655982,2,0,6.154751588934475e-05,0.0027386387067340366,0
655988,2,0,0.0005081690750503808,0.0027386387067340366,0
655993,2,0,0.0001983365069261236,0.0027386387067340366,0
656063,2,0,0.000705479885105519,0.0027386387067340366,0
656068,2,0,0.003588502165708179,0.0027386387067340366,1
656071,2,0,0.0008427539828714987,0.0027386387067340366,0
656075,2,0,0.0012503573339249243,0.0027386387067340366,0
656091,2,0,9.335105188892502e-05,0.0027386387067340366,0
656105,2,0,0.0001186105479075342,0.0027386387067340366,0
656128,2,0,0.00016611411417975937,0.0027386387067340366,0
656225,2,0,0.0015317311046974048,0.0027386387067340366,0
656237,2,0,0.00042479907786806303,0.0027386387067340366,0
656277,2,0,0.00024220260327378177,0.0027386387067340366,0
656307,2,0,0.00028646136499739804,0.0027386387067340366,0
656365,2,0,0.0006148943315359095,0.0027386387067340366,0
656377,2,0,0.0028813333946993832,0.0027386387067340366,1
656378,2,0,0.008588994674673856,0.0027386387067340366,1
656380,2,0,0.00025681086700325164,0.0027386387067340366,0
657487,2,0,0.0002756457323072063,0.0027386387067340366,0
657505,2,0,0.0005660219886675359,0.0027386387067340366,0
657557,2,0,0.009266160210766268,0.0027386387067340366,1
657576,2,0,0.0007998730308579943,0.0027386387067340366,0
657644,2,0,0.0008442693310688517,0.0027386387067340366,0
657695,2,0,0.000144580206894909,0.0027386387067340366,0
657707,2,0,0.0008882871391815135,0.0027386387067340366,0
657764,2,0,0.0005126154593142007,0.0027386387067340366,0
657771,2,0,0.0015400250951096287,0.0027386387067340366,0
657802,2,0,0.0007026852328405502,0.0027386387067340366,0
657972,2,0,0.000164762089468226,0.0027386387067340366,0
657988,2,0,0.0002925308704416225,0.0027386387067340366,0
658085,2,0,0.00020893891118111579,0.0027386387067340366,0
658140,2,0,0.0003629733421024254,0.0027386387067340366,0
658149,2,0,0.0016200625264792972,0.0027386387067340366,0
658169,2,0,0.000952031953458149,0.0027386387067340366,0
658188,2,0,0.0015578540502676676,0.0027386387067340366,0
658206,2,0,0.00023026814996690893,0.0027386387067340366,0
658211,2,0,0.0002675437735884567,0.0027386387067340366,0
658230,2,0,0.00041853404302045984,0.0027386387067340366,0
658286,2,0,0.00027937028681618666,0.0027386387067340366,0
658343,2,0,0.00023319209456099165,0.0027386387067340366,0
658355,2,0,0.00034606413556226425,0.0027386387067340366,0
658380,2,0,0.0001649538043015496,0.0027386387067340366,0
658386,2,0,0.00016195194283049732,0.0027386387067340366,0
658397,2,0,0.00817721786644585,0.0027386387067340366,1
658399,2,0,0.00015568245448599022,0.0027386387067340366,0
658404,2,0,0.0016374029730700066,0.0027386387067340366,0
658423,2,0,0.0005663594747431649,0.0027386387067340366,0
658539,2,0,0.0016448125626980542,0.0027386387067340366,0
658576,2,0,0.0006457785333556064,0.0027386387067340366,0
658584,2,0,0.00032730413350660865,0.0027386387067340366,0
658722,2,0,0.002828820138899,0.0027386387067340366,1
658725,2,0,0.0006320389975312645,0.0027386387067340366,0
658736,2,0,0.0031129904898319206,0.0027386387067340366,1
658839,2,0,0.00038086383307146376,0.0027386387067340366,0
658858,2,0,0.0011147504302419476,0.0027386387067340366,0
658904,2,0,0.0004077136946991215,0.0027386387067340366,0
658936,2,0,0.00032767875802785953,0.0027386387067340366,0
659056,2,0,0.0031211288739768244,0.0027386387067340366,1
659210,2,0,0.0012570042000192563,0.0027386387067340366,0
659279,2,0,0.0009134573100560341,0.0027386387067340366,0
659307,2,0,0.000495868529078854,0.0027386387067340366,0
659318,2,0,0.0004764913722173461,0.0027386387067340366,0
659385,2,0,0.00014549474345809028,0.0027386387067340366,0
659389,2,0,0.0003310809938188471,0.0027386387067340366,0
659441,2,0,0.0026417447932525497,0.0027386387067340366,0
659592,2,0,0.0019526052816387124,0.0027386387067340366,0
659658,2,0,0.0007704505289234643,0.0027386387067340366,0
659744,2,0,0.0012019349748145895,0.0027386387067340366,0
659756,2,0,0.00021279013800162792,0.0027386387067340366,0
659759,2,0,0.0007105141211971149,0.0027386387067340366,0
659777,2,0,0.0005466328872788808,0.0027386387067340366,0
659784,2,0,0.001665341104878473,0.0027386387067340366,0
659883,2,0,0.0005797586276208244,0.0027386387067340366,0
659913,2,0,0.03348122754593986,0.0027386387067340366,1
659918,2,0,0.0007160249573874033,0.0027386387067340366,0
659925,2,0,0.0010915615535331137,0.0027386387067340366,0
660045,2,0,0.0010529160671462904,0.0027386387067340366,0
660113,2,0,0.00034319955722324295,0.0027386387067340366,0
660196,2,0,0.0028694156208752845,0.0027386387067340366,1
660264,2,0,0.002517606235740418,0.0027386387067340366,0
660282,2,0,0.000634273482019702,0.0027386387067340366,0
660314,2,0,0.000507200868201749,0.0027386387067340366,0
660327,2,0,0.00010383381426771603,0.0027386387067340366,0
660394,2,0,0.0003346755111859462,0.0027386387067340366,0
660483,2,0,0.0006071197635360393,0.0027386387067340366,0
660499,2,0,0.0003788140440987643,0.0027386387067340366,0
660691,2,0,0.0001062277495935662,0.0027386387067340366,0
660761,2,0,0.0007180583280598543,0.0027386387067340366,0
660763,2,0,0.00029690199442008916,0.0027386387067340366,0
660767,2,0,0.0005662229427533674,0.0027386387067340366,0
660844,2,0,0.0011138331478987038,0.0027386387067340366,0
660907,2,0,0.0004980542562731057,0.0027386387067340366,0
660916,2,0,0.0007301023396942294,0.0027386387067340366,0
660972,2,0,0.0018251962122121418,0.0027386387067340366,0
660990,2,0,0.00028630113973207875,0.0027386387067340366,0
661000,2,0,0.0002496267266918454,0.0027386387067340366,0
661028,2,0,0.0003304374495943904,0.0027386387067340366,0
661053,2,0,0.0014699662475966032,0.0027386387067340366,0
661066,2,0,0.0015751613123017962,0.0027386387067340366,0
661090,2,0,0.0011531542677629904,0.0027386387067340366,0
661164,2,0,0.009320242275454067,0.0027386387067340366,1
661176,2,0,0.0018137977619096044,0.0027386387067340366,0
661190,2,0,0.0006773011421631019,0.0027386387067340366,0
661208,2,0,0.0012892441354928447,0.0027386387067340366,0
661220,2,0,0.0011774807015873183,0.0027386387067340366,0
661228,2,0,0.0007130890865230938,0.0027386387067340366,0
661249,2,0,0.0003528087433820223,0.0027386387067340366,0
661322,2,0,0.0002271090635728171,0.0027386387067340366,0
661336,2,0,0.0012632441197560323,0.0027386387067340366,0
661337,2,0,0.002566764789769295,0.0027386387067340366,0
661381,2,0,0.0007146802927488547,0.0027386387067340366,0
661411,2,0,0.00017300382631787854,0.0027386387067340366,0
661499,2,0,0.0004013267165213299,0.0027386387067340366,0
661565,2,0,0.00023893126736684156,0.0027386387067340366,0
661574,2,0,0.0007671467678477922,0.0027386387067340366,0
661590,2,0,0.00027769292516161665,0.0027386387067340366,0
661617,2,0,0.014256507081175887,0.0027386387067340366,1
661914,2,0,0.013111299038634804,0.0027386387067340366,1
661923,2,0,0.0004177192355832414,0.0027386387067340366,0
662016,2,0,0.00038892548345300455,0.0027386387067340366,0
662087,2,0,0.0008702469172723828,0.0027386387067340366,0
662103,2,0,0.0005945242549625743,0.0027386387067340366,0
662120,2,0,0.00033831152507068603,0.0027386387067340366,0
662136,2,0,0.0005235897646936752,0.0027386387067340366,0
662313,2,0,0.004971619973625011,0.0027386387067340366,1
662358,2,0,0.00024104308134882923,0.0027386387067340366,0
662362,2,0,0.0011852669378464408,0.0027386387067340366,0
662404,2,0,0.0053094616304250625,0.0027386387067340366,1
662519,2,0,0.000519318027788383,0.0027386387067340366,0
662534,2,0,0.00011913840188721506,0.0027386387067340366,0
662553,2,0,0.003181308014565974,0.0027386387067340366,1
662557,2,0,0.0020046831171482015,0.0027386387067340366,0
662599,2,0,0.00019709675977031582,0.0027386387067340366,0
662620,2,0,0.002380036669569012,0.0027386387067340366,0
662664,2,0,0.002298692747898865,0.0027386387067340366,0
662667,2,0,0.00355454080381719,0.0027386387067340366,1
662685,2,0,0.00031957087871540304,0.0027386387067340366,0
662700,2,0,0.002182768668727987,0.0027386387067340366,0
662721,2,0,0.0002532979647769304,0.0027386387067340366,0
662728,2,0,0.0003658155406952603,0.0027386387067340366,0
662769,2,0,0.0017980419114818921,0.0027386387067340366,0
662857,2,0,0.0011342216727138017,0.0027386387067340366,0
662858,2,0,0.0009655422185383192,0.0027386387067340366,0
662870,2,0,0.014463150690243771,0.0027386387067340366,1
662879,2,0,0.0024294092862951846,0.0027386387067340366,0
662933,2,0,0.0002725986985261641,0.0027386387067340366,0
662944,2,0,0.0023673142291496976,0.0027386387067340366,0
662969,2,0,0.0007971636623233876,0.0027386387067340366,0
662983,2,0,0.0005556453795228317,0.0027386387067340366,0
662987,2,0,0.0012280460979049905,0.0027386387067340366,0
663038,2,0,0.0006462281407468169,0.0027386387067340366,0
663059,2,0,0.000283913271413337,0.0027386387067340366,0
663094,2,0,0.00090788001653769,0.0027386387067340366,0
663103,2,0,0.003809106293904217,0.0027386387067340366,1
663159,2,0,0.0006187608448500691,0.0027386387067340366,0
663253,2,0,0.0004178244699557378,0.0027386387067340366,0
663264,2,0,0.0017094583139987852,0.0027386387067340366,0
663273,2,0,0.007459392674221254,0.0027386387067340366,1
663370,2,0,0.0003632017396469004,0.0027386387067340366,0
663416,2,0,0.0014101114023551977,0.0027386387067340366,0
663438,2,0,0.006361666073558741,0.0027386387067340366,1
663525,2,0,0.0005456402709369442,0.0027386387067340366,0
663528,2,0,0.0011431513966321948,0.0027386387067340366,0
663531,2,0,0.002172840906235024,0.0027386387067340366,0
663535,2,0,0.003450388114275011,0.0027386387067340366,1
663557,2,0,0.0008027288642631853,0.0027386387067340366,0
663563,2,0,0.0029529888716200285,0.0027386387067340366,1
663649,2,0,0.0009122484052734892,0.0027386387067340366,0
663712,2,0,0.00017232967521296162,0.0027386387067340366,0
663753,2,0,6.0899838279340346e-05,0.0027386387067340366,0
663782,2,0,0.000679685813493371,0.0027386387067340366,0
663796,2,0,0.0014344884335138089,0.0027386387067340366,0
663834,2,0,0.0014894728463272747,0.0027386387067340366,0
663838,2,0,0.0012483554085963805,0.0027386387067340366,0
663852,2,0,0.0019819801434349344,0.0027386387067340366,0
663869,2,0,0.0009560607162792548,0.0027386387067340366,0
663888,2,0,0.0011287233551396422,0.0027386387067340366,0
663889,2,0,0.0007395235353543441,0.0027386387067340366,0
663925,2,0,0.006995219901534176,0.0027386387067340366,1
663928,2,0,0.0003846601366561133,0.0027386387067340366,0
663929,2,0,0.0018390458173857434,0.0027386387067340366,0
663936,2,0,0.00034250969936081135,0.0027386387067340366,0
663948,2,0,0.0010083909475119793,0.0027386387067340366,0
663993,2,0,0.0019715358543849204,0.0027386387067340366,0
663997,2,0,0.0003245928536549667,0.0027386387067340366,0
664012,2,0,0.000716151456277401,0.0027386387067340366,0
664068,2,0,0.00017833087515411572,0.0027386387067340366,0
664071,2,0,0.00108370698982375,0.0027386387067340366,0
664095,2,0,0.00020683450388332513,0.0027386387067340366,0
664106,2,0,0.0011417005257871229,0.0027386387067340366,0
664109,2,0,0.0004965636404964137,0.0027386387067340366,0
664138,2,0,0.0013805748856545621,0.0027386387067340366,0
664145,2,0,0.001194709620884579,0.0027386387067340366,0
664148,2,0,0.0018666866509290004,0.0027386387067340366,0
664160,2,0,0.0008518933080565207,0.0027386387067340366,0
664169,2,0,0.0006363276792254569,0.0027386387067340366,0
664184,2,0,0.0001123845902659489,0.0027386387067340366,0
664209,2,0,0.00044770145788141833,0.0027386387067340366,0
664212,2,0,0.00022594614054443024,0.0027386387067340366,0
664240,2,0,0.0003896080995865165,0.0027386387067340366,0
664242,2,0,0.0032382835864344962,0.0027386387067340366,1
664249,2,0,0.00016559969825047412,0.0027386387067340366,0
664261,2,0,0.00020522673022507437,0.0027386387067340366,0
664290,2,0,0.0002502678465768702,0.0027386387067340366,0
664299,2,0,0.0006363756843480505,0.0027386387067340366,0
664315,2,0,0.0005629837919521155,0.0027386387067340366,0
664327,2,0,0.010223395129505007,0.0027386387067340366,1
664373,2,0,0.0006380355643108681,0.0027386387067340366,0
664383,2,0,0.00046910794692925747,0.0027386387067340366,0
664394,2,0,0.0005409878656872572,0.0027386387067340366,0
664442,2,0,0.0014304323266242634,0.0027386387067340366,0
664450,2,0,0.0008797960616238617,0.0027386387067340366,0
664468,2,0,0.0032755487845015103,0.0027386387067340366,1
664541,2,0,0.0006160239218585816,0.0027386387067340366,0
664560,2,0,0.0058156163181599056,0.0027386387067340366,1
664591,2,0,0.0005069866530151944,0.0027386387067340366,0
664593,2,0,0.0009583830963515344,0.0027386387067340366,0
664604,2,0,0.0006348435186755767,0.0027386387067340366,0
664605,2,0,0.0004667410639846003,0.0027386387067340366,0
664631,2,0,0.0006128748129593509,0.0027386387067340366,0
664639,2,0,0.000683662878374576,0.0027386387067340366,0
664650,2,0,0.00105437118653515,0.0027386387067340366,0
664659,2,0,0.000753630338504439,0.0027386387067340366,0
664665,2,0,0.0005605422284693894,0.0027386387067340366,0
664680,2,0,0.00017579476462925217,0.0027386387067340366,0
664681,2,0,0.003358748061439748,0.0027386387067340366,1
664722,2,0,0.000826420009863592,0.0027386387067340366,0
664744,2,0,0.0007038872044130126,0.0027386387067340366,0
664789,2,0,0.03684501994320485,0.0027386387067340366,1
664820,2,0,0.0007166953923868176,0.0027386387067340366,0
664891,2,0,0.0003130569121597889,0.0027386387067340366,0
664905,2,0,0.0015998662290827885,0.0027386387067340366,0
664923,2,0,0.0011634712926999414,0.0027386387067340366,0
664941,2,0,0.00038641053646015604,0.0027386387067340366,0
664947,2,0,0.014060828543093474,0.0027386387067340366,1
664973,2,0,0.0005451699915990913,0.0027386387067340366,0
665037,2,0,0.0004946233404227175,0.0027386387067340366,0
665052,2,0,0.00038552532115672844,0.0027386387067340366,0
665071,2,0,0.02077728300198205,0.0027386387067340366,1
665075,2,0,0.0007132430261820732,0.0027386387067340366,0
665101,2,0,0.0002086425834267293,0.0027386387067340366,0
665124,2,0,0.0004563682175906334,0.0027386387067340366,0
665138,2,0,0.0008865302248582684,0.0027386387067340366,0
665156,2,0,0.001070565412378952,0.0027386387067340366,0
665159,2,0,0.001559848774950378,0.0027386387067340366,0
665161,2,0,0.00030443224012425874,0.0027386387067340366,0
665203,2,0,0.011856048893376242,0.0027386387067340366,1
665206,2,0,0.000418292937686316,0.0027386387067340366,0
665207,2,0,0.00040657866137812056,0.0027386387067340366,0
665215,2,0,0.0008866866746793079,0.0027386387067340366,0
665225,2,0,0.002373256075058765,0.0027386387067340366,0
665226,2,0,0.000724510516702843,0.0027386387067340366,0
665289,2,0,0.000869063351440303,0.0027386387067340366,0
665363,2,0,0.0004467304585582127,0.0027386387067340366,0
665372,2,0,0.00015446277823504158,0.0027386387067340366,0
665376,2,0,0.0015533992940194754,0.0027386387067340366,0
665433,2,0,0.0005671556317318052,0.0027386387067340366,0
665437,2,0,0.0004932769093637357,0.0027386387067340366,0
665468,2,0,6.735630710155565e-05,0.0027386387067340366,0
665479,2,0,0.0002943820010977895,0.0027386387067340366,0
665515,2,0,0.0033887481499188057,0.0027386387067340366,1
665535,2,0,0.08794403711910263,0.0027386387067340366,1
665539,2,0,0.0003863318188112626,0.0027386387067340366,0
665546,2,0,0.00039560864065688755,0.0027386387067340366,0
665560,2,0,0.0006344196822631595,0.0027386387067340366,0
665578,2,0,0.0006216244843258458,0.0027386387067340366,0
665590,2,0,0.0014663950296587255,0.0027386387067340366,0
665638,2,0,0.00016637339562989022,0.0027386387067340366,0
665639,2,0,0.0009601365642966955,0.0027386387067340366,0
665662,2,0,0.0003625920522440032,0.0027386387067340366,0
665719,2,0,0.0002229166188888463,0.0027386387067340366,0
665722,2,0,0.0005633807778402091,0.0027386387067340366,0
665739,2,0,0.0007090504115259897,0.0027386387067340366,0
665755,2,0,0.007943427109558763,0.0027386387067340366,1
665759,2,0,0.002756907646814247,0.0027386387067340366,1
665796,2,0,0.0007257468886048072,0.0027386387067340366,0
665797,2,0,0.00033709206015397874,0.0027386387067340366,0
665827,2,0,0.0003877156724977328,0.0027386387067340366,0
665845,2,0,0.002495050408469284,0.0027386387067340366,0
665872,2,0,0.0006853185497834415,0.0027386387067340366,0
665873,2,0,0.00013323406590115707,0.0027386387067340366,0
665895,2,0,0.0011954903396841888,0.0027386387067340366,0
665912,2,0,0.0011058115213450758,0.0027386387067340366,0
665933,2,0,0.0029988438892394765,0.0027386387067340366,1
665952,2,0,0.0005284887958761346,0.0027386387067340366,0
665965,2,0,0.003580275804380703,0.0027386387067340366,1
665971,2,0,0.0205763304280375,0.0027386387067340366,1
665973,2,0,0.00030130090654040845,0.0027386387067340366,0
665981,2,0,0.0029720556602923277,0.0027386387067340366,1
666055,2,0,0.00015342145756921951,0.0027386387067340366,0
666060,2,0,0.006586995874181928,0.0027386387067340366,1
666111,2,0,0.004789590959414763,0.0027386387067340366,1
666143,2,0,0.0005487993163289582,0.0027386387067340366,0
666154,2,0,0.00044252560937700343,0.0027386387067340366,0
666227,2,0,0.0004089288850238295,0.0027386387067340366,0
666253,2,0,0.041220044857722925,0.0027386387067340366,1
666286,2,0,0.00016047891151515478,0.0027386387067340366,0
666293,2,0,0.0007929802168234656,0.0027386387067340366,0
666317,2,0,0.015674430428450088,0.0027386387067340366,1
666333,2,0,0.0007321866686974007,0.0027386387067340366,0
666343,2,0,0.0013499623890364826,0.0027386387067340366,0
666348,2,0,0.0022681281094791084,0.0027386387067340366,0
666370,2,0,0.00042391752699794165,0.0027386387067340366,0
666397,2,0,0.006877153308149012,0.0027386387067340366,1
666425,2,0,0.00018625029642712671,0.0027386387067340366,0
666438,2,0,0.0009710068620915601,0.0027386387067340366,0
666439,2,0,0.0010834548732707226,0.0027386387067340366,0
666458,2,0,0.0005056461390468113,0.0027386387067340366,0
666473,2,0,0.0006060408100785796,0.0027386387067340366,0
666483,2,0,0.00031355969105542473,0.0027386387067340366,0
666484,2,0,0.00010650933666845911,0.0027386387067340366,0
666538,2,0,0.00019210081097890982,0.0027386387067340366,0
666593,2,0,0.00023502349022648877,0.0027386387067340366,0
666655,2,0,0.0024402044914759,0.0027386387067340366,0
666686,2,0,0.0003388355889937628,0.0027386387067340366,0
666703,2,0,0.006343580700903919,0.0027386387067340366,1
666705,2,0,0.0003493749799315687,0.0027386387067340366,0
666706,2,0,0.000598173446251524,0.0027386387067340366,0
666772,2,0,0.0004994619183593753,0.0027386387067340366,0
666782,2,0,0.0002986521163953314,0.0027386387067340366,0
666806,2,0,0.0004910525481000123,0.0027386387067340366,0
666812,2,0,0.000892147469270317,0.0027386387067340366,0
666818,2,0,0.0005399602015795527,0.0027386387067340366,0
666862,2,0,0.0005822354149528664,0.0027386387067340366,0
666884,2,0,0.00011373368892635943,0.0027386387067340366,0
666925,2,0,0.0007045919403171764,0.0027386387067340366,0
666952,2,0,0.0005149783756580056,0.0027386387067340366,0
666963,2,0,0.002475819406787809,0.0027386387067340366,0
666975,2,0,0.0005827654454043625,0.0027386387067340366,0
666977,2,0,0.00019137516742288277,0.0027386387067340366,0
666982,2,0,0.020816798319987853,0.0027386387067340366,1
667003,2,0,0.002342151043192663,0.0027386387067340366,0
667015,2,0,0.000126722329277867,0.0027386387067340366,0
667063,2,0,0.00045713795861167527,0.0027386387067340366,0
667094,2,0,0.00033339131593633866,0.0027386387067340366,0
667110,2,0,0.00013309351751701772,0.0027386387067340366,0
667121,2,0,0.0002664066424204911,0.0027386387067340366,0
667132,2,0,0.0009477366429151219,0.0027386387067340366,0
667186,2,0,0.005308707148323281,0.0027386387067340366,1
667278,2,0,0.007613905968496598,0.0027386387067340366,1
667302,2,0,0.00040086351042856514,0.0027386387067340366,0
667311,2,0,0.0013085038694612013,0.0027386387067340366,0
667328,2,0,9.076008659095391e-05,0.0027386387067340366,0
667334,2,0,0.0006567715992495585,0.0027386387067340366,0
667397,2,0,0.000630876642638417,0.0027386387067340366,0
667405,2,0,0.0006506120554474143,0.0027386387067340366,0
669164,2,0,0.0004041370213779786,0.0027386387067340366,0
669560,2,0,0.0007039022746240313,0.0027386387067340366,0
669852,2,0,0.00019129746382214418,0.0027386387067340366,0
670633,2,0,7.197590097328624e-05,0.0027386387067340366,0
670790,2,0,0.0007855144800695951,0.0027386387067340366,0
673462,2,0,0.000367335062236237,0.0027386387067340366,0
673506,2,0,0.0058755198658185835,0.0027386387067340366,1
673648,2,0,0.0010603583291203783,0.0027386387067340366,0
673886,2,0,0.002310740496737381,0.0027386387067340366,0
673914,2,0,0.00020341092555815427,0.0027386387067340366,0
674366,2,0,0.0030031834838153233,0.0027386387067340366,1
674546,2,0,0.00028498332856598474,0.0027386387067340366,0
674928,2,0,0.0011253621390245516,0.0027386387067340366,0
675677,2,0,0.00017014905432825918,0.0027386387067340366,0
675868,2,0,0.0019812667263570233,0.0027386387067340366,0
676365,2,0,0.002363541368663718,0.0027386387067340366,0
678292,2,0,0.01619855680406883,0.0027386387067340366,1
679754,2,0,0.0015295632017770049,0.0027386387067340366,0
682570,2,0,0.012677437964511817,0.0027386387067340366,1
683700,2,0,0.0024853694361062864,0.0027386387067340366,0
684394,2,0,0.001898757654997634,0.0027386387067340366,0
684683,2,0,0.00013285081282480706,0.0027386387067340366,0
684795,2,0,0.0014286328078177454,0.0027386387067340366,0
685507,2,0,0.0004571428176432291,0.0027386387067340366,0
685883,2,0,0.0031374688407542145,0.0027386387067340366,1
686157,2,0,0.00033089693898076024,0.0027386387067340366,0
686254,2,0,0.0033538141220913024,0.0027386387067340366,1
686441,2,0,0.00046770460219522673,0.0027386387067340366,0
686777,2,0,0.0011339817361269101,0.0027386387067340366,0
687353,2,0,0.0006402781869149392,0.0027386387067340366,0
687487,2,0,0.01990758589907241,0.0027386387067340366,1
690502,2,0,0.00029524978973735416,0.0027386387067340366,0
691831,2,0,0.0020583634405703217,0.0027386387067340366,0
691868,2,0,0.002372160578819326,0.0027386387067340366,0
691879,2,0,0.00015014112967938183,0.0027386387067340366,0
692347,2,0,0.0008742360694741803,0.0027386387067340366,0
693067,2,0,0.0005506665737125512,0.0027386387067340366,0
694452,2,0,0.000212191648807263,0.0027386387067340366,0
694854,2,0,0.002945540219042785,0.0027386387067340366,1
695392,2,0,0.0018007638983290877,0.0027386387067340366,0
698207,2,0,0.00022819692419210656,0.0027386387067340366,0
699559,2,0,0.004350060294109402,0.0027386387067340366,1
699704,2,0,0.0003452451718783244,0.0027386387067340366,0
700047,2,0,5.1784085903474524e-05,0.0027386387067340366,0
700626,2,0,0.0009156257945876112,0.0027386387067340366,0
700938,2,0,0.0006089576824323859,0.0027386387067340366,0
701126,2,0,0.0001935323705466113,0.0027386387067340366,0
701527,2,0,0.00039988704552849333,0.0027386387067340366,0
702831,2,0,0.00019837094333768231,0.0027386387067340366,0
702832,2,0,0.0002667332324534358,0.0027386387067340366,0
703016,2,0,0.0017380728215781718,0.0027386387067340366,0
703605,2,0,0.0006597491285924186,0.0027386387067340366,0
703700,2,0,0.001106497334083759,0.0027386387067340366,0
704601,2,0,7.784986679842242e-05,0.0027386387067340366,0
704968,2,0,0.0044507955701920295,0.0027386387067340366,1
705426,2,0,0.0007861633736781615,0.0027386387067340366,0
705798,2,0,0.00013544602131208914,0.0027386387067340366,0
705873,2,0,0.010724213936775738,0.0027386387067340366,1
705920,2,0,0.0011114159019892692,0.0027386387067340366,0
706561,2,0,0.00016056449223074385,0.0027386387067340366,0
707687,2,0,0.0009600466348192946,0.0027386387067340366,0
708043,2,0,0.0013144210862474509,0.0027386387067340366,0
709138,2,0,0.0009303464410583617,0.0027386387067340366,0
709713,2,0,0.06079155617810691,0.0027386387067340366,1
709816,2,0,0.0017259400213397037,0.0027386387067340366,0
710792,2,0,0.001010548531354277,0.0027386387067340366,0
711446,2,0,0.0003613238614274566,0.0027386387067340366,0
711685,2,0,0.00018348675455820234,0.0027386387067340366,0
711717,2,0,0.0011894783834454014,0.0027386387067340366,0
712023,2,0,0.005591428968609096,0.0027386387067340366,1
712392,2,0,0.008705177170074126,0.0027386387067340366,1
712603,2,0,0.011867577189542778,0.0027386387067340366,1
712681,2,0,0.0007391537129460156,0.0027386387067340366,0
712829,2,0,0.0014300683592742118,0.0027386387067340366,0
712839,2,0,0.000695172838708473,0.0027386387067340366,0
712899,2,0,0.023354182416196877,0.0027386387067340366,1
713037,2,0,0.00015144222713392737,0.0027386387067340366,0
713168,2,0,0.001867503164367702,0.0027386387067340366,0
713701,2,0,0.0003388402246250379,0.0027386387067340366,0
714174,2,0,0.000789542009507391,0.0027386387067340366,0
714398,2,0,0.0006774362708956879,0.0027386387067340366,0
715023,2,0,0.00012860355764704259,0.0027386387067340366,0
715385,2,0,0.0021963337423405293,0.0027386387067340366,0
716133,2,0,0.00029467499415229464,0.0027386387067340366,0
716782,2,0,0.0018895439629335118,0.0027386387067340366,0
717502,2,0,0.0002512118640322781,0.0027386387067340366,0
717935,2,0,0.0003630175808534432,0.0027386387067340366,0
717946,2,0,0.0009295774056935323,0.0027386387067340366,0
718033,2,0,0.000273339100566907,0.0027386387067340366,0
718180,2,0,0.0019058391746476187,0.0027386387067340366,0
718920,2,0,0.0005355426220827996,0.0027386387067340366,0
719057,2,0,0.00010130695015096971,0.0027386387067340366,0
719070,2,0,0.0018829190904434124,0.0027386387067340366,0
719330,2,0,0.0004958292400734145,0.0027386387067340366,0
719993,2,0,0.00020390681595094362,0.0027386387067340366,0
720218,2,0,0.00016389059841773025,0.0027386387067340366,0
721129,2,0,0.004141255585913501,0.0027386387067340366,1
721391,2,0,0.000560868313066953,0.0027386387067340366,0
722475,2,0,0.0005937594898495362,0.0027386387067340366,0
722761,2,0,0.00018884747426537216,0.0027386387067340366,0
723301,2,0,0.0006711250610161255,0.0027386387067340366,0
725675,2,0,0.002529229371502608,0.0027386387067340366,0
726012,2,0,0.021838166471250843,0.0027386387067340366,1
726947,2,0,0.0003830635192627546,0.0027386387067340366,0
729083,2,0,0.00025150655846629163,0.0027386387067340366,0
729251,2,0,0.0016096503531792972,0.0027386387067340366,0
729460,2,0,0.0027451084921620563,0.0027386387067340366,1
729963,2,0,0.00038465715590064217,0.0027386387067340366,0
730037,2,0,0.00037982844922373126,0.0027386387067340366,0
730704,2,0,0.0038251372296635717,0.0027386387067340366,1
730925,2,0,0.002404452795474988,0.0027386387067340366,0
732301,2,0,9.931525831490955e-05,0.0027386387067340366,0
733822,2,0,0.0062533203444012355,0.0027386387067340366,1
735496,2,0,0.007263995229511923,0.0027386387067340366,1
735659,2,0,0.0005744041213481385,0.0027386387067340366,0
737233,2,0,0.001926683666265556,0.0027386387067340366,0
737908,2,0,0.00123656693047512,0.0027386387067340366,0
738194,2,0,0.004808589292593029,0.0027386387067340366,1
738379,2,0,0.006851027522180821,0.0027386387067340366,1
743355,2,0,0.001083233222194774,0.0027386387067340366,0
743799,2,0,0.007814065382730672,0.0027386387067340366,1
744029,2,0,0.0010136569045115433,0.0027386387067340366,0
744635,2,0,0.0019569356624556463,0.0027386387067340366,0
744728,2,0,0.0004012514663955354,0.0027386387067340366,0
745063,2,0,0.00023107225335246696,0.0027386387067340366,0
745853,2,0,0.0035688784593876045,0.0027386387067340366,1
745858,2,0,0.0002976926008774274,0.0027386387067340366,0
745956,2,0,0.0018426460953509644,0.0027386387067340366,0
747037,2,0,0.0017272163324743264,0.0027386387067340366,0
747657,2,0,0.0003770757435122465,0.0027386387067340366,0
747673,2,0,0.001694958215846524,0.0027386387067340366,0
749201,2,0,0.0003244253906641947,0.0027386387067340366,0
749283,2,0,0.00016836440310944933,0.0027386387067340366,0
749680,2,0,3.8106986303113696e-05,0.0027386387067340366,0
750241,2,0,0.0018747304544533016,0.0027386387067340366,0
750317,2,0,0.0008229497771827848,0.0027386387067340366,0
750517,2,0,0.00046914333741087446,0.0027386387067340366,0
751754,2,0,0.0005999727736391957,0.0027386387067340366,0
752167,2,0,0.012037775611614778,0.0027386387067340366,1
752578,2,0,0.0002925671584049444,0.0027386387067340366,0
753415,2,0,0.00023618762881130794,0.0027386387067340366,0
753816,2,0,0.0022254901139319187,0.0027386387067340366,0
754482,2,0,0.00042011192681685983,0.0027386387067340366,0
755432,2,0,9.26950557315852e-05,0.0027386387067340366,0
755497,2,0,0.006690330802219453,0.0027386387067340366,1
756360,2,0,0.000538905576637168,0.0027386387067340366,0
756669,2,0,0.00023172406946371044,0.0027386387067340366,0
757187,2,0,0.0023534064478112795,0.0027386387067340366,0
757197,2,0,0.003971525052978487,0.0027386387067340366,1
757277,2,0,0.000812212775778599,0.0027386387067340366,0
758295,2,0,0.0006928146893918031,0.0027386387067340366,0
758850,2,0,0.0003502151821089695,0.0027386387067340366,0
759162,2,0,0.00022660613010350015,0.0027386387067340366,0
759408,2,0,0.0022060439250006095,0.0027386387067340366,0
760990,2,0,0.00015980176843302234,0.0027386387067340366,0
761227,2,0,0.0009333951517549977,0.0027386387067340366,0
761296,2,0,0.0004249339566524847,0.0027386387067340366,0
761462,2,0,0.00025279705331902376,0.0027386387067340366,0
762553,2,0,0.001546764914384598,0.0027386387067340366,0
762638,2,0,0.0015398231377002543,0.0027386387067340366,0
765425,2,0,0.00016840840149679639,0.0027386387067340366,0
765575,2,0,0.002058915370855426,0.0027386387067340366,0
765919,2,0,0.0009399233433665164,0.0027386387067340366,0
767169,2,0,0.0007344561678636444,0.0027386387067340366,0
768423,2,0,0.00616983574283354,0.0027386387067340366,1
768881,2,0,0.00041941000931152854,0.0027386387067340366,0
769201,2,0,0.0012361512348700204,0.0027386387067340366,0
772049,2,0,0.0018151499279115914,0.0027386387067340366,0
772473,2,0,0.003939661236747521,0.0027386387067340366,1
773036,2,0,0.004920303670242133,0.0027386387067340366,1
774009,2,0,0.00021309190193198558,0.0027386387067340366,0
774159,2,0,0.0006224579405012628,0.0027386387067340366,0
775520,2,0,0.0013581878027981908,0.0027386387067340366,0
775692,2,0,0.01270168935661801,0.0027386387067340366,1
776886,2,0,0.00012425849676670712,0.0027386387067340366,0
777231,2,0,0.00016288921953550224,0.0027386387067340366,0
777857,2,0,0.0004760196206844316,0.0027386387067340366,0
777936,2,0,0.0007773407087978483,0.0027386387067340366,0
778690,2,0,0.0002784343681933576,0.0027386387067340366,0
780684,2,0,0.00042935931707568887,0.0027386387067340366,0
780902,2,0,0.0005368187853498634,0.0027386387067340366,0
782311,2,0,0.0004062404451834753,0.0027386387067340366,0
787516,2,0,5.318330448497628e-05,0.0027386387067340366,0
787678,2,0,0.00104154591740059,0.0027386387067340366,0
787753,2,0,0.004558922355212788,0.0027386387067340366,1
788158,2,0,0.004900699357470724,0.0027386387067340366,1
788673,2,0,0.0005555358412996203,0.0027386387067340366,0
788704,2,0,0.0005720713877914869,0.0027386387067340366,0
788732,2,0,0.0015319782877590326,0.0027386387067340366,0
789843,2,0,0.0003229554617527453,0.0027386387067340366,0
789861,2,0,0.005647174423273768,0.0027386387067340366,1
790557,2,0,0.00013825076516818172,0.0027386387067340366,0
791274,2,0,0.00023582944811654488,0.0027386387067340366,0
792097,2,0,0.0004863285275058049,0.0027386387067340366,0
792513,2,0,0.003766813825050633,0.0027386387067340366,1
792960,2,0,0.0014073488407434043,0.0027386387067340366,0
793109,2,0,0.0007152939786869573,0.0027386387067340366,0
793808,2,0,0.0013266104396637357,0.0027386387067340366,0
793927,2,0,0.00654195075308282,0.0027386387067340366,1
795779,2,0,0.00025086912911978564,0.0027386387067340366,0
797499,2,0,0.000972931175103992,0.0027386387067340366,0
798794,2,0,0.0003503476647291598,0.0027386387067340366,0
799571,2,0,0.0003195114360324175,0.0027386387067340366,0
800400,2,0,0.00466961661834273,0.0027386387067340366,1
800932,2,0,0.0007217369557235085,0.0027386387067340366,0
801159,2,0,0.0001021328733201363,0.0027386387067340366,0
801348,2,0,0.0005354803520335307,0.0027386387067340366,0
801655,2,0,0.0008216012666259221,0.0027386387067340366,0
803160,2,0,0.000492283564593431,0.0027386387067340366,0
803741,2,0,0.00038035816833206586,0.0027386387067340366,0
804823,2,0,0.00396279741635466,0.0027386387067340366,1
804966,2,0,0.0023956204570312633,0.0027386387067340366,0
806488,2,0,0.0011392300411927408,0.0027386387067340366,0
806700,2,0,8.160143531699725e-05,0.0027386387067340366,0
806905,2,0,0.0005462099645110572,0.0027386387067340366,0
808838,2,0,0.00031943367876538823,0.0027386387067340366,0
815951,2,0,0.00010306906674540379,0.0027386387067340366,0
819382,2,0,0.0013760668896349705,0.0027386387067340366,0
821152,2,0,0.00034884699303967776,0.0027386387067340366,0
825662,2,0,0.0004662570594207371,0.0027386387067340366,0
826921,2,0,0.0003575415628689657,0.0027386387067340366,0
827568,2,0,0.0007616659701064544,0.0027386387067340366,0
828652,2,0,0.00596630807180161,0.0027386387067340366,1
829822,2,0,0.0023389050355245807,0.0027386387067340366,0
832838,2,0,0.00013956712370891285,0.0027386387067340366,0
839474,2,0,0.0020182656280613776,0.0027386387067340366,0
839966,2,0,0.0007231161043196514,0.0027386387067340366,0
841629,2,0,0.0018301871043041164,0.0027386387067340366,0
841630,2,0,0.0010939231758337706,0.0027386387067340366,0
842850,2,0,0.0025674750086171413,0.0027386387067340366,0
844290,2,0,0.0008440606933968274,0.0027386387067340366,0
844353,2,0,0.007511489928964794,0.0027386387067340366,1
844983,2,0,0.0008439026427870401,0.0027386387067340366,0
846451,2,0,8.314548303193364e-05,0.0027386387067340366,0
846839,2,0,0.00011052248421453897,0.0027386387067340366,0
846970,2,0,0.0008154840214489375,0.0027386387067340366,0
847035,2,0,0.0019212421774888026,0.0027386387067340366,0
847885,2,0,0.0006023231575667835,0.0027386387067340366,0
848732,2,0,0.0023551993363758045,0.0027386387067340366,0
849958,2,0,0.0003979191148743346,0.0027386387067340366,0
850056,2,0,0.0006930520911762572,0.0027386387067340366,0
851527,2,0,0.023079860004389722,0.0027386387067340366,1
852261,2,0,0.00027039490085179396,0.0027386387067340366,0
853762,2,0,0.0008381766590416589,0.0027386387067340366,0
854839,2,0,0.000553686815693828,0.0027386387067340366,0
854894,2,0,0.0006502749121320287,0.0027386387067340366,0
855426,2,0,0.0017089241086400127,0.0027386387067340366,0
857458,2,0,0.00018316872545902507,0.0027386387067340366,0
860063,2,0,2.8541960172521793e-05,0.0027386387067340366,0
860185,2,0,0.0010672214710867479,0.0027386387067340366,0
866927,2,0,0.00583392724028408,0.0027386387067340366,1
866971,2,0,0.00024084804750666933,0.0027386387067340366,0
867258,2,0,0.0003578412676226717,0.0027386387067340366,0
867569,2,0,0.00016295573758003373,0.0027386387067340366,0
868022,2,0,9.6549878149025e-05,0.0027386387067340366,0
868804,2,0,0.0044316965233374165,0.0027386387067340366,1
868983,2,0,0.0007099858621752289,0.0027386387067340366,0
869419,2,0,0.008126254284788116,0.0027386387067340366,1
870214,2,0,0.0030992963837160594,0.0027386387067340366,1
870646,2,0,0.001975345339498596,0.0027386387067340366,0
871221,2,0,0.0011925026290254433,0.0027386387067340366,0
871986,2,0,0.0031963402282063165,0.0027386387067340366,1
872386,2,0,0.0008582533801918153,0.0027386387067340366,0
872830,2,0,9.359060403423442e-05,0.0027386387067340366,0
873501,2,0,0.0003349571729002321,0.0027386387067340366,0
874396,2,0,0.0015463843835451267,0.0027386387067340366,0
875166,2,0,0.0001797718908571962,0.0027386387067340366,0
876417,2,0,0.002701585656825292,0.0027386387067340366,0
877519,2,0,7.173836902089455e-05,0.0027386387067340366,0
878499,2,0,0.001537535498984826,0.0027386387067340366,0
879063,2,0,0.004392190982492338,0.0027386387067340366,1
879167,2,0,0.00020765462175600144,0.0027386387067340366,0
879545,2,0,0.0007794814718855809,0.0027386387067340366,0
880161,2,0,0.001504691222241938,0.0027386387067340366,0
881134,2,0,0.000858227645100902,0.0027386387067340366,0
881723,2,0,0.0176657045724736,0.0027386387067340366,1
882352,2,0,0.0005230880353655985,0.0027386387067340366,0
882378,2,0,0.000451152582253363,0.0027386387067340366,0
884141,2,0,0.00036016722428970464,0.0027386387067340366,0
885668,2,0,0.0007472794514597447,0.0027386387067340366,0
887698,2,0,0.0016341060056421577,0.0027386387067340366,0
887923,2,0,0.00031063188084683386,0.0027386387067340366,0
889485,2,0,0.0026781483512605727,0.0027386387067340366,0
889681,2,0,0.0021700097387078853,0.0027386387067340366,0
889929,2,0,0.0003246162796832453,0.0027386387067340366,0
890076,2,0,0.0005909909149466585,0.0027386387067340366,0
890543,2,0,0.00027624895434451844,0.0027386387067340366,0
890649,2,0,0.004915650872933551,0.0027386387067340366,1
890908,2,0,0.000878144685274425,0.0027386387067340366,0
891386,2,0,0.0009894913876526109,0.0027386387067340366,0
891447,2,0,0.0004730702963707357,0.0027386387067340366,0
891782,2,0,0.0001345684397211645,0.0027386387067340366,0
892045,2,0,0.0017109436716895429,0.0027386387067340366,0
892623,2,0,0.0023497305060209976,0.0027386387067340366,0
893110,2,0,0.0005662876634824321,0.0027386387067340366,0
893372,2,0,0.0023191040873420036,0.0027386387067340366,0
893490,2,0,0.00017699335559704141,0.0027386387067340366,0
893747,2,0,0.0005936354619260387,0.0027386387067340366,0
894037,2,0,0.00069099809554612,0.0027386387067340366,0
894041,2,0,0.000663209564855631,0.0027386387067340366,0
894157,2,0,0.0020315182981808723,0.0027386387067340366,0
894282,2,0,0.0013776056211420088,0.0027386387067340366,0
894362,2,0,0.004247718077480621,0.0027386387067340366,1
894384,2,0,0.0008724931218181817,0.0027386387067340366,0
894934,2,0,8.128063793893301e-05,0.0027386387067340366,0
894937,2,0,0.00018741859654384675,0.0027386387067340366,0
895379,2,0,0.004170378216807572,0.0027386387067340366,1
895486,2,0,0.0003446950858078011,0.0027386387067340366,0
895660,2,0,0.00012425613936943534,0.0027386387067340366,0
897030,2,0,0.0009901856259734354,0.0027386387067340366,0
897121,2,0,0.00043292165474354254,0.0027386387067340366,0
897852,2,0,0.00030144990873381104,0.0027386387067340366,0
897859,2,0,0.0013006305203978668,0.0027386387067340366,0
898263,2,0,0.00014804827129687577,0.0027386387067340366,0
899197,2,0,0.0019833003867436613,0.0027386387067340366,0
907669,2,0,0.0005866214191014245,0.0027386387067340366,0
912400,2,0,0.0007728228400622964,0.0027386387067340366,0
920039,2,0,0.0002933512272923351,0.0027386387067340366,0
923095,2,0,0.0002259291830326906,0.0027386387067340366,0
929919,2,0,0.001268498654172607,0.0027386387067340366,0
930113,2,0,0.009987290009917724,0.0027386387067340366,1
933872,2,0,0.00020074061011242668,0.0027386387067340366,0
934704,2,0,0.0004042215711722641,0.0027386387067340366,0
935137,2,0,0.003323671448701316,0.0027386387067340366,1
935288,2,0,0.0067549349942853465,0.0027386387067340366,1
935327,2,0,0.00030597738336352997,0.0027386387067340366,0
935590,2,0,0.0011953787914229387,0.0027386387067340366,0
935626,2,0,9.790406908354687e-05,0.0027386387067340366,0
936091,2,0,0.0006047969838176014,0.0027386387067340366,0
946523,2,0,0.0026570626831093984,0.0027386387067340366,0
947363,2,0,0.0002931898653018493,0.0027386387067340366,0
951953,2,0,0.0002736788642284638,0.0027386387067340366,0
954364,2,0,0.0005062457546727258,0.0027386387067340366,0
954417,2,0,0.0005103420635282499,0.0027386387067340366,0
959487,2,0,0.00019712590403212665,0.0027386387067340366,0
960705,2,0,0.0003989886998060039,0.0027386387067340366,0
960831,2,0,0.01610510999694211,0.0027386387067340366,1
963037,2,0,0.005917323980981741,0.0027386387067340366,1
963093,2,0,0.0034816019893217027,0.0027386387067340366,1
963966,2,0,0.0002017342851845263,0.0027386387067340366,0
967187,2,0,0.006025978022286624,0.0027386387067340366,1
967894,2,0,0.0013999318220349777,0.0027386387067340366,0
969710,2,0,0.020002703713074645,0.0027386387067340366,1
970213,2,0,0.0010411001833449819,0.0027386387067340366,0
970542,2,0,0.014253419307856346,0.0027386387067340366,1
971721,2,0,0.002443479154805057,0.0027386387067340366,0
971959,2,0,0.0010838594610225645,0.0027386387067340366,0
972087,2,0,0.00045758449982465923,0.0027386387067340366,0
972218,2,0,0.0033316465587406815,0.0027386387067340366,1
972338,2,0,0.029017686595293146,0.0027386387067340366,1
972480,2,0,0.043920913711493585,0.0027386387067340366,1
972591,2,0,0.0002764170880952822,0.0027386387067340366,0
973100,2,0,0.009143184637313801,0.0027386387067340366,1
973172,2,0,8.879323304491538e-05,0.0027386387067340366,0
973228,2,0,0.00037552734856542746,0.0027386387067340366,0
973303,2,0,0.0008284620213957884,0.0027386387067340366,0
973443,2,0,0.0003626033774200043,0.0027386387067340366,0
973622,2,0,0.0005172491944032844,0.0027386387067340366,0
973780,2,0,0.0010341964128119214,0.0027386387067340366,0
973789,2,0,0.0008164544494902117,0.0027386387067340366,0
973916,2,0,0.0011587347735603638,0.0027386387067340366,0
973953,2,0,0.0019179098890150087,0.0027386387067340366,0
974017,2,0,0.00018035907570054116,0.0027386387067340366,0
974019,2,0,0.0003120466530593881,0.0027386387067340366,0
974502,2,0,0.000580336963196633,0.0027386387067340366,0
975120,2,0,0.00042077941903073104,0.0027386387067340366,0
975181,2,0,0.002190987143281869,0.0027386387067340366,0
976214,2,0,0.0002800075701924598,0.0027386387067340366,0
976271,2,0,0.0004577841586491236,0.0027386387067340366,0
976322,2,0,0.0020397127000271065,0.0027386387067340366,0
976338,2,0,0.0016388442763633395,0.0027386387067340366,0
976529,2,0,5.9023746683150586e-05,0.0027386387067340366,0
976642,2,0,0.00813876995796807,0.0027386387067340366,1
976691,2,0,0.0003281646336868827,0.0027386387067340366,0
976746,2,0,0.00023605038877539978,0.0027386387067340366,0
976766,2,0,0.005759128933514619,0.0027386387067340366,1
976855,2,0,0.0003121407765921756,0.0027386387067340366,0
976966,2,0,0.012888912676700637,0.0027386387067340366,1
976976,2,0,0.017585173067869796,0.0027386387067340366,1
977007,2,0,0.0018351185375251452,0.0027386387067340366,0
977103,2,0,0.0010323124505635464,0.0027386387067340366,0
977379,2,0,0.0014893783991053325,0.0027386387067340366,0
977492,2,0,0.005454318186848136,0.0027386387067340366,1
977678,2,0,0.0017593841066309618,0.0027386387067340366,0
977752,2,0,0.00028957421438195876,0.0027386387067340366,0
977774,2,0,0.0005472663445396891,0.0027386387067340366,0
977836,2,0,0.001723824532149904,0.0027386387067340366,0
977882,2,0,0.0025086464207926765,0.0027386387067340366,0
977965,2,0,0.00012970608821520982,0.0027386387067340366,0
978008,2,0,0.01055922993478099,0.0027386387067340366,1
978115,2,0,0.0002836394086180708,0.0027386387067340366,0
978217,2,0,0.0002981186584022309,0.0027386387067340366,0
986783,2,0,0.00031139813519107627,0.0027386387067340366,0
986815,2,0,0.0005262568301383298,0.0027386387067340366,0
987854,2,0,0.0012051022794287926,0.0027386387067340366,0
989262,2,0,0.001824117250272169,0.0027386387067340366,0
990808,2,0,0.002299223361625311,0.0027386387067340366,0
990902,2,0,0.002567237593091701,0.0027386387067340366,0
992688,2,0,0.008909107929633023,0.0027386387067340366,1
995433,2,0,0.001403584397411809,0.0027386387067340366,0
1004366,2,0,0.0020459457966458226,0.0027386387067340366,0
1005077,2,0,0.010709582557911676,0.0027386387067340366,1
1005619,2,0,0.0002797160298950441,0.0027386387067340366,0
1006276,2,0,0.0010871266317941297,0.0027386387067340366,0
1010280,2,0,0.0003524835880639779,0.0027386387067340366,0
1013024,2,0,0.0031364654680880325,0.0027386387067340366,1
1015180,2,0,0.0012333182122223811,0.0027386387067340366,0
1017688,2,0,0.0030438618804221234,0.0027386387067340366,1
1019163,2,0,0.00011576046928940613,0.0027386387067340366,0
1021998,2,0,0.004752551156409433,0.0027386387067340366,1
1022000,2,0,0.005661958972581236,0.0027386387067340366,1
1034416,2,0,0.0016457816678861652,0.0027386387067340366,0
1070450,2,0,0.0012328415912298955,0.0027386387067340366,0
1071876,2,0,0.00023122010054022835,0.0027386387067340366,0
1071877,2,0,0.00023459725317249262,0.0027386387067340366,0
1072112,2,0,0.0002184903274700697,0.0027386387067340366,0
1072880,2,0,0.000235326183307998,0.0027386387067340366,0
1075138,2,0,0.042725771136963304,0.0027386387067340366,1
1078314,2,0,0.00045321066687181933,0.0027386387067340366,0
1080067,2,0,0.003876708791819376,0.0027386387067340366,1
1080188,2,0,0.0003457221565630037,0.0027386387067340366,0
1080236,2,0,0.0031479589019971503,0.0027386387067340366,1
1084020,2,0,0.003287848514629669,0.0027386387067340366,1
1084671,2,0,0.0036827903481549684,0.0027386387067340366,1
1084690,2,0,0.0013206274356506542,0.0027386387067340366,0
1084704,2,0,0.0017698631877810017,0.0027386387067340366,0
1085301,2,0,0.010968704623073049,0.0027386387067340366,1
1086723,2,0,0.0006795283853835297,0.0027386387067340366,0
1086923,2,0,0.005303367312063259,0.0027386387067340366,1
1087717,2,0,0.0005879119640532733,0.0027386387067340366,0
1088061,2,0,4.1842421258805843e-05,0.0027386387067340366,0
1089490,2,0,0.0006549674027285773,0.0027386387067340366,0
1091472,2,0,0.0006869188914875631,0.0027386387067340366,0
1091808,2,0,0.00011303945529588618,0.0027386387067340366,0
1091863,2,0,0.0027220277927334467,0.0027386387067340366,0
1092325,2,0,0.0008500725663584034,0.0027386387067340366,0
1092876,2,0,0.0021450812362473395,0.0027386387067340366,0
1093790,2,0,0.014096509890381859,0.0027386387067340366,1
1093805,2,0,0.04312848683879394,0.0027386387067340366,1
1095106,2,0,0.00011878263895743689,0.0027386387067340366,0
1096077,2,0,0.006316611534860132,0.0027386387067340366,1
1096354,2,0,0.00016355115008548804,0.0027386387067340366,0
1098728,2,0,0.0023398789904509457,0.0027386387067340366,0
1101757,2,0,0.0032270325530623077,0.0027386387067340366,1
1107138,2,0,0.00803898023980732,0.0027386387067340366,1
1108447,2,0,0.002978002877602556,0.0027386387067340366,1
1116205,2,0,0.00020849083154893586,0.0027386387067340366,0
1118172,2,0,0.0007242765238491134,0.0027386387067340366,0
1118369,2,0,0.000855313348126888,0.0027386387067340366,0
1119029,2,0,0.0009905113364020357,0.0027386387067340366,0
1120173,2,0,0.0008417775013304596,0.0027386387067340366,0
1121117,2,0,0.014277283676872376,0.0027386387067340366,1
1121529,2,0,0.0013353651521399441,0.0027386387067340366,0
1122592,2,0,0.00019006621784047216,0.0027386387067340366,0
1123742,2,0,0.00013131821039781766,0.0027386387067340366,0
1128080,2,0,0.00041271075123326114,0.0027386387067340366,0
1129465,2,0,0.0008995790493493114,0.0027386387067340366,0
1130523,2,0,0.000665860572890883,0.0027386387067340366,0
1131710,2,0,0.00042625345922967146,0.0027386387067340366,0
1131920,2,0,0.00016943184615033277,0.0027386387067340366,0
1132326,2,0,0.0007571700787578831,0.0027386387067340366,0
1138020,2,0,0.0013131380182057504,0.0027386387067340366,0
1148014,2,0,0.0004968428292311376,0.0027386387067340366,0
1148599,2,0,0.0001505560344079332,0.0027386387067340366,0
1148772,2,0,0.00030451135076560974,0.0027386387067340366,0
1150234,2,0,0.0016215548448365207,0.0027386387067340366,0
1150542,2,0,0.0008784067661069229,0.0027386387067340366,0
1151703,2,0,0.0004486110425702769,0.0027386387067340366,0
1151712,2,0,0.00021855188623166996,0.0027386387067340366,0
1154655,2,0,0.00045656787840889836,0.0027386387067340366,0
1157494,2,0,0.012594989463133742,0.0027386387067340366,1
1164849,2,0,0.001347574461404648,0.0027386387067340366,0
1166460,2,0,0.00012090624764242267,0.0027386387067340366,0
1169304,2,0,0.0022950961364314854,0.0027386387067340366,0
1177170,2,0,0.010027528860417984,0.0027386387067340366,1
1179302,2,0,0.0001697041440139828,0.0027386387067340366,0
1181764,2,0,0.006323848644201767,0.0027386387067340366,1
1181768,2,0,0.00011925031366661228,0.0027386387067340366,0
1190415,2,0,0.0008918272922170693,0.0027386387067340366,0
1191206,2,0,0.005330116596518824,0.0027386387067340366,1
1202478,2,0,0.007780756475646413,0.0027386387067340366,1
1203009,2,0,0.00020184226180462476,0.0027386387067340366,0
1212426,2,0,0.014173013120647778,0.0027386387067340366,1
1213859,2,0,0.00028517893657753376,0.0027386387067340366,0
1218909,2,0,0.016134221074776505,0.0027386387067340366,1
1222333,2,0,0.0022404039185869593,0.0027386387067340366,0
1228476,2,0,0.0016881695665905674,0.0027386387067340366,0
1234753,2,0,0.022489672146039294,0.0027386387067340366,1
1242440,2,0,0.0012445848056655978,0.0027386387067340366,0
1242719,2,0,0.0035730903562326464,0.0027386387067340366,1
1242876,2,0,0.002088498558389657,0.0027386387067340366,0
1243259,2,0,0.008219749972690689,0.0027386387067340366,1
1244388,2,0,0.00073857367454993,0.0027386387067340366,0
1244669,2,0,0.0029819056941078376,0.0027386387067340366,1
1245020,2,0,0.003204136206476569,0.0027386387067340366,1
1245136,2,0,0.008712451460038762,0.0027386387067340366,1
1245270,2,0,0.005747645763193706,0.0027386387067340366,1
1245272,2,0,0.002158040777037005,0.0027386387067340366,0
1245284,2,0,0.01135285020181465,0.0027386387067340366,1
1245313,2,0,0.0004527556549878925,0.0027386387067340366,0
1245327,2,0,0.004093448306266243,0.0027386387067340366,1
1245407,2,0,0.002714620940671439,0.0027386387067340366,0
1245572,2,0,0.0009825703700890563,0.0027386387067340366,0
1245709,2,0,0.0013939408803095989,0.0027386387067340366,0
1245716,2,0,0.0011343455165984063,0.0027386387067340366,0
1245720,2,0,0.004448114081547061,0.0027386387067340366,1
1245932,2,0,0.0009704749828942275,0.0027386387067340366,0
1245951,2,0,0.0004958144621209884,0.0027386387067340366,0
1246103,2,0,0.0003943066475694025,0.0027386387067340366,0
1246298,2,0,0.0015448287154449208,0.0027386387067340366,0
1246309,2,0,0.004055256095078181,0.0027386387067340366,1
1246378,2,0,0.0013029064829287351,0.0027386387067340366,0
1246418,2,0,0.002520688483879106,0.0027386387067340366,0
1246452,2,0,0.0005519351793519515,0.0027386387067340366,0
1246767,2,0,0.000937928475610313,0.0027386387067340366,0
1246798,2,0,0.009931407251833224,0.0027386387067340366,1
1246872,2,0,0.0018002584827066866,0.0027386387067340366,0
1246875,2,0,0.003193191970487945,0.0027386387067340366,1
1246981,2,0,0.00047111465332221286,0.0027386387067340366,0
1246987,2,0,0.04387773477843445,0.0027386387067340366,1
1246999,2,0,0.0012563439769762675,0.0027386387067340366,0
1247116,2,0,0.0048331778860747346,0.0027386387067340366,1
1247740,2,0,0.006242407374702481,0.0027386387067340366,1
1247750,2,0,0.00427604430263438,0.0027386387067340366,1
1247756,2,0,0.0003760413729014982,0.0027386387067340366,0
1248344,2,0,0.001784103149672267,0.0027386387067340366,0
1248839,2,0,0.000861761638534655,0.0027386387067340366,0
1248841,2,0,0.0010005979550212298,0.0027386387067340366,0
1248883,2,0,0.000169813583107793,0.0027386387067340366,0
1248885,2,0,0.0024613600079421913,0.0027386387067340366,0
1249184,2,0,0.0048108222075192745,0.0027386387067340366,1
1249389,2,0,0.00026341420028527936,0.0027386387067340366,0
1249916,2,0,0.0012350431665888863,0.0027386387067340366,0
1250062,2,0,0.006436295162343694,0.0027386387067340366,1
1250874,2,0,0.001779680851101051,0.0027386387067340366,0
1250933,2,0,0.00041332776474135933,0.0027386387067340366,0
1251624,2,0,0.0010200761636133258,0.0027386387067340366,0
1251791,2,0,0.0037278546815666205,0.0027386387067340366,1
1251929,2,0,0.0009263808016909779,0.0027386387067340366,0
1253040,2,0,0.0008319600637463411,0.0027386387067340366,0
1253477,2,0,0.003511272912978391,0.0027386387067340366,1
1253864,2,0,0.002004914788756515,0.0027386387067340366,0
1254653,2,0,0.008292147647147986,0.0027386387067340366,1
1254857,2,0,0.0006371197316984772,0.0027386387067340366,0
1255917,2,0,0.000519065321039502,0.0027386387067340366,0
1255928,2,0,0.0002856813277088075,0.0027386387067340366,0
1256402,2,0,0.0008016755534882381,0.0027386387067340366,0
1257362,2,0,0.0018944591912163102,0.0027386387067340366,0
1257433,2,0,0.0002207429171373648,0.0027386387067340366,0
1257886,2,0,0.000479243824596108,0.0027386387067340366,0
1258379,2,0,0.0057237447840250205,0.0027386387067340366,1
1258568,2,0,0.0027717075775480398,0.0027386387067340366,1
1258614,2,0,0.0008276374046868529,0.0027386387067340366,0
1259540,2,0,0.00034215356992477257,0.0027386387067340366,0
1261395,2,0,0.0011400198642894535,0.0027386387067340366,0
1261884,2,0,0.008258998246734628,0.0027386387067340366,1
1262031,2,0,0.001446510381449755,0.0027386387067340366,0
1262342,2,0,0.0021475761071072354,0.0027386387067340366,0
1262714,2,0,0.001068176852897552,0.0027386387067340366,0
1262772,2,0,0.00047657473958205755,0.0027386387067340366,0
1262881,2,0,0.0011598200099873302,0.0027386387067340366,0
1263021,2,0,0.0007691889268872228,0.0027386387067340366,0
1263108,2,0,0.0020664285569510503,0.0027386387067340366,0
1263260,2,0,7.45674268501057e-05,0.0027386387067340366,0
1263574,2,0,0.00040624815378885443,0.0027386387067340366,0
1263648,2,0,0.004426602229362767,0.0027386387067340366,1
1264115,2,0,0.00021879965539666458,0.0027386387067340366,0
1264429,2,0,0.0009860331096105974,0.0027386387067340366,0
1264529,2,0,0.0008309032884351351,0.0027386387067340366,0
1266812,2,0,0.005684242619825533,0.0027386387067340366,1
1266833,2,0,0.0003941164392144026,0.0027386387067340366,0
1267789,2,0,0.000881996468211203,0.0027386387067340366,0
1272723,2,0,0.00020378269541112816,0.0027386387067340366,0
1280881,2,0,0.0013079372871675284,0.0027386387067340366,0
1281732,2,0,0.0006142959705562256,0.0027386387067340366,0
1282759,2,0,0.00024547888350941546,0.0027386387067340366,0
1287334,2,0,0.008909654310316715,0.0027386387067340366,1
1287984,2,0,0.0003991078552331018,0.0027386387067340366,0
1288104,2,0,0.0014517879225612329,0.0027386387067340366,0
1288185,2,0,0.00020440642951372664,0.0027386387067340366,0
1288492,2,0,0.0025989630058125875,0.0027386387067340366,0
1288674,2,0,0.003376123983144844,0.0027386387067340366,1
1289024,2,0,0.009982585375510512,0.0027386387067340366,1
1289166,2,0,0.0015798990274607818,0.0027386387067340366,0
1289497,2,0,0.0015957550653144254,0.0027386387067340366,0
1289870,2,0,0.012610753571177073,0.0027386387067340366,1
1291048,2,0,0.00022198960470540496,0.0027386387067340366,0
1291590,2,0,0.00012885175040900032,0.0027386387067340366,0
1291615,2,0,0.0025203293560484546,0.0027386387067340366,0
1292142,2,0,0.0004711746169027638,0.0027386387067340366,0
1292318,2,0,0.0013334332953607504,0.0027386387067340366,0
1292481,2,0,0.00036681036255229967,0.0027386387067340366,0
1293648,2,0,0.00017562644298549853,0.0027386387067340366,0
1294205,2,0,0.0002693827951920859,0.0027386387067340366,0
1294813,2,0,0.007886744949224136,0.0027386387067340366,1
1294876,2,0,0.0006616702752068806,0.0027386387067340366,0
1295310,2,0,0.0015908351336757912,0.0027386387067340366,0
1295362,2,0,0.0004335937429653817,0.0027386387067340366,0
1296508,2,0,0.0015843811167829765,0.0027386387067340366,0
1297443,2,0,0.002133255110558934,0.0027386387067340366,0
1299412,2,0,0.0007879894663806242,0.0027386387067340366,0
1299609,2,0,0.0007545368693358086,0.0027386387067340366,0
1300325,2,0,0.012642984340578495,0.0027386387067340366,1
1301021,2,0,0.0036432269250564757,0.0027386387067340366,1
1301101,2,0,0.006419962842194018,0.0027386387067340366,1
1301698,2,0,0.006706078964258331,0.0027386387067340366,1
1301808,2,0,0.00016367467402804436,0.0027386387067340366,0
1302330,2,0,0.0518398856583714,0.0027386387067340366,1
1302878,2,0,0.0011509565125393424,0.0027386387067340366,0
1304072,2,0,0.0009575934345236193,0.0027386387067340366,0
1305605,2,0,0.00036562057829000013,0.0027386387067340366,0
1305851,2,0,0.00219616639031333,0.0027386387067340366,0
1307470,2,0,0.0016701746845824467,0.0027386387067340366,0
1308338,2,0,0.001876489251093313,0.0027386387067340366,0
1309905,2,0,0.002690465490291808,0.0027386387067340366,0
1309992,2,0,0.007334046023952884,0.0027386387067340366,1
1310286,2,0,0.0030878905657622563,0.0027386387067340366,1
1311300,2,0,0.003611497978331944,0.0027386387067340366,1
1313542,2,0,0.00011554607709993811,0.0027386387067340366,0
1313550,2,0,0.0006895187650999505,0.0027386387067340366,0
1314008,2,0,0.00011271609542106392,0.0027386387067340366,0
1314430,2,0,0.0003634995796460912,0.0027386387067340366,0
1315050,2,0,0.0005909874312709098,0.0027386387067340366,0
1315748,2,0,0.0027165827010802368,0.0027386387067340366,0
1316627,2,0,0.0003780670905880255,0.0027386387067340366,0
1317725,2,0,0.002417711423584575,0.0027386387067340366,0
1319087,2,0,0.00039021146244020105,0.0027386387067340366,0
1324119,2,0,0.004128100076252386,0.0027386387067340366,1
1325022,2,0,0.00021894965771629857,0.0027386387067340366,0
1327421,2,0,0.0002678211783422652,0.0027386387067340366,0
1330897,2,0,0.0008579719917828425,0.0027386387067340366,0
1332468,2,0,0.011095864535785926,0.0027386387067340366,1
1332881,2,0,0.00031836785698136896,0.0027386387067340366,0
1334002,2,0,0.002065198245640348,0.0027386387067340366,0
1337232,2,0,0.0017440815056374449,0.0027386387067340366,0
1345954,2,0,0.00015322756401456167,0.0027386387067340366,0
1349116,2,0,0.0025123054092931058,0.0027386387067340366,0
1356335,2,0,0.0070135318068810315,0.0027386387067340366,1
1360716,2,0,0.001459011779616357,0.0027386387067340366,0
1366616,2,0,0.0012930631268605608,0.0027386387067340366,0
1375907,2,0,0.0007905243449333705,0.0027386387067340366,0
1376450,2,0,0.0008504470058106208,0.0027386387067340366,0
1376683,2,0,0.0010046168672907861,0.0027386387067340366,0
1377242,2,0,0.0006229571505947233,0.0027386387067340366,0
1397279,2,0,0.00019502447857750022,0.0027386387067340366,0
1399583,2,0,0.0027001806930326173,0.0027386387067340366,0
1418401,2,0,0.001277765214808303,0.0027386387067340366,0
1420755,2,0,0.00010472226708442893,0.0027386387067340366,0
1423324,2,0,0.0012473011140320643,0.0027386387067340366,0
1492379,2,0,0.0018025586153817524,0.0027386387067340366,0
1503259,2,0,0.00030210057861283524,0.0027386387067340366,0
1509864,2,0,0.000704154303046339,0.0027386387067340366,0
1523398,2,0,0.0005334444203091166,0.0027386387067340366,0
1523481,2,0,0.0001792695661018765,0.0027386387067340366,0
1523486,2,0,4.967958058339392e-05,0.0027386387067340366,0
1526406,2,0,0.0011346273320549712,0.0027386387067340366,0
1528124,2,0,0.006394686488754039,0.0027386387067340366,1
1528132,2,0,0.0007223156692350964,0.0027386387067340366,0
1528683,2,0,0.0003380644349887257,0.0027386387067340366,0
1529409,2,0,0.00020317568583936186,0.0027386387067340366,0
1532134,2,0,0.0003588521672603937,0.0027386387067340366,0
1535321,2,0,0.0012278124503514955,0.0027386387067340366,0
1540508,2,0,0.00027522565595234933,0.0027386387067340366,0
1540951,2,0,0.0003172459093642932,0.0027386387067340366,0
1548582,2,0,0.0013026445238804043,0.0027386387067340366,0
1565334,2,0,0.0001599041428968536,0.0027386387067340366,0
1580554,2,0,9.318279694884011e-05,0.0027386387067340366,0
1585567,2,0,0.0013281403815121016,0.0027386387067340366,0
1588954,2,0,0.0019342597177029893,0.0027386387067340366,0
1595217,2,0,0.00039996978242740175,0.0027386387067340366,0
1616462,2,0,0.000410630281714741,0.0027386387067340366,0
1625604,2,0,0.00015794842221686942,0.0027386387067340366,0
1633910,2,0,0.0004800272827255069,0.0027386387067340366,0
1635705,2,0,0.00016334066446448202,0.0027386387067340366,0
1644451,2,0,5.746722792005767e-05,0.0027386387067340366,0
1712624,2,0,0.0009968743796814458,0.0027386387067340366,0
1712641,2,0,0.00011344101647255474,0.0027386387067340366,0
1713063,2,0,0.004649006376772838,0.0027386387067340366,1
1800010,2,0,0.00022943360449098436,0.0027386387067340366,0
1813990,2,0,0.0009593895134546248,0.0027386387067340366,0
1815815,2,0,9.812998760273051e-05,0.0027386387067340366,0
1817983,2,0,0.0013031773223987396,0.0027386387067340366,0
1818132,2,0,0.0002635700447997625,0.0027386387067340366,0
1818173,2,0,0.0016522028155334253,0.0027386387067340366,0
1830536,2,0,0.00036798249731760175,0.0027386387067340366,0
1848820,2,0,0.0023646237686489814,0.0027386387067340366,0
1863615,2,0,0.00041758628205033427,0.0027386387067340366,0
1907373,2,0,0.0061525180132370105,0.0027386387067340366,1
1913502,2,0,0.0005203704504155258,0.0027386387067340366,0
1918453,2,0,0.0003934096269320976,0.0027386387067340366,0
1926759,2,0,0.0003435132853315724,0.0027386387067340366,0
1932841,2,0,0.0005337592545029177,0.0027386387067340366,0
1939378,2,0,0.002433285678438154,0.0027386387067340366,0
1941210,2,0,0.00010099738760734891,0.0027386387067340366,0
1942924,2,0,0.00025341483515175313,0.0027386387067340366,0
1946188,2,0,0.016528979435711192,0.0027386387067340366,1
1970948,2,0,0.00044946166932264284,0.0027386387067340366,0
1972010,2,0,0.00029359223987552604,0.0027386387067340366,0
1973768,2,0,0.0005181844797490628,0.0027386387067340366,0
1976402,2,0,0.00030692780864415877,0.0027386387067340366,0
1984311,2,0,0.0005225550604072303,0.0027386387067340366,0
2019685,2,0,0.00045959694975083337,0.0027386387067340366,0
2036437,2,0,0.0009134230387610962,0.0027386387067340366,0
2051438,2,0,0.003150613781122264,0.0027386387067340366,1
2051863,2,0,0.000236342936326302,0.0027386387067340366,0
2053119,2,0,0.0006141098475012491,0.0027386387067340366,0
2053786,2,0,0.0011063241644967744,0.0027386387067340366,0
2054017,2,0,0.0018516842834943052,0.0027386387067340366,0
2055031,2,0,0.00015761591752798057,0.0027386387067340366,0
2056145,2,0,0.0001641803143407262,0.0027386387067340366,0
2057268,2,0,0.00045445879809635965,0.0027386387067340366,0
2062404,2,0,0.00022159622566277824,0.0027386387067340366,0
2072958,2,0,0.0008243764731020839,0.0027386387067340366,0
2077531,2,0,0.0009609689889833576,0.0027386387067340366,0
2077550,2,0,0.004067900230024341,0.0027386387067340366,1
2077923,2,0,0.004304350344733522,0.0027386387067340366,1
2080432,2,0,0.0007272351477614632,0.0027386387067340366,0
2080570,2,0,0.0011130120623715906,0.0027386387067340366,0
2081465,2,0,0.0017159852782853743,0.0027386387067340366,0
2081470,2,0,0.0005321105449344593,0.0027386387067340366,0
2082104,2,0,0.006427768933955298,0.0027386387067340366,1
2083534,2,0,0.00019723627833363922,0.0027386387067340366,0
2083749,2,0,0.01420960438545457,0.0027386387067340366,1
2085549,2,0,0.0014005204970149857,0.0027386387067340366,0
2090699,2,0,0.0023629753939406538,0.0027386387067340366,0
2090989,2,0,0.0010715874780689058,0.0027386387067340366,0
2092318,2,0,0.003668493529144595,0.0027386387067340366,1
2093858,2,0,0.0007048849942032647,0.0027386387067340366,0
2094003,2,0,0.000536614853585119,0.0027386387067340366,0
2094935,2,0,0.0015749967618242547,0.0027386387067340366,0
2095470,2,0,0.0013372243120790418,0.0027386387067340366,0
2095677,2,0,0.0014900191967489706,0.0027386387067340366,0
2095880,2,0,0.00030795719498282614,0.0027386387067340366,0
2095964,2,0,0.001054581280537843,0.0027386387067340366,0
2099430,2,0,0.0009663760407252719,0.0027386387067340366,0
2099780,2,0,0.0008961526535858286,0.0027386387067340366,0
2099919,2,0,0.0017092911488663428,0.0027386387067340366,0
2100041,2,0,0.0006479150291738587,0.0027386387067340366,0
2100074,2,0,0.0018452959823828962,0.0027386387067340366,0
2100172,2,0,0.002526986936078424,0.0027386387067340366,0
2101672,2,0,9.52642259659821e-05,0.0027386387067340366,0
2103374,2,0,0.00021769093796393928,0.0027386387067340366,0
2105816,2,0,0.002438908772951795,0.0027386387067340366,0
2106547,2,0,0.0009224390702858878,0.0027386387067340366,0
2106784,2,0,0.0006524975119796487,0.0027386387067340366,0
2107455,2,0,0.0004890193006663935,0.0027386387067340366,0
2107577,2,0,0.001157147006150858,0.0027386387067340366,0
2108713,2,0,0.006706696124068158,0.0027386387067340366,1
2108861,2,0,0.0007932434318046301,0.0027386387067340366,0
2110722,2,0,0.00547552878869562,0.0027386387067340366,1
2110952,2,0,0.00021524344403780585,0.0027386387067340366,0
2114488,2,0,0.0003549647741295774,0.0027386387067340366,0
2115719,2,0,0.0018060384004156852,0.0027386387067340366,0
2115888,2,0,0.008112350996574149,0.0027386387067340366,1
2116369,2,0,0.0010141798872781824,0.0027386387067340366,0
2117031,2,0,0.0008093834529967383,0.0027386387067340366,0
2119387,2,0,0.003108726381430498,0.0027386387067340366,1
2121322,2,0,0.0019628069391568258,0.0027386387067340366,0
2122162,2,0,0.004650827277648691,0.0027386387067340366,1
2123297,2,0,0.0005984924324958097,0.0027386387067340366,0
2123447,2,0,0.0002534502159195803,0.0027386387067340366,0
2123624,2,0,0.0013537639668970828,0.0027386387067340366,0
2124488,2,0,0.0020147762944432894,0.0027386387067340366,0
2128421,2,0,0.0005263281636948419,0.0027386387067340366,0
2128632,2,0,0.002258122966179406,0.0027386387067340366,0
2128923,2,0,0.001215031471794124,0.0027386387067340366,0
2130698,2,0,0.0002944871453651906,0.0027386387067340366,0
2131481,2,0,0.0003361651211302252,0.0027386387067340366,0
2133484,2,0,0.0029134318469035076,0.0027386387067340366,1
2133502,2,0,0.00019751700968658134,0.0027386387067340366,0
2133626,2,0,0.0037058111356930356,0.0027386387067340366,1
2135886,2,0,0.018553255719827917,0.0027386387067340366,1
2137806,2,0,0.0003299468529726022,0.0027386387067340366,0
2139595,2,0,0.0004967482501487323,0.0027386387067340366,0
2140730,2,0,0.0007178468598555861,0.0027386387067340366,0
2143385,2,0,0.0003745150491271146,0.0027386387067340366,0
2145346,2,0,0.0002099925349375189,0.0027386387067340366,0
2145484,2,0,0.0008208361814703836,0.0027386387067340366,0
2147582,2,0,0.01218010089344196,0.0027386387067340366,1
2148138,2,0,0.00019332408835760122,0.0027386387067340366,0
2148495,2,0,0.0005310280306969731,0.0027386387067340366,0
2148507,2,0,0.00012249376292854775,0.0027386387067340366,0
2151001,2,0,4.176826344623748e-05,0.0027386387067340366,0
2153220,2,0,0.002357528983203194,0.0027386387067340366,0
2155056,2,0,0.0002645557154721187,0.0027386387067340366,0
2155061,2,0,9.067897652544799e-05,0.0027386387067340366,0
2155097,2,0,8.592625036647267e-05,0.0027386387067340366,0
2155260,2,0,0.0002880099808435866,0.0027386387067340366,0
2155537,2,0,0.00017311810159644536,0.0027386387067340366,0
2155848,2,0,0.00022155018338245166,0.0027386387067340366,0
2156836,2,0,0.0003649057941338637,0.0027386387067340366,0
2157330,2,0,0.008686978810049454,0.0027386387067340366,1
2157366,2,0,0.0021823816272019594,0.0027386387067340366,0
2157678,2,0,0.0017295573815858524,0.0027386387067340366,0
2158928,2,0,0.000887137587127784,0.0027386387067340366,0
2159040,2,0,0.0020950459405395193,0.0027386387067340366,0
2159358,2,0,0.0005975628352470412,0.0027386387067340366,0
2159396,2,0,0.0004834260092714869,0.0027386387067340366,0
2160228,2,0,0.0007378965612487401,0.0027386387067340366,0
2161110,2,0,0.00016903440023562696,0.0027386387067340366,0
2161180,2,0,0.00015548704775308688,0.0027386387067340366,0
2161248,2,0,0.0005702265187009222,0.0027386387067340366,0
2162876,2,0,0.0004341231224302995,0.0027386387067340366,0
2162930,2,0,0.00044691272107403294,0.0027386387067340366,0
2165175,2,0,6.555044735848955e-05,0.0027386387067340366,0
2169094,2,0,0.0003752942611151306,0.0027386387067340366,0
2171051,2,0,0.0013050264866956752,0.0027386387067340366,0
2175572,2,0,7.736207778445614e-05,0.0027386387067340366,0
2178387,2,0,0.00017300774287255086,0.0027386387067340366,0
2178563,2,0,0.000109578327236206,0.0027386387067340366,0
2180478,2,0,0.0014988179200277655,0.0027386387067340366,0
2183582,2,0,0.0002740598593377565,0.0027386387067340366,0
2183617,2,0,8.948234087459749e-05,0.0027386387067340366,0
2183703,2,0,0.00014148275876316882,0.0027386387067340366,0
2185556,2,0,0.00038475043784805084,0.0027386387067340366,0
2190751,2,0,0.0008358229494418422,0.0027386387067340366,0
2191928,2,0,0.0002822645558345042,0.0027386387067340366,0
2193499,2,0,0.0005770288181366457,0.0027386387067340366,0
2194225,2,0,0.0006491011422624462,0.0027386387067340366,0
2195327,2,0,0.000801973793923092,0.0027386387067340366,0
2196101,2,0,0.0004901327184150191,0.0027386387067340366,0
2198533,2,0,0.011350342650855463,0.0027386387067340366,1
2199144,2,0,0.0008048305132418623,0.0027386387067340366,0
2199885,2,0,0.0013997197664118149,0.0027386387067340366,0
2199964,2,0,0.01073719144128645,0.0027386387067340366,1
2200186,2,0,0.00043292818416690136,0.0027386387067340366,0
2201239,2,0,0.0017006951045460518,0.0027386387067340366,0
2201505,2,0,3.2292029915322866e-05,0.0027386387067340366,0
2202302,2,0,0.00011305370482146439,0.0027386387067340366,0
2202721,2,0,0.00017520375161273407,0.0027386387067340366,0
2203298,2,0,0.0006434488973230434,0.0027386387067340366,0
2204632,2,0,0.0014015029009109966,0.0027386387067340366,0
2206404,2,0,0.0003191225511025566,0.0027386387067340366,0
2207085,2,0,0.00033439547120922856,0.0027386387067340366,0
2207174,2,0,0.002588123347941517,0.0027386387067340366,0
2207331,2,0,0.0008996421289756459,0.0027386387067340366,0
2207694,2,0,0.0015787992509327334,0.0027386387067340366,0
2208067,2,0,0.013155863066310175,0.0027386387067340366,1
2209962,2,0,0.0005918731922083478,0.0027386387067340366,0
2211973,2,0,0.0008172426119687275,0.0027386387067340366,0
2211986,2,0,0.00015848570339463796,0.0027386387067340366,0
2212703,2,0,0.005168711295571739,0.0027386387067340366,1
2213836,2,0,0.0017990935675405383,0.0027386387067340366,0
2214213,2,0,0.0007281881497435717,0.0027386387067340366,0
2214286,2,0,0.00124353605706513,0.0027386387067340366,0
2214939,2,0,0.0002929849845075156,0.0027386387067340366,0
2215913,2,0,0.00018802011527357585,0.0027386387067340366,0
2216658,2,0,0.0017484968007529774,0.0027386387067340366,0
2216908,2,0,0.0003664052081266518,0.0027386387067340366,0
2216937,2,0,0.009492820319435193,0.0027386387067340366,1
2218592,2,0,0.00037135525496494924,0.0027386387067340366,0
2218918,2,0,0.0017594248617048877,0.0027386387067340366,0
2218950,2,0,0.0005228594841687116,0.0027386387067340366,0
2218971,2,0,0.0006416317928705141,0.0027386387067340366,0
2219054,2,0,0.002051937288831972,0.0027386387067340366,0
2219483,2,0,0.001664571818146851,0.0027386387067340366,0
2219829,2,0,0.00012433617773727903,0.0027386387067340366,0
2219849,2,0,8.546751508456009e-05,0.0027386387067340366,0
2219867,2,0,0.00034235113410938057,0.0027386387067340366,0
2219871,2,0,0.000499243590829769,0.0027386387067340366,0
2219880,2,0,0.000868080247617884,0.0027386387067340366,0
2220151,2,0,0.00035217027656422943,0.0027386387067340366,0
2220531,2,0,0.0007163369863342665,0.0027386387067340366,0
2221235,2,0,0.0008016119905029662,0.0027386387067340366,0
2221957,2,0,0.001675393121469875,0.0027386387067340366,0
2224078,2,0,0.0005980185051111063,0.0027386387067340366,0
2224095,2,0,0.0004883673417670765,0.0027386387067340366,0
2224327,2,0,9.388954720700518e-05,0.0027386387067340366,0
2225158,2,0,6.016037755670736e-05,0.0027386387067340366,0
2226500,2,0,0.00013488009913683932,0.0027386387067340366,0
2227677,2,0,0.03248964896291789,0.0027386387067340366,1
2227918,2,0,0.0005017935038644003,0.0027386387067340366,0
2229128,2,0,0.00026108381201592033,0.0027386387067340366,0
2231501,2,0,0.0009264046643350872,0.0027386387067340366,0
2231913,2,0,0.0006359261518850141,0.0027386387067340366,0
2232202,2,0,0.005156324334067308,0.0027386387067340366,1
2233093,2,0,0.008347655666136102,0.0027386387067340366,1
2233105,2,0,0.0050041215819619,0.0027386387067340366,1
2233493,2,0,0.0009828063240626245,0.0027386387067340366,0
2233506,2,0,0.00029738849615247104,0.0027386387067340366,0
2234284,2,0,0.004369844241424099,0.0027386387067340366,1
2236768,2,0,0.0001514085644440369,0.0027386387067340366,0
2237189,2,0,0.004219676453636217,0.0027386387067340366,1
2238690,2,0,0.0013211315644889765,0.0027386387067340366,0
2239703,2,0,0.0011726400118716458,0.0027386387067340366,0
2241612,2,0,0.0004850716947829861,0.0027386387067340366,0
2243178,2,0,0.000661252708940692,0.0027386387067340366,0
2244554,2,0,0.0032275984927133696,0.0027386387067340366,1
2249073,2,0,0.00022822250902791496,0.0027386387067340366,0
2258047,2,0,0.0007719633851192767,0.0027386387067340366,0
2260394,2,0,0.00255764091382656,0.0027386387067340366,0
2267413,2,0,0.00019265336300887428,0.0027386387067340366,0
2272688,2,0,0.0014040725505691262,0.0027386387067340366,0
2275401,2,0,0.0010437705162554963,0.0027386387067340366,0
2282572,2,0,0.00040416679813295856,0.0027386387067340366,0
2282924,2,0,0.0011865095777087269,0.0027386387067340366,0
2287439,2,0,0.0014921863771718302,0.0027386387067340366,0
2292764,2,0,0.0005442981339154499,0.0027386387067340366,0
2294288,2,0,0.00030532823076922567,0.0027386387067340366,0
2295665,2,0,0.0008351934888301142,0.0027386387067340366,0
2295886,2,0,0.001060386109580894,0.0027386387067340366,0
2297167,2,0,0.0008816616895839656,0.0027386387067340366,0
2297784,2,0,0.00047335579843764343,0.0027386387067340366,0
2299540,2,0,0.0004286728836804514,0.0027386387067340366,0
2302300,2,0,0.00036666592562673646,0.0027386387067340366,0
2303084,2,0,0.00012688761082437657,0.0027386387067340366,0
2304197,2,0,0.0011958401431913736,0.0027386387067340366,0
2312601,2,0,0.002235466215129233,0.0027386387067340366,0
2319894,2,0,0.0006002521011676779,0.0027386387067340366,0
2325795,2,0,0.0003854412367321654,0.0027386387067340366,0
2329148,2,0,0.003250715009327805,0.0027386387067340366,1
2331539,2,0,0.0011218991952805248,0.0027386387067340366,0
2334898,2,0,0.00136932602707336,0.0027386387067340366,0
2335840,2,0,0.0006316712722796922,0.0027386387067340366,0
2337962,2,0,0.0007821660358244876,0.0027386387067340366,0
2338527,2,0,0.015519291832189058,0.0027386387067340366,1
2343141,2,0,0.0013531306700350935,0.0027386387067340366,0
2345309,2,0,0.007287827750135129,0.0027386387067340366,1
2347707,2,0,0.0017358462481735545,0.0027386387067340366,0
2347973,2,0,0.0017673453087081023,0.0027386387067340366,0
2348667,2,0,0.0004492057054248695,0.0027386387067340366,0
2352148,2,0,0.005768483666009526,0.0027386387067340366,1
2355064,2,0,0.006941496616555126,0.0027386387067340366,1
2357239,2,0,0.00036791491137997133,0.0027386387067340366,0
2357945,2,0,0.0026499778157216443,0.0027386387067340366,0
2361772,2,0,0.0005335792520480746,0.0027386387067340366,0
2361881,2,0,0.000903609011818534,0.0027386387067340366,0
2363238,2,0,0.0001490543724321357,0.0027386387067340366,0
2365088,2,0,0.00015481372231934999,0.0027386387067340366,0
2365802,2,0,0.0011607731907265619,0.0027386387067340366,0
2367049,2,0,0.0001694651154580003,0.0027386387067340366,0
2367131,2,0,0.00016731416428417684,0.0027386387067340366,0
2367254,2,0,0.0010679129728254422,0.0027386387067340366,0
2369083,2,0,0.0004154230723018605,0.0027386387067340366,0
2369751,2,0,0.0012341683107374515,0.0027386387067340366,0
2372914,2,0,0.003015845855200597,0.0027386387067340366,1
2374894,2,0,0.00038587673726323354,0.0027386387067340366,0
2375982,2,0,0.0007172467730497155,0.0027386387067340366,0
2377074,2,0,0.00017144400129381982,0.0027386387067340366,0
2377604,2,0,0.0072771104355225874,0.0027386387067340366,1
2380940,2,0,0.0006771840031702048,0.0027386387067340366,0
2381393,2,0,0.003080799253562159,0.0027386387067340366,1
2383729,2,0,0.0014390565637607093,0.0027386387067340366,0
2384408,2,0,0.0025629899056600325,0.0027386387067340366,0
2386874,2,0,0.0005298327256879725,0.0027386387067340366,0
2388007,2,0,0.003732027017787851,0.0027386387067340366,1
2390538,2,0,0.0009415094497403833,0.0027386387067340366,0
2391674,2,0,0.0008399070145713552,0.0027386387067340366,0
2401385,2,0,0.0001817475191849258,0.0027386387067340366,0
2408679,2,0,0.0006245266491878556,0.0027386387067340366,0
2408764,2,0,0.001230079646618965,0.0027386387067340366,0
2408812,2,0,0.0029085421083421235,0.0027386387067340366,1
2409147,2,0,0.00031026530830217773,0.0027386387067340366,0
2414537,2,0,9.595822741886967e-05,0.0027386387067340366,0
2418894,2,0,3.651947761405326e-05,0.0027386387067340366,0
2420082,2,0,0.0005998943223118036,0.0027386387067340366,0
2421472,2,0,0.004318013814960317,0.0027386387067340366,1
2422303,2,0,0.009733591727987096,0.0027386387067340366,1
2423692,2,0,0.0029117799955714683,0.0027386387067340366,1
2433078,2,0,0.01737855345462818,0.0027386387067340366,1
2435261,2,0,0.0006594175464452082,0.0027386387067340366,0
2436481,2,0,0.0003876076987617901,0.0027386387067340366,0
2439735,2,0,0.0011505704067231825,0.0027386387067340366,0
2491763,2,0,0.0003779559188142305,0.0027386387067340366,0
2496260,2,0,0.00037066743729791596,0.0027386387067340366,0
2497349,2,0,0.002895316744476,0.0027386387067340366,1
2502130,2,0,0.00277808551964467,0.0027386387067340366,1
2514970,2,0,0.00039225317689636796,0.0027386387067340366,0
2524239,2,0,0.0007860855423565062,0.0027386387067340366,0
2524561,2,0,0.0009003709292828272,0.0027386387067340366,0
2525612,2,0,0.004429923477690458,0.0027386387067340366,1
2527259,2,0,0.0005520165399864428,0.0027386387067340366,0
2529074,2,0,0.010628195137486382,0.0027386387067340366,1
2529155,2,0,0.0029084713941476374,0.0027386387067340366,1
2530255,2,0,0.00022219588731922684,0.0027386387067340366,0
2532858,2,0,0.00015927115833062595,0.0027386387067340366,0
2533120,2,0,0.002491130365733327,0.0027386387067340366,0
2536961,2,0,0.00040480342082666504,0.0027386387067340366,0
2539413,2,0,0.00022279205238449863,0.0027386387067340366,0
2540218,2,0,0.0011809588947566511,0.0027386387067340366,0
2542796,2,0,0.0003523848454653392,0.0027386387067340366,0
2544580,2,0,0.0010356906165327638,0.0027386387067340366,0
2545550,2,0,0.00391468920010672,0.0027386387067340366,1
2546259,2,0,0.02307274933752045,0.0027386387067340366,1
2548680,2,0,0.0031573386422976794,0.0027386387067340366,1
2553545,2,0,0.002453851190332225,0.0027386387067340366,0
2558417,2,0,0.0022085621673496895,0.0027386387067340366,0
2559959,2,0,0.0014828192486166364,0.0027386387067340366,0
2560947,2,0,0.0016305579984492358,0.0027386387067340366,0
2564633,2,0,0.0004671003890820245,0.0027386387067340366,0
2564678,2,0,0.0006074996531357288,0.0027386387067340366,0
2565061,2,0,0.00028795892522160977,0.0027386387067340366,0
2565734,2,0,0.0011129972545937418,0.0027386387067340366,0
2567609,2,0,0.003265699973111111,0.0027386387067340366,1
2568959,2,0,0.001315572367569698,0.0027386387067340366,0
2568989,2,0,0.0011366245220691693,0.0027386387067340366,0
2569157,2,0,0.002408449329338337,0.0027386387067340366,0
2571615,2,0,0.007760075810712315,0.0027386387067340366,1
2574284,2,0,0.0035620361954342983,0.0027386387067340366,1
2575700,2,0,0.0001730357003176304,0.0027386387067340366,0
2576479,2,0,0.0005387321512370735,0.0027386387067340366,0
2576894,2,0,0.0038874371974091607,0.0027386387067340366,1
2577595,2,0,0.00038145073241068817,0.0027386387067340366,0
2579270,2,0,0.0009108162555007857,0.0027386387067340366,0
2583148,2,0,0.001152069248761064,0.0027386387067340366,0
2585702,2,0,0.00022386341596943585,0.0027386387067340366,0
2587038,2,0,0.00018418205117926636,0.0027386387067340366,0
2587357,2,0,0.00637901810591652,0.0027386387067340366,1
2589163,2,0,0.00026701074838735863,0.0027386387067340366,0
2596605,2,0,0.004101356144581291,0.0027386387067340366,1
2601786,2,0,0.0018990181296231349,0.0027386387067340366,0
2608676,2,0,0.002483187184860476,0.0027386387067340366,0
2610226,2,0,0.0008517156418372928,0.0027386387067340366,0
2610246,2,0,0.0014638455395730731,0.0027386387067340366,0
2611539,2,0,0.0002461553677210813,0.0027386387067340366,0
2612967,2,0,0.00025506380749975666,0.0027386387067340366,0
2620923,2,0,0.0007445208762804001,0.0027386387067340366,0
2621219,2,0,0.000785567442341078,0.0027386387067340366,0
2630094,2,0,0.00035104903474384477,0.0027386387067340366,0
2631946,2,0,0.0005209474501081282,0.0027386387067340366,0
2649814,2,0,0.0014806559985835138,0.0027386387067340366,0
2668356,2,0,0.0013202952084631569,0.0027386387067340366,0
2669548,2,0,0.000237846967110945,0.0027386387067340366,0
2669725,2,0,0.00019187568139399837,0.0027386387067340366,0
2672846,2,0,0.007058236264068242,0.0027386387067340366,1
2676383,2,0,0.00037264477277172806,0.0027386387067340366,0
2676414,2,0,0.0024790691505797552,0.0027386387067340366,0
2698196,2,0,0.00012347902919947808,0.0027386387067340366,0
2715890,2,0,0.0005531544299700289,0.0027386387067340366,0
2741379,2,0,0.00034226200564826324,0.0027386387067340366,0
2770910,2,0,0.0003321179726656342,0.0027386387067340366,0
2771105,2,0,0.0010209964950276412,0.0027386387067340366,0
2772052,2,0,0.0004453606756443039,0.0027386387067340366,0
2780702,2,0,0.000269969546039115,0.0027386387067340366,0
2788101,2,0,0.001715337266529723,0.0027386387067340366,0
2789306,2,0,0.00022844173617740974,0.0027386387067340366,0
2789307,2,0,0.000307485640589222,0.0027386387067340366,0
2793381,2,0,0.0011588916271175387,0.0027386387067340366,0
2830439,2,0,0.0004577307735722337,0.0027386387067340366,0
2831176,2,0,0.0003095669260171575,0.0027386387067340366,0
2834471,2,0,0.0005333781306039157,0.0027386387067340366,0
2834763,2,0,0.011267913623250416,0.0027386387067340366,1
2835393,2,0,0.00364695959666292,0.0027386387067340366,1
2836123,2,0,0.0002536615551333585,0.0027386387067340366,0
2837744,2,0,0.004308109099367181,0.0027386387067340366,1
2838941,2,0,0.00027690148601893297,0.0027386387067340366,0
2839830,2,0,0.0004466413798409985,0.0027386387067340366,0
2841867,2,0,0.0011087666702686322,0.0027386387067340366,0
2842451,2,0,0.00022504561081283003,0.0027386387067340366,0
2842765,2,0,0.0005814991715856313,0.0027386387067340366,0
2843129,2,0,0.000458245940882627,0.0027386387067340366,0
2843306,2,0,0.0001820825544918514,0.0027386387067340366,0
2846100,2,0,0.0004710040163735577,0.0027386387067340366,0
2846938,2,0,7.112513569393805e-05,0.0027386387067340366,0
2847306,2,0,0.0006743743044529403,0.0027386387067340366,0
2848158,2,0,0.00024930786175931765,0.0027386387067340366,0
2848708,2,0,0.0013982180534873716,0.0027386387067340366,0
2848909,2,0,0.00014627838839811994,0.0027386387067340366,0
2852753,2,0,0.0008025119928021501,0.0027386387067340366,0
2853115,2,0,0.0014287028750508235,0.0027386387067340366,0
2853413,2,0,0.0003858531181490893,0.0027386387067340366,0
2854444,2,0,0.00024117863713897346,0.0027386387067340366,0
2859186,2,0,0.0005151604451029606,0.0027386387067340366,0
2860266,2,0,0.0003267548467242314,0.0027386387067340366,0
2862126,2,0,0.0011755766345450244,0.0027386387067340366,0
2863583,2,0,0.0008218742919219675,0.0027386387067340366,0
2865233,2,0,0.001087591070259763,0.0027386387067340366,0
2866167,2,0,0.0001635148050200618,0.0027386387067340366,0
2866963,2,0,0.0001673415009165902,0.0027386387067340366,0
2872840,2,0,0.00041508396703030626,0.0027386387067340366,0
2873224,2,0,0.008153277836089164,0.0027386387067340366,1
2874280,2,0,0.0021873061326186704,0.0027386387067340366,0
2874327,2,0,0.00020595467805008052,0.0027386387067340366,0
2875653,2,0,0.0008494080337151375,0.0027386387067340366,0
2876018,2,0,0.0013241036103484856,0.0027386387067340366,0
2878682,2,0,0.0007396773602572097,0.0027386387067340366,0
2878765,2,0,0.003229151845571083,0.0027386387067340366,1
2881968,2,0,0.0006350527172737311,0.0027386387067340366,0
2882073,2,0,0.0002093431332838211,0.0027386387067340366,0
2882431,2,0,0.0011224153745695708,0.0027386387067340366,0
2882535,2,0,0.0007821393115205901,0.0027386387067340366,0
2883514,2,0,0.0074908263107677075,0.0027386387067340366,1
2883729,2,0,0.0010272820831039805,0.0027386387067340366,0
2883761,2,0,0.0015190421794575165,0.0027386387067340366,0
2885920,2,0,0.0004882996824733026,0.0027386387067340366,0
2886310,2,0,0.0002710892473508063,0.0027386387067340366,0
2890938,2,0,0.0002800749118690852,0.0027386387067340366,0
2891038,2,0,0.0008376992259373276,0.0027386387067340366,0
2894525,2,0,0.0035658902016787943,0.0027386387067340366,1
2896277,2,0,0.0006690475954177286,0.0027386387067340366,0
2898205,2,0,0.000874947353753719,0.0027386387067340366,0
2898604,2,0,0.0005974523997781597,0.0027386387067340366,0
2899875,2,0,0.0016134572867607302,0.0027386387067340366,0
2900793,2,0,5.4282093369515075e-05,0.0027386387067340366,0
2901203,2,0,0.0006971190649153118,0.0027386387067340366,0
2905222,2,0,0.00042017946537307635,0.0027386387067340366,0
2906356,2,0,0.0001286513112151388,0.0027386387067340366,0
2906540,2,0,0.0002506032164542829,0.0027386387067340366,0
2908475,2,0,0.002685972413275352,0.0027386387067340366,0
2909919,2,0,0.00034599247050796645,0.0027386387067340366,0
2911661,2,0,0.000194514486724549,0.0027386387067340366,0
2911778,2,0,0.00019186797190522516,0.0027386387067340366,0
2913058,2,0,0.00023508998682256064,0.0027386387067340366,0
2913839,2,0,0.00038011217819756613,0.0027386387067340366,0
2914074,2,0,0.003110176803117278,0.0027386387067340366,1
2915609,2,0,6.33318958162096e-05,0.0027386387067340366,0
2915830,2,0,0.0005012841491246138,0.0027386387067340366,0
2915918,2,0,0.0004769887723039297,0.0027386387067340366,0
2917288,2,0,0.00027281867711586287,0.0027386387067340366,0
2917341,2,0,0.000548347696268623,0.0027386387067340366,0
2917457,2,0,0.0029699462161174995,0.0027386387067340366,1
2918701,2,0,0.0003207203440122826,0.0027386387067340366,0
2919185,2,0,0.003876198654046734,0.0027386387067340366,1
2919458,2,0,0.0009898132595730642,0.0027386387067340366,0
2921219,2,0,0.0007034230944956032,0.0027386387067340366,0
2921253,2,0,0.003817709780811809,0.0027386387067340366,1
2922157,2,0,0.001021225656322333,0.0027386387067340366,0
2922831,2,0,0.0005598067760843273,0.0027386387067340366,0
2925676,2,0,0.00013268806188867967,0.0027386387067340366,0
2926565,2,0,0.0010279252476707466,0.0027386387067340366,0
2926611,2,0,0.0003195590813260218,0.0027386387067340366,0
2927276,2,0,0.0006015347573285881,0.0027386387067340366,0
2927717,2,0,0.0019512899085188421,0.0027386387067340366,0
2928061,2,0,0.0007641473003897241,0.0027386387067340366,0
2928528,2,0,0.0005158639740252048,0.0027386387067340366,0
2930688,2,0,9.808606398229968e-05,0.0027386387067340366,0
2930827,2,0,0.0005489125410027324,0.0027386387067340366,0
2931168,2,0,0.0002332466422854667,0.0027386387067340366,0
2931390,2,0,0.0001802155676421888,0.0027386387067340366,0
2931447,2,0,0.0009717160739828379,0.0027386387067340366,0
2932043,2,0,0.0024073670485323857,0.0027386387067340366,0
2932795,2,0,0.0005049880411213251,0.0027386387067340366,0
2932916,2,0,0.0004534627263454248,0.0027386387067340366,0
2933177,2,0,0.0003581094064800809,0.0027386387067340366,0
2933365,2,0,0.0012367145137319277,0.0027386387067340366,0
2936883,2,0,0.00019383071345704234,0.0027386387067340366,0
2937638,2,0,0.0007253061714206463,0.0027386387067340366,0
2937741,2,0,0.0012456696327997289,0.0027386387067340366,0
2937826,2,0,0.00012443924943407323,0.0027386387067340366,0
2938022,2,0,0.004184632912356084,0.0027386387067340366,1
2938079,2,0,0.0006623059480316498,0.0027386387067340366,0
2938119,2,0,0.0006474526759003423,0.0027386387067340366,0
2939248,2,0,0.0002829504074052893,0.0027386387067340366,0
2939591,2,0,0.0006485585817136387,0.0027386387067340366,0
2939857,2,0,0.00014909409277440432,0.0027386387067340366,0
2940850,2,0,0.00010871330792403775,0.0027386387067340366,0
2941178,2,0,4.88640598908572e-05,0.0027386387067340366,0
2941336,2,0,0.0005620969025144444,0.0027386387067340366,0
2941851,2,0,0.0008526216755269813,0.0027386387067340366,0
2941876,2,0,0.0002522819666802811,0.0027386387067340366,0
2942280,2,0,0.00010566940095429756,0.0027386387067340366,0
2943525,2,0,0.0012801343342644326,0.0027386387067340366,0
2944395,2,0,0.0015325220510597932,0.0027386387067340366,0
2944910,2,0,0.00230691397434185,0.0027386387067340366,0
2945472,2,0,0.0006285510285835042,0.0027386387067340366,0
2945487,2,0,0.003077841421584283,0.0027386387067340366,1
2945777,2,0,0.000201886663038821,0.0027386387067340366,0
2946377,2,0,0.00022906321258409104,0.0027386387067340366,0
2946664,2,0,0.001042915290953507,0.0027386387067340366,0
2947006,2,0,0.007378465426101048,0.0027386387067340366,1
2947484,2,0,0.0012888583000149074,0.0027386387067340366,0
2947593,2,0,0.0012493793870177218,0.0027386387067340366,0
2947611,2,0,0.0007372658310835602,0.0027386387067340366,0
2947761,2,0,0.0009093863667640277,0.0027386387067340366,0
2947994,2,0,0.0024945842448378403,0.0027386387067340366,0
2948240,2,0,0.0007522585721514996,0.0027386387067340366,0
2948439,2,0,0.0002245382580109644,0.0027386387067340366,0
2948635,2,0,0.00040134554951810284,0.0027386387067340366,0
2948917,2,0,0.003286417792219645,0.0027386387067340366,1
2948955,2,0,0.0015576561666990208,0.0027386387067340366,0
2949756,2,0,5.691378549227286e-05,0.0027386387067340366,0
2950074,2,0,0.000380998110755859,0.0027386387067340366,0
2950220,2,0,0.0004710714240456589,0.0027386387067340366,0
2950485,2,0,0.00013597689752329394,0.0027386387067340366,0
2951204,2,0,0.000596177414816861,0.0027386387067340366,0
2951746,2,0,0.0001939719548617612,0.0027386387067340366,0
2952316,2,0,0.0005116782711906347,0.0027386387067340366,0
2952938,2,0,0.002803342258585096,0.0027386387067340366,1
2953248,2,0,0.00010348034598419226,0.0027386387067340366,0
2953421,2,0,0.001788384869570691,0.0027386387067340366,0
2953635,2,0,0.0006374502666860692,0.0027386387067340366,0
2953683,2,0,0.0010441715343980497,0.0027386387067340366,0
2954721,2,0,0.0003093416617280914,0.0027386387067340366,0
2954950,2,0,0.0005623334713831414,0.0027386387067340366,0
2955233,2,0,0.0006573786431515521,0.0027386387067340366,0
2957605,2,0,0.00014202737850608018,0.0027386387067340366,0
2957869,2,0,0.0017739767995415495,0.0027386387067340366,0
2958111,2,0,0.0016201218474379757,0.0027386387067340366,0
2958370,2,0,0.0004720158366264079,0.0027386387067340366,0
2958428,2,0,0.0011530616465149942,0.0027386387067340366,0
2958730,2,0,0.00011756828617411504,0.0027386387067340366,0
2958945,2,0,0.007828355519270443,0.0027386387067340366,1
2959860,2,0,9.813559808863743e-05,0.0027386387067340366,0
2960921,2,0,0.002183700115910557,0.0027386387067340366,0
2961307,2,0,0.00022824880899114077,0.0027386387067340366,0
2961532,2,0,0.0004897108092250156,0.0027386387067340366,0
2961671,2,0,0.00038046307328713715,0.0027386387067340366,0
2961755,2,0,0.0015806289171005528,0.0027386387067340366,0
2961792,2,0,0.0003143945248969568,0.0027386387067340366,0
2962048,2,0,0.0004780396620894936,0.0027386387067340366,0
2962059,2,0,0.00033936753292175504,0.0027386387067340366,0
2963176,2,0,0.000696191723594411,0.0027386387067340366,0
2963439,2,0,0.0013666666672741208,0.0027386387067340366,0
2963985,2,0,0.0005309757420478629,0.0027386387067340366,0
2964203,2,0,0.00036069955659662146,0.0027386387067340366,0
2964408,2,0,0.00025046242928464474,0.0027386387067340366,0
2964739,2,0,0.0003780005264187386,0.0027386387067340366,0
2964768,2,0,0.00695161395075106,0.0027386387067340366,1
2964923,2,0,0.000793360867283315,0.0027386387067340366,0
2965119,2,0,8.145275185184316e-05,0.0027386387067340366,0
2965121,2,0,0.0001564616481226496,0.0027386387067340366,0
2965128,2,0,0.0003259238237735013,0.0027386387067340366,0
2966154,2,0,0.0019436159881235822,0.0027386387067340366,0
2966579,2,0,0.0003656292304788056,0.0027386387067340366,0
2966777,2,0,0.00016703149692786522,0.0027386387067340366,0
2966874,2,0,0.0004123899626945147,0.0027386387067340366,0
2967064,2,0,0.00044626179931361854,0.0027386387067340366,0
2967179,2,0,0.00019340633797768734,0.0027386387067340366,0
2967353,2,0,5.352093304632658e-05,0.0027386387067340366,0
2967513,2,0,0.0007663595858100117,0.0027386387067340366,0
2968952,2,0,0.00012149742617156935,0.0027386387067340366,0
2969174,2,0,0.012277353092690001,0.0027386387067340366,1
2969325,2,0,0.0005390237817036094,0.0027386387067340366,0
2969589,2,0,0.00013994861568375765,0.0027386387067340366,0
2969940,2,0,0.0015654038019203725,0.0027386387067340366,0
2970630,2,0,0.0006289888104772221,0.0027386387067340366,0
2970789,2,0,0.002098765695203991,0.0027386387067340366,0
2971043,2,0,0.001180072229486577,0.0027386387067340366,0
2971216,2,0,0.001000579923169489,0.0027386387067340366,0
2972834,2,0,0.00017539039251811988,0.0027386387067340366,0
2973294,2,0,0.01273374085871452,0.0027386387067340366,1
2973461,2,0,0.00030811277299982277,0.0027386387067340366,0
2973470,2,0,0.001222890237286912,0.0027386387067340366,0
2974986,2,0,0.00031305106954688405,0.0027386387067340366,0
2975212,2,0,0.0013895098164383585,0.0027386387067340366,0
2975605,2,0,0.005270031083689472,0.0027386387067340366,1
2976147,2,0,0.000771304538379846,0.0027386387067340366,0
2977229,2,0,0.0008795867777342337,0.0027386387067340366,0
2977388,2,0,0.0010781048880236436,0.0027386387067340366,0
2978346,2,0,0.0006106474291274511,0.0027386387067340366,0
2978384,2,0,0.000343757430458666,0.0027386387067340366,0
2978407,2,0,0.0002926951407642295,0.0027386387067340366,0
2979714,2,0,0.0012090838000533564,0.0027386387067340366,0
2980592,2,0,0.00047696575068330603,0.0027386387067340366,0
2981561,2,0,0.00016216677336181913,0.0027386387067340366,0
2981941,2,0,0.0002806898818938822,0.0027386387067340366,0
2982527,2,0,0.00011527193947067191,0.0027386387067340366,0
2982548,2,0,8.725525250751281e-05,0.0027386387067340366,0
2982568,2,0,0.002172052123694644,0.0027386387067340366,0
2982879,2,0,0.001044025838864264,0.0027386387067340366,0
2983143,2,0,0.0019598339407588708,0.0027386387067340366,0
2987290,2,0,0.00043911963700288097,0.0027386387067340366,0
2989855,2,0,0.0020679076743414858,0.0027386387067340366,0
2990297,2,0,0.0001273725692974664,0.0027386387067340366,0
2996975,2,0,9.927403725494141e-05,0.0027386387067340366,0
2997027,2,0,0.001682527090605582,0.0027386387067340366,0
2997176,2,0,0.0027455002355249417,0.0027386387067340366,1
2997221,2,0,0.0018422606321696622,0.0027386387067340366,0
2997543,2,0,0.0004998498938779963,0.0027386387067340366,0
2997545,2,0,0.0012541678352905494,0.0027386387067340366,0
2997584,2,0,0.00021059898106420743,0.0027386387067340366,0
2997590,2,0,0.0007587180559188236,0.0027386387067340366,0
2997602,2,0,0.00025795305025637486,0.0027386387067340366,0
2997609,2,0,0.0009399788337354728,0.0027386387067340366,0
2997688,2,0,0.010095070752825818,0.0027386387067340366,1
2997710,2,0,0.007672051456489072,0.0027386387067340366,1
2997777,2,0,0.000173846049951506,0.0027386387067340366,0
2997808,2,0,0.0003196422662181526,0.0027386387067340366,0
2997810,2,0,0.00045275038053869406,0.0027386387067340366,0
2997844,2,0,0.0012118748802260788,0.0027386387067340366,0
2997853,2,0,0.001218385764356793,0.0027386387067340366,0
2997864,2,0,0.00010768753625201594,0.0027386387067340366,0
2997890,2,0,0.003146257018570295,0.0027386387067340366,1
2997928,2,0,0.00017285476115963622,0.0027386387067340366,0
2997935,2,0,0.001007853265682411,0.0027386387067340366,0
2997963,2,0,0.002312066037878864,0.0027386387067340366,0
2997984,2,0,0.00013929321214917157,0.0027386387067340366,0
2998006,2,0,0.0002558199383336395,0.0027386387067340366,0
2998032,2,0,0.0004783779239393623,0.0027386387067340366,0
2998048,2,0,0.00012002935771208379,0.0027386387067340366,0
2998099,2,0,0.0011861211938450518,0.0027386387067340366,0
2998164,2,0,0.0006586740765334284,0.0027386387067340366,0
2998198,2,0,0.0008278554685456288,0.0027386387067340366,0
2998204,2,0,0.004079670288731714,0.0027386387067340366,1
2998211,2,0,0.000548343253443212,0.0027386387067340366,0
2998233,2,0,0.0002564434646419126,0.0027386387067340366,0
2998241,2,0,0.00039126773428666537,0.0027386387067340366,0
2998259,2,0,0.002046120974014536,0.0027386387067340366,0
2998314,2,0,0.00021011680716292655,0.0027386387067340366,0
2998322,2,0,0.0006543416765760218,0.0027386387067340366,0
2998331,2,0,0.0016809707292949998,0.0027386387067340366,0
2998363,2,0,0.001586894469429529,0.0027386387067340366,0
2998445,2,0,0.0007726999614687527,0.0027386387067340366,0
2998468,2,0,0.0009902035577856406,0.0027386387067340366,0
2998476,2,0,0.003847434780280181,0.0027386387067340366,1
2998497,2,0,0.006249107035249596,0.0027386387067340366,1
2998520,2,0,0.00046328529309923035,0.0027386387067340366,0
2998542,2,0,0.0002806241804792677,0.0027386387067340366,0
2998555,2,0,0.0004940924124897345,0.0027386387067340366,0
2998578,2,0,0.0016644603058584707,0.0027386387067340366,0
2998590,2,0,0.0004443022097223312,0.0027386387067340366,0
2998596,2,0,0.0005467773957607376,0.0027386387067340366,0
2998632,2,0,0.0004473592788539628,0.0027386387067340366,0
2998641,2,0,0.021528222115095936,0.0027386387067340366,1
2998646,2,0,0.00022779036408227557,0.0027386387067340366,0
2998654,2,0,0.00021025009183654533,0.0027386387067340366,0
2998662,2,0,0.0007964480135911554,0.0027386387067340366,0
2998690,2,0,0.0001609039107033775,0.0027386387067340366,0
2998702,2,0,0.00025522206463666325,0.0027386387067340366,0
2998717,2,0,0.001564252427750209,0.0027386387067340366,0
2998718,2,0,0.00014752078200223561,0.0027386387067340366,0
2998727,2,0,0.003962756901479855,0.0027386387067340366,1
2998761,2,0,0.00021360126450493624,0.0027386387067340366,0
2998769,2,0,0.0006115927598026217,0.0027386387067340366,0
2998776,2,0,0.0013787887253394104,0.0027386387067340366,0
2998790,2,0,0.010656054944598084,0.0027386387067340366,1
2998816,2,0,0.00015139236183448976,0.0027386387067340366,0
2998820,2,0,0.0001906781754760322,0.0027386387067340366,0
2998867,2,0,0.0004677037515996862,0.0027386387067340366,0
2998881,2,0,0.002079645181129203,0.0027386387067340366,0
2998982,2,0,8.806689962426658e-05,0.0027386387067340366,0
2998992,2,0,0.0012747149109185705,0.0027386387067340366,0
2999067,2,0,0.0004587538057801675,0.0027386387067340366,0
2999110,2,0,0.0010035324269172187,0.0027386387067340366,0
2999122,2,0,0.0003071816281208754,0.0027386387067340366,0
2999123,2,0,0.00031123354082067276,0.0027386387067340366,0
2999274,2,0,0.0041352416967828974,0.0027386387067340366,1
2999289,2,0,0.0010656806913785745,0.0027386387067340366,0
2999309,2,0,0.0013153072464857042,0.0027386387067340366,0
2999373,2,0,0.0004009132377036879,0.0027386387067340366,0
2999402,2,0,0.00016188269413677808,0.0027386387067340366,0
2999430,2,0,0.004357196044223319,0.0027386387067340366,1
2999463,2,0,0.0018954782537871692,0.0027386387067340366,0
2999507,2,0,0.0009295511463316183,0.0027386387067340366,0
2999530,2,0,9.188186425247918e-05,0.0027386387067340366,0
2999535,2,0,0.0010761743506031488,0.0027386387067340366,0
2999586,2,0,0.0007992742964844196,0.0027386387067340366,0
2999623,2,0,0.0012144813197554605,0.0027386387067340366,0
2999713,2,0,0.001251918287422784,0.0027386387067340366,0
2999721,2,0,0.005088226495408754,0.0027386387067340366,1
2999788,2,0,0.001057095972553347,0.0027386387067340366,0
2999808,2,0,0.00018261698557218926,0.0027386387067340366,0
2999834,2,0,0.0004819489254017045,0.0027386387067340366,0
2999837,2,0,0.0012556553800475295,0.0027386387067340366,0
2999842,2,0,0.0022091706764141034,0.0027386387067340366,0
2999858,2,0,0.0012547783319192696,0.0027386387067340366,0
2999875,2,0,8.357358325830794e-05,0.0027386387067340366,0
2999884,2,0,0.00020660407939490373,0.0027386387067340366,0
2999907,2,0,0.00011870320085821163,0.0027386387067340366,0
2999934,2,0,0.0009030935670825256,0.0027386387067340366,0
2999973,2,0,0.00043283621499565347,0.0027386387067340366,0
2999984,2,0,0.0008042018809696163,0.0027386387067340366,0
2999993,2,0,0.001263628265733646,0.0027386387067340366,0
3000016,2,0,0.002627502795832993,0.0027386387067340366,0
3000018,2,0,0.0005594522481967324,0.0027386387067340366,0
3000039,2,0,0.0036863372791165958,0.0027386387067340366,1
3000107,2,0,0.0006162832337748219,0.0027386387067340366,0
3000161,2,0,0.0005826995163099379,0.0027386387067340366,0
3000180,2,0,0.0007408955556504217,0.0027386387067340366,0
3000188,2,0,0.001021198977925799,0.0027386387067340366,0
3107523,2,0,0.0006223352919873788,0.0027386387067340366,0
3113706,2,0,0.0021548923209166355,0.0027386387067340366,0
3117097,2,0,0.0001358562540290866,0.0027386387067340366,0
3119974,2,0,0.00012758753874418034,0.0027386387067340366,0
3122167,2,0,0.000952749678688624,0.0027386387067340366,0
3126541,2,0,0.00023392863925387938,0.0027386387067340366,0
3128166,2,0,0.0006728872554881204,0.0027386387067340366,0
3129754,2,0,0.001433434529010275,0.0027386387067340366,0
3142721,2,0,0.0007941464600607537,0.0027386387067340366,0
3147955,2,0,0.0004565261843505147,0.0027386387067340366,0
3149582,2,0,0.00022794279580941256,0.0027386387067340366,0
3151250,2,0,0.00010153937990293472,0.0027386387067340366,0
3151326,2,0,0.0005404339349237961,0.0027386387067340366,0
3154281,2,0,0.00018043705358041997,0.0027386387067340366,0
3159104,2,0,0.013998532202491216,0.0027386387067340366,1
3163751,2,0,0.0004149764719791177,0.0027386387067340366,0
3163768,2,0,0.0005520080219098097,0.0027386387067340366,0
3235601,2,0,0.0012451806066738718,0.0027386387067340366,0
3235623,2,0,0.0005339265641043569,0.0027386387067340366,0
3235650,2,0,0.0005928741098141216,0.0027386387067340366,0
3235680,2,0,0.001922502137597919,0.0027386387067340366,0
3235709,2,0,0.0005773440370207382,0.0027386387067340366,0
3235753,2,0,0.0003978347112641348,0.0027386387067340366,0
3235758,2,0,0.0017271800668698161,0.0027386387067340366,0
3235847,2,0,0.0003754293431455135,0.0027386387067340366,0
3235871,2,0,0.00038552636825835086,0.0027386387067340366,0
3235879,2,0,0.0009560757068620823,0.0027386387067340366,0
3235905,2,0,0.00010482567032245302,0.0027386387067340366,0
3235949,2,0,0.0004934775422492325,0.0027386387067340366,0
3235968,2,0,0.00012867100890978823,0.0027386387067340366,0
3235985,2,0,0.00025098638291904594,0.0027386387067340366,0
3235988,2,0,0.0007591825031747789,0.0027386387067340366,0
3235994,2,0,0.0021181713193263647,0.0027386387067340366,0
3236021,2,0,0.00041930459654655354,0.0027386387067340366,0
3236050,2,0,0.00027627205488380365,0.0027386387067340366,0
3236087,2,0,0.0005044862971841521,0.0027386387067340366,0
3236169,2,0,0.0003785447046267416,0.0027386387067340366,0
3236186,2,0,0.0032180283834505534,0.0027386387067340366,1
3236257,2,0,0.0011335463946757147,0.0027386387067340366,0
3236262,2,0,0.0006864017484361388,0.0027386387067340366,0
3236317,2,0,0.0013089503464773639,0.0027386387067340366,0
3236349,2,0,0.024411394805264122,0.0027386387067340366,1
3236364,2,0,0.0003811702804722641,0.0027386387067340366,0
3236369,2,0,0.001366734401401342,0.0027386387067340366,0
3236386,2,0,0.00020339681240386207,0.0027386387067340366,0
3236392,2,0,0.00344964392052531,0.0027386387067340366,1
3236453,2,0,0.0024355749314730777,0.0027386387067340366,0
3236465,2,0,0.0006632002085924844,0.0027386387067340366,0
3236501,2,0,0.009541634592742458,0.0027386387067340366,1
3236504,2,0,0.000462662412183904,0.0027386387067340366,0
3236508,2,0,0.0010378602778217424,0.0027386387067340366,0
3236510,2,0,9.012073484748501e-05,0.0027386387067340366,0
3236535,2,0,0.000302529296844924,0.0027386387067340366,0
3236568,2,0,0.0013279451695937042,0.0027386387067340366,0
3236569,2,0,0.0004113043025991272,0.0027386387067340366,0
3236580,2,0,0.0012881871835594863,0.0027386387067340366,0
3236603,2,0,0.001004554128410638,0.0027386387067340366,0
3236671,2,0,0.0018314672814953629,0.0027386387067340366,0
3236698,2,0,0.0005819134080634769,0.0027386387067340366,0
3236736,2,0,0.0013317653228192227,0.0027386387067340366,0
3236737,2,0,0.0005835453771409393,0.0027386387067340366,0
3236746,2,0,0.00038035029243189825,0.0027386387067340366,0
3236800,2,0,5.978130308380499e-05,0.0027386387067340366,0
3236804,2,0,0.00025811177661635157,0.0027386387067340366,0
3236805,2,0,0.0017774229679560526,0.0027386387067340366,0
3236840,2,0,0.0011388343294031777,0.0027386387067340366,0
3236894,2,0,0.008909696492289591,0.0027386387067340366,1
3236922,2,0,0.00017486781543522183,0.0027386387067340366,0
3236935,2,0,0.003299436514558399,0.0027386387067340366,1
3236946,2,0,0.0007363330239494375,0.0027386387067340366,0
3236974,2,0,0.00029744803713202365,0.0027386387067340366,0
3236989,2,0,0.001404023771686972,0.0027386387067340366,0
3237010,2,0,0.004347910241998812,0.0027386387067340366,1
3237017,2,0,0.0003542086060154969,0.0027386387067340366,0
3237035,2,0,0.0015618860793547846,0.0027386387067340366,0
3237041,2,0,0.0013747109377363052,0.0027386387067340366,0
3237107,2,0,0.0001134126452550439,0.0027386387067340366,0
3237152,2,0,0.00021064796698942755,0.0027386387067340366,0
3237157,2,0,0.0011650325968983989,0.0027386387067340366,0
3237160,2,0,0.03361797924605098,0.0027386387067340366,1
3237184,2,0,0.14759734828187207,0.0027386387067340366,1
3237201,2,0,0.0004160279459018581,0.0027386387067340366,0
3237207,2,0,0.0002668606658233834,0.0027386387067340366,0
3237217,2,0,0.0002106452538499393,0.0027386387067340366,0
3237237,2,0,0.0005575812918342298,0.0027386387067340366,0
3237272,2,0,8.724401276957378e-05,0.0027386387067340366,0
3237279,2,0,0.00012854529728894223,0.0027386387067340366,0
3237290,2,0,0.00021187028375343827,0.0027386387067340366,0
3237333,2,0,0.0008202458378973513,0.0027386387067340366,0
3237342,2,0,0.0005357892603494173,0.0027386387067340366,0
3237350,2,0,0.00033542306995121426,0.0027386387067340366,0
3237352,2,0,0.0001843472136359341,0.0027386387067340366,0
3237414,2,0,0.000588014302379514,0.0027386387067340366,0
3237451,2,0,8.620606144251487e-05,0.0027386387067340366,0
3237458,2,0,0.00017829781772724746,0.0027386387067340366,0
3237468,2,0,0.0015463351084829533,0.0027386387067340366,0
3237486,2,0,0.0003016892155313461,0.0027386387067340366,0
3237493,2,0,0.0020252373612257117,0.0027386387067340366,0
3237525,2,0,0.0035660272548017425,0.0027386387067340366,1
3237548,2,0,0.001833755888911296,0.0027386387067340366,0
3237574,2,0,0.0001738490843018325,0.0027386387067340366,0
3237575,2,0,0.0016817973851300661,0.0027386387067340366,0
3237587,2,0,0.0006066040276352056,0.0027386387067340366,0
3237611,2,0,0.00011573621324995126,0.0027386387067340366,0
3237642,2,0,0.001176028208505339,0.0027386387067340366,0
3237644,2,0,0.07869729670879898,0.0027386387067340366,1
3237646,2,0,0.0014198613079144198,0.0027386387067340366,0
3237672,2,0,6.471431389194083e-05,0.0027386387067340366,0
3237676,2,0,0.00017972901782089396,0.0027386387067340366,0
3237690,2,0,0.0029616649678412075,0.0027386387067340366,1
3237725,2,0,0.01457864635224176,0.0027386387067340366,1
3237784,2,0,0.06064394468987007,0.0027386387067340366,1
3237837,2,0,0.0003656332219430676,0.0027386387067340366,0
3237843,2,0,0.00013532798596285078,0.0027386387067340366,0
3237902,2,0,0.00441017846540635,0.0027386387067340366,1
3237917,2,0,0.0007906314300039629,0.0027386387067340366,0
3237919,2,0,0.003601073185260271,0.0027386387067340366,1
3237932,2,0,0.001368469018976499,0.0027386387067340366,0
3237935,2,0,0.0017773119947548858,0.0027386387067340366,0
3237952,2,0,0.0010759001014743906,0.0027386387067340366,0
3238008,2,0,0.0001618962476501039,0.0027386387067340366,0
3238083,2,0,0.0008330831232345346,0.0027386387067340366,0
3238092,2,0,0.0005091402661521004,0.0027386387067340366,0
3238100,2,0,0.0706207022703605,0.0027386387067340366,1
3238107,2,0,0.0004052442712835924,0.0027386387067340366,0
3238111,2,0,0.0021698726489190333,0.0027386387067340366,0
3238133,2,0,0.001246516241157498,0.0027386387067340366,0
3238140,2,0,0.003778370985848966,0.0027386387067340366,1
3238153,2,0,0.00023400882305806938,0.0027386387067340366,0
3238162,2,0,0.00020269503659446153,0.0027386387067340366,0
3238168,2,0,0.001602438535495379,0.0027386387067340366,0
3238187,2,0,0.00010656221897202755,0.0027386387067340366,0
3238188,2,0,0.004260540702001955,0.0027386387067340366,1
3238202,2,0,0.004344781780551233,0.0027386387067340366,1
3238206,2,0,0.0001741094190764522,0.0027386387067340366,0
3238232,2,0,0.0014644043856076492,0.0027386387067340366,0
3238249,2,0,0.00014553126031934113,0.0027386387067340366,0
3238329,2,0,0.0002659987742747608,0.0027386387067340366,0
3238356,2,0,0.0005734232793690972,0.0027386387067340366,0
3238370,2,0,0.0007992372923511004,0.0027386387067340366,0
3238417,2,0,0.0004961567315893392,0.0027386387067340366,0
3238422,2,0,0.00028259344454007585,0.0027386387067340366,0
3238425,2,0,0.0008992692932783859,0.0027386387067340366,0
3238548,2,0,0.0003404833589564417,0.0027386387067340366,0
3238578,2,0,0.0003777589159275625,0.0027386387067340366,0
3238605,2,0,0.007711797998226142,0.0027386387067340366,1
3238606,2,0,0.000787955708120746,0.0027386387067340366,0
3238610,2,0,6.689523775448041e-05,0.0027386387067340366,0
3238640,2,0,0.0006053823712364989,0.0027386387067340366,0
3238645,2,0,0.010825190102387763,0.0027386387067340366,1
3238661,2,0,0.0029230114822181735,0.0027386387067340366,1
3238671,2,0,0.017100518462762518,0.0027386387067340366,1
3238699,2,0,0.00067986843647804,0.0027386387067340366,0
3238711,2,0,0.0014675647996174952,0.0027386387067340366,0
3238753,2,0,0.00019607062490354624,0.0027386387067340366,0
3238759,2,0,0.00044600590714437825,0.0027386387067340366,0
3238804,2,0,0.03120473547860651,0.0027386387067340366,1
3238858,2,0,0.0031446081742677926,0.0027386387067340366,1
3238897,2,0,0.0004341472604614172,0.0027386387067340366,0
3238945,2,0,0.0004963920758534143,0.0027386387067340366,0
3239051,2,0,0.004146018426011987,0.0027386387067340366,1
3239074,2,0,0.00036186483605472094,0.0027386387067340366,0
3239095,2,0,0.00234913156784893,0.0027386387067340366,0
3239149,2,0,0.0008662538775766395,0.0027386387067340366,0
3239229,2,0,0.0005855250435699659,0.0027386387067340366,0
3239287,2,0,0.00022762074801106207,0.0027386387067340366,0
3239288,2,0,0.00915502301114714,0.0027386387067340366,1
3239385,2,0,7.01649166877902e-05,0.0027386387067340366,0
3239388,2,0,0.0009305086737946932,0.0027386387067340366,0
3239477,2,0,0.0008802829350635762,0.0027386387067340366,0
3239489,2,0,0.00036992979355094817,0.0027386387067340366,0
3239535,2,0,0.0005841617588165506,0.0027386387067340366,0
3239556,2,0,0.002787369839798335,0.0027386387067340366,1
3239586,2,0,0.00021521206523675675,0.0027386387067340366,0
3239594,2,0,0.0001885939704201124,0.0027386387067340366,0
3239616,2,0,0.00038436111844242015,0.0027386387067340366,0
3239635,2,0,0.00024210448370248926,0.0027386387067340366,0
3239699,2,0,0.0009689855931757798,0.0027386387067340366,0
3239749,2,0,0.038549541221386444,0.0027386387067340366,1
3239756,2,0,0.00026694812396940216,0.0027386387067340366,0
3239824,2,0,0.00010523173422859609,0.0027386387067340366,0
3239840,2,0,0.00017941102491476825,0.0027386387067340366,0
3239877,2,0,0.00011511563731080698,0.0027386387067340366,0
3240065,2,0,0.0002842847574044838,0.0027386387067340366,0
3240109,2,0,0.00018816885266916965,0.0027386387067340366,0
3240137,2,0,0.006877280269769174,0.0027386387067340366,1
3240170,2,0,0.277403487904176,0.0027386387067340366,1
3240179,2,0,4.4473243004193664e-05,0.0027386387067340366,0
3240249,2,0,0.0018748492138230108,0.0027386387067340366,0
3240267,2,0,8.023508883072462e-05,0.0027386387067340366,0
3240349,2,0,0.0007313905165954533,0.0027386387067340366,0
3240373,2,0,0.005421899700625421,0.0027386387067340366,1
3240388,2,0,0.0004535237538296107,0.0027386387067340366,0
3240440,2,0,0.000301160442964116,0.0027386387067340366,0
3240510,2,0,0.002502169106092186,0.0027386387067340366,0
3240548,2,0,0.001426900293337822,0.0027386387067340366,0
3240644,2,0,8.073068987962717e-05,0.0027386387067340366,0
3240697,2,0,0.0016052642401719996,0.0027386387067340366,0
3240718,2,0,0.00010541366170629386,0.0027386387067340366,0
3240747,2,0,0.00032106006928799463,0.0027386387067340366,0
3240807,2,0,0.0005922681345156449,0.0027386387067340366,0
3240819,2,0,0.0003209838436036904,0.0027386387067340366,0
3240936,2,0,0.0013698928641103936,0.0027386387067340366,0
3240990,2,0,0.00035368855886473764,0.0027386387067340366,0
3240998,2,0,0.0006145655935104325,0.0027386387067340366,0
3241012,2,0,0.00014675823394388882,0.0027386387067340366,0
3241042,2,0,9.43087982869327e-05,0.0027386387067340366,0
3241050,2,0,0.0013725226304297548,0.0027386387067340366,0
3241052,2,0,0.002982804747057835,0.0027386387067340366,1
3241086,2,0,0.00422887433549712,0.0027386387067340366,1
3241111,2,0,0.00047796722610360083,0.0027386387067340366,0
3241136,2,0,7.975720833181865e-05,0.0027386387067340366,0
3241153,2,0,0.000527030658857565,0.0027386387067340366,0
3241198,2,0,0.001502565349797756,0.0027386387067340366,0
3241234,2,0,0.0011491952791108752,0.0027386387067340366,0
3241238,2,0,0.00029301176658069967,0.0027386387067340366,0
3241243,2,0,0.0003187883080542001,0.0027386387067340366,0
3241260,2,0,0.0026169107473123687,0.0027386387067340366,0
3241266,2,0,0.0001355052163395393,0.0027386387067340366,0
3241270,2,0,0.0003559155753188443,0.0027386387067340366,0
3241272,2,0,0.0015747132983723359,0.0027386387067340366,0
3241333,2,0,0.0007192127035102752,0.0027386387067340366,0
3241359,2,0,0.036237493630951426,0.0027386387067340366,1
3241424,2,0,0.00025711816676363613,0.0027386387067340366,0
3241435,2,0,0.0005218914507695893,0.0027386387067340366,0
3241449,2,0,8.535033119880227e-05,0.0027386387067340366,0
3241453,2,0,0.0012779062195345868,0.0027386387067340366,0
3241481,2,0,0.00014384812380144113,0.0027386387067340366,0
3241607,2,0,0.00010278115207906236,0.0027386387067340366,0
3241656,2,0,0.026680884200301624,0.0027386387067340366,1
3241699,2,0,0.0003308370303044884,0.0027386387067340366,0
3241709,2,0,0.0002353399078967635,0.0027386387067340366,0
3241763,2,0,0.0009394744658645115,0.0027386387067340366,0
3241820,2,0,0.0002492625496943331,0.0027386387067340366,0
3241831,2,0,0.0003981984625189965,0.0027386387067340366,0
3241871,2,0,0.0001070904499577918,0.0027386387067340366,0
3241920,2,0,0.004717377846352826,0.0027386387067340366,1
3241944,2,0,0.00335070453743394,0.0027386387067340366,1
3241947,2,0,0.002918697927213693,0.0027386387067340366,1
3241994,2,0,0.0009611595082256902,0.0027386387067340366,0
3242020,2,0,0.0002000840893707679,0.0027386387067340366,0
3242030,2,0,0.00027594681165929756,0.0027386387067340366,0
3242097,2,0,0.0001870139245258824,0.0027386387067340366,0
3242104,2,0,0.0006728515822845125,0.0027386387067340366,0
3242108,2,0,0.00017820988213793572,0.0027386387067340366,0
3242119,2,0,0.0010407990852112916,0.0027386387067340366,0
3242156,2,0,0.00047914291656089283,0.0027386387067340366,0
3242164,2,0,0.003765566948835062,0.0027386387067340366,1
3242171,2,0,0.0011426585217853248,0.0027386387067340366,0
3242172,2,0,9.70602874899553e-05,0.0027386387067340366,0
3242284,2,0,0.00012942819576241597,0.0027386387067340366,0
3242349,2,0,0.0008871977768565686,0.0027386387067340366,0
3242385,2,0,0.0006771146934652793,0.0027386387067340366,0
3242482,2,0,0.0006647446859561775,0.0027386387067340366,0
3242556,2,0,8.677120358685851e-05,0.0027386387067340366,0
3242585,2,0,0.0012329266558116336,0.0027386387067340366,0
3242621,2,0,0.00026394507541228164,0.0027386387067340366,0
3242680,2,0,0.0019404310324049798,0.0027386387067340366,0
3242746,2,0,0.0002482605266725349,0.0027386387067340366,0
3242793,2,0,0.0028965293660945276,0.0027386387067340366,1
3242868,2,0,0.00017177258305214784,0.0027386387067340366,0
3242879,2,0,0.0024184250922908114,0.0027386387067340366,0
3242880,2,0,0.0005770880890357715,0.0027386387067340366,0
3242901,2,0,0.00015388749869224325,0.0027386387067340366,0
3242958,2,0,0.00016197057243060427,0.0027386387067340366,0
3243042,2,0,7.293284718700336e-05,0.0027386387067340366,0
3243074,2,0,0.00015548406869424146,0.0027386387067340366,0
3243088,2,0,7.875564855867631e-05,0.0027386387067340366,0
3243219,2,0,0.0001594254182025254,0.0027386387067340366,0
3243239,2,0,0.0014613799040639332,0.0027386387067340366,0
3243254,2,0,4.886803249738068e-05,0.0027386387067340366,0
3243283,2,0,0.00039971703447312385,0.0027386387067340366,0
3243290,2,0,0.00044374179383321015,0.0027386387067340366,0
3243322,2,0,7.748064253402844e-05,0.0027386387067340366,0
3243325,2,0,0.0007056916904867481,0.0027386387067340366,0
3243389,2,0,0.00023337418854844057,0.0027386387067340366,0
3243401,2,0,0.0007715021448817321,0.0027386387067340366,0
3243440,2,0,0.000939368048772455,0.0027386387067340366,0
3243449,2,0,0.00011187433111149229,0.0027386387067340366,0
3243522,2,0,0.00016910458321453033,0.0027386387067340366,0
3243586,2,0,0.0010852547959926183,0.0027386387067340366,0
3243597,2,0,0.0002986701945435335,0.0027386387067340366,0
3243671,2,0,0.00017984431828257341,0.0027386387067340366,0
3243689,2,0,5.5556857986056254e-05,0.0027386387067340366,0
3243695,2,0,0.0008226363337258911,0.0027386387067340366,0
3243761,2,0,0.00019506611890178288,0.0027386387067340366,0
3243762,2,0,0.00029447166807832794,0.0027386387067340366,0
3243773,2,0,0.0007396322459301831,0.0027386387067340366,0
3243887,2,0,0.0004334516373469674,0.0027386387067340366,0
3243889,2,0,0.0005931960310435175,0.0027386387067340366,0
3244007,2,0,0.0004291912862664839,0.0027386387067340366,0
3244045,2,0,0.00011156237628504055,0.0027386387067340366,0
3244109,2,0,0.00023404732669557142,0.0027386387067340366,0
3244126,2,0,0.0017522074248682309,0.0027386387067340366,0
3244152,2,0,0.0001345594072330684,0.0027386387067340366,0
3244174,2,0,0.010682048705718993,0.0027386387067340366,1
3244180,2,0,0.0013428567058071728,0.0027386387067340366,0
3244186,2,0,0.0014443177854699854,0.0027386387067340366,0
3244216,2,0,0.0005688862157688932,0.0027386387067340366,0
3244268,2,0,0.00046262932179346676,0.0027386387067340366,0
3244327,2,0,0.014212931934767298,0.0027386387067340366,1
3244342,2,0,0.001668150981453408,0.0027386387067340366,0
3244452,2,0,0.00490667981228077,0.0027386387067340366,1
3244545,2,0,0.0002798899369371435,0.0027386387067340366,0
3244563,2,0,0.00011869599625927652,0.0027386387067340366,0
3244565,2,0,0.00020720222048207612,0.0027386387067340366,0
3244707,2,0,0.001099673722592349,0.0027386387067340366,0
3244732,2,0,0.000319804199104873,0.0027386387067340366,0
3244743,2,0,0.002609254416911629,0.0027386387067340366,0
3244773,2,0,0.0005132744022302432,0.0027386387067340366,0
3244807,2,0,0.0003733088118866166,0.0027386387067340366,0
3244810,2,0,0.000667612811015249,0.0027386387067340366,0
3244815,2,0,6.323805115318892e-05,0.0027386387067340366,0
3244842,2,0,0.0003663447705724199,0.0027386387067340366,0
3244854,2,0,0.0006423955456275881,0.0027386387067340366,0
3244874,2,0,0.00020399785281002082,0.0027386387067340366,0
3244878,2,0,0.001554117668076141,0.0027386387067340366,0
3244911,2,0,0.00015471991756510045,0.0027386387067340366,0
3244919,2,0,6.363037069238946e-05,0.0027386387067340366,0
3244920,2,0,0.0017174128095818137,0.0027386387067340366,0
3244939,2,0,0.00038686481931894933,0.0027386387067340366,0
3244946,2,0,0.0007442129458198689,0.0027386387067340366,0
3244967,2,0,0.0002951046522883627,0.0027386387067340366,0
3245002,2,0,0.0010323348609165347,0.0027386387067340366,0
3245048,2,0,0.002909235686494912,0.0027386387067340366,1
3245068,2,0,0.00016312450687484142,0.0027386387067340366,0
3245095,2,0,0.000984492807168958,0.0027386387067340366,0
3245117,2,0,0.0004294627812089061,0.0027386387067340366,0
3245123,2,0,0.0011355888113366035,0.0027386387067340366,0
3245155,2,0,0.0003677163793508279,0.0027386387067340366,0
3245162,2,0,5.080506422746332e-05,0.0027386387067340366,0
3245202,2,0,8.626901878135083e-05,0.0027386387067340366,0
3245279,2,0,0.0004605783971963607,0.0027386387067340366,0
3245322,2,0,0.00019949571109886274,0.0027386387067340366,0
3245332,2,0,0.00018677072499306632,0.0027386387067340366,0
3245335,2,0,0.003782633623817263,0.0027386387067340366,1
3245345,2,0,0.00014965490482300695,0.0027386387067340366,0
3245350,2,0,0.0008754546179105295,0.0027386387067340366,0
3245416,2,0,0.00010898843428032959,0.0027386387067340366,0
3245459,2,0,0.00025933585471279915,0.0027386387067340366,0
3245462,2,0,0.0002110951896064441,0.0027386387067340366,0
3245478,2,0,0.00019414943352460333,0.0027386387067340366,0
3245529,2,0,0.00017820501825436164,0.0027386387067340366,0
3245563,2,0,0.0004703067714509949,0.0027386387067340366,0
3245644,2,0,0.00037177632883185664,0.0027386387067340366,0
3245679,2,0,0.00013336588429940988,0.0027386387067340366,0
3245709,2,0,0.0005965263162393072,0.0027386387067340366,0
3245713,2,0,0.00039391030363967246,0.0027386387067340366,0
3245731,2,0,0.00031183229265411346,0.0027386387067340366,0
3245757,2,0,0.0027255993868062303,0.0027386387067340366,0
3245774,2,0,8.736598885179238e-05,0.0027386387067340366,0
3245776,2,0,0.00036319253752428206,0.0027386387067340366,0
3245791,2,0,0.0008338334727317665,0.0027386387067340366,0
3245792,2,0,0.0009065660556134525,0.0027386387067340366,0
3245806,2,0,0.0004803659955011037,0.0027386387067340366,0
3245855,2,0,0.00014431470816904122,0.0027386387067340366,0
3245860,2,0,0.0013036631086549332,0.0027386387067340366,0
3245876,2,0,0.00027308582801495375,0.0027386387067340366,0
3245882,2,0,0.0007571775279074884,0.0027386387067340366,0
3246769,2,0,0.004297369289477482,0.0027386387067340366,1
3273996,2,0,0.00108572977602053,0.0027386387067340366,0
3311615,2,0,0.00038844176346914446,0.0027386387067340366,0
3324771,2,0,0.00470550349062568,0.0027386387067340366,1
3419799,2,0,0.0003131074327081547,0.0027386387067340366,0
3436588,2,0,0.0004841218488157575,0.0027386387067340366,0
3571734,2,0,8.63335142955132e-05,0.0027386387067340366,0
3575128,2,0,0.00023373336741358512,0.0027386387067340366,0
3580170,2,0,0.00018251562277204014,0.0027386387067340366,0
3589929,2,0,0.0005056689057267823,0.0027386387067340366,0
3600287,2,0,0.00023165642685252962,0.0027386387067340366,0
3608539,2,0,8.567857627988849e-05,0.0027386387067340366,0
3613648,2,0,0.00015120969527650287,0.0027386387067340366,0
3621451,2,0,0.00019381213728032263,0.0027386387067340366,0
3691062,2,0,0.0011106125020567963,0.0027386387067340366,0
3699010,2,0,0.0002854618142492058,0.0027386387067340366,0
3699557,2,0,0.00044642718134836585,0.0027386387067340366,0
3798162,2,0,0.0015015761566253122,0.0027386387067340366,0
3860526,2,0,0.0001672226985373451,0.0027386387067340366,0
4078942,2,0,0.0001203461794148894,0.0027386387067340366,0
4079831,2,0,0.00048614585374598954,0.0027386387067340366,0
4092736,2,0,0.0003925789048071419,0.0027386387067340366,0
4092884,2,0,0.0001881793499204409,0.0027386387067340366,0
4105697,2,0,0.0005158533132294327,0.0027386387067340366,0
4106465,2,0,0.0001673641833861937,0.0027386387067340366,0
4120148,2,0,0.0036736714162064845,0.0027386387067340366,1
4162507,2,0,0.00017789109292696114,0.0027386387067340366,0
4197069,2,0,0.0016052647670911694,0.0027386387067340366,0
4230296,2,0,0.00011936891898992867,0.0027386387067340366,0
4277982,2,0,0.0005247169619211705,0.0027386387067340366,0
4344057,2,0,0.0006639336760562652,0.0027386387067340366,0
4347383,2,0,0.00019252700971298712,0.0027386387067340366,0
4373006,2,0,0.0002735157106748026,0.0027386387067340366,0
4403593,2,0,0.0003512226677083557,0.0027386387067340366,0
4429361,2,0,0.00031870960962658145,0.0027386387067340366,0
4454612,2,0,0.007892717342742241,0.0027386387067340366,1
4457766,2,0,0.00037115766394087976,0.0027386387067340366,0
4522306,2,0,0.001088394820769167,0.0027386387067340366,0
4575307,2,0,0.001283013333303428,0.0027386387067340366,0
4592264,2,0,0.0001268518474029989,0.0027386387067340366,0
4621896,2,0,0.001176990696090748,0.0027386387067340366,0
4674565,2,0,0.00014297656796914907,0.0027386387067340366,0
4754183,2,0,0.00024698066589425835,0.0027386387067340366,0
4987317,2,0,0.002112829013879997,0.0027386387067340366,0
5015283,2,0,0.0011343519019719518,0.0027386387067340366,0
5053070,2,0,0.0035044580941507256,0.0027386387067340366,1
5062560,2,0,9.468893331550267e-05,0.0027386387067340366,0
5076890,2,0,0.0029503581761251892,0.0027386387067340366,1
5080692,2,0,0.0010901644178584193,0.0027386387067340366,0
5110096,2,0,0.0006976209198702335,0.0027386387067340366,0
5214840,2,0,0.00029266988603255593,0.0027386387067340366,0
5291857,2,0,0.00029893334216145935,0.0027386387067340366,0
5292846,2,0,0.00020788844819390597,0.0027386387067340366,0
5295094,2,0,0.0010498205427260086,0.0027386387067340366,0
5307105,2,0,0.0004336913741767407,0.0027386387067340366,0
5307192,2,0,0.0004880801762516094,0.0027386387067340366,0
5307222,2,0,0.0009710741569235852,0.0027386387067340366,0
5307291,2,0,0.0010360275314525156,0.0027386387067340366,0
5307313,2,0,0.0006519981731166315,0.0027386387067340366,0
5307521,2,0,0.001876571246714382,0.0027386387067340366,0
5307526,2,0,0.0015488491341101203,0.0027386387067340366,0
5307528,2,0,0.0006865389343673098,0.0027386387067340366,0
5307557,2,0,0.002504956164120981,0.0027386387067340366,0
5307566,2,0,0.004557546720616893,0.0027386387067340366,1
5307570,2,0,0.0016180032539667834,0.0027386387067340366,0
5307574,2,0,0.02817909998557953,0.0027386387067340366,1
5307577,2,0,0.011264508548437914,0.0027386387067340366,1
5307593,2,0,0.0003061508861136864,0.0027386387067340366,0
5307604,2,0,0.0009513946583131784,0.0027386387067340366,0
5307610,2,0,0.0005214985172810908,0.0027386387067340366,0
5307613,2,0,0.000431841101895169,0.0027386387067340366,0
5307614,2,0,0.0011056679396359238,0.0027386387067340366,0
5307623,2,0,0.00046510970409768365,0.0027386387067340366,0
5307727,2,0,0.0018561522876697613,0.0027386387067340366,0
5307736,2,0,0.0003823848565080336,0.0027386387067340366,0
5307765,2,0,0.0005854426737001824,0.0027386387067340366,0
5307771,2,0,0.0010476682085915118,0.0027386387067340366,0
5307791,2,0,0.0005930375867809713,0.0027386387067340366,0
5307826,2,0,0.0025724405954651703,0.0027386387067340366,0
5307866,2,0,0.0010559876294001394,0.0027386387067340366,0
5307880,2,0,0.0005596319590747907,0.0027386387067340366,0
5307883,2,0,0.0005229982263371627,0.0027386387067340366,0
5307899,2,0,0.00016803251984998557,0.0027386387067340366,0
5307918,2,0,0.012045272868057655,0.0027386387067340366,1
5307936,2,0,0.0007363115976683352,0.0027386387067340366,0
5307940,2,0,0.00028054495737826946,0.0027386387067340366,0
5307976,2,0,0.000501590667541099,0.0027386387067340366,0
5308074,2,0,0.0002912429667960973,0.0027386387067340366,0
5308092,2,0,0.0005872631288399917,0.0027386387067340366,0
5308115,2,0,0.0015969020485065673,0.0027386387067340366,0
5308216,2,0,0.0009465876690052831,0.0027386387067340366,0
5308280,2,0,0.00033536002488108855,0.0027386387067340366,0
5308293,2,0,0.0004131439961652557,0.0027386387067340366,0
5308299,2,0,0.0018654158073287065,0.0027386387067340366,0
5308373,2,0,0.000818496600398067,0.0027386387067340366,0
5308392,2,0,0.0015519284554975105,0.0027386387067340366,0
5308395,2,0,0.0026452992962855875,0.0027386387067340366,0
5308414,2,0,0.0034241148990766654,0.0027386387067340366,1
5308428,2,0,0.00020530992381068104,0.0027386387067340366,0
5308470,2,0,0.002885156256919006,0.0027386387067340366,1
5308481,2,0,0.0002752414524105714,0.0027386387067340366,0
5308518,2,0,0.0026387875062845578,0.0027386387067340366,0
5308538,2,0,0.0022973004753497187,0.0027386387067340366,0
5308564,2,0,0.01088648957231425,0.0027386387067340366,1
5308565,2,0,0.001247496546983308,0.0027386387067340366,0
5308626,2,0,0.0008351786608388811,0.0027386387067340366,0
5308649,2,0,0.0008682317112032784,0.0027386387067340366,0
5308657,2,0,0.002447963245363236,0.0027386387067340366,0
5308719,2,0,0.0013337929870646617,0.0027386387067340366,0
5308805,2,0,0.0010348435984371127,0.0027386387067340366,0
5308877,2,0,0.0009872918330418282,0.0027386387067340366,0
5308893,2,0,0.0008864940619145578,0.0027386387067340366,0
5308895,2,0,0.00014537513979217084,0.0027386387067340366,0
5308910,2,0,0.0011047209689467403,0.0027386387067340366,0
5308959,2,0,0.00017500318346978683,0.0027386387067340366,0
5308973,2,0,0.03163478207065974,0.0027386387067340366,1
5308990,2,0,0.00015720803453647152,0.0027386387067340366,0
5309005,2,0,0.00043745967806813415,0.0027386387067340366,0
5309029,2,0,0.004305415038179261,0.0027386387067340366,1
5309100,2,0,0.0006818392430246426,0.0027386387067340366,0
5309174,2,0,0.0010230890491500113,0.0027386387067340366,0
5309218,2,0,0.0009960470435256643,0.0027386387067340366,0
5309232,2,0,9.083074888314896e-05,0.0027386387067340366,0
5309247,2,0,0.00022786469456832675,0.0027386387067340366,0
5309270,2,0,0.0018372524982754367,0.0027386387067340366,0
5309294,2,0,0.0030818030402558474,0.0027386387067340366,1
5309307,2,0,0.000894372535887892,0.0027386387067340366,0
5309360,2,0,0.0032247577041595956,0.0027386387067340366,1
5309363,2,0,0.00014300663866216422,0.0027386387067340366,0
5309392,2,0,0.0007449833032075707,0.0027386387067340366,0
5309418,2,0,0.014271889433234089,0.0027386387067340366,1
5309443,2,0,0.0017747328103623473,0.0027386387067340366,0
5309467,2,0,0.0006497152668018465,0.0027386387067340366,0
5309469,2,0,0.0022007901760925795,0.0027386387067340366,0
5309539,2,0,0.00022154645709481592,0.0027386387067340366,0
5309578,2,0,0.030859782605037932,0.0027386387067340366,1
5309585,2,0,0.0004953692025750453,0.0027386387067340366,0
5309592,2,0,0.00026642989374706376,0.0027386387067340366,0
5309600,2,0,0.0004553266922396387,0.0027386387067340366,0
5309606,2,0,0.00031485428242970857,0.0027386387067340366,0
5309644,2,0,0.0031717153778196487,0.0027386387067340366,1
5309655,2,0,0.0001663058022999605,0.0027386387067340366,0
5309663,2,0,0.00023099461477755706,0.0027386387067340366,0
5309694,2,0,0.002700765635739511,0.0027386387067340366,0
5309774,2,0,7.078934929096131e-05,0.0027386387067340366,0
5309796,2,0,0.00024274053490322463,0.0027386387067340366,0
5309797,2,0,0.0006199672548330952,0.0027386387067340366,0
5309863,2,0,0.000501290076996924,0.0027386387067340366,0
5309867,2,0,0.00023639690072319548,0.0027386387067340366,0
5309868,2,0,0.0010758570107056759,0.0027386387067340366,0
5309879,2,0,0.000650057461211523,0.0027386387067340366,0
5309897,2,0,0.0005390500555002238,0.0027386387067340366,0
5309904,2,0,0.00028456643543951256,0.0027386387067340366,0
5309910,2,0,0.012323369887701685,0.0027386387067340366,1
5309925,2,0,0.0006657150247377654,0.0027386387067340366,0
5309946,2,0,0.0004958829834588502,0.0027386387067340366,0
5309960,2,0,8.839186189833775e-05,0.0027386387067340366,0
5310012,2,0,0.000685145644234132,0.0027386387067340366,0
5310020,2,0,0.00019301974792092097,0.0027386387067340366,0
5310155,2,0,0.0004661621429742305,0.0027386387067340366,0
5310185,2,0,0.0002552152673900754,0.0027386387067340366,0
5310315,2,0,0.010292584895830252,0.0027386387067340366,1
5310381,2,0,0.0006715940682770317,0.0027386387067340366,0
5310387,2,0,0.0001366716507231333,0.0027386387067340366,0
5310388,2,0,0.00037115687467516333,0.0027386387067340366,0
5310443,2,0,0.000150622421702578,0.0027386387067340366,0
5310446,2,0,0.0010061571597887707,0.0027386387067340366,0
5310500,2,0,8.045775945020337e-05,0.0027386387067340366,0
5310514,2,0,0.00022114625416755186,0.0027386387067340366,0
5310588,2,0,0.00043710904327721496,0.0027386387067340366,0
5310646,2,0,0.0006728074030492754,0.0027386387067340366,0
5310696,2,0,0.0012917680652125897,0.0027386387067340366,0
5310740,2,0,0.0025852107066826643,0.0027386387067340366,0
5310817,2,0,0.003285757285561207,0.0027386387067340366,1
5310864,2,0,0.0018659221998893413,0.0027386387067340366,0
5310866,2,0,0.00048187381099097133,0.0027386387067340366,0
5310868,2,0,0.00024865990402019917,0.0027386387067340366,0
5310885,2,0,0.00044581080684165766,0.0027386387067340366,0
5310924,2,0,0.0006777643691595369,0.0027386387067340366,0
5322280,2,0,0.003157965601534076,0.0027386387067340366,1
5345915,2,0,0.003186382861601603,0.0027386387067340366,1
5367120,2,0,0.004256857730357709,0.0027386387067340366,1
5389046,2,0,0.0027278644117597656,0.0027386387067340366,0
5389055,2,0,0.0007772713279562952,0.0027386387067340366,0
5389093,2,0,0.00023630427605777024,0.0027386387067340366,0
5389202,2,0,0.00025314996020351786,0.0027386387067340366,0
5389233,2,0,0.0018552899357694105,0.0027386387067340366,0
5389243,2,0,0.0009786351956937794,0.0027386387067340366,0
5389320,2,0,0.0005283737084940021,0.0027386387067340366,0
5389386,2,0,0.009977295302511156,0.0027386387067340366,1
5389388,2,0,0.0004755208341673204,0.0027386387067340366,0
5389508,2,0,0.00036491728133765584,0.0027386387067340366,0
5389559,2,0,0.00016542207570708812,0.0027386387067340366,0
5389572,2,0,7.030793004791446e-05,0.0027386387067340366,0
5389614,2,0,0.0002913157756959397,0.0027386387067340366,0
5389632,2,0,0.00021841283024311728,0.0027386387067340366,0
5389658,2,0,0.00023864517286943486,0.0027386387067340366,0
5389662,2,0,0.0004402960549071574,0.0027386387067340366,0
5389697,2,0,0.00047159841173208776,0.0027386387067340366,0
5389721,2,0,0.0003739539681443284,0.0027386387067340366,0
5389757,2,0,0.00036929845652374063,0.0027386387067340366,0
5389823,2,0,0.0005089970250217356,0.0027386387067340366,0
5389851,2,0,0.0010451500719778442,0.0027386387067340366,0
5389857,2,0,0.00048542272959534085,0.0027386387067340366,0
5389876,2,0,7.20936217297464e-05,0.0027386387067340366,0
5389878,2,0,0.0013318939354039832,0.0027386387067340366,0
5389886,2,0,0.0012358994706643334,0.0027386387067340366,0
5389940,2,0,0.000836110050621685,0.0027386387067340366,0
5389963,2,0,0.0003351692727045239,0.0027386387067340366,0
5389973,2,0,0.0013004521072369386,0.0027386387067340366,0
5389980,2,0,0.0005014249233450779,0.0027386387067340366,0
5389997,2,0,0.0003182753415937798,0.0027386387067340366,0
5390007,2,0,0.000318174164287111,0.0027386387067340366,0
5390020,2,0,0.0003879525020302855,0.0027386387067340366,0
5390030,2,0,0.0006149850954442537,0.0027386387067340366,0
5390065,2,0,0.0018979236621587206,0.0027386387067340366,0
5390066,2,0,0.0004184791584441977,0.0027386387067340366,0
5394360,2,0,0.0004787508778403592,0.0027386387067340366,0
5403466,2,0,0.0028999948975206775,0.0027386387067340366,1
5428930,2,0,0.0010174414198422463,0.0027386387067340366,0
5497568,2,0,0.00011758168061622561,0.0027386387067340366,0
5653795,2,0,0.0007166689416443434,0.0027386387067340366,0
5663660,2,0,0.0012605131529989985,0.0027386387067340366,0
5692638,2,0,0.0008000961343847377,0.0027386387067340366,0
5711948,2,0,0.0007760175279970049,0.0027386387067340366,0
5715382,2,0,0.000958370400186622,0.0027386387067340366,0
5739604,2,0,0.00021932153095496204,0.0027386387067340366,0
5740935,2,0,0.0012902772192273473,0.0027386387067340366,0
5742581,2,0,0.0004075600799615292,0.0027386387067340366,0
5770673,2,0,0.0005613783780482039,0.0027386387067340366,0
5770832,2,0,0.0006350501705711654,0.0027386387067340366,0
5771270,2,0,0.0010309093375935907,0.0027386387067340366,0
5771293,2,0,0.0013660605147685489,0.0027386387067340366,0
5771313,2,0,0.0018117052744808918,0.0027386387067340366,0
5771322,2,0,0.00015912893318823664,0.0027386387067340366,0
5771341,2,0,0.00019502640857873877,0.0027386387067340366,0
5771342,2,0,0.0010206325995315308,0.0027386387067340366,0
5771365,2,0,0.006880216370555705,0.0027386387067340366,1
5771467,2,0,0.00031795202927776417,0.0027386387067340366,0
5771715,2,0,0.0024124999199955934,0.0027386387067340366,0
5771727,2,0,0.001026369443711812,0.0027386387067340366,0
5892262,2,0,0.0005425223051873053,0.0027386387067340366,0
5940455,2,0,0.020136031502292824,0.0027386387067340366,1
5941946,2,0,0.0005130204488103426,0.0027386387067340366,0
6324586,2,0,0.00024319535258288626,0.0027386387067340366,0
6398901,2,0,0.00035421186570984913,0.0027386387067340366,0
6398908,2,0,0.0052703730284145295,0.0027386387067340366,1
6398917,2,0,0.0006770433474058056,0.0027386387067340366,0
6399063,2,0,0.00174348717641288,0.0027386387067340366,0
6420039,2,0,0.00021016452211685297,0.0027386387067340366,0
6602550,2,0,0.00021461761717171343,0.0027386387067340366,0
6602575,2,0,0.00025307435885662513,0.0027386387067340366,0
6602652,2,0,0.0004941486642861643,0.0027386387067340366,0
6602658,2,0,0.00048584598795884835,0.0027386387067340366,0
6602689,2,0,0.0005540801367062827,0.0027386387067340366,0
6602690,2,0,0.0007613148907734801,0.0027386387067340366,0
6602749,2,0,0.0006120726158090543,0.0027386387067340366,0
6602802,2,0,0.0015414306786037005,0.0027386387067340366,0
6602806,2,0,0.0010100737890788966,0.0027386387067340366,0
6602810,2,0,0.0018100045918170119,0.0027386387067340366,0
6602874,2,0,0.00027380168294962405,0.0027386387067340366,0
6602903,2,0,0.0004023888829124724,0.0027386387067340366,0
6603027,2,0,4.605718777831864e-05,0.0027386387067340366,0
6603055,2,0,0.0003116309743726674,0.0027386387067340366,0
6603062,2,0,0.00028111638544363934,0.0027386387067340366,0
6603063,2,0,0.00019683495085101143,0.0027386387067340366,0
6603109,2,0,0.00021322581150072428,0.0027386387067340366,0
6603112,2,0,0.001503431332248593,0.0027386387067340366,0
6603134,2,0,0.0005091700503611689,0.0027386387067340366,0
6603155,2,0,0.0008506950254895707,0.0027386387067340366,0
6603187,2,0,0.0008593388513606674,0.0027386387067340366,0
6603191,2,0,0.000566017954299975,0.0027386387067340366,0
6603271,2,0,0.0017381070822968599,0.0027386387067340366,0
6603277,2,0,0.0011633139972753587,0.0027386387067340366,0
6603348,2,0,0.0007916974019407944,0.0027386387067340366,0
6603400,2,0,0.0003267901629291141,0.0027386387067340366,0
6603409,2,0,0.0002694254078564835,0.0027386387067340366,0
6603446,2,0,0.0008604018782087577,0.0027386387067340366,0
6603483,2,0,0.0005306389128651412,0.0027386387067340366,0
6603568,2,0,0.00019040560491814925,0.0027386387067340366,0
6603604,2,0,7.006228882493735e-05,0.0027386387067340366,0
6603616,2,0,0.0011433532683814637,0.0027386387067340366,0
6603659,2,0,0.0009880937700799512,0.0027386387067340366,0
6603662,2,0,7.155288432051223e-05,0.0027386387067340366,0
649991,3,1,0.0007618548782457758,0.00247264107046085,0
658532,3,1,0.0014072763815045134,0.00247264107046085,0
666554,3,1,0.17921024511960193,0.00247264107046085,1
976329,3,1,0.03003116177655635,0.00247264107046085,1
1245419,3,1,0.009830126643756645,0.00247264107046085,1
3245970,3,1,0.008763886988161782,0.00247264107046085,1
1981,3,0,0.0008059156817135978,0.00247264107046085,0
2196,3,0,0.0003865747804412889,0.00247264107046085,0
3957,3,0,0.00020418237138642687,0.00247264107046085,0
4201,3,0,0.0007564600071859529,0.00247264107046085,0
5595,3,0,0.0006796174628606557,0.00247264107046085,0
6821,3,0,0.0021772959038044385,0.00247264107046085,0
7419,3,0,0.0003211310344944525,0.00247264107046085,0
10309,3,0,0.0024536519923017185,0.00247264107046085,0
11224,3,0,0.0003157401433639027,0.00247264107046085,0
11257,3,0,0.0016034305017113206,0.00247264107046085,0
12856,3,0,0.0010457777925890381,0.00247264107046085,0
16175,3,0,0.005207752366795646,0.00247264107046085,1
16559,3,0,0.0011241926871113535,0.00247264107046085,0
16803,3,0,0.002731220284928475,0.00247264107046085,1
22860,3,0,0.0004157518003396593,0.00247264107046085,0
34623,3,0,0.00045763933053532104,0.00247264107046085,0
39042,3,0,0.003049694522026591,0.00247264107046085,1
57469,3,0,0.0005003403820183534,0.00247264107046085,0
62969,3,0,0.0006095642317329745,0.00247264107046085,0
64714,3,0,0.00031641731992473394,0.00247264107046085,0
68551,3,0,0.0003109076174096754,0.00247264107046085,0
70848,3,0,0.000384333244403069,0.00247264107046085,0
80818,3,0,0.00037943548001956404,0.00247264107046085,0
93864,3,0,0.000714639228890272,0.00247264107046085,0
94464,3,0,0.0002485189674513089,0.00247264107046085,0
96854,3,0,0.0030149086698903773,0.00247264107046085,1
98614,3,0,0.0002886614795603376,0.00247264107046085,0
98630,3,0,0.0007994213335267066,0.00247264107046085,0
108003,3,0,0.00031614712099226744,0.00247264107046085,0
118982,3,0,0.00034983713434647983,0.00247264107046085,0
120526,3,0,0.00023542926190374625,0.00247264107046085,0
151091,3,0,0.00045432387433435754,0.00247264107046085,0
199008,3,0,0.0009402954053852218,0.00247264107046085,0
200169,3,0,0.00039148647890887406,0.00247264107046085,0
200753,3,0,0.00023220628262305413,0.00247264107046085,0
209941,3,0,0.00020743253295086054,0.00247264107046085,0
219778,3,0,0.0009054111148787927,0.00247264107046085,0
223821,3,0,0.0006320067476324654,0.00247264107046085,0
223910,3,0,0.00031271174124470523,0.00247264107046085,0
224709,3,0,0.0003903177225778255,0.00247264107046085,0
232341,3,0,0.0011107904578276737,0.00247264107046085,0
236275,3,0,0.0014518323403553527,0.00247264107046085,0
241166,3,0,0.00029446243697753966,0.00247264107046085,0
246565,3,0,9.639151410326475e-05,0.00247264107046085,0
247817,3,0,0.001966900747695588,0.00247264107046085,0
251141,3,0,0.0015456751537638118,0.00247264107046085,0
251549,3,0,0.001531818355922017,0.00247264107046085,0
255292,3,0,0.06681460261701554,0.00247264107046085,1
259483,3,0,0.0002822439590186139,0.00247264107046085,0
294062,3,0,0.00024150557945989916,0.00247264107046085,0
294920,3,0,8.897999068942794e-05,0.00247264107046085,0
306655,3,0,0.0007477949227949507,0.00247264107046085,0
310548,3,0,0.0003476728471026376,0.00247264107046085,0
310650,3,0,0.0009130579134203169,0.00247264107046085,0
341820,3,0,0.00711807313478984,0.00247264107046085,1
356261,3,0,0.00018654592457210636,0.00247264107046085,0
389249,3,0,0.0021610821349279837,0.00247264107046085,0
391239,3,0,0.003394075307008008,0.00247264107046085,1
394328,3,0,0.00032252655319506415,0.00247264107046085,0
410075,3,0,0.002573458474060918,0.00247264107046085,1
421162,3,0,0.004353250230752847,0.00247264107046085,1
468640,3,0,0.0013472398464890096,0.00247264107046085,0
535511,3,0,0.0005871246112016717,0.00247264107046085,0
539739,3,0,0.038351389226778415,0.00247264107046085,1
540392,3,0,0.0015605089529008376,0.00247264107046085,0
542899,3,0,0.001326694439677929,0.00247264107046085,0
544900,3,0,0.001671826422409649,0.00247264107046085,0
551021,3,0,0.0006432926842396459,0.00247264107046085,0
551831,3,0,0.00038251384546827126,0.00247264107046085,0
557197,3,0,9.473467700836994e-05,0.00247264107046085,0
561960,3,0,0.00016026120849948848,0.00247264107046085,0
562427,3,0,0.0030167492849821065,0.00247264107046085,1
565846,3,0,0.0002832178886313805,0.00247264107046085,0
569192,3,0,0.07192005490647523,0.00247264107046085,1
569649,3,0,0.005685490109314018,0.00247264107046085,1
571916,3,0,3.7753497105493016e-05,0.00247264107046085,0
573814,3,0,6.707746446019083e-05,0.00247264107046085,0
576797,3,0,0.004297414304257002,0.00247264107046085,1
578335,3,0,7.558608845852482e-05,0.00247264107046085,0
579006,3,0,0.002219780621256087,0.00247264107046085,0
580158,3,0,0.00010932147341283524,0.00247264107046085,0
584975,3,0,0.0011113624522688234,0.00247264107046085,0
586998,3,0,0.00037102450058886926,0.00247264107046085,0
587733,3,0,0.0006358721868588118,0.00247264107046085,0
588704,3,0,0.00011428711202289145,0.00247264107046085,0
591407,3,0,0.00040763500259792643,0.00247264107046085,0
591517,3,0,0.000730219556958888,0.00247264107046085,0
596209,3,0,0.0006235800617769174,0.00247264107046085,0
598162,3,0,0.0021584268372024664,0.00247264107046085,0
599871,3,0,0.0001317707059851015,0.00247264107046085,0
602712,3,0,0.00031633320797785995,0.00247264107046085,0
604621,3,0,0.003909713230129317,0.00247264107046085,1
606837,3,0,5.6487169928675504e-05,0.00247264107046085,0
608124,3,0,0.00038071623922857615,0.00247264107046085,0
608147,3,0,0.00032987167305080733,0.00247264107046085,0
609340,3,0,0.0004960959485585596,0.00247264107046085,0
610479,3,0,0.004467624204223873,0.00247264107046085,1
611015,3,0,0.0011066859983278625,0.00247264107046085,0
619963,3,0,0.00024316193482857735,0.00247264107046085,0
624590,3,0,0.00015131867186436363,0.00247264107046085,0
626848,3,0,0.0008151007848440315,0.00247264107046085,0
644401,3,0,0.00024656855604003955,0.00247264107046085,0
644430,3,0,0.00031753022676792557,0.00247264107046085,0
644440,3,0,0.0006316121031527708,0.00247264107046085,0
644459,3,0,0.0007459837877182442,0.00247264107046085,0
644479,3,0,0.00021355879339958494,0.00247264107046085,0
644487,3,0,0.0008105180049724387,0.00247264107046085,0
644496,3,0,5.034898907463312e-05,0.00247264107046085,0
644508,3,0,0.000757807448099842,0.00247264107046085,0
644512,3,0,0.0003090295266109622,0.00247264107046085,0
644518,3,0,0.0007013545519251508,0.00247264107046085,0
644546,3,0,0.00042855390042959067,0.00247264107046085,0
644558,3,0,0.001561216232721433,0.00247264107046085,0
644563,3,0,0.00018262720548638646,0.00247264107046085,0
644565,3,0,0.0031757526655698176,0.00247264107046085,1
644646,3,0,0.00029354505706006835,0.00247264107046085,0
644651,3,0,0.0002981822293290464,0.00247264107046085,0
644661,3,0,0.0009200859363158436,0.00247264107046085,0
644665,3,0,0.0006401698505666879,0.00247264107046085,0
644666,3,0,0.00025028595632931456,0.00247264107046085,0
644675,3,0,0.002948384992030838,0.00247264107046085,1
644692,3,0,0.0004269260246548098,0.00247264107046085,0
644703,3,0,0.002308576723947158,0.00247264107046085,0
644725,3,0,0.001175079720945005,0.00247264107046085,0
644730,3,0,0.000680456065445493,0.00247264107046085,0
644775,3,0,0.0005618682307132201,0.00247264107046085,0
644802,3,0,6.88637715471845e-05,0.00247264107046085,0
644813,3,0,0.0001353224134477176,0.00247264107046085,0
644845,3,0,0.002018048728856995,0.00247264107046085,0
644893,3,0,0.00036190488916686353,0.00247264107046085,0
644925,3,0,0.000527995184806863,0.00247264107046085,0
645024,3,0,0.00016633373033289557,0.00247264107046085,0
645025,3,0,0.0020481108200254205,0.00247264107046085,0
645034,3,0,0.00036990235038360247,0.00247264107046085,0
645098,3,0,0.0012982418103681245,0.00247264107046085,0
645151,3,0,0.0015795481451407263,0.00247264107046085,0
645193,3,0,0.00012240182850005947,0.00247264107046085,0
645206,3,0,8.782134831925975e-05,0.00247264107046085,0
645292,3,0,0.002312170816436764,0.00247264107046085,0
645295,3,0,0.0004230240887450637,0.00247264107046085,0
645316,3,0,0.0003561361465982107,0.00247264107046085,0
645323,3,0,0.00022627738643174664,0.00247264107046085,0
645335,3,0,0.000602126992299999,0.00247264107046085,0
645372,3,0,0.00029325712319926264,0.00247264107046085,0
645378,3,0,0.0009940899870321284,0.00247264107046085,0
645393,3,0,0.0019331627391057505,0.00247264107046085,0
645396,3,0,0.0003050492745162154,0.00247264107046085,0
645398,3,0,0.0011743288510587286,0.00247264107046085,0
645410,3,0,0.001762908449052102,0.00247264107046085,0
645414,3,0,0.0004939558661255359,0.00247264107046085,0
645423,3,0,0.0007032555375376968,0.00247264107046085,0
645424,3,0,0.005025156953621831,0.00247264107046085,1
645443,3,0,0.0013350356567292509,0.00247264107046085,0
645447,3,0,0.0003183983685382903,0.00247264107046085,0
645498,3,0,0.0025743668784248405,0.00247264107046085,1
645505,3,0,0.0011104887227729818,0.00247264107046085,0
645527,3,0,0.0009025728507493885,0.00247264107046085,0
645539,3,0,0.00040758560136149133,0.00247264107046085,0
645552,3,0,0.00020797989613402943,0.00247264107046085,0
645561,3,0,0.001068699752526221,0.00247264107046085,0
645579,3,0,0.0010220979981224378,0.00247264107046085,0
645581,3,0,0.0024309635990248262,0.00247264107046085,0
645603,3,0,0.00024624848529985896,0.00247264107046085,0
645627,3,0,0.00021628240424876322,0.00247264107046085,0
645691,3,0,0.0006125275021707371,0.00247264107046085,0
645698,3,0,0.0008343330049321463,0.00247264107046085,0
645704,3,0,0.0007596177916119707,0.00247264107046085,0
645780,3,0,0.0004531178633726411,0.00247264107046085,0
645868,3,0,0.002675336305707326,0.00247264107046085,1
645943,3,0,0.0005834205095936612,0.00247264107046085,0
645974,3,0,0.0009933251837563116,0.00247264107046085,0
645978,3,0,0.00038708994498612187,0.00247264107046085,0
645980,3,0,0.0015336982133360205,0.00247264107046085,0
646008,3,0,0.001327739832793735,0.00247264107046085,0
646027,3,0,0.0004611839765774482,0.00247264107046085,0
646045,3,0,0.0015419610973587134,0.00247264107046085,0
646068,3,0,0.0006452669664973853,0.00247264107046085,0
646106,3,0,0.00010091599626658272,0.00247264107046085,0
646116,3,0,0.003221987867999683,0.00247264107046085,1
646125,3,0,0.0004931192850106554,0.00247264107046085,0
646133,3,0,0.0006944572076883617,0.00247264107046085,0
646143,3,0,0.0005158077938924558,0.00247264107046085,0
646147,3,0,5.505264721879932e-05,0.00247264107046085,0
646161,3,0,0.0003750391386024112,0.00247264107046085,0
646182,3,0,0.0001822840149938629,0.00247264107046085,0
646214,3,0,0.0004221136448832013,0.00247264107046085,0
646266,3,0,0.000979921641707931,0.00247264107046085,0
646270,3,0,7.606357840001023e-05,0.00247264107046085,0
646274,3,0,0.0009528656108050627,0.00247264107046085,0
646275,3,0,0.0001686125947636367,0.00247264107046085,0
646282,3,0,0.0002558896740281393,0.00247264107046085,0
646303,3,0,0.0010106408817807536,0.00247264107046085,0
646304,3,0,0.0002630077641975029,0.00247264107046085,0
646338,3,0,0.0007251734093176239,0.00247264107046085,0
646379,3,0,9.910427853954267e-05,0.00247264107046085,0
646400,3,0,0.0011509915783330016,0.00247264107046085,0
646412,3,0,0.001902019159315157,0.00247264107046085,0
646452,3,0,0.0016907395809193833,0.00247264107046085,0
646517,3,0,0.0008917273285074123,0.00247264107046085,0
646564,3,0,0.0056137758477366965,0.00247264107046085,1
646602,3,0,0.003093164432514109,0.00247264107046085,1
646607,3,0,0.0010323867928448789,0.00247264107046085,0
646625,3,0,0.004693423184715415,0.00247264107046085,1
646640,3,0,0.0006531541001840045,0.00247264107046085,0
646674,3,0,0.0014753833657341951,0.00247264107046085,0
646758,3,0,0.0002488229697266711,0.00247264107046085,0
646814,3,0,0.00021860579766961843,0.00247264107046085,0
646832,3,0,0.0009586587015986249,0.00247264107046085,0
646836,3,0,0.0009657488482926042,0.00247264107046085,0
646844,3,0,0.0001842841136013957,0.00247264107046085,0
646866,3,0,0.0007287666228868224,0.00247264107046085,0
646917,3,0,0.0005770406214890142,0.00247264107046085,0
646975,3,0,0.0009298198955338369,0.00247264107046085,0
646995,3,0,0.000977004291898031,0.00247264107046085,0
647002,3,0,0.00016308725238405917,0.00247264107046085,0
647043,3,0,0.0034633669654715706,0.00247264107046085,1
647077,3,0,0.0011063460536343058,0.00247264107046085,0
647082,3,0,0.00028196578139242013,0.00247264107046085,0
647098,3,0,0.0007707209322872543,0.00247264107046085,0
647145,3,0,0.00042278461768618947,0.00247264107046085,0
647167,3,0,0.00013485963852610144,0.00247264107046085,0
647168,3,0,0.0006440589482590694,0.00247264107046085,0
647201,3,0,4.019871632905836e-05,0.00247264107046085,0
647209,3,0,0.0004954463808184607,0.00247264107046085,0
647211,3,0,0.00027295375342938,0.00247264107046085,0
647240,3,0,0.0008215592601156301,0.00247264107046085,0
647252,3,0,0.000489583603216937,0.00247264107046085,0
647316,3,0,0.00032724211294615535,0.00247264107046085,0
647337,3,0,0.002399509283064552,0.00247264107046085,0
647345,3,0,0.00017288061195358707,0.00247264107046085,0
647355,3,0,0.11066614485973349,0.00247264107046085,1
647360,3,0,0.0005666803627933831,0.00247264107046085,0
647363,3,0,0.0007022217810946856,0.00247264107046085,0
647364,3,0,0.004519879786184488,0.00247264107046085,1
647383,3,0,0.00016365945807142235,0.00247264107046085,0
647425,3,0,0.0007377296022129016,0.00247264107046085,0
647428,3,0,0.00016118430725556692,0.00247264107046085,0
647460,3,0,0.0010243513407961209,0.00247264107046085,0
647473,3,0,9.193256862145416e-05,0.00247264107046085,0
647479,3,0,0.0003530362134725459,0.00247264107046085,0
647482,3,0,0.0005041510547594784,0.00247264107046085,0
647492,3,0,0.0004735264758647371,0.00247264107046085,0
647507,3,0,0.00035973627362969224,0.00247264107046085,0
647560,3,0,0.003592089643605778,0.00247264107046085,1
647579,3,0,0.0005713348748589281,0.00247264107046085,0
647584,3,0,0.000513590190668016,0.00247264107046085,0
647608,3,0,0.000464740075075714,0.00247264107046085,0
647614,3,0,0.0003581249818271391,0.00247264107046085,0
647618,3,0,0.000637276172264092,0.00247264107046085,0
647627,3,0,0.0002689631130047786,0.00247264107046085,0
647629,3,0,0.0008969898298858237,0.00247264107046085,0
647635,3,0,0.00022220767643175323,0.00247264107046085,0
647662,3,0,0.000356816149999202,0.00247264107046085,0
647663,3,0,0.0009040455656729748,0.00247264107046085,0
647671,3,0,0.0006998938498773589,0.00247264107046085,0
647678,3,0,0.0021264034749088573,0.00247264107046085,0
647704,3,0,0.0017800472583344305,0.00247264107046085,0
647717,3,0,0.00017471441154081965,0.00247264107046085,0
647740,3,0,0.000347260074306953,0.00247264107046085,0
647801,3,0,0.0007125693090937177,0.00247264107046085,0
647841,3,0,0.005739525050445455,0.00247264107046085,1
647847,3,0,0.00032391990833425643,0.00247264107046085,0
647863,3,0,0.001356134913538156,0.00247264107046085,0
647877,3,0,0.0073075895486928765,0.00247264107046085,1
647890,3,0,0.00032486911873377735,0.00247264107046085,0
647917,3,0,0.0002324993705965874,0.00247264107046085,0
647918,3,0,0.0005647295739621695,0.00247264107046085,0
647945,3,0,0.00012379454396483367,0.00247264107046085,0
647954,3,0,0.0007560961172292729,0.00247264107046085,0
647969,3,0,0.0002492017886347204,0.00247264107046085,0
647987,3,0,0.0003538774548851521,0.00247264107046085,0
647998,3,0,0.007552257690752359,0.00247264107046085,1
648000,3,0,0.0020283292345613605,0.00247264107046085,0
648004,3,0,0.0015607511255832187,0.00247264107046085,0
648039,3,0,0.002141632455175558,0.00247264107046085,0
648077,3,0,0.00030850775417469033,0.00247264107046085,0
648107,3,0,0.00018571653475499275,0.00247264107046085,0
648119,3,0,0.0020601082729257833,0.00247264107046085,0
648126,3,0,0.0017532046950364832,0.00247264107046085,0
648144,3,0,0.0008027461213808548,0.00247264107046085,0
648184,3,0,0.0004948562102022752,0.00247264107046085,0
648188,3,0,0.0012439874980554797,0.00247264107046085,0
648201,3,0,0.0015489023596089579,0.00247264107046085,0
648211,3,0,0.008695549631931391,0.00247264107046085,1
648220,3,0,0.0018440663435482629,0.00247264107046085,0
648288,3,0,0.0027471185692394895,0.00247264107046085,1
648303,3,0,0.0050131558741272515,0.00247264107046085,1
648307,3,0,0.00035095702758555715,0.00247264107046085,0
648308,3,0,0.0005344892508163324,0.00247264107046085,0
648315,3,0,0.0046563255770101526,0.00247264107046085,1
648350,3,0,0.00030074863135881656,0.00247264107046085,0
648357,3,0,0.0008234785470583749,0.00247264107046085,0
648408,3,0,0.0016767466721230866,0.00247264107046085,0
648412,3,0,0.00966831457022008,0.00247264107046085,1
648434,3,0,0.0002924505389385506,0.00247264107046085,0
648435,3,0,0.004202139510272439,0.00247264107046085,1
648454,3,0,0.00019554050280023029,0.00247264107046085,0
648478,3,0,0.0010155235358193316,0.00247264107046085,0
648486,3,0,0.00021297678905154456,0.00247264107046085,0
648487,3,0,0.0014418348566903457,0.00247264107046085,0
648552,3,0,0.00042757444914466006,0.00247264107046085,0
648567,3,0,0.0002591486712537062,0.00247264107046085,0
648583,3,0,0.0020306251489091436,0.00247264107046085,0
648596,3,0,0.0022227677348981784,0.00247264107046085,0
648612,3,0,0.005194778043074363,0.00247264107046085,1
648617,3,0,0.0007323642824289593,0.00247264107046085,0
648657,3,0,0.00012390694845442927,0.00247264107046085,0
648684,3,0,0.0006988135537586502,0.00247264107046085,0
648704,3,0,0.0003262039867375857,0.00247264107046085,0
648706,3,0,0.0001586523748355482,0.00247264107046085,0
648736,3,0,0.0021495531259266543,0.00247264107046085,0
648744,3,0,0.000582662664365425,0.00247264107046085,0
648766,3,0,0.00023195538244796408,0.00247264107046085,0
648776,3,0,0.0003156389687947101,0.00247264107046085,0
648782,3,0,0.003345155278497837,0.00247264107046085,1
648806,3,0,0.01232406520921469,0.00247264107046085,1
648812,3,0,0.00038563714736590944,0.00247264107046085,0
648842,3,0,0.0008111129150169011,0.00247264107046085,0
648849,3,0,0.0005374114567395739,0.00247264107046085,0
648897,3,0,0.0007015735307728975,0.00247264107046085,0
648925,3,0,0.0003523982451606461,0.00247264107046085,0
649043,3,0,0.000353343849490419,0.00247264107046085,0
649066,3,0,0.0008392771196309434,0.00247264107046085,0
649084,3,0,0.0007202885479307647,0.00247264107046085,0
649094,3,0,0.00035798957417105246,0.00247264107046085,0
649128,3,0,0.0011541928765257078,0.00247264107046085,0
649138,3,0,0.00030359746003160213,0.00247264107046085,0
649145,3,0,0.0006135291623082691,0.00247264107046085,0
649157,3,0,0.0013012616287147488,0.00247264107046085,0
649177,3,0,0.000545967828009216,0.00247264107046085,0
649205,3,0,0.0008639647899807641,0.00247264107046085,0
649212,3,0,0.0017124373214709326,0.00247264107046085,0
649250,3,0,0.0003467431025759846,0.00247264107046085,0
649261,3,0,0.00013108160678491841,0.00247264107046085,0
649377,3,0,0.0004841182589005,0.00247264107046085,0
649383,3,0,0.0016363338140589249,0.00247264107046085,0
649385,3,0,0.00046632854621884984,0.00247264107046085,0
649393,3,0,0.0008137944992810122,0.00247264107046085,0
649423,3,0,0.0001277702583925099,0.00247264107046085,0
649493,3,0,0.000514172039934168,0.00247264107046085,0
649498,3,0,0.007124391849934122,0.00247264107046085,1
649501,3,0,0.00034147786859386114,0.00247264107046085,0
649537,3,0,0.00045152409955943635,0.00247264107046085,0
649540,3,0,0.000923628999731332,0.00247264107046085,0
649548,3,0,0.0001613517246404808,0.00247264107046085,0
649551,3,0,0.00019612246445269968,0.00247264107046085,0
649555,3,0,3.3712114964601605e-05,0.00247264107046085,0
649557,3,0,0.0015676997734642955,0.00247264107046085,0
649643,3,0,0.006031890198397612,0.00247264107046085,1
649709,3,0,0.0007324887605208983,0.00247264107046085,0
649730,3,0,0.0003617848795009806,0.00247264107046085,0
649737,3,0,0.0002297481250648705,0.00247264107046085,0
649765,3,0,0.0002167702561478263,0.00247264107046085,0
649789,3,0,0.0005200323025430071,0.00247264107046085,0
649793,3,0,0.0006556758122564223,0.00247264107046085,0
649795,3,0,0.00016797204261505294,0.00247264107046085,0
649805,3,0,0.00053607301783291,0.00247264107046085,0
649816,3,0,0.0017595421585693688,0.00247264107046085,0
649841,3,0,0.005561800697513611,0.00247264107046085,1
649899,3,0,0.0007050761857293669,0.00247264107046085,0
649903,3,0,0.0007381006560348546,0.00247264107046085,0
649907,3,0,9.16105670433178e-05,0.00247264107046085,0
649929,3,0,0.0029462274080795567,0.00247264107046085,1
649939,3,0,0.0001357540229239957,0.00247264107046085,0
649962,3,0,0.0004734217960981424,0.00247264107046085,0
650079,3,0,0.0004588545354624225,0.00247264107046085,0
650099,3,0,0.0016350239172553721,0.00247264107046085,0
650110,3,0,0.0011166065571433066,0.00247264107046085,0
650152,3,0,0.004092654408631105,0.00247264107046085,1
650169,3,0,0.004947645257275608,0.00247264107046085,1
650191,3,0,0.0001179393234911466,0.00247264107046085,0
650194,3,0,0.0006025378702524407,0.00247264107046085,0
650195,3,0,0.000962209812437983,0.00247264107046085,0
650205,3,0,0.00029962093716095556,0.00247264107046085,0
650223,3,0,0.0008330441704409942,0.00247264107046085,0
650231,3,0,0.0003234384254729123,0.00247264107046085,0
650240,3,0,0.0016196816048444002,0.00247264107046085,0
650247,3,0,0.0004373695802457727,0.00247264107046085,0
650249,3,0,0.003077907149230598,0.00247264107046085,1
650280,3,0,0.003027298381890372,0.00247264107046085,1
650305,3,0,0.0002252895749114551,0.00247264107046085,0
650306,3,0,0.000954919009555044,0.00247264107046085,0
650317,3,0,0.00019399121341627878,0.00247264107046085,0
650328,3,0,0.0005396209188127022,0.00247264107046085,0
650331,3,0,0.0007792078669117002,0.00247264107046085,0
650334,3,0,0.00044178357975663973,0.00247264107046085,0
650372,3,0,0.0013606058814782085,0.00247264107046085,0
650432,3,0,0.0003042966379129687,0.00247264107046085,0
650439,3,0,0.00030782769137421373,0.00247264107046085,0
650451,3,0,0.00013159130729582862,0.00247264107046085,0
650468,3,0,0.000693840432234164,0.00247264107046085,0
650476,3,0,0.0017296448853862554,0.00247264107046085,0
650482,3,0,0.0001903946427529472,0.00247264107046085,0
650484,3,0,0.000582469456891866,0.00247264107046085,0
650499,3,0,0.0007050233114739823,0.00247264107046085,0
650580,3,0,0.0035582878335343473,0.00247264107046085,1
650629,3,0,0.00016400687387810536,0.00247264107046085,0
650630,3,0,0.00019630353614729084,0.00247264107046085,0
650639,3,0,0.0004382893987872769,0.00247264107046085,0
650646,3,0,0.00010908767630264508,0.00247264107046085,0
650664,3,0,0.0001707412779065385,0.00247264107046085,0
650676,3,0,0.00012755635779705527,0.00247264107046085,0
650689,3,0,0.0005025911797412746,0.00247264107046085,0
650694,3,0,0.00012357896000133236,0.00247264107046085,0
650703,3,0,0.00013504902812879125,0.00247264107046085,0
650708,3,0,0.0004869725659505188,0.00247264107046085,0
650730,3,0,0.00022661229109869789,0.00247264107046085,0
650735,3,0,0.0001615831074603632,0.00247264107046085,0
650760,3,0,0.0011008924373237426,0.00247264107046085,0
650775,3,0,0.0008884932457754809,0.00247264107046085,0
650806,3,0,0.0017626707670097463,0.00247264107046085,0
650808,3,0,0.0007493232331518935,0.00247264107046085,0
650835,3,0,0.00031818160038287515,0.00247264107046085,0
650854,3,0,0.001064027729491581,0.00247264107046085,0
650876,3,0,0.00011761155669011772,0.00247264107046085,0
650883,3,0,0.0009194715823964195,0.00247264107046085,0
650935,3,0,0.0010625538728257062,0.00247264107046085,0
650947,3,0,0.00016766811329082002,0.00247264107046085,0
650967,3,0,0.00031586823796194395,0.00247264107046085,0
651028,3,0,5.281907575589635e-05,0.00247264107046085,0
651037,3,0,0.0011041509042473455,0.00247264107046085,0
651071,3,0,0.0018974526337135606,0.00247264107046085,0
651102,3,0,0.0052730219318937585,0.00247264107046085,1
651109,3,0,0.00022824910649891174,0.00247264107046085,0
651110,3,0,0.0006028039597170736,0.00247264107046085,0
651115,3,0,0.000554749911472734,0.00247264107046085,0
651134,3,0,0.00015212137463089755,0.00247264107046085,0
651141,3,0,0.00039991496170709376,0.00247264107046085,0
651182,3,0,0.0007406996213132127,0.00247264107046085,0
651190,3,0,0.00013712042087265488,0.00247264107046085,0
651191,3,0,0.0034943325963185234,0.00247264107046085,1
651223,3,0,0.0025728031425819517,0.00247264107046085,1
651248,3,0,0.001303711357993705,0.00247264107046085,0
651252,3,0,0.00035934810957326464,0.00247264107046085,0
651320,3,0,0.00047389965934256856,0.00247264107046085,0
651342,3,0,0.007695226906795228,0.00247264107046085,1
651348,3,0,0.00016435257160073833,0.00247264107046085,0
651372,3,0,0.00017024515332528923,0.00247264107046085,0
651374,3,0,0.00033963315131943863,0.00247264107046085,0
651380,3,0,0.00011871494751797738,0.00247264107046085,0
651393,3,0,0.00011399816272510271,0.00247264107046085,0
651399,3,0,0.0002611027205881375,0.00247264107046085,0
651401,3,0,0.00040230399563083403,0.00247264107046085,0
651458,3,0,0.00011604369351882578,0.00247264107046085,0
651470,3,0,5.731296885974487e-05,0.00247264107046085,0
651479,3,0,7.777628669251045e-05,0.00247264107046085,0
651484,3,0,0.0002833703286002774,0.00247264107046085,0
651491,3,0,0.00012805266931239826,0.00247264107046085,0
651525,3,0,0.0004029411607336983,0.00247264107046085,0
651531,3,0,0.08115984462157,0.00247264107046085,1
651615,3,0,0.0008246719024247823,0.00247264107046085,0
651632,3,0,0.0023524078090205736,0.00247264107046085,0
651687,3,0,0.0014407312956675284,0.00247264107046085,0
651690,3,0,0.0006429290078606892,0.00247264107046085,0
651694,3,0,0.0016141277785738112,0.00247264107046085,0
651709,3,0,0.001230567617738921,0.00247264107046085,0
651712,3,0,0.0018909326347521754,0.00247264107046085,0
651729,3,0,0.00028145686540659184,0.00247264107046085,0
651744,3,0,0.0002592419728745148,0.00247264107046085,0
651768,3,0,0.0001856115655916875,0.00247264107046085,0
651774,3,0,0.0011140143648928802,0.00247264107046085,0
651852,3,0,0.00024671911577659296,0.00247264107046085,0
651874,3,0,0.00030903243080171135,0.00247264107046085,0
651909,3,0,0.006201025643768133,0.00247264107046085,1
651944,3,0,0.0007161574169166984,0.00247264107046085,0
652013,3,0,0.00043997232985846645,0.00247264107046085,0
652087,3,0,0.0004909403512758763,0.00247264107046085,0
652135,3,0,0.0008344412889438084,0.00247264107046085,0
652224,3,0,0.00030533686768862827,0.00247264107046085,0
652249,3,0,0.0013770319861105542,0.00247264107046085,0
652261,3,0,0.00016652669492498164,0.00247264107046085,0
652277,3,0,0.00018450562767027666,0.00247264107046085,0
652300,3,0,0.0003302425767259701,0.00247264107046085,0
652344,3,0,0.0008530497958164228,0.00247264107046085,0
652377,3,0,0.0011127113262740902,0.00247264107046085,0
652395,3,0,0.001262012684869134,0.00247264107046085,0
652398,3,0,0.0001421162390585088,0.00247264107046085,0
652399,3,0,0.00035790638881075243,0.00247264107046085,0
652468,3,0,0.0007454209295276427,0.00247264107046085,0
652487,3,0,0.0019064581152626232,0.00247264107046085,0
652506,3,0,0.002463095855859698,0.00247264107046085,0
652557,3,0,0.00014537555811167024,0.00247264107046085,0
652601,3,0,0.003762541864062517,0.00247264107046085,1
652620,3,0,0.0013343587454942183,0.00247264107046085,0
652654,3,0,0.0001772258768622828,0.00247264107046085,0
652656,3,0,0.0020375411828488675,0.00247264107046085,0
652657,3,0,0.0031277845135076732,0.00247264107046085,1
652665,3,0,8.145246805006965e-05,0.00247264107046085,0
652711,3,0,0.0004422165666202972,0.00247264107046085,0
652738,3,0,0.0003726074380788096,0.00247264107046085,0
652740,3,0,0.0002926233296884796,0.00247264107046085,0
652786,3,0,0.00039745607339943884,0.00247264107046085,0
652796,3,0,0.0005596700045664831,0.00247264107046085,0
652802,3,0,0.0002363341827097686,0.00247264107046085,0
652806,3,0,0.005295893530092418,0.00247264107046085,1
652819,3,0,0.0002319187196063659,0.00247264107046085,0
652838,3,0,0.0008361662400404077,0.00247264107046085,0
652875,3,0,0.001662253341582276,0.00247264107046085,0
652878,3,0,0.0002897536902284532,0.00247264107046085,0
652883,3,0,0.013357523695752929,0.00247264107046085,1
652921,3,0,0.016921705198013507,0.00247264107046085,1
652955,3,0,0.0004574663375859757,0.00247264107046085,0
652967,3,0,0.0005714346451472326,0.00247264107046085,0
652984,3,0,0.0003114718005882293,0.00247264107046085,0
652989,3,0,0.00032753715187358145,0.00247264107046085,0
652990,3,0,0.0007006751211660092,0.00247264107046085,0
652994,3,0,0.0005535071724458566,0.00247264107046085,0
653110,3,0,0.00034589398825575355,0.00247264107046085,0
653163,3,0,0.00018480775757304945,0.00247264107046085,0
653235,3,0,0.00023793249911336408,0.00247264107046085,0
653318,3,0,0.023127779973365202,0.00247264107046085,1
653333,3,0,0.0005074402739209528,0.00247264107046085,0
653349,3,0,0.00020631374982529925,0.00247264107046085,0
653354,3,0,0.00015852084643204324,0.00247264107046085,0
653380,3,0,0.00042514924107075894,0.00247264107046085,0
653388,3,0,0.0002134266688896959,0.00247264107046085,0
653392,3,0,0.0031476220359916347,0.00247264107046085,1
653393,3,0,0.0008366447585299234,0.00247264107046085,0
653426,3,0,0.0005281730109719587,0.00247264107046085,0
653427,3,0,0.000285828209830418,0.00247264107046085,0
653438,3,0,0.0009035054386577946,0.00247264107046085,0
653468,3,0,0.00016467705281267173,0.00247264107046085,0
653545,3,0,0.0002555550125229514,0.00247264107046085,0
653551,3,0,0.0006600268792721036,0.00247264107046085,0
653597,3,0,0.0005392131895393677,0.00247264107046085,0
653639,3,0,0.002422241706220864,0.00247264107046085,0
653643,3,0,0.012540977153230859,0.00247264107046085,1
653644,3,0,0.0007257218044182018,0.00247264107046085,0
653652,3,0,0.0005051617011472178,0.00247264107046085,0
653669,3,0,0.0018565269513777045,0.00247264107046085,0
653677,3,0,0.0018516161435941565,0.00247264107046085,0
653691,3,0,0.00022242579189135644,0.00247264107046085,0
653714,3,0,0.00029601818740715007,0.00247264107046085,0
653784,3,0,0.0009261529016350861,0.00247264107046085,0
653819,3,0,0.002537875098788975,0.00247264107046085,1
653935,3,0,0.0004475527918412396,0.00247264107046085,0
653946,3,0,0.00045249682939011907,0.00247264107046085,0
653968,3,0,0.0023628648167512705,0.00247264107046085,0
653969,3,0,0.0041866718761975575,0.00247264107046085,1
653987,3,0,0.0008529114247178198,0.00247264107046085,0
653991,3,0,0.0024993997377632743,0.00247264107046085,1
653992,3,0,0.0002531788243506334,0.00247264107046085,0
654040,3,0,0.00032420430781956875,0.00247264107046085,0
654065,3,0,0.002210333398566996,0.00247264107046085,0
654081,3,0,0.00020782336107624442,0.00247264107046085,0
654123,3,0,0.00046767376233812426,0.00247264107046085,0
654156,3,0,0.01050853127289556,0.00247264107046085,1
654157,3,0,0.0007764124871250862,0.00247264107046085,0
654161,3,0,0.001606629540539931,0.00247264107046085,0
654174,3,0,0.0001700206360331739,0.00247264107046085,0
654177,3,0,0.0003181234946824386,0.00247264107046085,0
654206,3,0,0.000310234572190172,0.00247264107046085,0
654226,3,0,0.0016267955563345575,0.00247264107046085,0
654247,3,0,0.0009847374701329658,0.00247264107046085,0
654279,3,0,0.0008096354915261004,0.00247264107046085,0
654297,3,0,0.0008523201537817334,0.00247264107046085,0
654298,3,0,0.0014117073270183233,0.00247264107046085,0
654302,3,0,0.003015764401435704,0.00247264107046085,1
654326,3,0,0.0004362631543481355,0.00247264107046085,0
654333,3,0,0.00011171945764584648,0.00247264107046085,0
654340,3,0,0.00033661428271232604,0.00247264107046085,0
654417,3,0,0.00039189320733661975,0.00247264107046085,0
654428,3,0,0.0022771961636074154,0.00247264107046085,0
654442,3,0,0.0005226295953079924,0.00247264107046085,0
654476,3,0,0.00017634613403787042,0.00247264107046085,0
654492,3,0,0.00030622407970088924,0.00247264107046085,0
654500,3,0,0.0011951099783616438,0.00247264107046085,0
654528,3,0,0.0035602195996574946,0.00247264107046085,1
654532,3,0,0.000853196117381184,0.00247264107046085,0
654559,3,0,0.006646542657563367,0.00247264107046085,1
654567,3,0,0.0009195806844689952,0.00247264107046085,0
654594,3,0,0.0011560501388042687,0.00247264107046085,0
654628,3,0,0.0005534332338928971,0.00247264107046085,0
654661,3,0,0.00037395824180010953,0.00247264107046085,0
654701,3,0,0.001306308590780499,0.00247264107046085,0
654703,3,0,0.0010506477196714173,0.00247264107046085,0
654749,3,0,0.00047132188680407215,0.00247264107046085,0
654760,3,0,0.001322666261767738,0.00247264107046085,0
654781,3,0,0.0014702480920099378,0.00247264107046085,0
654788,3,0,0.0003220131923248218,0.00247264107046085,0
654804,3,0,0.0003219746748364801,0.00247264107046085,0
654844,3,0,0.0001398108588220809,0.00247264107046085,0
654864,3,0,0.002007547217376071,0.00247264107046085,0
654882,3,0,0.0010350014892687152,0.00247264107046085,0
654889,3,0,0.00018205792040644562,0.00247264107046085,0
654890,3,0,0.000733113775823526,0.00247264107046085,0
654897,3,0,0.0005940505058747164,0.00247264107046085,0
654912,3,0,0.00011544920670899198,0.00247264107046085,0
654914,3,0,0.0005929019499267651,0.00247264107046085,0
654917,3,0,0.00027446450311785096,0.00247264107046085,0
654946,3,0,0.0002752935793633823,0.00247264107046085,0
654950,3,0,0.0003907672004922187,0.00247264107046085,0
654989,3,0,0.0008024220579534979,0.00247264107046085,0
655008,3,0,0.0008252839625919761,0.00247264107046085,0
655010,3,0,0.001982317022814293,0.00247264107046085,0
655079,3,0,0.002546626302645789,0.00247264107046085,1
655122,3,0,0.0031141334700351114,0.00247264107046085,1
655166,3,0,0.0019950629034551242,0.00247264107046085,0
655187,3,0,0.0007387645819482772,0.00247264107046085,0
655200,3,0,0.0001242097512113598,0.00247264107046085,0
655206,3,0,0.00042603454037481233,0.00247264107046085,0
655219,3,0,0.001060383216934297,0.00247264107046085,0
655254,3,0,0.002169868939267881,0.00247264107046085,0
655295,3,0,3.9964303196084984e-05,0.00247264107046085,0
655320,3,0,0.002182796290566474,0.00247264107046085,0
655340,3,0,0.00039438533593418376,0.00247264107046085,0
655345,3,0,0.00018393578487731639,0.00247264107046085,0
655378,3,0,0.00018247054390287644,0.00247264107046085,0
655381,3,0,0.0066426819680492875,0.00247264107046085,1
655444,3,0,0.002592110659689342,0.00247264107046085,1
655502,3,0,0.0003060405956078056,0.00247264107046085,0
655508,3,0,0.00032979813687281155,0.00247264107046085,0
655512,3,0,0.0002933938217004394,0.00247264107046085,0
655540,3,0,0.0005520887970286968,0.00247264107046085,0
655577,3,0,0.002039559438776228,0.00247264107046085,0
655598,3,0,0.0006868990078776063,0.00247264107046085,0
655613,3,0,0.000346211885174009,0.00247264107046085,0
655700,3,0,0.00020702732288576097,0.00247264107046085,0
655710,3,0,0.0009944164010052216,0.00247264107046085,0
655713,3,0,0.0013955258124744771,0.00247264107046085,0
655753,3,0,0.000995258182147963,0.00247264107046085,0
655766,3,0,0.0013361794958730413,0.00247264107046085,0
655796,3,0,0.0005548919019656893,0.00247264107046085,0
655811,3,0,0.00028762267026807473,0.00247264107046085,0
655864,3,0,0.00023149968089476584,0.00247264107046085,0
655882,3,0,0.00019414997199331753,0.00247264107046085,0
655885,3,0,0.0002617602859302452,0.00247264107046085,0
655903,3,0,0.0004267843897399019,0.00247264107046085,0
655904,3,0,0.0007661989308680907,0.00247264107046085,0
655936,3,0,0.0009009300922617021,0.00247264107046085,0
655942,3,0,0.0011253084133699919,0.00247264107046085,0
655967,3,0,7.572743705040428e-05,0.00247264107046085,0
656002,3,0,0.0004249200944371554,0.00247264107046085,0
656007,3,0,0.0016663151087807355,0.00247264107046085,0
656014,3,0,0.00044743629500448623,0.00247264107046085,0
656022,3,0,0.0003967642159053013,0.00247264107046085,0
656032,3,0,0.0013247683306933373,0.00247264107046085,0
656058,3,0,0.0034788400836558483,0.00247264107046085,1
656066,3,0,0.0002491410732672048,0.00247264107046085,0
656106,3,0,0.001558854390228336,0.00247264107046085,0
656137,3,0,0.0005041175281796934,0.00247264107046085,0
656146,3,0,0.00043224626225056903,0.00247264107046085,0
656169,3,0,0.00025794421935656473,0.00247264107046085,0
656181,3,0,0.0001741848076756369,0.00247264107046085,0
656204,3,0,0.00013544235483928642,0.00247264107046085,0
656205,3,0,0.0005415924489941184,0.00247264107046085,0
656236,3,0,0.0005541620938499361,0.00247264107046085,0
656266,3,0,0.0017210554216227582,0.00247264107046085,0
656290,3,0,0.0002956916413248221,0.00247264107046085,0
656333,3,0,0.004258403514973192,0.00247264107046085,1
656366,3,0,0.0005593617009170741,0.00247264107046085,0
656367,3,0,0.0008325124583058855,0.00247264107046085,0
657428,3,0,0.00024172581805925506,0.00247264107046085,0
657444,3,0,0.0013086492395697118,0.00247264107046085,0
657615,3,0,0.00042585672635420753,0.00247264107046085,0
657641,3,0,0.00020671906311796467,0.00247264107046085,0
657714,3,0,0.0002087911215821554,0.00247264107046085,0
657739,3,0,0.0005987697329569549,0.00247264107046085,0
657740,3,0,0.00030634603261233973,0.00247264107046085,0
657746,3,0,0.0006988216177676356,0.00247264107046085,0
657751,3,0,0.0020353726599804155,0.00247264107046085,0
657779,3,0,0.000392034367193222,0.00247264107046085,0
657783,3,0,0.001967292723335577,0.00247264107046085,0
657816,3,0,0.00020400575937132423,0.00247264107046085,0
657932,3,0,0.0009030055420743214,0.00247264107046085,0
657980,3,0,0.00036854973135824835,0.00247264107046085,0
658007,3,0,0.0009427832704099583,0.00247264107046085,0
658322,3,0,0.024097648121977306,0.00247264107046085,1
658334,3,0,0.0006491389637069507,0.00247264107046085,0
658344,3,0,0.00035386145719364966,0.00247264107046085,0
658445,3,0,0.001136642184592447,0.00247264107046085,0
658504,3,0,0.00034534517313243145,0.00247264107046085,0
658527,3,0,0.0003221943071963936,0.00247264107046085,0
658589,3,0,0.000564843916435963,0.00247264107046085,0
658596,3,0,0.001851975076872799,0.00247264107046085,0
658605,3,0,0.0014090093601279176,0.00247264107046085,0
658686,3,0,0.00036749391941337463,0.00247264107046085,0
658704,3,0,7.264908804431232e-05,0.00247264107046085,0
658710,3,0,0.0006138128516941861,0.00247264107046085,0
658729,3,0,0.0007294334908465029,0.00247264107046085,0
658855,3,0,0.00012816192192269266,0.00247264107046085,0
658861,3,0,0.0008116460286146311,0.00247264107046085,0
658866,3,0,0.0002078958375313509,0.00247264107046085,0
658871,3,0,0.014356659402653385,0.00247264107046085,1
658900,3,0,0.0022886903769139422,0.00247264107046085,0
658948,3,0,0.001645996535993336,0.00247264107046085,0
658953,3,0,0.0012896673054360996,0.00247264107046085,0
658969,3,0,0.0002991392930726359,0.00247264107046085,0
658973,3,0,0.0007724587633673916,0.00247264107046085,0
658979,3,0,0.0036306793439111924,0.00247264107046085,1
659066,3,0,0.002069160420339056,0.00247264107046085,0
659074,3,0,0.0005038194124197865,0.00247264107046085,0
659090,3,0,0.0010482619363708868,0.00247264107046085,0
659131,3,0,0.00012495953635068913,0.00247264107046085,0
659192,3,0,0.00022275065269448678,0.00247264107046085,0
659234,3,0,0.0011711735475521186,0.00247264107046085,0
659311,3,0,0.002794662805929639,0.00247264107046085,1
659321,3,0,0.00012313333442694308,0.00247264107046085,0
659391,3,0,0.00023066529036173782,0.00247264107046085,0
659401,3,0,0.010445327424930111,0.00247264107046085,1
659462,3,0,0.0006135816593111277,0.00247264107046085,0
659477,3,0,0.0001805843173406891,0.00247264107046085,0
659494,3,0,0.000233928286248314,0.00247264107046085,0
659509,3,0,0.0004982871003317632,0.00247264107046085,0
659531,3,0,0.00020901772147932234,0.00247264107046085,0
659552,3,0,0.0006838512405608427,0.00247264107046085,0
659566,3,0,0.002301404316198607,0.00247264107046085,0
659570,3,0,0.001942762448944808,0.00247264107046085,0
659705,3,0,0.0006159694575500223,0.00247264107046085,0
659783,3,0,0.0023341237784309087,0.00247264107046085,0
659788,3,0,0.0022737920483689236,0.00247264107046085,0
659798,3,0,0.00013231101555728078,0.00247264107046085,0
659814,3,0,0.00015558981123263993,0.00247264107046085,0
659850,3,0,0.00661531044187564,0.00247264107046085,1
659862,3,0,0.005100804294852651,0.00247264107046085,1
659922,3,0,0.006685428731501502,0.00247264107046085,1
659930,3,0,0.0009978615178410808,0.00247264107046085,0
659976,3,0,0.0038328342984609125,0.00247264107046085,1
660046,3,0,0.0003170414994849619,0.00247264107046085,0
660075,3,0,0.0020067805928996848,0.00247264107046085,0
660099,3,0,0.00019864472673960894,0.00247264107046085,0
660100,3,0,0.00023599640596227108,0.00247264107046085,0
660110,3,0,0.0001354474562873458,0.00247264107046085,0
660150,3,0,0.0015211286244459076,0.00247264107046085,0
660161,3,0,0.0006619016064374783,0.00247264107046085,0
660173,3,0,0.005655982107887095,0.00247264107046085,1
660234,3,0,0.0002912320460275298,0.00247264107046085,0
660250,3,0,0.003443441653653656,0.00247264107046085,1
660252,3,0,0.0009062252216821778,0.00247264107046085,0
660270,3,0,0.00039605511901731784,0.00247264107046085,0
660459,3,0,0.00035885463079235295,0.00247264107046085,0
660522,3,0,0.00041124183991984284,0.00247264107046085,0
660531,3,0,0.008643435442377204,0.00247264107046085,1
660577,3,0,0.0006857087932586351,0.00247264107046085,0
660581,3,0,0.00019836135349246643,0.00247264107046085,0
660643,3,0,0.0010355214991981517,0.00247264107046085,0
660647,3,0,8.807169976582473e-05,0.00247264107046085,0
660652,3,0,0.0006040906569323868,0.00247264107046085,0
660710,3,0,0.00013073528759147246,0.00247264107046085,0
660758,3,0,0.00010716241095770924,0.00247264107046085,0
660766,3,0,0.00035516506547485146,0.00247264107046085,0
660785,3,0,0.00074513193932435,0.00247264107046085,0
660802,3,0,0.0008128143772062128,0.00247264107046085,0
660809,3,0,0.0003182189042189074,0.00247264107046085,0
660850,3,0,0.004853879581651647,0.00247264107046085,1
660885,3,0,0.0002700383888103542,0.00247264107046085,0
660974,3,0,0.0034999018631691314,0.00247264107046085,1
661054,3,0,0.0002839114010697368,0.00247264107046085,0
661060,3,0,0.0009377545259205524,0.00247264107046085,0
661064,3,0,0.0006724196178698622,0.00247264107046085,0
661102,3,0,0.0008088949367244382,0.00247264107046085,0
661117,3,0,0.0007118475354610463,0.00247264107046085,0
661191,3,0,0.0004979142204462978,0.00247264107046085,0
661292,3,0,0.0003033210113374462,0.00247264107046085,0
661348,3,0,0.0006766412297111037,0.00247264107046085,0
661355,3,0,0.00015565852793574512,0.00247264107046085,0
661389,3,0,0.00016242655112408676,0.00247264107046085,0
661465,3,0,0.0034293700281297942,0.00247264107046085,1
661488,3,0,0.0004210412649658948,0.00247264107046085,0
661512,3,0,0.0003341312521176415,0.00247264107046085,0
661632,3,0,0.00014256378142228428,0.00247264107046085,0
661755,3,0,0.0016085031266149358,0.00247264107046085,0
661801,3,0,6.700491037298572e-05,0.00247264107046085,0
661825,3,0,0.0007306849448181327,0.00247264107046085,0
661878,3,0,0.0002422562410434577,0.00247264107046085,0
661904,3,0,0.002146075705185414,0.00247264107046085,0
661921,3,0,0.0005718939271636359,0.00247264107046085,0
661953,3,0,0.003077424183629929,0.00247264107046085,1
661961,3,0,0.009151886477881921,0.00247264107046085,1
661967,3,0,0.00028688162896697877,0.00247264107046085,0
661981,3,0,0.0009068398817984174,0.00247264107046085,0
662008,3,0,0.0011035976573438718,0.00247264107046085,0
662090,3,0,0.00036479037641241,0.00247264107046085,0
662102,3,0,0.004125408522751472,0.00247264107046085,1
662104,3,0,0.0021493806593038066,0.00247264107046085,0
662169,3,0,0.0014954407043007549,0.00247264107046085,0
662174,3,0,0.0002609304876805418,0.00247264107046085,0
662175,3,0,0.0006087213574868498,0.00247264107046085,0
662228,3,0,0.00030638748575320907,0.00247264107046085,0
662238,3,0,0.00017834427823790162,0.00247264107046085,0
662239,3,0,0.004818449975435585,0.00247264107046085,1
662240,3,0,0.0013919728803581826,0.00247264107046085,0
662273,3,0,0.004013740907608703,0.00247264107046085,1
662305,3,0,0.003541847146619787,0.00247264107046085,1
662308,3,0,0.0013348105860515004,0.00247264107046085,0
662338,3,0,0.0006218269530424532,0.00247264107046085,0
662381,3,0,0.0012015942954309213,0.00247264107046085,0
662383,3,0,0.0015021519149651555,0.00247264107046085,0
662405,3,0,0.0006300272579808593,0.00247264107046085,0
662411,3,0,0.0004432931805761813,0.00247264107046085,0
662419,3,0,0.00043264697115884997,0.00247264107046085,0
662433,3,0,0.0019722599817121283,0.00247264107046085,0
662487,3,0,0.00031618325917073424,0.00247264107046085,0
662539,3,0,0.0021618311952705483,0.00247264107046085,0
662570,3,0,0.0007125360106243469,0.00247264107046085,0
662588,3,0,0.01635053502477539,0.00247264107046085,1
662608,3,0,0.004753535745213671,0.00247264107046085,1
662688,3,0,0.0007679759310949407,0.00247264107046085,0
662693,3,0,0.00023169241998818028,0.00247264107046085,0
662695,3,0,0.0001431655465901516,0.00247264107046085,0
662736,3,0,0.00026721284279678144,0.00247264107046085,0
662791,3,0,0.0010711032197179922,0.00247264107046085,0
662812,3,0,0.005984875160771092,0.00247264107046085,1
662888,3,0,0.0016835071523075937,0.00247264107046085,0
662894,3,0,0.00400447526225849,0.00247264107046085,1
662967,3,0,0.003371333971610703,0.00247264107046085,1
662974,3,0,0.046308099980432456,0.00247264107046085,1
663011,3,0,0.0009792840621547741,0.00247264107046085,0
663112,3,0,0.0006629401294466112,0.00247264107046085,0
663128,3,0,0.00037726469553366466,0.00247264107046085,0
663186,3,0,0.00018512353044083593,0.00247264107046085,0
663193,3,0,0.0004379728890540627,0.00247264107046085,0
663232,3,0,0.0007716624245063871,0.00247264107046085,0
663259,3,0,0.0003898131052013917,0.00247264107046085,0
663266,3,0,0.001999556373174659,0.00247264107046085,0
663275,3,0,0.000123416514999989,0.00247264107046085,0
663310,3,0,0.0004135305674633779,0.00247264107046085,0
663338,3,0,0.003827349966305495,0.00247264107046085,1
663407,3,0,0.00024076217587561135,0.00247264107046085,0
663417,3,0,0.0006515748368824974,0.00247264107046085,0
663422,3,0,0.0011971333950357352,0.00247264107046085,0
663454,3,0,0.04089679703652571,0.00247264107046085,1
663464,3,0,0.00040227179384423427,0.00247264107046085,0
663468,3,0,0.0013748847909716227,0.00247264107046085,0
663474,3,0,0.0010488730235185713,0.00247264107046085,0
663475,3,0,0.0002615894315615183,0.00247264107046085,0
663549,3,0,0.0053913584830490675,0.00247264107046085,1
663573,3,0,0.0006370721471801419,0.00247264107046085,0
663577,3,0,0.00011681543690435849,0.00247264107046085,0
663596,3,0,0.0007749456239561221,0.00247264107046085,0
663638,3,0,0.0013852246053303269,0.00247264107046085,0
663750,3,0,0.00021405978232654746,0.00247264107046085,0
663765,3,0,9.562527684890468e-05,0.00247264107046085,0
663767,3,0,0.0002140965328156531,0.00247264107046085,0
663828,3,0,0.0030067939931293494,0.00247264107046085,1
663863,3,0,0.00018064952174093795,0.00247264107046085,0
663876,3,0,0.0009539005513584596,0.00247264107046085,0
663887,3,0,0.0007034090402406704,0.00247264107046085,0
663893,3,0,0.023726180427102124,0.00247264107046085,1
663943,3,0,0.00067994528989627,0.00247264107046085,0
663955,3,0,0.0005562705235947056,0.00247264107046085,0
663966,3,0,0.0016243870550421869,0.00247264107046085,0
663978,3,0,6.881594837829339e-05,0.00247264107046085,0
663991,3,0,0.005914318132129496,0.00247264107046085,1
664000,3,0,0.00042484300938543606,0.00247264107046085,0
664031,3,0,0.0029522660188702663,0.00247264107046085,1
664072,3,0,0.01134113331751905,0.00247264107046085,1
664129,3,0,0.014920996373792112,0.00247264107046085,1
664133,3,0,0.00021781812528185064,0.00247264107046085,0
664157,3,0,0.0002775016971212768,0.00247264107046085,0
664167,3,0,0.0019752794619938754,0.00247264107046085,0
664168,3,0,0.0011523408857328028,0.00247264107046085,0
664227,3,0,0.0018721686306722711,0.00247264107046085,0
664228,3,0,0.0008400377739880104,0.00247264107046085,0
664258,3,0,0.0073700711526207855,0.00247264107046085,1
664264,3,0,0.00011324339668257032,0.00247264107046085,0
664279,3,0,0.0002435625344242179,0.00247264107046085,0
664295,3,0,8.914958599566308e-05,0.00247264107046085,0
664332,3,0,0.0009551729737160201,0.00247264107046085,0
664361,3,0,0.0005498282158499794,0.00247264107046085,0
664389,3,0,0.0007932138764350196,0.00247264107046085,0
664439,3,0,0.0026365282616224745,0.00247264107046085,1
664455,3,0,0.00120767956896274,0.00247264107046085,0
664460,3,0,0.0006000116024135161,0.00247264107046085,0
664485,3,0,0.0008404517680037275,0.00247264107046085,0
664498,3,0,0.00017510184547174298,0.00247264107046085,0
664501,3,0,0.0011851854965076152,0.00247264107046085,0
664518,3,0,0.0007712432216287707,0.00247264107046085,0
664546,3,0,0.00010751952467008179,0.00247264107046085,0
664554,3,0,0.00030809859098047894,0.00247264107046085,0
664556,3,0,0.00025865826756447057,0.00247264107046085,0
664557,3,0,0.0014453065730328663,0.00247264107046085,0
664651,3,0,0.0004948550348860044,0.00247264107046085,0
664686,3,0,6.008083254284766e-05,0.00247264107046085,0
664704,3,0,0.000551225835690517,0.00247264107046085,0
664761,3,0,0.005568322554444611,0.00247264107046085,1
664764,3,0,0.0009869670751201983,0.00247264107046085,0
664832,3,0,0.0016445121996945576,0.00247264107046085,0
664840,3,0,0.0032824802571925805,0.00247264107046085,1
664848,3,0,0.0014964939117893348,0.00247264107046085,0
664859,3,0,0.00016314462409430626,0.00247264107046085,0
664889,3,0,0.0006536900341895406,0.00247264107046085,0
664901,3,0,0.0013665255666182449,0.00247264107046085,0
664969,3,0,0.0004881593299871726,0.00247264107046085,0
665005,3,0,0.005907962790561051,0.00247264107046085,1
665031,3,0,0.00023221756613531005,0.00247264107046085,0
665032,3,0,0.008191241949994342,0.00247264107046085,1
665046,3,0,0.0003159683756739223,0.00247264107046085,0
665049,3,0,0.0004915945764807583,0.00247264107046085,0
665089,3,0,0.00011964247999160704,0.00247264107046085,0
665090,3,0,0.004912661247620159,0.00247264107046085,1
665092,3,0,0.0004189626316777605,0.00247264107046085,0
665102,3,0,0.0005257081655104717,0.00247264107046085,0
665128,3,0,0.0020123859904004277,0.00247264107046085,0
665141,3,0,0.0005244673618989513,0.00247264107046085,0
665147,3,0,0.0005974475989198728,0.00247264107046085,0
665184,3,0,0.00012301207676009782,0.00247264107046085,0
665199,3,0,0.00021895729880656362,0.00247264107046085,0
665212,3,0,0.0010653451112150078,0.00247264107046085,0
665272,3,0,0.004012432410717269,0.00247264107046085,1
665307,3,0,0.0007244981694049036,0.00247264107046085,0
665313,3,0,0.0003271067752588625,0.00247264107046085,0
665317,3,0,0.0005537374817490227,0.00247264107046085,0
665342,3,0,0.0006734559595527246,0.00247264107046085,0
665346,3,0,0.0012343953760000923,0.00247264107046085,0
665349,3,0,0.0008248263501162341,0.00247264107046085,0
665401,3,0,0.001848520333317084,0.00247264107046085,0
665413,3,0,0.009311950756067625,0.00247264107046085,1
665459,3,0,0.00018034410466902842,0.00247264107046085,0
665490,3,0,0.01312227579947134,0.00247264107046085,1
665537,3,0,0.0005385532478405092,0.00247264107046085,0
665548,3,0,0.0005419255288478559,0.00247264107046085,0
665553,3,0,0.0019696735803477563,0.00247264107046085,0
665577,3,0,0.0002742836369225136,0.00247264107046085,0
665580,3,0,0.0004289275944787149,0.00247264107046085,0
665589,3,0,0.0002428855386044631,0.00247264107046085,0
665591,3,0,0.00044807034799240774,0.00247264107046085,0
665614,3,0,0.002348652141079885,0.00247264107046085,0
665629,3,0,0.0010693432594251198,0.00247264107046085,0
665646,3,0,0.00014523873644409555,0.00247264107046085,0
665708,3,0,0.003127037555939373,0.00247264107046085,1
665724,3,0,0.002689374812725453,0.00247264107046085,1
665746,3,0,0.0029417305285823216,0.00247264107046085,1
665773,3,0,0.0022318592447564557,0.00247264107046085,0
665818,3,0,0.00037609247880982606,0.00247264107046085,0
665825,3,0,0.00011360190578554089,0.00247264107046085,0
665832,3,0,0.0006820014400012913,0.00247264107046085,0
665854,3,0,0.004211741865759053,0.00247264107046085,1
665874,3,0,0.0003644975916906006,0.00247264107046085,0
665878,3,0,0.0015612285852038767,0.00247264107046085,0
665882,3,0,0.001346167190912102,0.00247264107046085,0
665955,3,0,0.0010184502556756202,0.00247264107046085,0
665986,3,0,0.0011570237013150482,0.00247264107046085,0
666008,3,0,0.0017280482377768334,0.00247264107046085,0
666027,3,0,0.0014297757259328742,0.00247264107046085,0
666079,3,0,0.000663141901220849,0.00247264107046085,0
666081,3,0,0.0004311148501474124,0.00247264107046085,0
666119,3,0,0.0006499293115017421,0.00247264107046085,0
666138,3,0,0.0002727075490608633,0.00247264107046085,0
666145,3,0,0.002040754051692791,0.00247264107046085,0
666146,3,0,0.004923504084616118,0.00247264107046085,1
666153,3,0,0.009411088712961273,0.00247264107046085,1
666163,3,0,0.0007067507990459164,0.00247264107046085,0
666188,3,0,0.002500262975329931,0.00247264107046085,1
666202,3,0,0.0001674488244150472,0.00247264107046085,0
666255,3,0,0.0001662804006730361,0.00247264107046085,0
666287,3,0,0.0003380577066797362,0.00247264107046085,0
666290,3,0,0.0001684395297042186,0.00247264107046085,0
666342,3,0,0.00022654809187602965,0.00247264107046085,0
666364,3,0,0.0011147528884709608,0.00247264107046085,0
666365,3,0,0.009582288914872748,0.00247264107046085,1
666377,3,0,0.006000514916265951,0.00247264107046085,1
666412,3,0,0.0075531862550133385,0.00247264107046085,1
666414,3,0,0.0012727634358768647,0.00247264107046085,0
666434,3,0,0.001380175064983483,0.00247264107046085,0
666440,3,0,0.0014699885017210588,0.00247264107046085,0
666462,3,0,0.0007343819358355413,0.00247264107046085,0
666481,3,0,0.0016442948883339204,0.00247264107046085,0
666497,3,0,0.0005297591935231584,0.00247264107046085,0
666498,3,0,0.004565992191623383,0.00247264107046085,1
666549,3,0,0.000622813980611669,0.00247264107046085,0
666599,3,0,9.706975463929749e-05,0.00247264107046085,0
666600,3,0,0.0009435723554407803,0.00247264107046085,0
666619,3,0,0.0034575003658824295,0.00247264107046085,1
666629,3,0,0.0007432425294144555,0.00247264107046085,0
666665,3,0,0.00029187871537969214,0.00247264107046085,0
666690,3,0,0.006725813395801547,0.00247264107046085,1
666715,3,0,0.001055142834369148,0.00247264107046085,0
666723,3,0,0.0004471803194709758,0.00247264107046085,0
666735,3,0,0.002063080877597477,0.00247264107046085,0
666747,3,0,0.0003598369704039852,0.00247264107046085,0
666760,3,0,0.0006391949829712313,0.00247264107046085,0
666788,3,0,0.0011399773921388632,0.00247264107046085,0
666792,3,0,0.00028021928489885625,0.00247264107046085,0
666816,3,0,0.00021440287962505927,0.00247264107046085,0
666833,3,0,0.00012850186444465065,0.00247264107046085,0
666839,3,0,0.003207668460078869,0.00247264107046085,1
666859,3,0,0.00019313906251464398,0.00247264107046085,0
666872,3,0,0.0016825784440057793,0.00247264107046085,0
666895,3,0,0.0008721847125398282,0.00247264107046085,0
666906,3,0,0.0018464356524619933,0.00247264107046085,0
666937,3,0,0.014593315534561594,0.00247264107046085,1
666943,3,0,0.0008300537046775517,0.00247264107046085,0
666957,3,0,0.0008777485814159205,0.00247264107046085,0
666972,3,0,0.0007130145385813569,0.00247264107046085,0
666978,3,0,0.003630211756420234,0.00247264107046085,1
666986,3,0,0.011041544644284619,0.00247264107046085,1
667047,3,0,0.0003051397226864659,0.00247264107046085,0
667064,3,0,0.0021826406472908364,0.00247264107046085,0
667107,3,0,0.00027089105720149467,0.00247264107046085,0
667124,3,0,0.0011304279115185133,0.00247264107046085,0
667143,3,0,0.016749192457405433,0.00247264107046085,1
667162,3,0,0.003109745144424156,0.00247264107046085,1
667164,3,0,0.0055379869367948465,0.00247264107046085,1
667207,3,0,0.00042179934516395665,0.00247264107046085,0
667236,3,0,0.005330013203924338,0.00247264107046085,1
667267,3,0,0.000453471430254812,0.00247264107046085,0
667271,3,0,0.0009281239929873873,0.00247264107046085,0
667280,3,0,0.0003951916385376083,0.00247264107046085,0
667282,3,0,8.799812628901652e-05,0.00247264107046085,0
667308,3,0,0.0009987637097057373,0.00247264107046085,0
667326,3,0,0.0010867154452311968,0.00247264107046085,0
667347,3,0,0.0023425042520699856,0.00247264107046085,0
667349,3,0,0.008605316110955514,0.00247264107046085,1
667360,3,0,0.00023566958662298268,0.00247264107046085,0
667376,3,0,0.001088907116141578,0.00247264107046085,0
667378,3,0,0.0015940291229571445,0.00247264107046085,0
667403,3,0,0.0003006409466234374,0.00247264107046085,0
667413,3,0,5.852262137460733e-05,0.00247264107046085,0
667745,3,0,0.011302128868015269,0.00247264107046085,1
668798,3,0,0.0007779363114815181,0.00247264107046085,0
669275,3,0,0.0003594885335043709,0.00247264107046085,0
670148,3,0,0.0012872363687027447,0.00247264107046085,0
673680,3,0,0.060683518655336374,0.00247264107046085,1
675065,3,0,0.00020903376208649397,0.00247264107046085,0
676147,3,0,0.000981149230937929,0.00247264107046085,0
677530,3,0,0.0025987098197158822,0.00247264107046085,1
678367,3,0,0.0007554062809711819,0.00247264107046085,0
679158,3,0,0.000301946974281078,0.00247264107046085,0
682232,3,0,0.0008296733129131682,0.00247264107046085,0
684323,3,0,0.00033166205277252776,0.00247264107046085,0
684324,3,0,0.00031057164698181805,0.00247264107046085,0
685797,3,0,0.00022047922489100988,0.00247264107046085,0
685920,3,0,0.0009568648692587485,0.00247264107046085,0
692331,3,0,0.00026589434697523985,0.00247264107046085,0
692916,3,0,0.0005170686651336725,0.00247264107046085,0
693022,3,0,0.00037315256904033294,0.00247264107046085,0
694598,3,0,0.0008135227822033215,0.00247264107046085,0
696434,3,0,0.0004375719889383497,0.00247264107046085,0
696551,3,0,0.0002960977226130126,0.00247264107046085,0
696877,3,0,0.0001783750464829767,0.00247264107046085,0
697640,3,0,0.006898018869195705,0.00247264107046085,1
698373,3,0,0.00027672340002298987,0.00247264107046085,0
698667,3,0,0.00010775890908162848,0.00247264107046085,0
700199,3,0,0.0023106713979711975,0.00247264107046085,0
700392,3,0,0.00015321560584184265,0.00247264107046085,0
700629,3,0,0.0004527463127149232,0.00247264107046085,0
700853,3,0,0.005082679199472419,0.00247264107046085,1
701007,3,0,0.01196457724787424,0.00247264107046085,1
701256,3,0,0.003154454690455894,0.00247264107046085,1
702931,3,0,0.02219383332128332,0.00247264107046085,1
702932,3,0,0.0007322841099712449,0.00247264107046085,0
703128,3,0,0.0008857944953767528,0.00247264107046085,0
704147,3,0,0.00019740453804238938,0.00247264107046085,0
705556,3,0,0.0002740397038076703,0.00247264107046085,0
705878,3,0,0.006766094067287833,0.00247264107046085,1
705937,3,0,0.024874443417093352,0.00247264107046085,1
706051,3,0,0.0014281823875830683,0.00247264107046085,0
706181,3,0,0.00012593973006255112,0.00247264107046085,0
706682,3,0,0.0004728149181383159,0.00247264107046085,0
707119,3,0,0.0005070427889092408,0.00247264107046085,0
707608,3,0,0.0002630433666517557,0.00247264107046085,0
707882,3,0,0.005120153405181291,0.00247264107046085,1
707899,3,0,0.00043847677335281845,0.00247264107046085,0
708260,3,0,0.0014755411094289023,0.00247264107046085,0
709605,3,0,0.00949569692990086,0.00247264107046085,1
709831,3,0,0.0010979739462718202,0.00247264107046085,0
710737,3,0,0.0001364565891776202,0.00247264107046085,0
711270,3,0,5.332121674523997e-05,0.00247264107046085,0
711747,3,0,0.0004999611480623659,0.00247264107046085,0
712013,3,0,0.0005010122558747605,0.00247264107046085,0
712174,3,0,0.001346858437044085,0.00247264107046085,0
712563,3,0,0.00026588219599747476,0.00247264107046085,0
712592,3,0,0.0011206462045808428,0.00247264107046085,0
713898,3,0,0.00034094208915693086,0.00247264107046085,0
714409,3,0,0.0012716795734171217,0.00247264107046085,0
714424,3,0,0.001529614022547616,0.00247264107046085,0
714974,3,0,0.0006213506301099904,0.00247264107046085,0
715260,3,0,0.0014282804818022152,0.00247264107046085,0
715336,3,0,0.022969887555942557,0.00247264107046085,1
715656,3,0,0.002115024987645016,0.00247264107046085,0
716441,3,0,0.0002835768828247596,0.00247264107046085,0
716897,3,0,0.00012654053979119513,0.00247264107046085,0
717017,3,0,0.007019315177994486,0.00247264107046085,1
717229,3,0,8.239123716306609e-05,0.00247264107046085,0
717244,3,0,0.0001666245829883668,0.00247264107046085,0
717254,3,0,0.0005860970674515037,0.00247264107046085,0
717658,3,0,0.0037048607448542563,0.00247264107046085,1
717861,3,0,0.00040071192535045104,0.00247264107046085,0
718039,3,0,0.0001330213714810417,0.00247264107046085,0
718047,3,0,0.0008181491025352966,0.00247264107046085,0
718302,3,0,0.0012276287248064682,0.00247264107046085,0
718560,3,0,0.00016594839276528738,0.00247264107046085,0
718932,3,0,5.9595328669222034e-05,0.00247264107046085,0
718972,3,0,6.677786006323255e-05,0.00247264107046085,0
719198,3,0,0.001550052059044108,0.00247264107046085,0
719759,3,0,0.000613140428880238,0.00247264107046085,0
720122,3,0,0.0016180540509821068,0.00247264107046085,0
720263,3,0,0.000736703554191031,0.00247264107046085,0
720934,3,0,0.0004573717925642604,0.00247264107046085,0
722355,3,0,0.0022715569412846814,0.00247264107046085,0
723653,3,0,0.0002307891032621103,0.00247264107046085,0
724614,3,0,0.0031613792443634637,0.00247264107046085,1
724753,3,0,0.00037141541170852144,0.00247264107046085,0
726838,3,0,0.0003556760885286246,0.00247264107046085,0
728478,3,0,0.0007133956506284762,0.00247264107046085,0
729877,3,0,0.0011708170980958095,0.00247264107046085,0
730298,3,0,0.000383419620003547,0.00247264107046085,0
730796,3,0,0.00029375994593369497,0.00247264107046085,0
731089,3,0,0.00016647506364476735,0.00247264107046085,0
731336,3,0,0.0016831075525481128,0.00247264107046085,0
731919,3,0,0.00196231297036651,0.00247264107046085,0
731925,3,0,0.007618866926462606,0.00247264107046085,1
732103,3,0,0.0015911455975190583,0.00247264107046085,0
732359,3,0,0.00047962415224137993,0.00247264107046085,0
733980,3,0,0.0015697519352843076,0.00247264107046085,0
734363,3,0,0.0004838457883093924,0.00247264107046085,0
734582,3,0,0.0003153071507853145,0.00247264107046085,0
735048,3,0,0.00032770147620150023,0.00247264107046085,0
735642,3,0,0.00024320099101164802,0.00247264107046085,0
735665,3,0,0.00047365784002756817,0.00247264107046085,0
736812,3,0,0.0011278847033313042,0.00247264107046085,0
737750,3,0,0.0003625145289758437,0.00247264107046085,0
737887,3,0,0.001968294932449745,0.00247264107046085,0
738182,3,0,0.0003161528455248967,0.00247264107046085,0
739615,3,0,0.002230204219878984,0.00247264107046085,0
741074,3,0,0.002065077545687995,0.00247264107046085,0
741138,3,0,0.049821934601428794,0.00247264107046085,1
741366,3,0,0.00019821950430022115,0.00247264107046085,0
742133,3,0,0.0006400994713640514,0.00247264107046085,0
743416,3,0,0.001038752379405808,0.00247264107046085,0
743917,3,0,0.000626565149697722,0.00247264107046085,0
745851,3,0,0.00622129673545187,0.00247264107046085,1
746082,3,0,0.00021696609671273875,0.00247264107046085,0
746485,3,0,0.0004924127249500804,0.00247264107046085,0
746914,3,0,0.00010933988199266548,0.00247264107046085,0
747912,3,0,0.003613146272540799,0.00247264107046085,1
748269,3,0,0.0009146095186415425,0.00247264107046085,0
748331,3,0,0.00012398264226620796,0.00247264107046085,0
749132,3,0,0.003831606700085659,0.00247264107046085,1
749965,3,0,0.00040901055395065343,0.00247264107046085,0
750199,3,0,0.005848469168846068,0.00247264107046085,1
750201,3,0,0.00040535404286128345,0.00247264107046085,0
750789,3,0,0.0036232538859318326,0.00247264107046085,1
751067,3,0,0.00012489462837065628,0.00247264107046085,0
751300,3,0,0.00024148371268236662,0.00247264107046085,0
751538,3,0,0.0010656887186963164,0.00247264107046085,0
751563,3,0,0.00023949273398358718,0.00247264107046085,0
752201,3,0,6.16334610183161e-05,0.00247264107046085,0
752241,3,0,0.000318709587044503,0.00247264107046085,0
752257,3,0,0.000533204695992475,0.00247264107046085,0
752286,3,0,0.0033381482912172825,0.00247264107046085,1
752317,3,0,0.0015498676575384346,0.00247264107046085,0
752438,3,0,0.0032441778274908527,0.00247264107046085,1
752992,3,0,0.00011719448056332022,0.00247264107046085,0
753216,3,0,0.001472520375157609,0.00247264107046085,0
753419,3,0,0.0012031739970399604,0.00247264107046085,0
755291,3,0,0.003933387736553054,0.00247264107046085,1
755504,3,0,0.001199905931516112,0.00247264107046085,0
755952,3,0,0.00014281450185254054,0.00247264107046085,0
756149,3,0,0.002142825286368831,0.00247264107046085,0
756248,3,0,0.00024028025569988078,0.00247264107046085,0
756307,3,0,0.00039647236297831633,0.00247264107046085,0
756377,3,0,0.0004761298675607847,0.00247264107046085,0
756676,3,0,0.00016075351435156175,0.00247264107046085,0
757184,3,0,0.0001076887720685855,0.00247264107046085,0
757734,3,0,0.00013467274797037993,0.00247264107046085,0
758249,3,0,0.0008795511180743116,0.00247264107046085,0
759534,3,0,0.00044046018289568785,0.00247264107046085,0
760480,3,0,0.0009744255076439812,0.00247264107046085,0
761228,3,0,0.0009685215239521225,0.00247264107046085,0
761471,3,0,0.0002426037451340843,0.00247264107046085,0
761918,3,0,0.00017319214695362068,0.00247264107046085,0
762630,3,0,0.00026853935342908763,0.00247264107046085,0
762642,3,0,9.11731287766231e-05,0.00247264107046085,0
763323,3,0,0.00047209406575447044,0.00247264107046085,0
763944,3,0,0.00016304342955882062,0.00247264107046085,0
764599,3,0,0.00018517680440490939,0.00247264107046085,0
764996,3,0,0.0015936546632908208,0.00247264107046085,0
765753,3,0,0.0023854472360431613,0.00247264107046085,0
765893,3,0,0.001025281130753037,0.00247264107046085,0
766781,3,0,0.0016457332354570472,0.00247264107046085,0
767305,3,0,0.0006486440462052662,0.00247264107046085,0
767898,3,0,0.00085317658378894,0.00247264107046085,0
770375,3,0,0.0004740359451333508,0.00247264107046085,0
772123,3,0,0.000921030825259348,0.00247264107046085,0
772165,3,0,0.0012428419018710713,0.00247264107046085,0
773246,3,0,0.0007609516229290486,0.00247264107046085,0
773647,3,0,0.0026559235594677444,0.00247264107046085,1
775478,3,0,0.002017413145528494,0.00247264107046085,0
776315,3,0,0.0018980182936508515,0.00247264107046085,0
776686,3,0,0.00027724657107293745,0.00247264107046085,0
776690,3,0,0.0001721451629899894,0.00247264107046085,0
776692,3,0,0.0007946755742314198,0.00247264107046085,0
776754,3,0,0.004183127591282693,0.00247264107046085,1
776847,3,0,6.768868287775575e-05,0.00247264107046085,0
777322,3,0,0.00028635201196637014,0.00247264107046085,0
777949,3,0,0.017756447955397207,0.00247264107046085,1
778332,3,0,0.0018148659677945812,0.00247264107046085,0
779278,3,0,0.0008618701114735409,0.00247264107046085,0
780105,3,0,0.00016454829266602752,0.00247264107046085,0
781706,3,0,0.002902683489102589,0.00247264107046085,1
783279,3,0,0.0002565511637201058,0.00247264107046085,0
783733,3,0,0.0008198577072380583,0.00247264107046085,0
783981,3,0,0.00045437863904799846,0.00247264107046085,0
784670,3,0,0.00033660381230261546,0.00247264107046085,0
785847,3,0,0.0017925548890058035,0.00247264107046085,0
786815,3,0,0.00019762880553550897,0.00247264107046085,0
786911,3,0,0.0004587504863418534,0.00247264107046085,0
787169,3,0,0.000812980920458543,0.00247264107046085,0
787303,3,0,7.100518167016982e-05,0.00247264107046085,0
788477,3,0,0.0011752201215106755,0.00247264107046085,0
788801,3,0,0.0005821875261763449,0.00247264107046085,0
789284,3,0,8.511761247591558e-05,0.00247264107046085,0
790079,3,0,0.0009657987829003083,0.00247264107046085,0
790463,3,0,0.001046790551837348,0.00247264107046085,0
790847,3,0,0.0040938690218889325,0.00247264107046085,1
791458,3,0,0.0004918232711609307,0.00247264107046085,0
793682,3,0,0.00032137428117691923,0.00247264107046085,0
794276,3,0,0.0017520052118607148,0.00247264107046085,0
794420,3,0,0.0046194235645461885,0.00247264107046085,1
795426,3,0,0.006483845877632728,0.00247264107046085,1
795871,3,0,0.0002367836486518878,0.00247264107046085,0
796266,3,0,0.0014837163725540299,0.00247264107046085,0
796471,3,0,0.0003322888874677338,0.00247264107046085,0
797691,3,0,0.000602726450417683,0.00247264107046085,0
797861,3,0,0.014282639498835733,0.00247264107046085,1
797935,3,0,0.001015109894258011,0.00247264107046085,0
800920,3,0,0.011277542754590092,0.00247264107046085,1
801216,3,0,0.0017648125994703396,0.00247264107046085,0
801509,3,0,0.0013302025147089252,0.00247264107046085,0
801923,3,0,0.00047137132334363545,0.00247264107046085,0
801933,3,0,0.00026413165168409554,0.00247264107046085,0
802159,3,0,0.00042878529775719184,0.00247264107046085,0
802234,3,0,0.0010764960279834117,0.00247264107046085,0
802376,3,0,0.0049838590281605635,0.00247264107046085,1
804580,3,0,0.0017406341422245223,0.00247264107046085,0
805006,3,0,0.00017678005175931878,0.00247264107046085,0
805423,3,0,0.004223210639930389,0.00247264107046085,1
805851,3,0,0.0013580920776787744,0.00247264107046085,0
806931,3,0,0.0007914643688209507,0.00247264107046085,0
807612,3,0,9.253601646559154e-05,0.00247264107046085,0
807628,3,0,0.01767090589855952,0.00247264107046085,1
807705,3,0,0.0004721357225148733,0.00247264107046085,0
808077,3,0,0.046455167114630457,0.00247264107046085,1
808378,3,0,6.112422816372867e-05,0.00247264107046085,0
811497,3,0,0.0001210690790347991,0.00247264107046085,0
814167,3,0,0.0004906564670832612,0.00247264107046085,0
820781,3,0,0.00027038505871439066,0.00247264107046085,0
822001,3,0,0.0005388378780676814,0.00247264107046085,0
823576,3,0,0.0005447570778378062,0.00247264107046085,0
826927,3,0,0.0007867329771750451,0.00247264107046085,0
827787,3,0,0.00023527176711846752,0.00247264107046085,0
828556,3,0,0.0006303661461317012,0.00247264107046085,0
828644,3,0,0.00846623096644114,0.00247264107046085,1
829842,3,0,0.00011643055572887326,0.00247264107046085,0
830797,3,0,0.000283695080290035,0.00247264107046085,0
831701,3,0,0.0008210793442761543,0.00247264107046085,0
832184,3,0,0.002429195446279868,0.00247264107046085,0
832343,3,0,0.0024256777160750666,0.00247264107046085,0
832683,3,0,0.0006106224140607117,0.00247264107046085,0
834458,3,0,0.0005196876137824408,0.00247264107046085,0
836479,3,0,0.0019472049830940132,0.00247264107046085,0
840037,3,0,0.0003116390043720557,0.00247264107046085,0
841534,3,0,0.000293366219708116,0.00247264107046085,0
846995,3,0,0.002583788339117585,0.00247264107046085,1
847112,3,0,0.0013951817548991962,0.00247264107046085,0
847634,3,0,0.0033881208833330054,0.00247264107046085,1
847855,3,0,0.0007431837413200747,0.00247264107046085,0
849903,3,0,0.0001216886285293404,0.00247264107046085,0
849957,3,0,0.00039401014898882695,0.00247264107046085,0
851383,3,0,0.0039468733411062535,0.00247264107046085,1
851622,3,0,0.00015165459915342754,0.00247264107046085,0
852903,3,0,0.005649282844553511,0.00247264107046085,1
853705,3,0,0.0005470874137262253,0.00247264107046085,0
854516,3,0,0.010863596623322808,0.00247264107046085,1
855323,3,0,0.0001984787271459271,0.00247264107046085,0
861432,3,0,0.00010681422731001357,0.00247264107046085,0
863161,3,0,4.0078418341297345e-05,0.00247264107046085,0
866388,3,0,0.00012692643939426427,0.00247264107046085,0
866861,3,0,0.00043747843211702076,0.00247264107046085,0
867564,3,0,0.0030110439888584428,0.00247264107046085,1
867565,3,0,0.0035534016413399346,0.00247264107046085,1
868758,3,0,0.0003303938901004048,0.00247264107046085,0
869136,3,0,0.006222086873557407,0.00247264107046085,1
869802,3,0,0.0018569799770104763,0.00247264107046085,0
870380,3,0,0.000939334912909914,0.00247264107046085,0
870915,3,0,0.0017207126871024124,0.00247264107046085,0
870916,3,0,0.000234549114971246,0.00247264107046085,0
871395,3,0,0.00028853451888944087,0.00247264107046085,0
871453,3,0,0.0007341391803945268,0.00247264107046085,0
873035,3,0,0.00942317396485371,0.00247264107046085,1
873523,3,0,0.0006047831650871056,0.00247264107046085,0
875439,3,0,0.0015692963795400432,0.00247264107046085,0
875934,3,0,0.0033299999489366738,0.00247264107046085,1
876241,3,0,0.0014793212124945784,0.00247264107046085,0
876555,3,0,0.0022259218718307596,0.00247264107046085,0
876691,3,0,0.0015042158577481045,0.00247264107046085,0
877399,3,0,0.000311068897893107,0.00247264107046085,0
878433,3,0,0.08322730269379174,0.00247264107046085,1
878762,3,0,0.00021592797857737875,0.00247264107046085,0
878793,3,0,0.004923414540604732,0.00247264107046085,1
879106,3,0,0.0001285542601058328,0.00247264107046085,0
879154,3,0,0.0020766431440316434,0.00247264107046085,0
879560,3,0,0.0009245823134972518,0.00247264107046085,0
879914,3,0,8.188131575137512e-05,0.00247264107046085,0
881081,3,0,0.008659232868389388,0.00247264107046085,1
881112,3,0,0.0009341019262558059,0.00247264107046085,0
885036,3,0,0.00015149037073574937,0.00247264107046085,0
887238,3,0,0.0003269622549071645,0.00247264107046085,0
887579,3,0,0.00023977043772640627,0.00247264107046085,0
887674,3,0,0.00048524326563778364,0.00247264107046085,0
889093,3,0,0.00035584441874313795,0.00247264107046085,0
890163,3,0,0.0007247976886808886,0.00247264107046085,0
890321,3,0,0.0004766500493838059,0.00247264107046085,0
891615,3,0,0.00034864563935542095,0.00247264107046085,0
891760,3,0,0.0010068855929288429,0.00247264107046085,0
891840,3,0,0.0020106274507027083,0.00247264107046085,0
891859,3,0,0.0011963239465273736,0.00247264107046085,0
892339,3,0,0.0033572498541025895,0.00247264107046085,1
892343,3,0,0.0004244759372865075,0.00247264107046085,0
892477,3,0,0.009393083798049266,0.00247264107046085,1
892552,3,0,0.00577744575261197,0.00247264107046085,1
892585,3,0,0.0020252638291986145,0.00247264107046085,0
892611,3,0,0.0020988318707215467,0.00247264107046085,0
892978,3,0,0.001866477697156747,0.00247264107046085,0
893028,3,0,0.0003192354883584587,0.00247264107046085,0
893089,3,0,0.0013952131357556085,0.00247264107046085,0
893275,3,0,7.937705234967578e-05,0.00247264107046085,0
893702,3,0,0.000324546079547155,0.00247264107046085,0
893863,3,0,0.00035603949888144066,0.00247264107046085,0
893891,3,0,0.00020253266929345457,0.00247264107046085,0
894481,3,0,0.005946898393324801,0.00247264107046085,1
894505,3,0,0.002478181948243791,0.00247264107046085,1
894690,3,0,6.739396689515411e-05,0.00247264107046085,0
894960,3,0,0.0008738699604029504,0.00247264107046085,0
895061,3,0,0.00012130535515542771,0.00247264107046085,0
895429,3,0,0.00066066879783791,0.00247264107046085,0
896090,3,0,0.0033314087947339754,0.00247264107046085,1
896677,3,0,0.0003223889808856469,0.00247264107046085,0
897940,3,0,0.0009565170208940693,0.00247264107046085,0
898295,3,0,0.0046604382318311795,0.00247264107046085,1
898598,3,0,0.02120649606050368,0.00247264107046085,1
898935,3,0,0.002961492640567041,0.00247264107046085,1
899144,3,0,0.0023193709291894696,0.00247264107046085,0
903148,3,0,0.001224741216864595,0.00247264107046085,0
903488,3,0,0.0007836785022828272,0.00247264107046085,0
912656,3,0,0.018539038196738473,0.00247264107046085,1
913778,3,0,0.019602023234076227,0.00247264107046085,1
918465,3,0,0.0003632524046463561,0.00247264107046085,0
920118,3,0,0.00021484789180622983,0.00247264107046085,0
925202,3,0,0.00044037260351569344,0.00247264107046085,0
928629,3,0,0.0006834521115508905,0.00247264107046085,0
930332,3,0,0.015254626933902725,0.00247264107046085,1
930864,3,0,0.00016813234676965478,0.00247264107046085,0
934406,3,0,0.0012922463098564733,0.00247264107046085,0
934582,3,0,0.005535386009811791,0.00247264107046085,1
934599,3,0,0.0008646571874688051,0.00247264107046085,0
935025,3,0,0.0009030705923212174,0.00247264107046085,0
935115,3,0,0.0020556403669907534,0.00247264107046085,0
935931,3,0,0.004782448588466652,0.00247264107046085,1
936961,3,0,0.0008001025188362622,0.00247264107046085,0
937078,3,0,0.00047207559704400833,0.00247264107046085,0
938296,3,0,0.00029684841514518624,0.00247264107046085,0
939448,3,0,9.200439112939344e-05,0.00247264107046085,0
941326,3,0,0.00027724824284018916,0.00247264107046085,0
941892,3,0,0.00024869474990734156,0.00247264107046085,0
942074,3,0,4.808035727362911e-05,0.00247264107046085,0
943152,3,0,0.004885856821130543,0.00247264107046085,1
945758,3,0,0.0004169751727411431,0.00247264107046085,0
951071,3,0,0.03926165389147892,0.00247264107046085,1
951587,3,0,9.8869701104964e-05,0.00247264107046085,0
952078,3,0,0.0014773574600361584,0.00247264107046085,0
952853,3,0,0.0007182983242053859,0.00247264107046085,0
956499,3,0,0.0010651433001794845,0.00247264107046085,0
957562,3,0,0.0003830008790250517,0.00247264107046085,0
959455,3,0,0.0015723595554173462,0.00247264107046085,0
960575,3,0,0.012190883025617497,0.00247264107046085,1
962003,3,0,0.00016749144270842794,0.00247264107046085,0
962431,3,0,0.0015722836701977958,0.00247264107046085,0
962627,3,0,0.0001585848421797674,0.00247264107046085,0
966872,3,0,0.0023848563903712296,0.00247264107046085,0
966909,3,0,0.0009695941997130522,0.00247264107046085,0
967574,3,0,0.0007870773414023806,0.00247264107046085,0
969014,3,0,0.0054513373203516485,0.00247264107046085,1
969629,3,0,0.0002930119019862583,0.00247264107046085,0
970117,3,0,0.00469313418742223,0.00247264107046085,1
970267,3,0,0.0009283476783164578,0.00247264107046085,0
970456,3,0,0.001132139476487959,0.00247264107046085,0
971322,3,0,0.0001182381503471198,0.00247264107046085,0
971364,3,0,0.003218761358097556,0.00247264107046085,1
972165,3,0,0.00014483904598776792,0.00247264107046085,0
972528,3,0,0.0003335261792100269,0.00247264107046085,0
972539,3,0,0.0007954523942498841,0.00247264107046085,0
972659,3,0,0.0003536916490685762,0.00247264107046085,0
972947,3,0,0.04581098650942378,0.00247264107046085,1
973230,3,0,0.00040582633482275175,0.00247264107046085,0
973281,3,0,0.00817354044435802,0.00247264107046085,1
973568,3,0,0.00013373699090595985,0.00247264107046085,0
973587,3,0,0.0005921700817282151,0.00247264107046085,0
973764,3,0,0.0005074791434737914,0.00247264107046085,0
973774,3,0,5.658139113895344e-05,0.00247264107046085,0
973872,3,0,0.18656393075556196,0.00247264107046085,1
973956,3,0,0.0004514783104752983,0.00247264107046085,0
974023,3,0,0.007044751203527429,0.00247264107046085,1
974086,3,0,0.000379211730217268,0.00247264107046085,0
974088,3,0,0.00022757247002717348,0.00247264107046085,0
974199,3,0,0.00018547326805111905,0.00247264107046085,0
974222,3,0,0.0036719974521815576,0.00247264107046085,1
974714,3,0,0.0027434556638228132,0.00247264107046085,1
974720,3,0,9.082397620957186e-05,0.00247264107046085,0
974848,3,0,0.0008901758959298983,0.00247264107046085,0
974879,3,0,0.00023873126886114247,0.00247264107046085,0
974946,3,0,0.0001773595632983088,0.00247264107046085,0
974979,3,0,0.0017140590644662455,0.00247264107046085,0
975485,3,0,0.001271159840631296,0.00247264107046085,0
975513,3,0,0.0005973493449065131,0.00247264107046085,0
975566,3,0,0.0013785233812572914,0.00247264107046085,0
975698,3,0,0.0004969098247008059,0.00247264107046085,0
975862,3,0,0.0032518452818884737,0.00247264107046085,1
975894,3,0,0.0003006853124409862,0.00247264107046085,0
976467,3,0,0.0037501373957554663,0.00247264107046085,1
976662,3,0,0.004214625888477088,0.00247264107046085,1
976727,3,0,0.0436050283101169,0.00247264107046085,1
976936,3,0,0.0013073877777477693,0.00247264107046085,0
977639,3,0,0.00011379819929661357,0.00247264107046085,0
978391,3,0,0.002143084685546549,0.00247264107046085,0
979757,3,0,0.0022338689938482446,0.00247264107046085,0
986853,3,0,0.00014570154722150116,0.00247264107046085,0
991488,3,0,0.00023775430190278236,0.00247264107046085,0
992755,3,0,0.00026190975855810457,0.00247264107046085,0
993250,3,0,0.00193702110141794,0.00247264107046085,0
1007908,3,0,0.0022705946429619614,0.00247264107046085,0
1009573,3,0,0.0016890950380973135,0.00247264107046085,0
1014099,3,0,0.0025311735763606158,0.00247264107046085,1
1019162,3,0,0.00018666317107748456,0.00247264107046085,0
1021966,3,0,0.0002458151441402109,0.00247264107046085,0
1021967,3,0,0.00043610922298060925,0.00247264107046085,0
1026291,3,0,0.003628185344889216,0.00247264107046085,1
1034261,3,0,0.016766681165700292,0.00247264107046085,1
1034354,3,0,0.0012287326035487433,0.00247264107046085,0
1034422,3,0,0.0003333782026648925,0.00247264107046085,0
1037259,3,0,0.005492544513190054,0.00247264107046085,1
1044828,3,0,0.0004690878901556631,0.00247264107046085,0
1047581,3,0,0.0010074064801663565,0.00247264107046085,0
1050766,3,0,0.00093607768611354,0.00247264107046085,0
1073044,3,0,0.0013246355808569565,0.00247264107046085,0
1074743,3,0,0.0009705902603011847,0.00247264107046085,0
1082908,3,0,0.0001517115151511888,0.00247264107046085,0
1083469,3,0,0.00013922178704973094,0.00247264107046085,0
1084421,3,0,0.001373706368948963,0.00247264107046085,0
1085629,3,0,0.0006993672934777098,0.00247264107046085,0
1086635,3,0,0.00010297756163733256,0.00247264107046085,0
1086920,3,0,0.007459647453116067,0.00247264107046085,1
1087084,3,0,0.0004928616433602066,0.00247264107046085,0
1088923,3,0,0.00032940643018258104,0.00247264107046085,0
1089327,3,0,0.00033485839699513636,0.00247264107046085,0
1090998,3,0,0.0006526889414188413,0.00247264107046085,0
1091334,3,0,0.00037485581403740324,0.00247264107046085,0
1091807,3,0,0.0005279075812552571,0.00247264107046085,0
1091844,3,0,0.000533067538670853,0.00247264107046085,0
1093379,3,0,0.0013045484483077715,0.00247264107046085,0
1094096,3,0,0.0007211624217957266,0.00247264107046085,0
1094215,3,0,0.004812850891551197,0.00247264107046085,1
1096013,3,0,0.005634476482330052,0.00247264107046085,1
1096303,3,0,0.0005003750222901612,0.00247264107046085,0
1097634,3,0,0.00036668502424910804,0.00247264107046085,0
1098321,3,0,0.000731881774939105,0.00247264107046085,0
1102371,3,0,0.00012110464450489184,0.00247264107046085,0
1102806,3,0,0.0013325756199379138,0.00247264107046085,0
1107132,3,0,0.0039039854040015184,0.00247264107046085,1
1107707,3,0,0.0005228592001318305,0.00247264107046085,0
1108314,3,0,0.002114764078169016,0.00247264107046085,0
1113659,3,0,0.0002492087125599121,0.00247264107046085,0
1119211,3,0,0.015141479462843773,0.00247264107046085,1
1121690,3,0,0.000490361173281844,0.00247264107046085,0
1121978,3,0,0.20520537643912592,0.00247264107046085,1
1124485,3,0,0.0011318018863814717,0.00247264107046085,0
1130082,3,0,0.005773998359322247,0.00247264107046085,1
1130512,3,0,0.0008621536037652492,0.00247264107046085,0
1143682,3,0,0.00016928722711694903,0.00247264107046085,0
1144627,3,0,0.0026829863386831354,0.00247264107046085,1
1146668,3,0,0.00023462993236737518,0.00247264107046085,0
1148081,3,0,0.0002404359698640024,0.00247264107046085,0
1148713,3,0,0.0005599320779293054,0.00247264107046085,0
1149625,3,0,0.000485750851137026,0.00247264107046085,0
1153594,3,0,0.0004576947180397783,0.00247264107046085,0
1154648,3,0,0.00029298458376479555,0.00247264107046085,0
1158037,3,0,0.003879079071824322,0.00247264107046085,1
1158565,3,0,0.0011062178170890267,0.00247264107046085,0
1164111,3,0,0.003821912184470743,0.00247264107046085,1
1164165,3,0,0.002866152591943054,0.00247264107046085,1
1164511,3,0,0.007373885600792396,0.00247264107046085,1
1178160,3,0,0.0008678141258301293,0.00247264107046085,0
1178171,3,0,0.000553172072290649,0.00247264107046085,0
1179211,3,0,0.001413124827473058,0.00247264107046085,0
1179266,3,0,0.0001567867478809795,0.00247264107046085,0
1189893,3,0,0.0005685108970521727,0.00247264107046085,0
1190351,3,0,0.00010384135585494876,0.00247264107046085,0
1190420,3,0,0.00022196004753406484,0.00247264107046085,0
1193906,3,0,0.006363937756228987,0.00247264107046085,1
1203912,3,0,0.001087170679737926,0.00247264107046085,0
1204236,3,0,0.000596595081570733,0.00247264107046085,0
1228188,3,0,0.00034440741508854754,0.00247264107046085,0
1231056,3,0,0.004689487611139848,0.00247264107046085,1
1231838,3,0,0.0004003822431618106,0.00247264107046085,0
1236382,3,0,0.0006808906662433891,0.00247264107046085,0
1237743,3,0,0.00034003801443391655,0.00247264107046085,0
1242037,3,0,0.0017064568951838306,0.00247264107046085,0
1242229,3,0,0.0020597614301969642,0.00247264107046085,0
1242435,3,0,0.00862120259168116,0.00247264107046085,1
1242553,3,0,0.0006243315869898537,0.00247264107046085,0
1242643,3,0,0.014417615530458377,0.00247264107046085,1
1242794,3,0,0.00011946334165425815,0.00247264107046085,0
1243220,3,0,0.0003576390886473902,0.00247264107046085,0
1243333,3,0,0.0019673038397438193,0.00247264107046085,0
1244217,3,0,0.0071319050234711035,0.00247264107046085,1
1245155,3,0,0.008470602655746215,0.00247264107046085,1
1245360,3,0,0.000830919757649267,0.00247264107046085,0
1245389,3,0,0.0019729393098792606,0.00247264107046085,0
1245580,3,0,0.0025126753844079606,0.00247264107046085,1
1245776,3,0,0.002306472784657186,0.00247264107046085,0
1245882,3,0,0.0013718823557024367,0.00247264107046085,0
1245967,3,0,0.0034493829061941045,0.00247264107046085,1
1245987,3,0,7.405388019105812e-05,0.00247264107046085,0
1246102,3,0,0.0014374424257702786,0.00247264107046085,0
1246373,3,0,0.0012618852224232837,0.00247264107046085,0
1246587,3,0,0.00021223291609648892,0.00247264107046085,0
1246960,3,0,0.001213651457862051,0.00247264107046085,0
1247080,3,0,0.00016301101745365112,0.00247264107046085,0
1247653,3,0,0.008034657270667945,0.00247264107046085,1
1247986,3,0,0.0016117743953904988,0.00247264107046085,0
1248113,3,0,0.04148291096344968,0.00247264107046085,1
1248384,3,0,0.007623375161312713,0.00247264107046085,1
1249115,3,0,0.0005149350622405684,0.00247264107046085,0
1249186,3,0,0.00013382466542890262,0.00247264107046085,0
1249408,3,0,0.0001624573382071304,0.00247264107046085,0
1249429,3,0,0.0019311214974470853,0.00247264107046085,0
1249482,3,0,0.00036468593850756453,0.00247264107046085,0
1250200,3,0,0.0006179728718928265,0.00247264107046085,0
1251489,3,0,0.003589832680275925,0.00247264107046085,1
1252141,3,0,0.0006017767152581836,0.00247264107046085,0
1252743,3,0,0.0013438568210446548,0.00247264107046085,0
1253160,3,0,0.000437768584931873,0.00247264107046085,0
1253207,3,0,0.0002836390351384387,0.00247264107046085,0
1254511,3,0,0.0008286350311807874,0.00247264107046085,0
1254764,3,0,0.0005889057437929503,0.00247264107046085,0
1255215,3,0,0.0005984867047635785,0.00247264107046085,0
1256078,3,0,0.0007170365547382899,0.00247264107046085,0
1257387,3,0,0.0004433538194553833,0.00247264107046085,0
1257973,3,0,0.00036709129597401656,0.00247264107046085,0
1258023,3,0,0.000480535683666397,0.00247264107046085,0
1258223,3,0,4.271002429004433e-05,0.00247264107046085,0
1258283,3,0,0.0009104038094980369,0.00247264107046085,0
1258311,3,0,0.0006929075793052214,0.00247264107046085,0
1259459,3,0,0.004210942681535352,0.00247264107046085,1
1259460,3,0,0.052607494983636344,0.00247264107046085,1
1259476,3,0,0.006932817130618744,0.00247264107046085,1
1259807,3,0,0.0003847342480804272,0.00247264107046085,0
1259859,3,0,0.0004344867171328189,0.00247264107046085,0
1259942,3,0,0.0006650932950391579,0.00247264107046085,0
1260000,3,0,0.0021068921706432226,0.00247264107046085,0
1261272,3,0,0.002981670143665749,0.00247264107046085,1
1262329,3,0,0.00030602221914408713,0.00247264107046085,0
1262756,3,0,0.00042126857865843105,0.00247264107046085,0
1262811,3,0,0.0017498448065968327,0.00247264107046085,0
1263017,3,0,0.0001293788334083271,0.00247264107046085,0
1263102,3,0,0.0012231132006289037,0.00247264107046085,0
1263310,3,0,0.001581590672300251,0.00247264107046085,0
1263396,3,0,0.0021684314409455368,0.00247264107046085,0
1263478,3,0,0.0024411792816207726,0.00247264107046085,0
1264378,3,0,0.0007188991985399073,0.00247264107046085,0
1265151,3,0,0.00028935863265292563,0.00247264107046085,0
1265339,3,0,0.0010666800268517766,0.00247264107046085,0
1266131,3,0,0.0012650186562062902,0.00247264107046085,0
1266345,3,0,0.00030196491951473226,0.00247264107046085,0
1267916,3,0,0.002093093384399604,0.00247264107046085,0
1270439,3,0,0.0009483350130034631,0.00247264107046085,0
1277404,3,0,0.007988276879747043,0.00247264107046085,1
1281026,3,0,0.0007045805156125587,0.00247264107046085,0
1281397,3,0,0.00011788127057029309,0.00247264107046085,0
1281509,3,0,0.0002463040102506209,0.00247264107046085,0
1284208,3,0,0.0007698917178304295,0.00247264107046085,0
1286955,3,0,0.001254990718897633,0.00247264107046085,0
1287918,3,0,0.0005934267028349765,0.00247264107046085,0
1288013,3,0,0.007981579216608676,0.00247264107046085,1
1288465,3,0,0.0002032297271012322,0.00247264107046085,0
1288839,3,0,0.0011166355501523735,0.00247264107046085,0
1289084,3,0,0.0040437470857780985,0.00247264107046085,1
1289633,3,0,0.00018712278056912059,0.00247264107046085,0
1292193,3,0,0.0002322200580042912,0.00247264107046085,0
1293245,3,0,0.00023281888261825437,0.00247264107046085,0
1293529,3,0,0.0008427120149080769,0.00247264107046085,0
1294294,3,0,0.008235408291849563,0.00247264107046085,1
1298380,3,0,0.0008326277356024621,0.00247264107046085,0
1299482,3,0,0.0014330823589511217,0.00247264107046085,0
1300548,3,0,0.003166474762860507,0.00247264107046085,1
1300759,3,0,0.0004757046380737448,0.00247264107046085,0
1302040,3,0,0.0006560470658257867,0.00247264107046085,0
1303031,3,0,0.00018599297754662351,0.00247264107046085,0
1304080,3,0,0.0085002102240162,0.00247264107046085,1
1306962,3,0,0.0003139889567316099,0.00247264107046085,0
1307505,3,0,0.0004954127966209028,0.00247264107046085,0
1307976,3,0,0.0013205392909656042,0.00247264107046085,0
1309244,3,0,0.00043914228526554546,0.00247264107046085,0
1309665,3,0,0.0024134474423032674,0.00247264107046085,0
1309824,3,0,0.0006876909689220832,0.00247264107046085,0
1313631,3,0,0.009713567935329098,0.00247264107046085,1
1313816,3,0,0.00042055198423205905,0.00247264107046085,0
1314105,3,0,9.221581978903974e-05,0.00247264107046085,0
1314791,3,0,0.000679030271778699,0.00247264107046085,0
1316078,3,0,0.011201291427055352,0.00247264107046085,1
1317737,3,0,0.0009968738077611688,0.00247264107046085,0
1325899,3,0,0.000571003840984915,0.00247264107046085,0
1330278,3,0,0.00031360986975370516,0.00247264107046085,0
1343414,3,0,0.0006271066673614959,0.00247264107046085,0
1356516,3,0,0.0002425060446881975,0.00247264107046085,0
1356857,3,0,0.0007614093689222159,0.00247264107046085,0
1360698,3,0,0.0022901943018396793,0.00247264107046085,0
1365837,3,0,0.0003992306409323651,0.00247264107046085,0
1375770,3,0,0.0001655550311044103,0.00247264107046085,0
1376190,3,0,0.0002770109046957943,0.00247264107046085,0
1377033,3,0,0.00041962243508841834,0.00247264107046085,0
1379068,3,0,0.00011397517601572861,0.00247264107046085,0
1420066,3,0,0.019806128078392268,0.00247264107046085,1
1492410,3,0,0.004923942702670675,0.00247264107046085,1
1500196,3,0,0.0011082453323582994,0.00247264107046085,0
1503465,3,0,0.001152766094187862,0.00247264107046085,0
1503600,3,0,0.0049308555752042805,0.00247264107046085,1
1505270,3,0,0.00020619198303174711,0.00247264107046085,0
1511459,3,0,0.0005385074870383315,0.00247264107046085,0
1517492,3,0,0.0007687459976258189,0.00247264107046085,0
1518966,3,0,0.0033695560892369183,0.00247264107046085,1
1519926,3,0,0.0003521825437824706,0.00247264107046085,0
1520087,3,0,0.00019724598284846863,0.00247264107046085,0
1520613,3,0,0.000532756663124467,0.00247264107046085,0
1522903,3,0,0.019246706986375726,0.00247264107046085,1
1523649,3,0,0.0016940318062196864,0.00247264107046085,0
1537483,3,0,0.0003357691643286838,0.00247264107046085,0
1540788,3,0,0.004494232986532317,0.00247264107046085,1
1542103,3,0,0.0001388152378403919,0.00247264107046085,0
1547938,3,0,0.000857652394348846,0.00247264107046085,0
1548115,3,0,0.0012523985621878471,0.00247264107046085,0
1548125,3,0,0.006578609247916742,0.00247264107046085,1
1562597,3,0,0.00024516827310912763,0.00247264107046085,0
1567001,3,0,0.0007248647826265681,0.00247264107046085,0
1568315,3,0,0.0028574890442098315,0.00247264107046085,1
1568418,3,0,9.886997929244075e-05,0.00247264107046085,0
1633229,3,0,0.0034125582352183656,0.00247264107046085,1
1633446,3,0,0.0018742257757286584,0.00247264107046085,0
1634749,3,0,0.0005382425494946709,0.00247264107046085,0
1637932,3,0,0.0020692363656401374,0.00247264107046085,0
1643368,3,0,0.0007366764322637784,0.00247264107046085,0
1726561,3,0,0.0011548473525063246,0.00247264107046085,0
1749332,3,0,0.00011373823476743817,0.00247264107046085,0
1761867,3,0,0.006827669472023654,0.00247264107046085,1
1784164,3,0,0.0006647804943877751,0.00247264107046085,0
1803567,3,0,0.0004703188723606924,0.00247264107046085,0
1815812,3,0,4.1849902830694033e-05,0.00247264107046085,0
1817894,3,0,0.000823567891637547,0.00247264107046085,0
1825764,3,0,0.0007500192677771486,0.00247264107046085,0
1835956,3,0,0.0006684695535509585,0.00247264107046085,0
1836620,3,0,0.0005816641021614866,0.00247264107046085,0
1842066,3,0,0.002661816168957102,0.00247264107046085,1
1856556,3,0,0.00046101576783250987,0.00247264107046085,0
1893572,3,0,0.0021893256678683576,0.00247264107046085,0
1910563,3,0,0.0009900732508495522,0.00247264107046085,0
1915027,3,0,0.0017381594127344035,0.00247264107046085,0
1953555,3,0,9.128067174324671e-05,0.00247264107046085,0
1962637,3,0,0.006033252933758733,0.00247264107046085,1
1969317,3,0,0.0019819139843914677,0.00247264107046085,0
1983138,3,0,0.02382709939341373,0.00247264107046085,1
1989701,3,0,0.0002682991093585452,0.00247264107046085,0
1990158,3,0,0.0008465931481400967,0.00247264107046085,0
2044132,3,0,0.0009486112815650395,0.00247264107046085,0
2051205,3,0,0.0009698773580144963,0.00247264107046085,0
2052836,3,0,0.0001652356457829536,0.00247264107046085,0
2053484,3,0,0.0006582997776171373,0.00247264107046085,0
2053885,3,0,0.00014452318804252036,0.00247264107046085,0
2054025,3,0,0.021019850970385428,0.00247264107046085,1
2054464,3,0,0.015039365307781648,0.00247264107046085,1
2055808,3,0,0.00011247117102756121,0.00247264107046085,0
2056174,3,0,0.0003033656574876608,0.00247264107046085,0
2056478,3,0,0.00013892959459826915,0.00247264107046085,0
2057917,3,0,0.0006558625816391874,0.00247264107046085,0
2058637,3,0,0.0005012165626495573,0.00247264107046085,0
2058790,3,0,0.0002052530821062318,0.00247264107046085,0
2059848,3,0,0.001199757950329187,0.00247264107046085,0
2060907,3,0,0.004556260055147951,0.00247264107046085,1
2060987,3,0,0.01143541391128938,0.00247264107046085,1
2063425,3,0,0.0003846186879219014,0.00247264107046085,0
2064203,3,0,0.0008692807282185293,0.00247264107046085,0
2064238,3,0,0.0009859610595109231,0.00247264107046085,0
2064370,3,0,0.0015248690455540298,0.00247264107046085,0
2066745,3,0,0.00013901943289705308,0.00247264107046085,0
2068299,3,0,0.0011714900948836943,0.00247264107046085,0
2076578,3,0,0.010848472109246327,0.00247264107046085,1
2077511,3,0,0.0015356799934278461,0.00247264107046085,0
2077608,3,0,0.0015178326367037266,0.00247264107046085,0
2078480,3,0,0.0009398344170216296,0.00247264107046085,0
2078659,3,0,0.0002319423965914388,0.00247264107046085,0
2080380,3,0,0.0014098684484139749,0.00247264107046085,0
2080422,3,0,0.09383960500345905,0.00247264107046085,1
2081182,3,0,0.04773691625835555,0.00247264107046085,1
2081442,3,0,0.0005946954355502104,0.00247264107046085,0
2083491,3,0,0.00030957083449900495,0.00247264107046085,0
2084695,3,0,0.0007187892205922738,0.00247264107046085,0
2085816,3,0,0.00028959326013470673,0.00247264107046085,0
2086519,3,0,0.00047456593178657534,0.00247264107046085,0
2086939,3,0,0.0006189770803601318,0.00247264107046085,0
2087378,3,0,0.0011307009322951828,0.00247264107046085,0
2087892,3,0,0.0003933552450375425,0.00247264107046085,0
2089001,3,0,0.00028310108424812916,0.00247264107046085,0
2089374,3,0,0.0014944918725043107,0.00247264107046085,0
2089404,3,0,0.0007529562868730721,0.00247264107046085,0
2089750,3,0,0.00011914389231091154,0.00247264107046085,0
2092161,3,0,0.001262430876510032,0.00247264107046085,0
2095290,3,0,0.006528757577843104,0.00247264107046085,1
2095542,3,0,0.0013173387374113236,0.00247264107046085,0
2095832,3,0,0.00032051374750010817,0.00247264107046085,0
2098570,3,0,0.001651327802250924,0.00247264107046085,0
2099188,3,0,0.00507251096830396,0.00247264107046085,1
2099488,3,0,0.0009992680857926315,0.00247264107046085,0
2101070,3,0,9.963245859207912e-05,0.00247264107046085,0
2102980,3,0,0.00042977869309930393,0.00247264107046085,0
2103632,3,0,0.019112282746651485,0.00247264107046085,1
2103682,3,0,0.018566150259868207,0.00247264107046085,1
2104060,3,0,0.0034574389642375953,0.00247264107046085,1
2104462,3,0,0.0032053160484267424,0.00247264107046085,1
2104509,3,0,0.0039782420928610625,0.00247264107046085,1
2104591,3,0,0.0010682623644062618,0.00247264107046085,0
2105106,3,0,0.00169879439606451,0.00247264107046085,0
2105999,3,0,0.0003319088946005537,0.00247264107046085,0
2106979,3,0,0.0005725962984920819,0.00247264107046085,0
2107666,3,0,0.00533257309946577,0.00247264107046085,1
2109912,3,0,0.006699059179976994,0.00247264107046085,1
2110803,3,0,0.0002647585217385559,0.00247264107046085,0
2111731,3,0,0.009743976930793246,0.00247264107046085,1
2111880,3,0,0.00017534897332867498,0.00247264107046085,0
2114364,3,0,0.0017932988970652617,0.00247264107046085,0
2114663,3,0,0.0022151970811223718,0.00247264107046085,0
2114980,3,0,0.014831455230606808,0.00247264107046085,1
2115625,3,0,0.005138409343248919,0.00247264107046085,1
2117005,3,0,0.00013405358865250952,0.00247264107046085,0
2117624,3,0,0.0005565875812256585,0.00247264107046085,0
2118027,3,0,0.011295706711333968,0.00247264107046085,1
2119081,3,0,0.0017991712923795236,0.00247264107046085,0
2119996,3,0,0.0012833218970574158,0.00247264107046085,0
2120057,3,0,0.00013327540048612405,0.00247264107046085,0
2120761,3,0,0.00035707550803542595,0.00247264107046085,0
2121288,3,0,0.00377839220473771,0.00247264107046085,1
2121674,3,0,0.0005575356519128348,0.00247264107046085,0
2122002,3,0,0.003331080288074358,0.00247264107046085,1
2122838,3,0,0.002160907697685114,0.00247264107046085,0
2123282,3,0,0.0005296857734171127,0.00247264107046085,0
2123289,3,0,0.0004712067759578599,0.00247264107046085,0
2124142,3,0,0.002543356864526527,0.00247264107046085,1
2124830,3,0,0.000894687434672375,0.00247264107046085,0
2125027,3,0,0.000328402121134692,0.00247264107046085,0
2125858,3,0,0.00010221537400415792,0.00247264107046085,0
2126116,3,0,0.034097820350835285,0.00247264107046085,1
2127009,3,0,0.00022824563635973248,0.00247264107046085,0
2127567,3,0,0.0013725858327128609,0.00247264107046085,0
2127766,3,0,0.0007978085271909224,0.00247264107046085,0
2141781,3,0,0.0013754290651520275,0.00247264107046085,0
2142259,3,0,0.002571166615986872,0.00247264107046085,1
2145420,3,0,0.0006458535986393286,0.00247264107046085,0
2148447,3,0,0.00044120492805335904,0.00247264107046085,0
2148448,3,0,0.00025885356960215654,0.00247264107046085,0
2148482,3,0,0.00013008723629557252,0.00247264107046085,0
2149633,3,0,0.0006135277088420577,0.00247264107046085,0
2150860,3,0,0.0011582066283856338,0.00247264107046085,0
2152425,3,0,0.0008908307943733859,0.00247264107046085,0
2153216,3,0,0.0036730244739620653,0.00247264107046085,1
2153510,3,0,0.00013154242525384425,0.00247264107046085,0
2154278,3,0,0.0050982831684719156,0.00247264107046085,1
2155192,3,0,0.0005847179727418653,0.00247264107046085,0
2155870,3,0,0.0010282719988502734,0.00247264107046085,0
2156187,3,0,0.00046486696730786616,0.00247264107046085,0
2157546,3,0,0.0020262331206986357,0.00247264107046085,0
2158866,3,0,0.0005051220375230263,0.00247264107046085,0
2158935,3,0,0.0029499019684541324,0.00247264107046085,1
2159408,3,0,0.0004936060408266999,0.00247264107046085,0
2160249,3,0,0.0017035055654969684,0.00247264107046085,0
2160372,3,0,0.001168844428583735,0.00247264107046085,0
2160412,3,0,0.0010335645868091317,0.00247264107046085,0
2161731,3,0,0.0005897593601209597,0.00247264107046085,0
2161858,3,0,0.0007281060939725237,0.00247264107046085,0
2162991,3,0,0.0001689745722351432,0.00247264107046085,0
2165345,3,0,0.0007702081519583534,0.00247264107046085,0
2165590,3,0,0.0005033119941338371,0.00247264107046085,0
2165688,3,0,0.00022094755360025948,0.00247264107046085,0
2165960,3,0,0.0002622307865368887,0.00247264107046085,0
2166775,3,0,0.000131820447842959,0.00247264107046085,0
2168968,3,0,0.0002129736188382732,0.00247264107046085,0
2169998,3,0,0.0005601587010608943,0.00247264107046085,0
2174070,3,0,0.000986467948751475,0.00247264107046085,0
2174536,3,0,0.0002444974382891704,0.00247264107046085,0
2175049,3,0,0.00016799294223196425,0.00247264107046085,0
2175588,3,0,0.0001880604080683803,0.00247264107046085,0
2179064,3,0,6.910655377690253e-05,0.00247264107046085,0
2179503,3,0,0.00041278159479834467,0.00247264107046085,0
2187295,3,0,0.002162942726142685,0.00247264107046085,0
2187510,3,0,0.00025712323637642575,0.00247264107046085,0
2188965,3,0,0.00030173209927534774,0.00247264107046085,0
2190341,3,0,0.0015949410574062728,0.00247264107046085,0
2192280,3,0,0.0003560755338763072,0.00247264107046085,0
2192390,3,0,0.0010578164579073872,0.00247264107046085,0
2192631,3,0,0.003923853848192125,0.00247264107046085,1
2193833,3,0,0.00010028809585670419,0.00247264107046085,0
2194475,3,0,0.001967953662945346,0.00247264107046085,0
2194910,3,0,0.00011245630842478205,0.00247264107046085,0
2195556,3,0,0.005137025474854781,0.00247264107046085,1
2195706,3,0,0.0006175227214887422,0.00247264107046085,0
2197182,3,0,0.0004910928662245007,0.00247264107046085,0
2199248,3,0,0.00021899997447925084,0.00247264107046085,0
2199587,3,0,0.0027660914158632926,0.00247264107046085,1
2201573,3,0,0.0026923850286638545,0.00247264107046085,1
2202439,3,0,0.00025279662454576364,0.00247264107046085,0
2202776,3,0,0.0006405662885979848,0.00247264107046085,0
2204762,3,0,0.0011507877612576694,0.00247264107046085,0
2204979,3,0,0.0017020936464664784,0.00247264107046085,0
2206036,3,0,0.0001481649768035321,0.00247264107046085,0
2206119,3,0,0.00047392457448112285,0.00247264107046085,0
2206824,3,0,0.0009486157688833105,0.00247264107046085,0
2207604,3,0,0.005185465719269596,0.00247264107046085,1
2208737,3,0,0.0028845699012018666,0.00247264107046085,1
2210473,3,0,0.01058558490724877,0.00247264107046085,1
2210784,3,0,0.001189385533195938,0.00247264107046085,0
2212806,3,0,0.0013397796793228561,0.00247264107046085,0
2213538,3,0,0.0020142088548069123,0.00247264107046085,0
2214373,3,0,0.0026781056917494495,0.00247264107046085,1
2214409,3,0,0.0012197785998561456,0.00247264107046085,0
2215037,3,0,0.0026173327261889245,0.00247264107046085,1
2215072,3,0,0.0009355369019928323,0.00247264107046085,0
2215251,3,0,0.0006216186310923113,0.00247264107046085,0
2215855,3,0,0.0005511056904780018,0.00247264107046085,0
2216018,3,0,0.002188510246709728,0.00247264107046085,0
2216494,3,0,0.0005693370758995866,0.00247264107046085,0
2216567,3,0,0.00037015029423798947,0.00247264107046085,0
2217886,3,0,0.005047197712331692,0.00247264107046085,1
2218605,3,0,0.002075406615137604,0.00247264107046085,0
2218927,3,0,0.001298417914737628,0.00247264107046085,0
2219277,3,0,0.00047644665999290603,0.00247264107046085,0
2219800,3,0,0.0035226616994510447,0.00247264107046085,1
2219826,3,0,0.00013314629324298716,0.00247264107046085,0
2219904,3,0,0.0036713776598617173,0.00247264107046085,1
2220889,3,0,0.006997464685612334,0.00247264107046085,1
2221407,3,0,0.010552435995314378,0.00247264107046085,1
2221791,3,0,0.0004321627716849633,0.00247264107046085,0
2222075,3,0,0.0003810703885628323,0.00247264107046085,0
2223334,3,0,0.00015793032045892605,0.00247264107046085,0
2223389,3,0,0.00012567419611467877,0.00247264107046085,0
2223491,3,0,0.00018431883466571712,0.00247264107046085,0
2224093,3,0,0.001719620490814408,0.00247264107046085,0
2224143,3,0,0.00032625685575555146,0.00247264107046085,0
2224231,3,0,0.0026885934048732386,0.00247264107046085,1
2224556,3,0,0.001087939106158854,0.00247264107046085,0
2225184,3,0,0.0001341015653499764,0.00247264107046085,0
2226284,3,0,0.008131376557425072,0.00247264107046085,1
2226307,3,0,0.0027720831347821055,0.00247264107046085,1
2226548,3,0,0.0004973998655526605,0.00247264107046085,0
2227937,3,0,0.013315256891975625,0.00247264107046085,1
2228164,3,0,0.00192385435418511,0.00247264107046085,0
2228687,3,0,0.0002915312636045356,0.00247264107046085,0
2229146,3,0,0.0015694901518419862,0.00247264107046085,0
2229845,3,0,0.00019655048912128683,0.00247264107046085,0
2229995,3,0,0.0005352606742051354,0.00247264107046085,0
2230213,3,0,0.0001175291880318907,0.00247264107046085,0
2231244,3,0,0.0028154038798856354,0.00247264107046085,1
2231736,3,0,0.000879779264240688,0.00247264107046085,0
2232918,3,0,0.0018080048755811523,0.00247264107046085,0
2233047,3,0,0.0006450832587280599,0.00247264107046085,0
2233286,3,0,0.004204989746628632,0.00247264107046085,1
2233896,3,0,0.00029061746045945714,0.00247264107046085,0
2235757,3,0,0.00010474803199107042,0.00247264107046085,0
2238215,3,0,0.0007398576648427926,0.00247264107046085,0
2238974,3,0,0.0002569057896905469,0.00247264107046085,0
2239735,3,0,0.00021383660039087752,0.00247264107046085,0
2240918,3,0,0.0007233232657857443,0.00247264107046085,0
2240997,3,0,0.0004758080665686829,0.00247264107046085,0
2241562,3,0,0.0017072922194788643,0.00247264107046085,0
2243191,3,0,0.010447238415848482,0.00247264107046085,1
2243202,3,0,0.00022782162313904366,0.00247264107046085,0
2246736,3,0,0.00046350472468300875,0.00247264107046085,0
2249247,3,0,0.0005109402893965895,0.00247264107046085,0
2252177,3,0,0.0005672449585143677,0.00247264107046085,0
2264836,3,0,0.0005622843764683697,0.00247264107046085,0
2266004,3,0,0.00026477793315038005,0.00247264107046085,0
2268436,3,0,0.013380713264647584,0.00247264107046085,1
2285249,3,0,7.961111894540061e-05,0.00247264107046085,0
2290503,3,0,0.00023232921612153064,0.00247264107046085,0
2290906,3,0,0.000455423383112547,0.00247264107046085,0
2292227,3,0,0.00016485942021285055,0.00247264107046085,0
2292827,3,0,0.00043409387267054225,0.00247264107046085,0
2294829,3,0,0.0003036836434862734,0.00247264107046085,0
2298826,3,0,0.0006049076749142876,0.00247264107046085,0
2304231,3,0,0.0005333357048340652,0.00247264107046085,0
2308073,3,0,0.0005077050433024478,0.00247264107046085,0
2309170,3,0,0.00026508746655898264,0.00247264107046085,0
2309247,3,0,0.002329159161251429,0.00247264107046085,0
2310766,3,0,0.000267787505156507,0.00247264107046085,0
2312372,3,0,0.00025008488079672616,0.00247264107046085,0
2313925,3,0,0.0002967688136367641,0.00247264107046085,0
2316008,3,0,0.0006772017685799774,0.00247264107046085,0
2316674,3,0,0.00044287836351615,0.00247264107046085,0
2319808,3,0,0.0005822665762543961,0.00247264107046085,0
2326419,3,0,0.001295701344491944,0.00247264107046085,0
2328568,3,0,0.0002810775593534554,0.00247264107046085,0
2332383,3,0,0.0011557739469650373,0.00247264107046085,0
2334569,3,0,0.0020556332964639054,0.00247264107046085,0
2334713,3,0,0.001906875172562093,0.00247264107046085,0
2335288,3,0,0.000562498909820346,0.00247264107046085,0
2336321,3,0,0.0011172661139719712,0.00247264107046085,0
2346668,3,0,0.0012847710542255764,0.00247264107046085,0
2348112,3,0,0.0009062288279564416,0.00247264107046085,0
2348844,3,0,0.0009115273674900171,0.00247264107046085,0
2351209,3,0,0.0005601271499692636,0.00247264107046085,0
2352857,3,0,0.0037844141425077004,0.00247264107046085,1
2353746,3,0,0.001428164504416277,0.00247264107046085,0
2354969,3,0,0.00106163099933833,0.00247264107046085,0
2356262,3,0,0.00040506806291203427,0.00247264107046085,0
2357965,3,0,4.832993070069093e-05,0.00247264107046085,0
2358649,3,0,0.009167994159580035,0.00247264107046085,1
2363090,3,0,0.0002956772371800664,0.00247264107046085,0
2364141,3,0,0.002218439804114653,0.00247264107046085,0
2364458,3,0,0.00022912901000644363,0.00247264107046085,0
2365040,3,0,0.011519194300844757,0.00247264107046085,1
2365094,3,0,0.00018693793170971597,0.00247264107046085,0
2365388,3,0,0.004214689109175997,0.00247264107046085,1
2365878,3,0,0.00023152802571296685,0.00247264107046085,0
2367137,3,0,0.0001970087460639549,0.00247264107046085,0
2368202,3,0,0.0007235335522628832,0.00247264107046085,0
2370375,3,0,0.007629806635961485,0.00247264107046085,1
2371427,3,0,0.0015560358028275532,0.00247264107046085,0
2372906,3,0,0.002650392032225337,0.00247264107046085,1
2374138,3,0,0.004306654782848882,0.00247264107046085,1
2377356,3,0,0.00019517558831434574,0.00247264107046085,0
2378460,3,0,0.0012551424140522672,0.00247264107046085,0
2390996,3,0,0.0029688146651423945,0.00247264107046085,1
2395512,3,0,0.00782973664104571,0.00247264107046085,1
2400927,3,0,0.00028831415203566283,0.00247264107046085,0
2402760,3,0,0.0003662539267607263,0.00247264107046085,0
2405292,3,0,0.0014519793004379026,0.00247264107046085,0
2405503,3,0,0.0007870254955815861,0.00247264107046085,0
2408775,3,0,0.008975268144842164,0.00247264107046085,1
2419285,3,0,4.9704246912116076e-05,0.00247264107046085,0
2422401,3,0,0.00045735940409218296,0.00247264107046085,0
2426783,3,0,0.0018750880351033994,0.00247264107046085,0
2431043,3,0,0.0001372707583993182,0.00247264107046085,0
2432882,3,0,0.002541221087178875,0.00247264107046085,1
2434102,3,0,0.0004465409728254135,0.00247264107046085,0
2493020,3,0,0.0015611896172689867,0.00247264107046085,0
2494998,3,0,0.0004563878935807779,0.00247264107046085,0
2513609,3,0,0.0007229048905977811,0.00247264107046085,0
2515057,3,0,0.00015122292967734683,0.00247264107046085,0
2517422,3,0,0.00328932590119622,0.00247264107046085,1
2524890,3,0,0.00580869351210047,0.00247264107046085,1
2525258,3,0,0.0015752757557230947,0.00247264107046085,0
2529884,3,0,0.00040930730641540583,0.00247264107046085,0
2532262,3,0,0.0011389779752800457,0.00247264107046085,0
2535734,3,0,0.0019368418848854172,0.00247264107046085,0
2537367,3,0,0.0004035910703297386,0.00247264107046085,0
2538867,3,0,0.0017669259802629148,0.00247264107046085,0
2539175,3,0,7.591031910342596e-05,0.00247264107046085,0
2539613,3,0,0.0022032448449686532,0.00247264107046085,0
2539710,3,0,0.0012328712284189953,0.00247264107046085,0
2541167,3,0,0.0008137278562037301,0.00247264107046085,0
2543646,3,0,4.936552091270855e-05,0.00247264107046085,0
2544536,3,0,0.0020271384088660282,0.00247264107046085,0
2546146,3,0,0.00164854428099875,0.00247264107046085,0
2547019,3,0,0.0008995417504299842,0.00247264107046085,0
2547173,3,0,0.0006379620463697813,0.00247264107046085,0
2549726,3,0,0.0004834326301625447,0.00247264107046085,0
2549759,3,0,0.0014650166549920744,0.00247264107046085,0
2553080,3,0,0.0006248960187222935,0.00247264107046085,0
2555233,3,0,0.002469665430407874,0.00247264107046085,0
2558436,3,0,0.003354366867477313,0.00247264107046085,1
2559972,3,0,0.0007483026843721187,0.00247264107046085,0
2564837,3,0,0.003727651776094954,0.00247264107046085,1
2565377,3,0,0.00011938896812352235,0.00247264107046085,0
2565448,3,0,0.00027520107853618177,0.00247264107046085,0
2569168,3,0,0.00011048460790348263,0.00247264107046085,0
2570528,3,0,0.0006331384071360038,0.00247264107046085,0
2571083,3,0,0.000274546050485229,0.00247264107046085,0
2574276,3,0,0.00017256734816354963,0.00247264107046085,0
2576445,3,0,0.00011210760343219004,0.00247264107046085,0
2579441,3,0,0.002894911853059115,0.00247264107046085,1
2582397,3,0,0.0017853590935450931,0.00247264107046085,0
2583790,3,0,0.00017433372718724717,0.00247264107046085,0
2586975,3,0,0.0008724621627621063,0.00247264107046085,0
2594417,3,0,0.00015553821691079812,0.00247264107046085,0
2598294,3,0,0.0008045384440207943,0.00247264107046085,0
2607885,3,0,0.00024982976033173276,0.00247264107046085,0
2608768,3,0,0.0025286861051249192,0.00247264107046085,1
2609053,3,0,0.00010031766884399668,0.00247264107046085,0
2611782,3,0,0.000307660639968088,0.00247264107046085,0
2620950,3,0,0.0002738463752738672,0.00247264107046085,0
2622528,3,0,0.00030620137687520615,0.00247264107046085,0
2622635,3,0,0.00035248034113815235,0.00247264107046085,0
2622866,3,0,0.0007641684942528769,0.00247264107046085,0
2646131,3,0,0.001008631724566992,0.00247264107046085,0
2655002,3,0,0.0003454854104336742,0.00247264107046085,0
2668608,3,0,0.002142830186045857,0.00247264107046085,0
2669322,3,0,0.01218724622185768,0.00247264107046085,1
2671017,3,0,0.0027948275901416215,0.00247264107046085,1
2675152,3,0,0.010648650702481425,0.00247264107046085,1
2690397,3,0,0.0005102265840991679,0.00247264107046085,0
2745204,3,0,0.011237429962558788,0.00247264107046085,1
2770451,3,0,0.0005399349194091401,0.00247264107046085,0
2772420,3,0,0.000511987944266022,0.00247264107046085,0
2773134,3,0,0.0003028822531793216,0.00247264107046085,0
2789322,3,0,0.0008142519788598492,0.00247264107046085,0
2795203,3,0,0.00032397371382865983,0.00247264107046085,0
2800318,3,0,0.001508165447154452,0.00247264107046085,0
2810102,3,0,0.0006948016921277201,0.00247264107046085,0
2815063,3,0,0.00701132866546796,0.00247264107046085,1
2817096,3,0,0.00017048241654941886,0.00247264107046085,0
2826620,3,0,0.00045125934908976667,0.00247264107046085,0
2827535,3,0,0.0018500152436156788,0.00247264107046085,0
2828670,3,0,0.000532815934204036,0.00247264107046085,0
2829241,3,0,0.0008875182201030854,0.00247264107046085,0
2831180,3,0,0.00015215860640699295,0.00247264107046085,0
2832720,3,0,5.704365234697088e-05,0.00247264107046085,0
2836177,3,0,0.00019650753024329936,0.00247264107046085,0
2837714,3,0,0.00011860221941121164,0.00247264107046085,0
2838073,3,0,0.00014507255926684962,0.00247264107046085,0
2839312,3,0,0.00031585152373889174,0.00247264107046085,0
2843583,3,0,0.00046675514299364607,0.00247264107046085,0
2845852,3,0,9.770031901642216e-05,0.00247264107046085,0
2847867,3,0,0.0001955844682709819,0.00247264107046085,0
2848187,3,0,0.00043178915795944703,0.00247264107046085,0
2850505,3,0,0.00030917817620218426,0.00247264107046085,0
2852738,3,0,0.00012144715714440349,0.00247264107046085,0
2852749,3,0,0.0005097101413809487,0.00247264107046085,0
2852940,3,0,0.00043268432444421473,0.00247264107046085,0
2854637,3,0,0.0003267775728890365,0.00247264107046085,0
2855321,3,0,0.00043665210999048357,0.00247264107046085,0
2855400,3,0,0.0008942270761879163,0.00247264107046085,0
2855568,3,0,0.00010492828649661031,0.00247264107046085,0
2857335,3,0,0.00033149273623575874,0.00247264107046085,0
2857420,3,0,0.0002881721886692617,0.00247264107046085,0
2858173,3,0,0.00025543902252807613,0.00247264107046085,0
2858493,3,0,0.00024376043203441663,0.00247264107046085,0
2858656,3,0,0.0006180578592973529,0.00247264107046085,0
2860008,3,0,0.00035174512673863997,0.00247264107046085,0
2865019,3,0,0.00024000497154116185,0.00247264107046085,0
2865030,3,0,0.0002095916254264094,0.00247264107046085,0
2865995,3,0,0.004893693067276532,0.00247264107046085,1
2866336,3,0,0.0010197171854864021,0.00247264107046085,0
2867514,3,0,0.0019523950933155749,0.00247264107046085,0
2868212,3,0,0.00015788775181960863,0.00247264107046085,0
2868572,3,0,0.0004790885933023304,0.00247264107046085,0
2872626,3,0,0.0001789601612873272,0.00247264107046085,0
2876149,3,0,0.0007597578395514397,0.00247264107046085,0
2876426,3,0,0.0007149852092337356,0.00247264107046085,0
2876756,3,0,0.0004967423566398008,0.00247264107046085,0
2877411,3,0,0.00026023388609026145,0.00247264107046085,0
2878628,3,0,0.0012474935552805467,0.00247264107046085,0
2882268,3,0,0.0005048410980758233,0.00247264107046085,0
2884920,3,0,0.0005414845421383122,0.00247264107046085,0
2886949,3,0,0.00021011230482092022,0.00247264107046085,0
2891087,3,0,0.0002380882799074965,0.00247264107046085,0
2891326,3,0,0.0004461087871564603,0.00247264107046085,0
2891573,3,0,0.00026172988554658516,0.00247264107046085,0
2893786,3,0,8.935205167798505e-05,0.00247264107046085,0
2893929,3,0,0.0008246136596650225,0.00247264107046085,0
2894534,3,0,0.00021840700694239533,0.00247264107046085,0
2895288,3,0,0.00044087306817780194,0.00247264107046085,0
2897194,3,0,0.000513998100837589,0.00247264107046085,0
2897391,3,0,0.0004414011955879998,0.00247264107046085,0
2900156,3,0,0.002365646724019638,0.00247264107046085,0
2900710,3,0,0.0017877445160348997,0.00247264107046085,0
2901223,3,0,0.00022702082567117347,0.00247264107046085,0
2901964,3,0,0.00013516116940249584,0.00247264107046085,0
2902985,3,0,0.0003119359727409754,0.00247264107046085,0
2904147,3,0,0.00023996030510541085,0.00247264107046085,0
2905439,3,0,0.00019159497867173657,0.00247264107046085,0
2906489,3,0,0.0003567899743308809,0.00247264107046085,0
2906544,3,0,0.005582681938886611,0.00247264107046085,1
2907479,3,0,0.0001916603137947084,0.00247264107046085,0
2908562,3,0,0.0008204649079684078,0.00247264107046085,0
2908583,3,0,0.00011169677011971432,0.00247264107046085,0
2908726,3,0,0.00023884372921011845,0.00247264107046085,0
2909454,3,0,0.000135820458875203,0.00247264107046085,0
2912448,3,0,0.0014929285070342804,0.00247264107046085,0
2912588,3,0,0.00019967505775913478,0.00247264107046085,0
2912676,3,0,0.00010799623679390644,0.00247264107046085,0
2912878,3,0,0.00035415517983820817,0.00247264107046085,0
2912964,3,0,0.0005141641448126727,0.00247264107046085,0
2914978,3,0,0.0003023613735080339,0.00247264107046085,0
2915996,3,0,0.0008318233360863975,0.00247264107046085,0
2918581,3,0,7.896086543705614e-05,0.00247264107046085,0
2918844,3,0,0.0002955799196057673,0.00247264107046085,0
2920016,3,0,0.00023414168771832106,0.00247264107046085,0
2920736,3,0,0.003291388759684939,0.00247264107046085,1
2920966,3,0,0.00033563844965739544,0.00247264107046085,0
2921033,3,0,0.00014039743935460525,0.00247264107046085,0
2921904,3,0,0.0004211065598378664,0.00247264107046085,0
2925029,3,0,0.0007703533538001411,0.00247264107046085,0
2925136,3,0,0.0002424691657836238,0.00247264107046085,0
2925160,3,0,0.001162092522587919,0.00247264107046085,0
2925960,3,0,0.0004436529174883978,0.00247264107046085,0
2927040,3,0,0.0004377806292513072,0.00247264107046085,0
2928952,3,0,0.00025805706320683496,0.00247264107046085,0
2928975,3,0,0.0006078846446141716,0.00247264107046085,0
2929827,3,0,0.00027991526558107584,0.00247264107046085,0
2932603,3,0,0.0002980912892260063,0.00247264107046085,0
2932757,3,0,0.0004744736824249754,0.00247264107046085,0
2933368,3,0,0.0003286433427886992,0.00247264107046085,0
2933795,3,0,0.000514618350799977,0.00247264107046085,0
2936398,3,0,0.0003532227966751597,0.00247264107046085,0
2937983,3,0,0.00025091574567024494,0.00247264107046085,0
2938401,3,0,0.0003302437079658413,0.00247264107046085,0
2939098,3,0,0.0008660009644687989,0.00247264107046085,0
2939726,3,0,0.00014179217469919046,0.00247264107046085,0
2940526,3,0,0.0001201288581029092,0.00247264107046085,0
2940569,3,0,0.00039093811592660785,0.00247264107046085,0
2941798,3,0,0.0006600412835860518,0.00247264107046085,0
2942023,3,0,0.0008955583041614823,0.00247264107046085,0
2942299,3,0,0.001542346486333678,0.00247264107046085,0
2942332,3,0,0.00029831898877130474,0.00247264107046085,0
2943033,3,0,8.553587012048605e-05,0.00247264107046085,0
2943279,3,0,0.00017591344243223672,0.00247264107046085,0
2944676,3,0,0.00011668083019252989,0.00247264107046085,0
2945485,3,0,0.0004875254256242959,0.00247264107046085,0
2945804,3,0,0.0006696117325107669,0.00247264107046085,0
2946904,3,0,0.0007272823753180879,0.00247264107046085,0
2946907,3,0,0.0013406435588905075,0.00247264107046085,0
2947148,3,0,0.0025810402441523847,0.00247264107046085,1
2947583,3,0,0.0001692038529046212,0.00247264107046085,0
2947888,3,0,0.0004162096065052954,0.00247264107046085,0
2948508,3,0,0.00029444820256958854,0.00247264107046085,0
2948520,3,0,0.0003387196224252872,0.00247264107046085,0
2949496,3,0,0.0006473403426613489,0.00247264107046085,0
2949682,3,0,0.0007070757519406835,0.00247264107046085,0
2949895,3,0,0.00047633384480066373,0.00247264107046085,0
2950291,3,0,0.00016926847344420987,0.00247264107046085,0
2950982,3,0,0.00016753413852448968,0.00247264107046085,0
2951417,3,0,0.00109880765824088,0.00247264107046085,0
2951438,3,0,0.00028033212301074216,0.00247264107046085,0
2951809,3,0,9.399530360775636e-05,0.00247264107046085,0
2951856,3,0,0.002079028229636129,0.00247264107046085,0
2951996,3,0,0.0011560840908061262,0.00247264107046085,0
2952867,3,0,0.0003866787547604782,0.00247264107046085,0
2952920,3,0,0.0017314777877245075,0.00247264107046085,0
2953456,3,0,4.070392224179257e-05,0.00247264107046085,0
2953771,3,0,0.0012071850570017537,0.00247264107046085,0
2953991,3,0,0.009028698098811934,0.00247264107046085,1
2954452,3,0,0.005064252466627497,0.00247264107046085,1
2954557,3,0,0.00048590716249939685,0.00247264107046085,0
2954742,3,0,0.0006616682043640449,0.00247264107046085,0
2955049,3,0,0.0004951034112450754,0.00247264107046085,0
2955385,3,0,9.540369461603393e-05,0.00247264107046085,0
2955543,3,0,0.00017734246277010794,0.00247264107046085,0
2956580,3,0,0.00019615663375238917,0.00247264107046085,0
2956722,3,0,0.00024280662849318182,0.00247264107046085,0
2957994,3,0,0.0005533523868398372,0.00247264107046085,0
2957997,3,0,0.00010388610327361964,0.00247264107046085,0
2958516,3,0,0.0037395156348006505,0.00247264107046085,1
2958972,3,0,0.0002254251663120222,0.00247264107046085,0
2959424,3,0,0.0002424153991219971,0.00247264107046085,0
2960003,3,0,0.0004104775369985261,0.00247264107046085,0
2960025,3,0,0.00022576725441538178,0.00247264107046085,0
2961964,3,0,0.0001857637393715089,0.00247264107046085,0
2962015,3,0,0.00017407374274474636,0.00247264107046085,0
2962212,3,0,0.0009368305445774579,0.00247264107046085,0
2962286,3,0,0.011438914806847509,0.00247264107046085,1
2962724,3,0,0.0003603922719506299,0.00247264107046085,0
2963306,3,0,0.0036934199915861863,0.00247264107046085,1
2963973,3,0,0.0006678907985335552,0.00247264107046085,0
2964338,3,0,0.00046820882497989875,0.00247264107046085,0
2964341,3,0,0.0021899668297332394,0.00247264107046085,0
2964418,3,0,0.0005418727084767104,0.00247264107046085,0
2965114,3,0,0.00046721712895724275,0.00247264107046085,0
2965196,3,0,0.0003085339963872125,0.00247264107046085,0
2965246,3,0,0.00021962949639915263,0.00247264107046085,0
2965316,3,0,0.00023682764590026687,0.00247264107046085,0
2966848,3,0,0.00027929552119181105,0.00247264107046085,0
2967331,3,0,0.00016693975383716796,0.00247264107046085,0
2967634,3,0,0.0004704106747771989,0.00247264107046085,0
2967872,3,0,0.0002911200743470483,0.00247264107046085,0
2967915,3,0,8.534103364334765e-05,0.00247264107046085,0
2968490,3,0,0.0004059763281523768,0.00247264107046085,0
2970046,3,0,0.0005361008754799424,0.00247264107046085,0
2970251,3,0,0.0020922461317592973,0.00247264107046085,0
2970466,3,0,0.0005383310145752861,0.00247264107046085,0
2970589,3,0,0.0014380863414998923,0.00247264107046085,0
2970745,3,0,0.00012743227892817607,0.00247264107046085,0
2970838,3,0,0.004128867259639952,0.00247264107046085,1
2971094,3,0,0.0014778255952847695,0.00247264107046085,0
2971187,3,0,0.0006279509113435576,0.00247264107046085,0
2971267,3,0,0.0012767009485133614,0.00247264107046085,0
2971368,3,0,0.000698068519322371,0.00247264107046085,0
2971396,3,0,0.0008999778361641704,0.00247264107046085,0
2971432,3,0,0.0005451001866026013,0.00247264107046085,0
2971528,3,0,0.002262835611610315,0.00247264107046085,0
2971985,3,0,0.0009589666568299081,0.00247264107046085,0
2972321,3,0,0.00041404338557519136,0.00247264107046085,0
2972947,3,0,0.0008936081226939451,0.00247264107046085,0
2974453,3,0,0.0003553171515980993,0.00247264107046085,0
2974550,3,0,0.00046843804521203475,0.00247264107046085,0
2974644,3,0,0.0003411160270596375,0.00247264107046085,0
2974700,3,0,0.003835920710313837,0.00247264107046085,1
2974760,3,0,0.0007111601210848847,0.00247264107046085,0
2977127,3,0,0.002249649355152462,0.00247264107046085,0
2978056,3,0,0.00012873090535996478,0.00247264107046085,0
2978114,3,0,0.0028590296377981024,0.00247264107046085,1
2978907,3,0,0.0003262272218448322,0.00247264107046085,0
2979389,3,0,0.001106114968341931,0.00247264107046085,0
2980804,3,0,0.000547393119669139,0.00247264107046085,0
2981105,3,0,0.00016761365523112817,0.00247264107046085,0
2981270,3,0,0.000579457095798843,0.00247264107046085,0
2981769,3,0,0.0003022363240642638,0.00247264107046085,0
2983865,3,0,0.00011096607167948687,0.00247264107046085,0
2984343,3,0,0.0005038135580188314,0.00247264107046085,0
2986793,3,0,9.373704280540713e-05,0.00247264107046085,0
2987737,3,0,0.00966819111554714,0.00247264107046085,1
2988340,3,0,5.64553206373958e-05,0.00247264107046085,0
2997073,3,0,0.0012121071168275386,0.00247264107046085,0
2997336,3,0,0.0015591111464283835,0.00247264107046085,0
2997525,3,0,0.0007879527020668894,0.00247264107046085,0
2997528,3,0,0.0005727568602788319,0.00247264107046085,0
2997529,3,0,0.00019553369766968078,0.00247264107046085,0
2997532,3,0,0.00018048079089475882,0.00247264107046085,0
2997569,3,0,0.0017575198561637427,0.00247264107046085,0
2997579,3,0,0.00035286049123247297,0.00247264107046085,0
2997599,3,0,0.0014656178135474922,0.00247264107046085,0
2997604,3,0,0.00013691769956806872,0.00247264107046085,0
2997627,3,0,0.00033974773961330967,0.00247264107046085,0
2997711,3,0,0.0001653287772150669,0.00247264107046085,0
2997766,3,0,0.002356820771625052,0.00247264107046085,0
2997814,3,0,0.00021921932543352688,0.00247264107046085,0
2997867,3,0,0.00016102287573549777,0.00247264107046085,0
2997877,3,0,0.0014531563485409723,0.00247264107046085,0
2997879,3,0,0.0001176421090907634,0.00247264107046085,0
2997880,3,0,0.00010704444737046366,0.00247264107046085,0
2997882,3,0,0.0007417266673405126,0.00247264107046085,0
2997913,3,0,0.0006997211651398562,0.00247264107046085,0
2997953,3,0,0.00021537972240838092,0.00247264107046085,0
2997961,3,0,0.0009284987414407649,0.00247264107046085,0
2997964,3,0,0.0002118278702693011,0.00247264107046085,0
2997989,3,0,0.0006169044826325118,0.00247264107046085,0
2998061,3,0,0.0023428890359532633,0.00247264107046085,0
2998063,3,0,2.464894974477565e-05,0.00247264107046085,0
2998083,3,0,0.0002528527083676153,0.00247264107046085,0
2998104,3,0,0.00043560083706461556,0.00247264107046085,0
2998144,3,0,0.0001880185137239756,0.00247264107046085,0
2998147,3,0,0.0053202326407835255,0.00247264107046085,1
2998208,3,0,0.0008182402852958004,0.00247264107046085,0
2998257,3,0,0.0006010991853950978,0.00247264107046085,0
2998289,3,0,0.0004012295927108383,0.00247264107046085,0
2998305,3,0,0.004538279790656625,0.00247264107046085,1
2998367,3,0,0.00042605754778405036,0.00247264107046085,0
2998412,3,0,0.00017902296511438994,0.00247264107046085,0
2998494,3,0,0.0029376156753644356,0.00247264107046085,1
2998516,3,0,0.0029245481076749227,0.00247264107046085,1
2998531,3,0,0.0016141275087992403,0.00247264107046085,0
2998554,3,0,0.0006894744001520097,0.00247264107046085,0
2998565,3,0,0.00045374550474717675,0.00247264107046085,0
2998592,3,0,5.9439775972046036e-05,0.00247264107046085,0
2998594,3,0,0.0001221619324244856,0.00247264107046085,0
2998627,3,0,0.0008589142012188327,0.00247264107046085,0
2998767,3,0,0.0008290654091728389,0.00247264107046085,0
2998778,3,0,0.019998583556695922,0.00247264107046085,1
2998785,3,0,0.0003958320932807982,0.00247264107046085,0
2998789,3,0,0.0003467099679466692,0.00247264107046085,0
2998793,3,0,0.00043957997290230576,0.00247264107046085,0
2998807,3,0,0.0007317585872807438,0.00247264107046085,0
2998819,3,0,0.005082402627279816,0.00247264107046085,1
2998856,3,0,0.0006634447563096482,0.00247264107046085,0
2998901,3,0,0.00045821384793669396,0.00247264107046085,0
2998931,3,0,0.0007282060850798824,0.00247264107046085,0
2998939,3,0,0.0035441134887589845,0.00247264107046085,1
2998963,3,0,0.0008628026476023364,0.00247264107046085,0
2999009,3,0,0.0002589947203320289,0.00247264107046085,0
2999011,3,0,0.0017954251118456595,0.00247264107046085,0
2999141,3,0,0.00015812707941669556,0.00247264107046085,0
2999199,3,0,0.00030884904704607405,0.00247264107046085,0
2999248,3,0,0.0012830928842159856,0.00247264107046085,0
2999265,3,0,0.01341417369156033,0.00247264107046085,1
2999281,3,0,0.0003773643781787734,0.00247264107046085,0
2999307,3,0,0.0009516198999160768,0.00247264107046085,0
2999327,3,0,0.000634389785828585,0.00247264107046085,0
2999368,3,0,0.00011108286545389676,0.00247264107046085,0
2999418,3,0,0.0004334970650798946,0.00247264107046085,0
2999454,3,0,0.0004643010819550592,0.00247264107046085,0
2999485,3,0,0.0007255696995011108,0.00247264107046085,0
2999508,3,0,3.935951146920332e-05,0.00247264107046085,0
2999521,3,0,0.0014016595182891323,0.00247264107046085,0
2999522,3,0,0.0001432448644237959,0.00247264107046085,0
2999529,3,0,0.0035422071615753945,0.00247264107046085,1
2999533,3,0,0.00046579904619708417,0.00247264107046085,0
2999537,3,0,0.0017243665633592832,0.00247264107046085,0
2999543,3,0,0.000988432587769213,0.00247264107046085,0
2999577,3,0,0.0003435661464264783,0.00247264107046085,0
2999594,3,0,0.0019142662169097152,0.00247264107046085,0
2999598,3,0,0.0008914387775975996,0.00247264107046085,0
2999645,3,0,0.0019639829625949724,0.00247264107046085,0
2999657,3,0,0.0008116571134305212,0.00247264107046085,0
2999665,3,0,0.004976875630008842,0.00247264107046085,1
2999679,3,0,0.00016736978769028485,0.00247264107046085,0
2999687,3,0,0.0004433123748086849,0.00247264107046085,0
2999692,3,0,0.00014236437211441163,0.00247264107046085,0
2999706,3,0,0.0006061212413268253,0.00247264107046085,0
2999719,3,0,0.004024967086469653,0.00247264107046085,1
2999773,3,0,0.0007855844686496391,0.00247264107046085,0
2999801,3,0,0.00016173088495628464,0.00247264107046085,0
2999817,3,0,7.60076223529299e-05,0.00247264107046085,0
2999831,3,0,0.006811803904663193,0.00247264107046085,1
2999861,3,0,0.00012137932489916603,0.00247264107046085,0
2999878,3,0,0.000171076570407769,0.00247264107046085,0
2999880,3,0,0.00034069522751801546,0.00247264107046085,0
2999883,3,0,0.0010739001223711141,0.00247264107046085,0
2999900,3,0,0.0009506990372208418,0.00247264107046085,0
2999928,3,0,0.00021364992021816523,0.00247264107046085,0
3000003,3,0,0.00046647227356972303,0.00247264107046085,0
3000006,3,0,0.0008875772884564215,0.00247264107046085,0
3000021,3,0,0.00029830030768334103,0.00247264107046085,0
3000031,3,0,0.0008417935217167352,0.00247264107046085,0
3000056,3,0,0.00025651059166625125,0.00247264107046085,0
3000077,3,0,0.00010796921794883497,0.00247264107046085,0
3000110,3,0,8.68704076759629e-05,0.00247264107046085,0
3000150,3,0,0.0017874122227654816,0.00247264107046085,0
3000185,3,0,0.001016554955538712,0.00247264107046085,0
3000213,3,0,6.277120616860176e-05,0.00247264107046085,0
3066878,3,0,0.00010636373050383101,0.00247264107046085,0
3104616,3,0,0.0011078841662145974,0.00247264107046085,0
3120794,3,0,4.330493602945025e-05,0.00247264107046085,0
3120826,3,0,0.000284281917561098,0.00247264107046085,0
3120891,3,0,8.611562005119382e-05,0.00247264107046085,0
3126086,3,0,0.000351477408759717,0.00247264107046085,0
3131353,3,0,0.001271226014163855,0.00247264107046085,0
3131438,3,0,0.0010109205793643577,0.00247264107046085,0
3132099,3,0,0.0003795460655503393,0.00247264107046085,0
3132402,3,0,0.00021253331648710935,0.00247264107046085,0
3144204,3,0,0.000660116985051849,0.00247264107046085,0
3144503,3,0,0.0006488720762169613,0.00247264107046085,0
3144844,3,0,0.00024118923614381836,0.00247264107046085,0
3144933,3,0,0.0022269881269926096,0.00247264107046085,0
3148096,3,0,0.0009764632913358081,0.00247264107046085,0
3148871,3,0,0.00016983874386084579,0.00247264107046085,0
3151558,3,0,0.0002980545807566357,0.00247264107046085,0
3154522,3,0,0.0008145524459427688,0.00247264107046085,0
3162354,3,0,0.000191680950108578,0.00247264107046085,0
3162414,3,0,0.0003093855168757416,0.00247264107046085,0
3235577,3,0,0.00018185008098446745,0.00247264107046085,0
3235583,3,0,0.00020228670988829155,0.00247264107046085,0
3235590,3,0,8.944628335016604e-05,0.00247264107046085,0
3235607,3,0,9.027223355325708e-05,0.00247264107046085,0
3235649,3,0,0.0024518646683761177,0.00247264107046085,0
3235657,3,0,0.0016801439658241928,0.00247264107046085,0
3235658,3,0,0.0008530618275886739,0.00247264107046085,0
3235675,3,0,0.00034058121190593107,0.00247264107046085,0
3235685,3,0,0.0004213244510293218,0.00247264107046085,0
3235689,3,0,0.0018533729336797256,0.00247264107046085,0
3235705,3,0,0.00021536237125760956,0.00247264107046085,0
3235716,3,0,0.00019773837852790025,0.00247264107046085,0
3235744,3,0,0.0004046575078334641,0.00247264107046085,0
3235759,3,0,0.0005736490416912845,0.00247264107046085,0
3235769,3,0,0.0475632912525678,0.00247264107046085,1
3235814,3,0,0.00035044588036708794,0.00247264107046085,0
3235846,3,0,0.004816673276110254,0.00247264107046085,1
3235898,3,0,0.003993082747825463,0.00247264107046085,1
3235962,3,0,0.001478881236611226,0.00247264107046085,0
3235966,3,0,0.00014368477647625194,0.00247264107046085,0
3236006,3,0,0.0019460439836881491,0.00247264107046085,0
3236008,3,0,0.00024650660386821966,0.00247264107046085,0
3236045,3,0,0.00040721996986480116,0.00247264107046085,0
3236052,3,0,0.0011175924765866017,0.00247264107046085,0
3236077,3,0,0.00215059939165106,0.00247264107046085,0
3236081,3,0,0.00014705484142554396,0.00247264107046085,0
3236140,3,0,0.0010809700184933443,0.00247264107046085,0
3236185,3,0,0.00045923036270317964,0.00247264107046085,0
3236224,3,0,0.0002832272618815988,0.00247264107046085,0
3236268,3,0,0.003875036147295447,0.00247264107046085,1
3236271,3,0,0.0008409447860375576,0.00247264107046085,0
3236274,3,0,0.0018625862947528491,0.00247264107046085,0
3236308,3,0,0.0007830503755416642,0.00247264107046085,0
3236315,3,0,0.00031084691488726364,0.00247264107046085,0
3236330,3,0,0.0012016763326932233,0.00247264107046085,0
3236335,3,0,0.0002318107285487124,0.00247264107046085,0
3236361,3,0,0.0005616934624603643,0.00247264107046085,0
3236377,3,0,0.0008437858943651998,0.00247264107046085,0
3236383,3,0,3.87746262101064e-05,0.00247264107046085,0
3236393,3,0,0.00026494772457760145,0.00247264107046085,0
3236404,3,0,0.00022595526420961148,0.00247264107046085,0
3236409,3,0,0.000222591916166735,0.00247264107046085,0
3236412,3,0,0.000320368967453296,0.00247264107046085,0
3236425,3,0,0.0019278312495689396,0.00247264107046085,0
3236440,3,0,0.002071801897301589,0.00247264107046085,0
3236467,3,0,0.00015379405857860747,0.00247264107046085,0
3236492,3,0,0.0007822243809711843,0.00247264107046085,0
3236497,3,0,0.04072351160847981,0.00247264107046085,1
3236513,3,0,0.002596261969097878,0.00247264107046085,1
3236520,3,0,0.001985276642015204,0.00247264107046085,0
3236574,3,0,0.00021341781361770235,0.00247264107046085,0
3236593,3,0,0.0007036992783557499,0.00247264107046085,0
3236604,3,0,0.0012627213216940207,0.00247264107046085,0
3236619,3,0,0.061174689248177254,0.00247264107046085,1
3236669,3,0,0.0023089292420609667,0.00247264107046085,0
3236681,3,0,3.2314746856399834e-05,0.00247264107046085,0
3236690,3,0,0.0006860301520846975,0.00247264107046085,0
3236715,3,0,0.0005192470867958178,0.00247264107046085,0
3236760,3,0,0.0009719337839724834,0.00247264107046085,0
3236787,3,0,0.00019179593431848746,0.00247264107046085,0
3236791,3,0,0.0014333969853346008,0.00247264107046085,0
3236797,3,0,0.00034862911808588085,0.00247264107046085,0
3236817,3,0,0.00019684781724698487,0.00247264107046085,0
3236843,3,0,0.004511564936283327,0.00247264107046085,1
3236850,3,0,0.000899836157594992,0.00247264107046085,0
3236869,3,0,0.0006617784104388763,0.00247264107046085,0
3236878,3,0,0.00020386370913332596,0.00247264107046085,0
3236884,3,0,0.00025232595690082303,0.00247264107046085,0
3236908,3,0,0.02891705829745558,0.00247264107046085,1
3236927,3,0,0.0013679800134900693,0.00247264107046085,0
3236929,3,0,0.0022563226982950236,0.00247264107046085,0
3236971,3,0,0.0022632995177933124,0.00247264107046085,0
3236987,3,0,0.0004885920812171252,0.00247264107046085,0
3237009,3,0,0.008583631319251973,0.00247264107046085,1
3237014,3,0,0.0013630248426839866,0.00247264107046085,0
3237027,3,0,0.0010636489857312047,0.00247264107046085,0
3237052,3,0,0.003174081000886769,0.00247264107046085,1
3237085,3,0,0.00022736542625863553,0.00247264107046085,0
3237099,3,0,0.0033723273725774247,0.00247264107046085,1
3237111,3,0,0.0004256517770403042,0.00247264107046085,0
3237126,3,0,0.0001808808838313609,0.00247264107046085,0
3237136,3,0,0.0005644689983357813,0.00247264107046085,0
3237137,3,0,0.0008368761707817022,0.00247264107046085,0
3237149,3,0,0.0008499151970552108,0.00247264107046085,0
3237155,3,0,0.0026640178747048275,0.00247264107046085,1
3237156,3,0,0.0010269575216752974,0.00247264107046085,0
3237165,3,0,0.010202772751407534,0.00247264107046085,1
3237186,3,0,0.00044635191426064966,0.00247264107046085,0
3237198,3,0,7.422768870431692e-05,0.00247264107046085,0
3237235,3,0,0.0001417166802929862,0.00247264107046085,0
3237250,3,0,0.0003089950712005146,0.00247264107046085,0
3237252,3,0,0.0007532466363500475,0.00247264107046085,0
3237253,3,0,0.00047397109816018956,0.00247264107046085,0
3237288,3,0,0.00040816748035359585,0.00247264107046085,0
3237301,3,0,0.0004609036886802172,0.00247264107046085,0
3237314,3,0,0.0009726460193275826,0.00247264107046085,0
3237317,3,0,0.0005776640885561534,0.00247264107046085,0
3237320,3,0,0.027688459765332775,0.00247264107046085,1
3237371,3,0,0.0004440634742837931,0.00247264107046085,0
3237378,3,0,0.00038266020947583024,0.00247264107046085,0
3237389,3,0,0.000585215930991834,0.00247264107046085,0
3237403,3,0,0.0002490535550064914,0.00247264107046085,0
3237427,3,0,0.00035347855014531885,0.00247264107046085,0
3237445,3,0,0.0014860943429765565,0.00247264107046085,0
3237467,3,0,0.00039784898072186664,0.00247264107046085,0
3237492,3,0,0.002882129016426738,0.00247264107046085,1
3237494,3,0,0.00017893693544790778,0.00247264107046085,0
3237513,3,0,0.0001536344634092754,0.00247264107046085,0
3237521,3,0,0.005327506299797657,0.00247264107046085,1
3237522,3,0,0.0015982878889782542,0.00247264107046085,0
3237526,3,0,0.0043377029383436395,0.00247264107046085,1
3237553,3,0,0.0011883294200567512,0.00247264107046085,0
3237568,3,0,0.0006737966427012887,0.00247264107046085,0
3237581,3,0,8.937834717876752e-05,0.00247264107046085,0
3237586,3,0,0.0004536898957253737,0.00247264107046085,0
3237683,3,0,0.00020628876794270468,0.00247264107046085,0
3237689,3,0,0.0004018563166215499,0.00247264107046085,0
3237707,3,0,0.0007200395334994561,0.00247264107046085,0
3237715,3,0,7.208858350537682e-05,0.00247264107046085,0
3237728,3,0,0.0013513261401250434,0.00247264107046085,0
3237766,3,0,0.0007784884962612452,0.00247264107046085,0
3237795,3,0,0.00011892692126833752,0.00247264107046085,0
3237881,3,0,0.0001646059805534397,0.00247264107046085,0
3237897,3,0,0.00021718209972083178,0.00247264107046085,0
3237943,3,0,0.00013450094457472485,0.00247264107046085,0
3237953,3,0,0.00024969134325372944,0.00247264107046085,0
3237995,3,0,0.0014351740135295661,0.00247264107046085,0
3237999,3,0,0.00022736604797034398,0.00247264107046085,0
3238031,3,0,0.0003581930168700597,0.00247264107046085,0
3238034,3,0,0.0022479222457170442,0.00247264107046085,0
3238055,3,0,0.0001606777268051437,0.00247264107046085,0
3238058,3,0,0.015032593810114682,0.00247264107046085,1
3238060,3,0,0.0005160617679992932,0.00247264107046085,0
3238073,3,0,0.000849242205000846,0.00247264107046085,0
3238106,3,0,0.0030270240456016953,0.00247264107046085,1
3238109,3,0,0.0017151007533091369,0.00247264107046085,0
3238115,3,0,0.00010599646515498814,0.00247264107046085,0
3238122,3,0,0.0015450659118827045,0.00247264107046085,0
3238178,3,0,0.0019915726098612336,0.00247264107046085,0
3238181,3,0,0.00033382471396372276,0.00247264107046085,0
3238182,3,0,0.03375530113993129,0.00247264107046085,1
3238205,3,0,0.0005822786135761094,0.00247264107046085,0
3238208,3,0,0.00024466780614898124,0.00247264107046085,0
3238211,3,0,0.0009771673883674828,0.00247264107046085,0
3238213,3,0,0.0028967958274789753,0.00247264107046085,1
3238234,3,0,0.00032473257551235787,0.00247264107046085,0
3238256,3,0,0.00036576035777567835,0.00247264107046085,0
3238290,3,0,0.009519161905953094,0.00247264107046085,1
3238300,3,0,0.0018296306903678485,0.00247264107046085,0
3238302,3,0,0.00010270944702940474,0.00247264107046085,0
3238320,3,0,5.890251748485219e-05,0.00247264107046085,0
3238350,3,0,0.007704246425906344,0.00247264107046085,1
3238352,3,0,0.00035320508475776444,0.00247264107046085,0
3238354,3,0,0.000103537540048087,0.00247264107046085,0
3238376,3,0,0.007871515763060685,0.00247264107046085,1
3238397,3,0,0.0003340873074270559,0.00247264107046085,0
3238447,3,0,0.0004085824965017257,0.00247264107046085,0
3238452,3,0,0.0009901542926715593,0.00247264107046085,0
3238488,3,0,0.011944541980090111,0.00247264107046085,1
3238491,3,0,0.001216261447121666,0.00247264107046085,0
3238504,3,0,0.0011597437935648492,0.00247264107046085,0
3238544,3,0,0.00015913186453296807,0.00247264107046085,0
3238572,3,0,0.00034669245744804695,0.00247264107046085,0
3238603,3,0,0.0007093801954247478,0.00247264107046085,0
3238663,3,0,0.16269259004314962,0.00247264107046085,1
3238688,3,0,0.0003746988237852063,0.00247264107046085,0
3238715,3,0,0.007135548406925323,0.00247264107046085,1
3238783,3,0,0.0002101885492923111,0.00247264107046085,0
3238799,3,0,0.0009599012724955945,0.00247264107046085,0
3238801,3,0,0.007567839475120468,0.00247264107046085,1
3238817,3,0,8.85774849622903e-05,0.00247264107046085,0
3238818,3,0,0.006087999016833585,0.00247264107046085,1
3238832,3,0,5.2508532389098626e-05,0.00247264107046085,0
3238848,3,0,0.0006362185006758133,0.00247264107046085,0
3238900,3,0,8.202097265103705e-05,0.00247264107046085,0
3238901,3,0,0.0018983457008579882,0.00247264107046085,0
3238916,3,0,0.0006392302351945292,0.00247264107046085,0
3238951,3,0,0.008259280304314342,0.00247264107046085,1
3238968,3,0,0.00021309658465801966,0.00247264107046085,0
3238978,3,0,0.0013725350463448386,0.00247264107046085,0
3239013,3,0,0.00013517658346878656,0.00247264107046085,0
3239044,3,0,0.0014620953262372257,0.00247264107046085,0
3239071,3,0,0.00019182786641802014,0.00247264107046085,0
3239104,3,0,0.00013549033845157958,0.00247264107046085,0
3239267,3,0,0.005027069063405125,0.00247264107046085,1
3239281,3,0,0.00024199816273699686,0.00247264107046085,0
3239306,3,0,0.0002924128754574317,0.00247264107046085,0
3239333,3,0,0.004494243661754643,0.00247264107046085,1
3239350,3,0,0.000382794786117195,0.00247264107046085,0
3239352,3,0,0.00015923674605429117,0.00247264107046085,0
3239368,3,0,0.00018704173680484843,0.00247264107046085,0
3239493,3,0,9.357560615398658e-05,0.00247264107046085,0
3239507,3,0,0.0010444045170020177,0.00247264107046085,0
3239568,3,0,0.00046224499547593123,0.00247264107046085,0
3239600,3,0,0.0004506551621764155,0.00247264107046085,0
3239658,3,0,0.0008075620474013855,0.00247264107046085,0
3239692,3,0,0.0005106269375819391,0.00247264107046085,0
3239720,3,0,0.00033918324083899844,0.00247264107046085,0
3239837,3,0,0.00038495356834149236,0.00247264107046085,0
3239869,3,0,0.0025868800396087136,0.00247264107046085,1
3239898,3,0,0.06680214056376922,0.00247264107046085,1
3239981,3,0,0.0003821941172483231,0.00247264107046085,0
3240015,3,0,0.0005512059437167265,0.00247264107046085,0
3240029,3,0,0.0002881142789394535,0.00247264107046085,0
3240033,3,0,7.473043104553417e-05,0.00247264107046085,0
3240059,3,0,0.0005553250554368292,0.00247264107046085,0
3240102,3,0,0.0015178000849128048,0.00247264107046085,0
3240128,3,0,0.0008579908548155908,0.00247264107046085,0
3240178,3,0,0.00017714484863216423,0.00247264107046085,0
3240246,3,0,0.0024479588895477415,0.00247264107046085,0
3240266,3,0,0.0012431516802588335,0.00247264107046085,0
3240269,3,0,0.000571029713315908,0.00247264107046085,0
3240295,3,0,0.00017422778919933804,0.00247264107046085,0
3240346,3,0,0.032627231549192,0.00247264107046085,1
3240397,3,0,0.0007000371451427429,0.00247264107046085,0
3240455,3,0,0.00023193851326802788,0.00247264107046085,0
3240473,3,0,0.00034213014909215876,0.00247264107046085,0
3240474,3,0,0.0004483374390308029,0.00247264107046085,0
3240496,3,0,0.0004623188757044938,0.00247264107046085,0
3240540,3,0,0.0013121973778244102,0.00247264107046085,0
3240557,3,0,0.0042044156319516355,0.00247264107046085,1
3240559,3,0,0.0001483635158519697,0.00247264107046085,0
3240573,3,0,0.002656632716500782,0.00247264107046085,1
3240581,3,0,0.0005498494648122994,0.00247264107046085,0
3240592,3,0,0.0009321481657132433,0.00247264107046085,0
3240621,3,0,0.007811937994798787,0.00247264107046085,1
3240730,3,0,0.0015713920818951307,0.00247264107046085,0
3240752,3,0,0.0007436845272895855,0.00247264107046085,0
3240763,3,0,0.00019534131838634927,0.00247264107046085,0
3240802,3,0,0.059784913111714126,0.00247264107046085,1
3240837,3,0,9.596758943872728e-05,0.00247264107046085,0
3240860,3,0,0.00012621689231536267,0.00247264107046085,0
3240908,3,0,0.0001423844034551506,0.00247264107046085,0
3240966,3,0,0.0005088042146268601,0.00247264107046085,0
3241002,3,0,0.0002592631379309301,0.00247264107046085,0
3241004,3,0,0.00032952853254351904,0.00247264107046085,0
3241009,3,0,0.00018353776978291935,0.00247264107046085,0
3241038,3,0,0.0012045807106569578,0.00247264107046085,0
3241041,3,0,0.00687624058844185,0.00247264107046085,1
3241081,3,0,9.767939179548142e-05,0.00247264107046085,0
3241129,3,0,0.0014452639416249798,0.00247264107046085,0
3241142,3,0,0.0008826235454149599,0.00247264107046085,0
3241229,3,0,0.000472046211467195,0.00247264107046085,0
3241242,3,0,0.0009776704615881327,0.00247264107046085,0
3241345,3,0,0.00015207028564829823,0.00247264107046085,0
3241358,3,0,0.006236358547543189,0.00247264107046085,1
3241391,3,0,0.001253816475676584,0.00247264107046085,0
3241407,3,0,0.0002734493231175154,0.00247264107046085,0
3241438,3,0,0.07550497479645331,0.00247264107046085,1
3241450,3,0,5.811047801950813e-05,0.00247264107046085,0
3241465,3,0,0.00034673973363974833,0.00247264107046085,0
3241470,3,0,0.00032923536675073453,0.00247264107046085,0
3241498,3,0,0.0007570655146468358,0.00247264107046085,0
3241529,3,0,0.0008588294284020848,0.00247264107046085,0
3241575,3,0,0.0010530118887521296,0.00247264107046085,0
3241593,3,0,6.618380874236512e-05,0.00247264107046085,0
3241787,3,0,0.0006745509425322926,0.00247264107046085,0
3241982,3,0,0.0012206597112140757,0.00247264107046085,0
3242008,3,0,0.0035165552899644593,0.00247264107046085,1
3242032,3,0,0.006057816524202102,0.00247264107046085,1
3242116,3,0,0.00016885310358064726,0.00247264107046085,0
3242144,3,0,0.0005813948260603704,0.00247264107046085,0
3242198,3,0,7.387751704227623e-05,0.00247264107046085,0
3242301,3,0,0.00043034577009907533,0.00247264107046085,0
3242381,3,0,4.229076802946516e-05,0.00247264107046085,0
3242396,3,0,0.0005594090019658271,0.00247264107046085,0
3242410,3,0,0.0002624274232001717,0.00247264107046085,0
3242433,3,0,0.012114135107692992,0.00247264107046085,1
3242455,3,0,0.00029429059207086256,0.00247264107046085,0
3242474,3,0,0.00011512669654492622,0.00247264107046085,0
3242484,3,0,0.0009569317249733129,0.00247264107046085,0
3242536,3,0,0.0020560503229791927,0.00247264107046085,0
3242602,3,0,0.004795676498278634,0.00247264107046085,1
3242634,3,0,0.0010969991770158917,0.00247264107046085,0
3242649,3,0,0.009162650273439273,0.00247264107046085,1
3242662,3,0,0.0018463883303390825,0.00247264107046085,0
3242732,3,0,0.0014889677485582814,0.00247264107046085,0
3242740,3,0,0.0004135690389120686,0.00247264107046085,0
3242779,3,0,0.000806944569050404,0.00247264107046085,0
3242781,3,0,0.0011771767654457249,0.00247264107046085,0
3242783,3,0,0.0005074043479744294,0.00247264107046085,0
3242809,3,0,0.00046161877880244626,0.00247264107046085,0
3242882,3,0,0.0007473703468649194,0.00247264107046085,0
3242889,3,0,0.0001822515920616984,0.00247264107046085,0
3242996,3,0,0.00019914869524267619,0.00247264107046085,0
3243104,3,0,9.959790102790898e-05,0.00247264107046085,0
3243107,3,0,0.03119865017506603,0.00247264107046085,1
3243141,3,0,0.0005693820746119531,0.00247264107046085,0
3243176,3,0,0.0005303605063732373,0.00247264107046085,0
3243183,3,0,0.00013415344018175384,0.00247264107046085,0
3243191,3,0,0.0002559674873068486,0.00247264107046085,0
3243204,3,0,0.0006784862891863725,0.00247264107046085,0
3243235,3,0,0.002100399988389088,0.00247264107046085,0
3243238,3,0,0.0013932359712105257,0.00247264107046085,0
3243253,3,0,0.0006431730322349232,0.00247264107046085,0
3243327,3,0,0.0013113287319954363,0.00247264107046085,0
3243396,3,0,0.07441969919344246,0.00247264107046085,1
3243399,3,0,0.00047341794072108833,0.00247264107046085,0
3243426,3,0,0.0001446326269681436,0.00247264107046085,0
3243448,3,0,0.0005253162288469187,0.00247264107046085,0
3243496,3,0,0.0005335790935093822,0.00247264107046085,0
3243500,3,0,0.008024531412935073,0.00247264107046085,1
3243562,3,0,0.003361131865057204,0.00247264107046085,1
3243592,3,0,0.0005420830657087214,0.00247264107046085,0
3243632,3,0,0.00023742793580859483,0.00247264107046085,0
3243652,3,0,0.0002498452494657037,0.00247264107046085,0
3243692,3,0,0.00017191384101467212,0.00247264107046085,0
3243720,3,0,0.0009134978422402323,0.00247264107046085,0
3243731,3,0,0.007576781511475582,0.00247264107046085,1
3243771,3,0,0.0022514709586683866,0.00247264107046085,0
3243834,3,0,0.0003710949485424286,0.00247264107046085,0
3243906,3,0,0.00030382945609474154,0.00247264107046085,0
3243923,3,0,0.03632413572370031,0.00247264107046085,1
3243947,3,0,0.0002016968853843417,0.00247264107046085,0
3243956,3,0,0.00102742090945578,0.00247264107046085,0
3243973,3,0,0.0001722430446012487,0.00247264107046085,0
3243974,3,0,0.00040592938737621896,0.00247264107046085,0
3243989,3,0,0.00020872278227210424,0.00247264107046085,0
3243991,3,0,0.00033732177951002073,0.00247264107046085,0
3244020,3,0,0.0004136354979789218,0.00247264107046085,0
3244077,3,0,0.00011144396713261527,0.00247264107046085,0
3244110,3,0,0.00021614236720634772,0.00247264107046085,0
3244256,3,0,0.013370564677666388,0.00247264107046085,1
3244262,3,0,4.3238070339222546e-05,0.00247264107046085,0
3244266,3,0,0.00023674226479272986,0.00247264107046085,0
3244309,3,0,0.0003228383169423329,0.00247264107046085,0
3244325,3,0,0.0005917825540183039,0.00247264107046085,0
3244331,3,0,0.0003523188306647952,0.00247264107046085,0
3244334,3,0,0.0006803531980670705,0.00247264107046085,0
3244417,3,0,0.00026384876173727185,0.00247264107046085,0
3244463,3,0,0.0035023198426593753,0.00247264107046085,1
3244478,3,0,0.0010592468789792893,0.00247264107046085,0
3244638,3,0,0.0003299350577442182,0.00247264107046085,0
3244746,3,0,0.0005901424335663102,0.00247264107046085,0
3244750,3,0,0.001074887454227472,0.00247264107046085,0
3244757,3,0,0.009035065437931032,0.00247264107046085,1
3244832,3,0,0.0004358241204275352,0.00247264107046085,0
3244843,3,0,0.001421435726253592,0.00247264107046085,0
3244855,3,0,0.010197875860642802,0.00247264107046085,1
3244873,3,0,0.0054027077595666445,0.00247264107046085,1
3244923,3,0,0.0007773969439871661,0.00247264107046085,0
3244924,3,0,0.00015423471117845039,0.00247264107046085,0
3244936,3,0,0.00037851354819225523,0.00247264107046085,0
3244950,3,0,0.0001585087977541494,0.00247264107046085,0
3244962,3,0,0.00010219523616831103,0.00247264107046085,0
3245010,3,0,0.00014232385238445807,0.00247264107046085,0
3245053,3,0,0.0008309040461223555,0.00247264107046085,0
3245076,3,0,0.00036433848120711167,0.00247264107046085,0
3245099,3,0,0.000809337486891292,0.00247264107046085,0
3245156,3,0,0.00776833650935971,0.00247264107046085,1
3245189,3,0,0.00039789220155709583,0.00247264107046085,0
3245195,3,0,0.0007016936572249095,0.00247264107046085,0
3245228,3,0,0.004947051079256618,0.00247264107046085,1
3245242,3,0,0.0009722218866858068,0.00247264107046085,0
3245284,3,0,0.0006870073740630166,0.00247264107046085,0
3245325,3,0,0.0005918365494647779,0.00247264107046085,0
3245448,3,0,0.000744109615586847,0.00247264107046085,0
3245561,3,0,0.000346026807200964,0.00247264107046085,0
3245569,3,0,0.001077418859735771,0.00247264107046085,0
3245579,3,0,0.0004479675590306664,0.00247264107046085,0
3245583,3,0,0.00021545870352894538,0.00247264107046085,0
3245595,3,0,0.0012984129204889631,0.00247264107046085,0
3245598,3,0,0.0004878321933134631,0.00247264107046085,0
3245610,3,0,0.0005370736074772403,0.00247264107046085,0
3245638,3,0,0.000467138915180853,0.00247264107046085,0
3245640,3,0,0.007232598115542689,0.00247264107046085,1
3245666,3,0,0.0004209058533644365,0.00247264107046085,0
3245687,3,0,0.0009281981620321135,0.00247264107046085,0
3245699,3,0,0.00024597886897541316,0.00247264107046085,0
3245711,3,0,0.0006317717742505694,0.00247264107046085,0
3245800,3,0,0.004033463923629027,0.00247264107046085,1
3245812,3,0,0.0005346301418166168,0.00247264107046085,0
3245817,3,0,0.0003998463312807533,0.00247264107046085,0
3245877,3,0,0.060826138156294535,0.00247264107046085,1
3245900,3,0,0.00018667209954771637,0.00247264107046085,0
3245943,3,0,0.001703742424592382,0.00247264107046085,0
3245961,3,0,0.000833640378976353,0.00247264107046085,0
3245997,3,0,0.000147937671775517,0.00247264107046085,0
3254362,3,0,0.004356712305138361,0.00247264107046085,1
3337780,3,0,0.00023778542326522697,0.00247264107046085,0
3341717,3,0,0.0032896742691170136,0.00247264107046085,1
3349056,3,0,4.087692479842902e-05,0.00247264107046085,0
3355848,3,0,0.001311467642355194,0.00247264107046085,0
3545528,3,0,0.001155030349666328,0.00247264107046085,0
3586644,3,0,0.0074842409563963975,0.00247264107046085,1
3590596,3,0,0.0004047790425625165,0.00247264107046085,0
3601838,3,0,0.0007332481334988689,0.00247264107046085,0
3699796,3,0,0.00037585147753437626,0.00247264107046085,0
3700333,3,0,0.00022028887295898826,0.00247264107046085,0
3738288,3,0,0.008679859173235499,0.00247264107046085,1
3812774,3,0,0.00018738794575722927,0.00247264107046085,0
3829743,3,0,0.00027245704822620806,0.00247264107046085,0
3937576,3,0,0.0016761632244161084,0.00247264107046085,0
4074953,3,0,5.5863594983160454e-05,0.00247264107046085,0
4101591,3,0,0.0002754932575262461,0.00247264107046085,0
4106670,3,0,0.00046262801107014147,0.00247264107046085,0
4117906,3,0,0.00033754791694154277,0.00247264107046085,0
4151821,3,0,0.0002827748768968888,0.00247264107046085,0
4170858,3,0,0.0008029188789460531,0.00247264107046085,0
4223974,3,0,0.0002602876346325848,0.00247264107046085,0
4252311,3,0,0.0002907966553359673,0.00247264107046085,0
4276367,3,0,0.00010350131019452847,0.00247264107046085,0
4289384,3,0,0.0001954365788137802,0.00247264107046085,0
4321220,3,0,0.00034456922509776234,0.00247264107046085,0
4369940,3,0,0.00012611088880996307,0.00247264107046085,0
4373353,3,0,0.0009270036876445485,0.00247264107046085,0
4393835,3,0,9.831772503003297e-05,0.00247264107046085,0
4394824,3,0,0.0002377427778680818,0.00247264107046085,0
4436362,3,0,0.0007958243391358355,0.00247264107046085,0
4457834,3,0,0.042047316885409206,0.00247264107046085,1
4476802,3,0,0.00033612839995759275,0.00247264107046085,0
4617012,3,0,0.00032268843050414845,0.00247264107046085,0
4617314,3,0,0.0006821316817487813,0.00247264107046085,0
4618463,3,0,0.00042359889751655974,0.00247264107046085,0
4622524,3,0,0.00026681344959159444,0.00247264107046085,0
4662681,3,0,7.170086497175806e-05,0.00247264107046085,0
4667208,3,0,0.00020807408386070938,0.00247264107046085,0
4668364,3,0,0.0001123177915375192,0.00247264107046085,0
4714602,3,0,0.0011077275663895604,0.00247264107046085,0
4889318,3,0,0.00026757523541981194,0.00247264107046085,0
4889411,3,0,6.994162641935122e-05,0.00247264107046085,0
4993173,3,0,5.054830814725316e-05,0.00247264107046085,0
5038238,3,0,0.0006792770955497382,0.00247264107046085,0
5052702,3,0,0.0004023932490557024,0.00247264107046085,0
5054112,3,0,0.00010990022940746641,0.00247264107046085,0
5069368,3,0,0.003307658481300416,0.00247264107046085,1
5113632,3,0,0.00025830860075032016,0.00247264107046085,0
5144290,3,0,0.0015561117336677342,0.00247264107046085,0
5155350,3,0,0.001202506377139389,0.00247264107046085,0
5307096,3,0,0.0007225874015060331,0.00247264107046085,0
5307119,3,0,0.0012544830810000504,0.00247264107046085,0
5307122,3,0,0.0003236744359391565,0.00247264107046085,0
5307163,3,0,0.00016985640190307679,0.00247264107046085,0
5307171,3,0,8.562928910080413e-05,0.00247264107046085,0
5307189,3,0,0.0007688696037692646,0.00247264107046085,0
5307227,3,0,0.0008665129971623741,0.00247264107046085,0
5307233,3,0,0.0007267439359648916,0.00247264107046085,0
5307256,3,0,0.003175871819824119,0.00247264107046085,1
5307376,3,0,0.0009453458507263535,0.00247264107046085,0
5307419,3,0,0.00024352954766687843,0.00247264107046085,0
5307438,3,0,0.0015254431961206694,0.00247264107046085,0
5307458,3,0,0.0004132320585705421,0.00247264107046085,0
5307476,3,0,0.00024150770618985322,0.00247264107046085,0
5307482,3,0,0.00045579499884203646,0.00247264107046085,0
5307485,3,0,0.0006579836247759619,0.00247264107046085,0
5307499,3,0,0.0011460421290943443,0.00247264107046085,0
5307523,3,0,0.0006527796465456932,0.00247264107046085,0
5307542,3,0,0.000946317874433152,0.00247264107046085,0
5307579,3,0,0.001173512424882124,0.00247264107046085,0
5307587,3,0,0.0002154501210662682,0.00247264107046085,0
5307598,3,0,0.0006906619286298547,0.00247264107046085,0
5307622,3,0,0.0008336752577567683,0.00247264107046085,0
5307664,3,0,0.0016987467137845231,0.00247264107046085,0
5307681,3,0,0.016718180769281964,0.00247264107046085,1
5307689,3,0,0.00030490976664176734,0.00247264107046085,0
5307692,3,0,0.00536360656654001,0.00247264107046085,1
5307705,3,0,0.0016507919683175839,0.00247264107046085,0
5307713,3,0,8.462623484002079e-05,0.00247264107046085,0
5307738,3,0,0.0014820342209460817,0.00247264107046085,0
5307781,3,0,0.00022892613359145445,0.00247264107046085,0
5307799,3,0,0.0016779644644395984,0.00247264107046085,0
5307814,3,0,5.873779266799402e-05,0.00247264107046085,0
5307816,3,0,0.0008872236265953065,0.00247264107046085,0
5307859,3,0,0.004900840653140289,0.00247264107046085,1
5307865,3,0,0.0008817149031982893,0.00247264107046085,0
5307904,3,0,0.0001211429011134287,0.00247264107046085,0
5307921,3,0,0.0003975875533013883,0.00247264107046085,0
5307926,3,0,0.0018649043565197177,0.00247264107046085,0
5307961,3,0,0.011290946718222032,0.00247264107046085,1
5307962,3,0,0.0013273189887602341,0.00247264107046085,0
5308018,3,0,0.0004735078971608409,0.00247264107046085,0
5308089,3,0,0.00046429699788086307,0.00247264107046085,0
5308116,3,0,0.0002596968425347134,0.00247264107046085,0
5308152,3,0,0.00418336575111475,0.00247264107046085,1
5308230,3,0,0.0005341415460851461,0.00247264107046085,0
5308238,3,0,0.0024881933561684434,0.00247264107046085,1
5308241,3,0,0.00033153714221503236,0.00247264107046085,0
5308292,3,0,0.00025600576422145707,0.00247264107046085,0
5308314,3,0,0.00025206519248580555,0.00247264107046085,0
5308359,3,0,0.00036285030070397123,0.00247264107046085,0
5308365,3,0,0.0013298249997675303,0.00247264107046085,0
5308379,3,0,0.0011101828480674636,0.00247264107046085,0
5308381,3,0,0.0005265524463816373,0.00247264107046085,0
5308385,3,0,0.000359759495592025,0.00247264107046085,0
5308423,3,0,0.00035698585463188673,0.00247264107046085,0
5308453,3,0,0.0003339111013307674,0.00247264107046085,0
5308475,3,0,0.0013345083945912521,0.00247264107046085,0
5308478,3,0,0.0011091324785603097,0.00247264107046085,0
5308501,3,0,0.00017308706394552302,0.00247264107046085,0
5308513,3,0,0.0005450852188662378,0.00247264107046085,0
5308523,3,0,0.0010338090334435582,0.00247264107046085,0
5308580,3,0,0.0003930847233215372,0.00247264107046085,0
5308667,3,0,0.0006233256550450223,0.00247264107046085,0
5308744,3,0,0.0005976166327102779,0.00247264107046085,0
5308803,3,0,0.0002507107460275029,0.00247264107046085,0
5308840,3,0,0.0014167311121212084,0.00247264107046085,0
5308845,3,0,0.0006627937860006582,0.00247264107046085,0
5308929,3,0,0.0001277232061256436,0.00247264107046085,0
5308980,3,0,0.00039315769248183434,0.00247264107046085,0
5309001,3,0,0.00044503013857104067,0.00247264107046085,0
5309032,3,0,0.000912176733993043,0.00247264107046085,0
5309039,3,0,0.005012834692368882,0.00247264107046085,1
5309043,3,0,0.001672028645905705,0.00247264107046085,0
5309115,3,0,0.0013716518728666544,0.00247264107046085,0
5309166,3,0,0.000932708387948262,0.00247264107046085,0
5309201,3,0,0.00038128827247017443,0.00247264107046085,0
5309209,3,0,0.0017249224351044777,0.00247264107046085,0
5309210,3,0,0.0012353910851617556,0.00247264107046085,0
5309220,3,0,0.00046538415570875253,0.00247264107046085,0
5309221,3,0,0.0008848388645827418,0.00247264107046085,0
5309239,3,0,0.0030219467803006828,0.00247264107046085,1
5309264,3,0,0.0010680653032818857,0.00247264107046085,0
5309285,3,0,0.0006160649670828483,0.00247264107046085,0
5309314,3,0,0.0005910717795306501,0.00247264107046085,0
5309361,3,0,0.00040335799880763336,0.00247264107046085,0
5309382,3,0,0.0003166685786527712,0.00247264107046085,0
5309401,3,0,0.0013127765997808093,0.00247264107046085,0
5309430,3,0,0.0008462703945291402,0.00247264107046085,0
5309489,3,0,0.0007293357447685726,0.00247264107046085,0
5309528,3,0,0.0008115238224682972,0.00247264107046085,0
5309554,3,0,0.0008483639291988329,0.00247264107046085,0
5309621,3,0,0.0008646341074190749,0.00247264107046085,0
5309631,3,0,0.00022391915449787974,0.00247264107046085,0
5309697,3,0,0.0013282619344699642,0.00247264107046085,0
5309702,3,0,0.0007922451765772851,0.00247264107046085,0
5309731,3,0,5.638050079691686e-05,0.00247264107046085,0
5309736,3,0,0.00036903106749306953,0.00247264107046085,0
5309776,3,0,0.0008380214241931087,0.00247264107046085,0
5309805,3,0,0.0005306515559997068,0.00247264107046085,0
5309809,3,0,0.0005880749231904092,0.00247264107046085,0
5309824,3,0,0.0003377110771934642,0.00247264107046085,0
5309825,3,0,0.0014290401107895348,0.00247264107046085,0
5309850,3,0,0.013325114037780781,0.00247264107046085,1
5309880,3,0,0.0005331679642665087,0.00247264107046085,0
5309909,3,0,0.0016860006963646565,0.00247264107046085,0
5309972,3,0,0.0006020380762840744,0.00247264107046085,0
5309993,3,0,0.00047316318047837755,0.00247264107046085,0
5310015,3,0,0.0010162963232515677,0.00247264107046085,0
5310080,3,0,0.00042843772779324726,0.00247264107046085,0
5310082,3,0,0.000280450796254292,0.00247264107046085,0
5310124,3,0,0.0024667547596217186,0.00247264107046085,0
5310188,3,0,0.00013535514799647964,0.00247264107046085,0
5310213,3,0,0.0027250654718325063,0.00247264107046085,1
5310224,3,0,0.0023766411325839244,0.00247264107046085,0
5310360,3,0,0.002800108476746249,0.00247264107046085,1
5310396,3,0,0.000202819742002425,0.00247264107046085,0
5310409,3,0,4.8867543197829515e-05,0.00247264107046085,0
5310475,3,0,0.00046534807714492904,0.00247264107046085,0
5310518,3,0,0.00010413645649089833,0.00247264107046085,0
5310590,3,0,0.00019753118202028099,0.00247264107046085,0
5310592,3,0,0.000817583760819003,0.00247264107046085,0
5310676,3,0,0.00019847289726656077,0.00247264107046085,0
5310767,3,0,0.00016967937291802074,0.00247264107046085,0
5310786,3,0,0.0007878333765839507,0.00247264107046085,0
5310809,3,0,0.0009472614444684817,0.00247264107046085,0
5310810,3,0,0.0010947441089882255,0.00247264107046085,0
5310839,3,0,0.0002399573654499052,0.00247264107046085,0
5377213,3,0,0.0008377595901033122,0.00247264107046085,0
5378018,3,0,0.0010471645035456249,0.00247264107046085,0
5388977,3,0,0.0013246139046143117,0.00247264107046085,0
5389175,3,0,0.0012571167456013165,0.00247264107046085,0
5389178,3,0,0.00040934290383033613,0.00247264107046085,0
5389205,3,0,0.003319931981403995,0.00247264107046085,1
5389218,3,0,0.0021230078780707976,0.00247264107046085,0
5389241,3,0,0.002282619712041982,0.00247264107046085,0
5389254,3,0,0.003556196669394268,0.00247264107046085,1
5389265,3,0,0.00036535546294228405,0.00247264107046085,0
5389394,3,0,0.0017491394425631786,0.00247264107046085,0
5389414,3,0,0.0008654125109937562,0.00247264107046085,0
5389423,3,0,0.001785559953674657,0.00247264107046085,0
5389426,3,0,0.00041979708114897813,0.00247264107046085,0
5389507,3,0,0.00029953767289770755,0.00247264107046085,0
5389569,3,0,0.0003477864333441814,0.00247264107046085,0
5389624,3,0,0.00017015961652770882,0.00247264107046085,0
5389642,3,0,8.921850475456635e-05,0.00247264107046085,0
5389668,3,0,0.0022920368043459487,0.00247264107046085,0
5389789,3,0,0.0005643263695510437,0.00247264107046085,0
5389793,3,0,0.00034015323155434356,0.00247264107046085,0
5389794,3,0,0.0010465330303145557,0.00247264107046085,0
5389825,3,0,0.0015851683286442922,0.00247264107046085,0
5389833,3,0,0.001253080857598719,0.00247264107046085,0
5389855,3,0,0.0006806398549789332,0.00247264107046085,0
5389883,3,0,0.00037525216974319874,0.00247264107046085,0
5389921,3,0,0.0005465983600049225,0.00247264107046085,0
5389949,3,0,0.0008888914207141631,0.00247264107046085,0
5389993,3,0,0.000524226757695313,0.00247264107046085,0
5390024,3,0,0.00019173392425448688,0.00247264107046085,0
5390042,3,0,0.0004180882392251483,0.00247264107046085,0
5391089,3,0,0.0007854606326082953,0.00247264107046085,0
5413149,3,0,0.0003075514267224684,0.00247264107046085,0
5413321,3,0,0.00014412832036026326,0.00247264107046085,0
5538639,3,0,0.0019456332468394896,0.00247264107046085,0
5601233,3,0,0.010695389734163117,0.00247264107046085,1
5702214,3,0,0.0005047813345686286,0.00247264107046085,0
5738848,3,0,0.0005502620046653746,0.00247264107046085,0
5739119,3,0,0.00022885588827312628,0.00247264107046085,0
5739326,3,0,0.0007538833035814417,0.00247264107046085,0
5740730,3,0,0.002257986192083156,0.00247264107046085,0
5741854,3,0,0.00023490980859835074,0.00247264107046085,0
5742471,3,0,0.0013385884803792205,0.00247264107046085,0
5742518,3,0,0.0003185417012358945,0.00247264107046085,0
5742523,3,0,0.0005107018129896308,0.00247264107046085,0
5766372,3,0,0.0012231606223260404,0.00247264107046085,0
5768636,3,0,0.001450827640586168,0.00247264107046085,0
5768998,3,0,0.0006365884853194284,0.00247264107046085,0
5769217,3,0,0.0003819030390678897,0.00247264107046085,0
5769577,3,0,0.0008591148970103718,0.00247264107046085,0
5770693,3,0,0.000259474043054985,0.00247264107046085,0
5771361,3,0,0.001193611122108583,0.00247264107046085,0
5771369,3,0,0.000711853531231619,0.00247264107046085,0
5771717,3,0,0.00045365151673244477,0.00247264107046085,0
5771719,3,0,0.0011034286599649514,0.00247264107046085,0
5783707,3,0,0.00027306078664014944,0.00247264107046085,0
6324551,3,0,0.0061260519993391474,0.00247264107046085,1
6398932,3,0,0.0010110804731657372,0.00247264107046085,0
6398937,3,0,0.0001270459118108355,0.00247264107046085,0
6400286,3,0,0.0005357104561561025,0.00247264107046085,0
6411265,3,0,0.004749287875214648,0.00247264107046085,1
6602681,3,0,0.0026548606008984033,0.00247264107046085,1
6602699,3,0,0.00013514117541486013,0.00247264107046085,0
6602709,3,0,0.0005269546741618303,0.00247264107046085,0
6602723,3,0,0.0001057751317899743,0.00247264107046085,0
6602738,3,0,0.00046590128444210606,0.00247264107046085,0
6602754,3,0,0.00047334708374105656,0.00247264107046085,0
6602755,3,0,0.001108792511747324,0.00247264107046085,0
6602768,3,0,0.0002920569003695643,0.00247264107046085,0
6602783,3,0,0.0003508653853041224,0.00247264107046085,0
6602788,3,0,0.0018419103771365182,0.00247264107046085,0
6602816,3,0,0.0005072807513117507,0.00247264107046085,0
6602853,3,0,0.0003657882394793484,0.00247264107046085,0
6602864,3,0,0.0004724485207606883,0.00247264107046085,0
6602890,3,0,0.00027463128348641355,0.00247264107046085,0
6602918,3,0,0.00014606822673623974,0.00247264107046085,0
6602952,3,0,0.00011600581363140605,0.00247264107046085,0
6602997,3,0,0.00017829113022592452,0.00247264107046085,0
6603040,3,0,0.00037211150827005804,0.00247264107046085,0
6603043,3,0,0.00018735719311738344,0.00247264107046085,0
6603057,3,0,0.00028025327764969035,0.00247264107046085,0
6603105,3,0,0.009151996914753822,0.00247264107046085,1
6603143,3,0,0.0003136761387604928,0.00247264107046085,0
6603169,3,0,0.0006229964195221863,0.00247264107046085,0
6603171,3,0,0.00019106694961045994,0.00247264107046085,0
6603173,3,0,0.0007588567184023336,0.00247264107046085,0
6603177,3,0,0.00014426341627986016,0.00247264107046085,0
6603216,3,0,5.667919830556219e-05,0.00247264107046085,0
6603220,3,0,0.000431516788255137,0.00247264107046085,0
6603222,3,0,0.00024851202323601597,0.00247264107046085,0
6603227,3,0,0.0008133737442223307,0.00247264107046085,0
6603228,3,0,0.0037832747727700186,0.00247264107046085,1
6603234,3,0,0.00024127209738069517,0.00247264107046085,0
6603249,3,0,0.0013544411019446954,0.00247264107046085,0
6603281,3,0,0.0006227013682499887,0.00247264107046085,0
6603345,3,0,0.00011503500711068857,0.00247264107046085,0
6603405,3,0,0.0011906342241899326,0.00247264107046085,0
6603460,3,0,0.0013209275586509755,0.00247264107046085,0
6603474,3,0,0.00045831824756026356,0.00247264107046085,0
6603487,3,0,0.0005848211124389472,0.00247264107046085,0
6603496,3,0,0.000225124445396622,0.00247264107046085,0
6603505,3,0,0.0005227840455149811,0.00247264107046085,0
6603542,3,0,0.0003167163399489025,0.00247264107046085,0
6603561,3,0,0.00018320200015155454,0.00247264107046085,0
6603593,3,0,0.0013744384175415065,0.00247264107046085,0
6603638,3,0,0.0012752153306586174,0.00247264107046085,0
16048564,3,0,0.0001756466808762276,0.00247264107046085,0
650772,4,1,0.007011318496577337,0.007707383858741342,0
2201551,4,1,0.0025463151633813045,0.007707383858741342,0
3239940,4,1,0.05179833987322078,0.007707383858741342,1
3240952,4,1,0.06583145007331019,0.007707383858741342,1
3241578,4,1,0.050991404406629325,0.007707383858741342,1
3246790,4,1,0.004426908206486412,0.007707383858741342,0
2247,4,0,0.0010108513725011188,0.007707383858741342,0
2890,4,0,0.0004838499006593485,0.007707383858741342,0
3332,4,0,0.0017933574459167933,0.007707383858741342,0
3767,4,0,0.0009819435151880837,0.007707383858741342,0
4472,4,0,0.0003671549530134839,0.007707383858741342,0
4622,4,0,0.00024616098891863696,0.007707383858741342,0
4993,4,0,0.0011641509293133687,0.007707383858741342,0
5505,4,0,0.0015529869399587505,0.007707383858741342,0
8980,4,0,0.0005758254433317107,0.007707383858741342,0
10145,4,0,0.001392021710482388,0.007707383858741342,0
24944,4,0,0.0002974031796518027,0.007707383858741342,0
31130,4,0,0.0005340133768743535,0.007707383858741342,0
36339,4,0,0.0027869990000853,0.007707383858741342,0
40596,4,0,0.000965164827144056,0.007707383858741342,0
40672,4,0,0.00033362816427419265,0.007707383858741342,0
54710,4,0,0.000988104737528344,0.007707383858741342,0
55662,4,0,0.008952507467895141,0.007707383858741342,1
56375,4,0,0.0013365710834953588,0.007707383858741342,0
62884,4,0,0.0008075210985258482,0.007707383858741342,0
66062,4,0,0.00045616301593076223,0.007707383858741342,0
70556,4,0,0.00033718819253353657,0.007707383858741342,0
70982,4,0,0.0012188724198841775,0.007707383858741342,0
72892,4,0,0.0007707208662898265,0.007707383858741342,0
77918,4,0,0.0010307905991094528,0.007707383858741342,0
78379,4,0,0.000673548589633952,0.007707383858741342,0
81988,4,0,0.0005829363039764637,0.007707383858741342,0
95808,4,0,0.019211008311996118,0.007707383858741342,1
98456,4,0,0.00035092919752666857,0.007707383858741342,0
100081,4,0,0.000537333289169445,0.007707383858741342,0
100335,4,0,0.002530462632941566,0.007707383858741342,0
114337,4,0,0.0005585163899247438,0.007707383858741342,0
118853,4,0,0.0007072801283117663,0.007707383858741342,0
120432,4,0,0.0006964560286838919,0.007707383858741342,0
121269,4,0,0.004034338936936074,0.007707383858741342,0
128847,4,0,0.0004745906033055115,0.007707383858741342,0
156524,4,0,0.0004921465251737552,0.007707383858741342,0
198996,4,0,0.0001474067953939068,0.007707383858741342,0
208296,4,0,0.005993818443585995,0.007707383858741342,0
213226,4,0,0.002727054803449817,0.007707383858741342,0
219761,4,0,0.00037059763023306736,0.007707383858741342,0
224561,4,0,0.0013073903214085422,0.007707383858741342,0
251641,4,0,0.0016098147170635474,0.007707383858741342,0
259999,4,0,0.014573957810513512,0.007707383858741342,1
260286,4,0,0.0005228386681289187,0.007707383858741342,0
265924,4,0,0.0007803503050615692,0.007707383858741342,0
268472,4,0,0.0005738116070777595,0.007707383858741342,0
289502,4,0,0.009233097546412527,0.007707383858741342,1
291819,4,0,0.03088820789820127,0.007707383858741342,1
292449,4,0,0.00026278555394459996,0.007707383858741342,0
309333,4,0,0.00034232785261128465,0.007707383858741342,0
312894,4,0,0.0008250598420268556,0.007707383858741342,0
315730,4,0,0.0006276648745553142,0.007707383858741342,0
315777,4,0,0.0011347304378817044,0.007707383858741342,0
326810,4,0,0.0008427766732903478,0.007707383858741342,0
340896,4,0,0.0025657488455823278,0.007707383858741342,0
343283,4,0,0.004167412380061115,0.007707383858741342,0
346470,4,0,0.0010621550450249312,0.007707383858741342,0
351912,4,0,0.000619779440216653,0.007707383858741342,0
376002,4,0,0.0004548070937996168,0.007707383858741342,0
380185,4,0,0.0011403542696992095,0.007707383858741342,0
382416,4,0,0.0006679896218560509,0.007707383858741342,0
392871,4,0,0.0004116809677161714,0.007707383858741342,0
399108,4,0,0.006854446260405304,0.007707383858741342,0
401019,4,0,0.00010235287103004707,0.007707383858741342,0
535726,4,0,0.0014542660666734147,0.007707383858741342,0
539696,4,0,0.00019114741607987654,0.007707383858741342,0
551783,4,0,0.0007821058337581105,0.007707383858741342,0
558625,4,0,0.003968472721734998,0.007707383858741342,0
559927,4,0,0.0013558048517420605,0.007707383858741342,0
563671,4,0,0.0028537744549005555,0.007707383858741342,0
563808,4,0,0.0006565120144758337,0.007707383858741342,0
564290,4,0,0.0005705522678446789,0.007707383858741342,0
564997,4,0,0.0019717596013050912,0.007707383858741342,0
566894,4,0,0.0007834725012394441,0.007707383858741342,0
574171,4,0,0.0006909419303243649,0.007707383858741342,0
579342,4,0,0.0022366765142912176,0.007707383858741342,0
581744,4,0,0.00044209686839008527,0.007707383858741342,0
581852,4,0,0.00041003837800783076,0.007707383858741342,0
583866,4,0,0.0018534263399703045,0.007707383858741342,0
584778,4,0,0.005129459749233901,0.007707383858741342,0
585369,4,0,0.0006372161342401672,0.007707383858741342,0
590865,4,0,0.003530758127389253,0.007707383858741342,0
593548,4,0,0.0007393280732380831,0.007707383858741342,0
594242,4,0,0.0003309612218206858,0.007707383858741342,0
594596,4,0,0.0014223730213819097,0.007707383858741342,0
594943,4,0,0.0009378584900878354,0.007707383858741342,0
595655,4,0,0.0010416185042523172,0.007707383858741342,0
604935,4,0,0.00026793657554303714,0.007707383858741342,0
605807,4,0,0.00096452049256506,0.007707383858741342,0
609180,4,0,0.0010222446023228154,0.007707383858741342,0
610514,4,0,0.0018067422009315321,0.007707383858741342,0
612560,4,0,0.00026509199758487616,0.007707383858741342,0
614608,4,0,0.0005337893692145579,0.007707383858741342,0
614867,4,0,0.0006647686224175815,0.007707383858741342,0
616821,4,0,0.0009326236580141244,0.007707383858741342,0
617036,4,0,0.0008489907438199566,0.007707383858741342,0
619028,4,0,0.0032577573105177123,0.007707383858741342,0
620261,4,0,0.00030243041562411056,0.007707383858741342,0
622408,4,0,0.0038463572779427915,0.007707383858741342,0
623308,4,0,0.00020621928868575783,0.007707383858741342,0
626230,4,0,0.0036757549435016182,0.007707383858741342,0
644409,4,0,0.0012222854646841076,0.007707383858741342,0
644454,4,0,0.00020705796425441047,0.007707383858741342,0
644550,4,0,0.0022195457353649762,0.007707383858741342,0
644574,4,0,0.004568788224986342,0.007707383858741342,0
644581,4,0,0.00031323547640855587,0.007707383858741342,0
644598,4,0,0.0001499297785899067,0.007707383858741342,0
644639,4,0,0.004898732457927429,0.007707383858741342,0
644649,4,0,0.0014795132883824295,0.007707383858741342,0
644671,4,0,0.0007117985082378115,0.007707383858741342,0
644693,4,0,0.0021201571082135055,0.007707383858741342,0
644700,4,0,0.005329651058237649,0.007707383858741342,0
644711,4,0,0.0020787742921964964,0.007707383858741342,0
644755,4,0,0.00034957721099019483,0.007707383858741342,0
644777,4,0,0.0028289017645066234,0.007707383858741342,0
644779,4,0,0.0003599917972246359,0.007707383858741342,0
644787,4,0,0.0004265093765627401,0.007707383858741342,0
644808,4,0,0.0009310088798841079,0.007707383858741342,0
644824,4,0,0.0012359463985239152,0.007707383858741342,0
644827,4,0,0.000513444349585564,0.007707383858741342,0
644835,4,0,0.0007733884709897589,0.007707383858741342,0
644850,4,0,0.0004961424656382793,0.007707383858741342,0
644881,4,0,0.00021057844052286667,0.007707383858741342,0
644883,4,0,0.0008063373861482279,0.007707383858741342,0
644887,4,0,0.013101072350675086,0.007707383858741342,1
644928,4,0,0.006444213404169633,0.007707383858741342,0
644947,4,0,0.0009717532712620517,0.007707383858741342,0
644948,4,0,0.0027517206164027475,0.007707383858741342,0
644965,4,0,0.01556601892418944,0.007707383858741342,1
645019,4,0,0.00034143654926051785,0.007707383858741342,0
645021,4,0,0.002259816878151493,0.007707383858741342,0
645042,4,0,0.0006959448265422469,0.007707383858741342,0
645054,4,0,0.0005131750054306216,0.007707383858741342,0
645114,4,0,0.0006131316917796659,0.007707383858741342,0
645118,4,0,0.000979529374882745,0.007707383858741342,0
645129,4,0,0.0025824307000616954,0.007707383858741342,0
645168,4,0,0.0001962340130275188,0.007707383858741342,0
645174,4,0,0.0004169086904916132,0.007707383858741342,0
645191,4,0,0.0034424578412636667,0.007707383858741342,0
645195,4,0,0.00019775187058301196,0.007707383858741342,0
645253,4,0,0.0006521983837934759,0.007707383858741342,0
645260,4,0,0.00033852272940436385,0.007707383858741342,0
645277,4,0,0.0008169723786179355,0.007707383858741342,0
645287,4,0,0.001942440056690522,0.007707383858741342,0
645298,4,0,0.0007824702934417339,0.007707383858741342,0
645311,4,0,0.0004221218105890043,0.007707383858741342,0
645320,4,0,0.0004046037174198061,0.007707383858741342,0
645407,4,0,0.00017941636212035438,0.007707383858741342,0
645428,4,0,0.006036568019814848,0.007707383858741342,0
645451,4,0,0.006393574350358077,0.007707383858741342,0
645453,4,0,0.0003434622199962687,0.007707383858741342,0
645480,4,0,0.0003752525931729025,0.007707383858741342,0
645502,4,0,0.0017193348854550729,0.007707383858741342,0
645525,4,0,0.0003191322000412705,0.007707383858741342,0
645553,4,0,0.0002014427568668145,0.007707383858741342,0
645619,4,0,0.00011708152138730872,0.007707383858741342,0
645685,4,0,0.0003978249646247184,0.007707383858741342,0
645690,4,0,0.0002381402816553239,0.007707383858741342,0
645696,4,0,0.0005925276495835,0.007707383858741342,0
645718,4,0,0.00014535961228202417,0.007707383858741342,0
645728,4,0,0.0017206985000153242,0.007707383858741342,0
645736,4,0,0.0019525261462837104,0.007707383858741342,0
645738,4,0,0.0003129665529049091,0.007707383858741342,0
645740,4,0,0.003195859327058154,0.007707383858741342,0
645760,4,0,0.0011372251418033182,0.007707383858741342,0
645761,4,0,0.017590494858161453,0.007707383858741342,1
645762,4,0,0.0010002022234246461,0.007707383858741342,0
645782,4,0,0.0039679769708301565,0.007707383858741342,0
645786,4,0,0.001352924793045228,0.007707383858741342,0
645795,4,0,0.00041514277118018066,0.007707383858741342,0
645802,4,0,0.001802270861137837,0.007707383858741342,0
645807,4,0,0.0054380181242888485,0.007707383858741342,0
645856,4,0,0.002130529698381477,0.007707383858741342,0
645883,4,0,0.006847469253010246,0.007707383858741342,0
645902,4,0,0.013685130381546156,0.007707383858741342,1
645939,4,0,0.0039485242239110045,0.007707383858741342,0
645965,4,0,0.0009760022770788279,0.007707383858741342,0
646007,4,0,0.0004671019329354407,0.007707383858741342,0
646031,4,0,0.0011243084589905685,0.007707383858741342,0
646039,4,0,0.0021343782280411855,0.007707383858741342,0
646041,4,0,0.00029069437255227465,0.007707383858741342,0
646051,4,0,0.0015513992052175248,0.007707383858741342,0
646059,4,0,0.0014635610258728745,0.007707383858741342,0
646063,4,0,0.0003405290771236855,0.007707383858741342,0
646087,4,0,0.00010708920789558016,0.007707383858741342,0
646089,4,0,0.007140327106831669,0.007707383858741342,0
646098,4,0,0.00110124389557716,0.007707383858741342,0
646123,4,0,0.00016696905025702813,0.007707383858741342,0
646148,4,0,0.00017315252493782128,0.007707383858741342,0
646171,4,0,0.0008002912137881612,0.007707383858741342,0
646173,4,0,0.00043717108396690616,0.007707383858741342,0
646180,4,0,0.0018453077449894178,0.007707383858741342,0
646198,4,0,0.0005034504801220497,0.007707383858741342,0
646200,4,0,0.0009877246729079814,0.007707383858741342,0
646207,4,0,0.003084403470422272,0.007707383858741342,0
646218,4,0,0.0003219419408949399,0.007707383858741342,0
646228,4,0,0.0012607876778402108,0.007707383858741342,0
646242,4,0,0.00018612179712471406,0.007707383858741342,0
646256,4,0,0.0008086325229617368,0.007707383858741342,0
646288,4,0,0.004399376730648001,0.007707383858741342,0
646325,4,0,0.00048591333587511324,0.007707383858741342,0
646407,4,0,0.0027057855401208825,0.007707383858741342,0
646409,4,0,0.0008982761211303595,0.007707383858741342,0
646421,4,0,0.0007308049832903791,0.007707383858741342,0
646450,4,0,0.0014566426872168335,0.007707383858741342,0
646455,4,0,0.0004529063929257104,0.007707383858741342,0
646463,4,0,0.0003776008142900416,0.007707383858741342,0
646510,4,0,0.00031302497722916956,0.007707383858741342,0
646521,4,0,0.0009236294061639437,0.007707383858741342,0
646530,4,0,0.0014628489280465186,0.007707383858741342,0
646588,4,0,0.002016394851784312,0.007707383858741342,0
646603,4,0,0.0004073027496492656,0.007707383858741342,0
646632,4,0,0.0015225181606924117,0.007707383858741342,0
646636,4,0,0.0005490564791015563,0.007707383858741342,0
646643,4,0,0.0009544171329693439,0.007707383858741342,0
646644,4,0,0.010307528092713444,0.007707383858741342,1
646645,4,0,0.00046882985587646685,0.007707383858741342,0
646658,4,0,0.0005846149139398631,0.007707383858741342,0
646713,4,0,0.000740608823626916,0.007707383858741342,0
646767,4,0,0.00046116988689282013,0.007707383858741342,0
646781,4,0,0.001110194195185716,0.007707383858741342,0
646820,4,0,0.0003982701319944759,0.007707383858741342,0
646825,4,0,0.0008694574385131726,0.007707383858741342,0
646853,4,0,0.0011547556555833393,0.007707383858741342,0
646857,4,0,0.0003920291748268538,0.007707383858741342,0
646909,4,0,0.0003819438602285578,0.007707383858741342,0
646916,4,0,0.00013607539691943418,0.007707383858741342,0
646922,4,0,0.005634575421500133,0.007707383858741342,0
646942,4,0,0.0012180643241145892,0.007707383858741342,0
646991,4,0,0.000833137384308822,0.007707383858741342,0
647010,4,0,0.004365413301357424,0.007707383858741342,0
647011,4,0,0.0006769119402577932,0.007707383858741342,0
647018,4,0,0.00018871640381767303,0.007707383858741342,0
647034,4,0,0.000168241036640266,0.007707383858741342,0
647041,4,0,0.004806056242251978,0.007707383858741342,0
647044,4,0,0.00868612511257017,0.007707383858741342,1
647060,4,0,0.0027968641661873864,0.007707383858741342,0
647064,4,0,0.0010349320616955607,0.007707383858741342,0
647096,4,0,0.0011180106330517983,0.007707383858741342,0
647100,4,0,0.00015311592377170832,0.007707383858741342,0
647112,4,0,0.0005011901780391222,0.007707383858741342,0
647114,4,0,0.0016656102150758333,0.007707383858741342,0
647118,4,0,0.00021659779211807836,0.007707383858741342,0
647132,4,0,0.00031175400558438476,0.007707383858741342,0
647134,4,0,0.0005992100660394339,0.007707383858741342,0
647135,4,0,0.0004686792893056552,0.007707383858741342,0
647139,4,0,0.0007428148446172001,0.007707383858741342,0
647142,4,0,0.0006410909238190331,0.007707383858741342,0
647193,4,0,0.0016009573614874954,0.007707383858741342,0
647232,4,0,0.00195524844842506,0.007707383858741342,0
647259,4,0,0.004052236217823822,0.007707383858741342,0
647279,4,0,0.0007655326466450787,0.007707383858741342,0
647280,4,0,0.002393054523654834,0.007707383858741342,0
647282,4,0,0.000602504704917722,0.007707383858741342,0
647304,4,0,0.0009128317551956741,0.007707383858741342,0
647308,4,0,0.0002752150673892689,0.007707383858741342,0
647351,4,0,0.002201705644591952,0.007707383858741342,0
647400,4,0,0.0007822685892381739,0.007707383858741342,0
647442,4,0,0.0015471510045077601,0.007707383858741342,0
647446,4,0,0.0011358757508029293,0.007707383858741342,0
647454,4,0,0.0008782213704975013,0.007707383858741342,0
647486,4,0,0.0005004451512018327,0.007707383858741342,0
647544,4,0,0.0006120790667211082,0.007707383858741342,0
647550,4,0,0.0006172665049573272,0.007707383858741342,0
647559,4,0,0.0008205686554172528,0.007707383858741342,0
647581,4,0,0.0014034365928877065,0.007707383858741342,0
647619,4,0,0.0009652432930397447,0.007707383858741342,0
647666,4,0,0.0016420468631641017,0.007707383858741342,0
647669,4,0,0.0002685202983322862,0.007707383858741342,0
647703,4,0,0.003979066973072118,0.007707383858741342,0
647724,4,0,0.002156295531018037,0.007707383858741342,0
647738,4,0,0.0010660614636847938,0.007707383858741342,0
647779,4,0,0.00030528441871343845,0.007707383858741342,0
647806,4,0,0.0009176113618132346,0.007707383858741342,0
647815,4,0,0.007872208434445737,0.007707383858741342,1
647820,4,0,0.0003843698759928715,0.007707383858741342,0
647832,4,0,0.0008261628105679604,0.007707383858741342,0
647836,4,0,0.006310068984129281,0.007707383858741342,0
647845,4,0,0.0007136877586720188,0.007707383858741342,0
647856,4,0,0.0008974904559070416,0.007707383858741342,0
647864,4,0,0.001017571503726785,0.007707383858741342,0
647911,4,0,0.0011117543595048063,0.007707383858741342,0
647930,4,0,0.0008950509631869113,0.007707383858741342,0
647934,4,0,0.0014657525317226337,0.007707383858741342,0
647962,4,0,0.0003513120438550332,0.007707383858741342,0
647992,4,0,0.00023784715056723627,0.007707383858741342,0
647995,4,0,9.743409271014038e-05,0.007707383858741342,0
648035,4,0,0.0018577192049513318,0.007707383858741342,0
648075,4,0,0.00022611373679504304,0.007707383858741342,0
648121,4,0,0.0011782212903430683,0.007707383858741342,0
648148,4,0,0.0006211523336012193,0.007707383858741342,0
648153,4,0,0.00036694951054718454,0.007707383858741342,0
648158,4,0,0.00047510363123346046,0.007707383858741342,0
648247,4,0,0.012186085922394849,0.007707383858741342,1
648311,4,0,0.0005448341509459547,0.007707383858741342,0
648320,4,0,0.0026152774719913614,0.007707383858741342,0
648341,4,0,0.00034911984037830807,0.007707383858741342,0
648346,4,0,0.000289220717264174,0.007707383858741342,0
648355,4,0,0.007339233166003146,0.007707383858741342,0
648360,4,0,0.0010815769366463231,0.007707383858741342,0
648376,4,0,0.0008996606646357434,0.007707383858741342,0
648403,4,0,0.001360813219995264,0.007707383858741342,0
648416,4,0,0.0021302924905113236,0.007707383858741342,0
648433,4,0,0.000708644534594242,0.007707383858741342,0
648443,4,0,0.0004300456089404302,0.007707383858741342,0
648476,4,0,0.0009578353742169754,0.007707383858741342,0
648489,4,0,0.00031061785976819957,0.007707383858741342,0
648538,4,0,0.000429689296816888,0.007707383858741342,0
648568,4,0,0.001191266647469252,0.007707383858741342,0
648576,4,0,0.0003678785148496819,0.007707383858741342,0
648593,4,0,0.00022561901386837014,0.007707383858741342,0
648601,4,0,0.00047159723281055217,0.007707383858741342,0
648678,4,0,0.00039969332607508047,0.007707383858741342,0
648692,4,0,0.0008109532832255162,0.007707383858741342,0
648694,4,0,0.00023750708203313257,0.007707383858741342,0
648707,4,0,0.012128787917265214,0.007707383858741342,1
648790,4,0,0.00015185927500471834,0.007707383858741342,0
648800,4,0,0.0018069883084745996,0.007707383858741342,0
648867,4,0,0.00033151202809367637,0.007707383858741342,0
648884,4,0,0.0003329471433701118,0.007707383858741342,0
648914,4,0,0.0011524555360935172,0.007707383858741342,0
648937,4,0,0.001996595665355683,0.007707383858741342,0
648963,4,0,0.0012756712687118149,0.007707383858741342,0
649011,4,0,0.0006249512806628495,0.007707383858741342,0
649017,4,0,0.0016016573426318353,0.007707383858741342,0
649019,4,0,0.0004616184271943952,0.007707383858741342,0
649027,4,0,0.0004382420331765058,0.007707383858741342,0
649070,4,0,0.004640775439419843,0.007707383858741342,0
649074,4,0,0.0035595994804676857,0.007707383858741342,0
649083,4,0,0.00051199540678597,0.007707383858741342,0
649095,4,0,0.0021403321141487005,0.007707383858741342,0
649104,4,0,0.0005501250991657887,0.007707383858741342,0
649132,4,0,0.0012946890235524795,0.007707383858741342,0
649139,4,0,0.0005560181547887918,0.007707383858741342,0
649196,4,0,0.0005415075406724934,0.007707383858741342,0
649204,4,0,6.76728433136194e-05,0.007707383858741342,0
649209,4,0,0.0014498169133121297,0.007707383858741342,0
649253,4,0,0.0004495737736730066,0.007707383858741342,0
649263,4,0,0.0008663034515332088,0.007707383858741342,0
649280,4,0,0.0016781260913793696,0.007707383858741342,0
649287,4,0,0.00011138266262330964,0.007707383858741342,0
649291,4,0,0.0006221182126198479,0.007707383858741342,0
649295,4,0,0.0003847328936399967,0.007707383858741342,0
649314,4,0,0.0002000077766941574,0.007707383858741342,0
649324,4,0,0.0002892856182034196,0.007707383858741342,0
649349,4,0,0.025871598487269346,0.007707383858741342,1
649395,4,0,0.001165419571053429,0.007707383858741342,0
649399,4,0,0.00018037736612786117,0.007707383858741342,0
649408,4,0,0.0018954946885135547,0.007707383858741342,0
649443,4,0,0.0011082731824018602,0.007707383858741342,0
649458,4,0,0.002418709922512425,0.007707383858741342,0
649492,4,0,0.0013435089153517113,0.007707383858741342,0
649523,4,0,0.0007418124504429827,0.007707383858741342,0
649530,4,0,0.001993257234718201,0.007707383858741342,0
649536,4,0,0.0013050933061738135,0.007707383858741342,0
649585,4,0,0.0006686374769917601,0.007707383858741342,0
649587,4,0,0.00047995418885987234,0.007707383858741342,0
649610,4,0,0.0002850137844864978,0.007707383858741342,0
649638,4,0,0.0003082469939947762,0.007707383858741342,0
649682,4,0,0.0011126516283149746,0.007707383858741342,0
649702,4,0,0.00025760354069372907,0.007707383858741342,0
649715,4,0,0.0006355407715111763,0.007707383858741342,0
649728,4,0,0.0008205884674690349,0.007707383858741342,0
649752,4,0,0.00017025417398178923,0.007707383858741342,0
649856,4,0,0.0012219918560640386,0.007707383858741342,0
649882,4,0,0.00019673551930068922,0.007707383858741342,0
649886,4,0,0.0008489799459380619,0.007707383858741342,0
649888,4,0,0.001562953477321542,0.007707383858741342,0
649893,4,0,0.001159616841600982,0.007707383858741342,0
649901,4,0,0.0005006084138549356,0.007707383858741342,0
649940,4,0,0.002011730429302934,0.007707383858741342,0
649957,4,0,0.002771686799845623,0.007707383858741342,0
649967,4,0,0.0013183033594970442,0.007707383858741342,0
649989,4,0,0.0010494354819861821,0.007707383858741342,0
649999,4,0,0.0004963893891862378,0.007707383858741342,0
650091,4,0,0.0008598031187445542,0.007707383858741342,0
650094,4,0,0.00053529378463284,0.007707383858741342,0
650135,4,0,0.008529002297963653,0.007707383858741342,1
650138,4,0,0.007479903205172452,0.007707383858741342,0
650141,4,0,0.0011722530462701369,0.007707383858741342,0
650216,4,0,0.0010262734641071415,0.007707383858741342,0
650234,4,0,0.00015966122467393765,0.007707383858741342,0
650236,4,0,0.0003698760217516145,0.007707383858741342,0
650237,4,0,0.004552224224229699,0.007707383858741342,0
650242,4,0,0.0010472939180554638,0.007707383858741342,0
650246,4,0,0.000365881919737543,0.007707383858741342,0
650252,4,0,0.0008787055181633265,0.007707383858741342,0
650254,4,0,0.0031810740711648113,0.007707383858741342,0
650269,4,0,0.0012292371487759527,0.007707383858741342,0
650278,4,0,0.01160904859005143,0.007707383858741342,1
650366,4,0,0.002973821542405759,0.007707383858741342,0
650383,4,0,0.0007921361993334677,0.007707383858741342,0
650406,4,0,0.00018980003127932874,0.007707383858741342,0
650426,4,0,0.0013740336707524375,0.007707383858741342,0
650462,4,0,0.0007225027529696508,0.007707383858741342,0
650488,4,0,0.0003252644522899792,0.007707383858741342,0
650509,4,0,0.00100584508646044,0.007707383858741342,0
650512,4,0,0.0005171071203654153,0.007707383858741342,0
650536,4,0,0.001149743459485243,0.007707383858741342,0
650568,4,0,0.0074355803215476425,0.007707383858741342,0
650578,4,0,0.00020893888607405233,0.007707383858741342,0
650587,4,0,0.002127871794040639,0.007707383858741342,0
650588,4,0,0.0008989113751320091,0.007707383858741342,0
650679,4,0,0.00025783482949227014,0.007707383858741342,0
650720,4,0,0.0004276973716797621,0.007707383858741342,0
650726,4,0,0.0005178950055071647,0.007707383858741342,0
650738,4,0,0.0015397411681082511,0.007707383858741342,0
650740,4,0,0.0004720362624861162,0.007707383858741342,0
650749,4,0,0.0018377497974192039,0.007707383858741342,0
650758,4,0,0.002378058520677473,0.007707383858741342,0
650815,4,0,0.0005158931128926819,0.007707383858741342,0
650869,4,0,0.006191592489301204,0.007707383858741342,0
650899,4,0,0.0003242823555356655,0.007707383858741342,0
650973,4,0,0.00041259355126453277,0.007707383858741342,0
650977,4,0,0.0009125155938225243,0.007707383858741342,0
650985,4,0,0.0007955941665702051,0.007707383858741342,0
651009,4,0,0.0002687050464333736,0.007707383858741342,0
651016,4,0,0.0006811529180028169,0.007707383858741342,0
651017,4,0,0.00047736535745441816,0.007707383858741342,0
651036,4,0,0.00031334467385132333,0.007707383858741342,0
651075,4,0,0.013801000171364758,0.007707383858741342,1
651114,4,0,0.00025811981938685834,0.007707383858741342,0
651122,4,0,0.0012889172992119825,0.007707383858741342,0
651145,4,0,0.0009359024895221233,0.007707383858741342,0
651155,4,0,0.0008461385282417162,0.007707383858741342,0
651221,4,0,0.0004631501751046364,0.007707383858741342,0
651228,4,0,0.001329710189068343,0.007707383858741342,0
651240,4,0,0.007239752753105217,0.007707383858741342,0
651249,4,0,0.0002219187262573146,0.007707383858741342,0
651263,4,0,0.001160769397369671,0.007707383858741342,0
651284,4,0,0.00029971249115104745,0.007707383858741342,0
651362,4,0,0.0004597754675400814,0.007707383858741342,0
651365,4,0,0.0003551464684380908,0.007707383858741342,0
651366,4,0,0.0006220490886399238,0.007707383858741342,0
651386,4,0,0.000812359202895143,0.007707383858741342,0
651396,4,0,0.004471113026221394,0.007707383858741342,0
651408,4,0,0.0015548415395843754,0.007707383858741342,0
651468,4,0,0.00038145394731380284,0.007707383858741342,0
651519,4,0,0.0003828102025390448,0.007707383858741342,0
651527,4,0,0.002172778328132089,0.007707383858741342,0
651574,4,0,0.0008813607458435937,0.007707383858741342,0
651577,4,0,0.001211102034577177,0.007707383858741342,0
651584,4,0,0.0007816939038577041,0.007707383858741342,0
651626,4,0,0.0009716349262177114,0.007707383858741342,0
651660,4,0,0.003067339658032246,0.007707383858741342,0
651703,4,0,0.000953058347817417,0.007707383858741342,0
651711,4,0,0.004612237792213413,0.007707383858741342,0
651717,4,0,0.0006688786935934403,0.007707383858741342,0
651718,4,0,0.005431882635540466,0.007707383858741342,0
651737,4,0,0.00021843451426692962,0.007707383858741342,0
651739,4,0,0.0010033709084217228,0.007707383858741342,0
651741,4,0,0.009642838458532402,0.007707383858741342,1
651746,4,0,0.0023809902131524657,0.007707383858741342,0
651762,4,0,0.0025183278528767205,0.007707383858741342,0
651848,4,0,0.0005546150885699043,0.007707383858741342,0
651860,4,0,0.00044578774671518394,0.007707383858741342,0
651871,4,0,0.003702922579705294,0.007707383858741342,0
651875,4,0,0.00015143283448807,0.007707383858741342,0
651885,4,0,8.00446655807284e-05,0.007707383858741342,0
651886,4,0,0.0016943676852584164,0.007707383858741342,0
651898,4,0,0.0007828124679501383,0.007707383858741342,0
651905,4,0,0.0007387959837033896,0.007707383858741342,0
651911,4,0,0.00045045312074754626,0.007707383858741342,0
651921,4,0,0.0004005369329796745,0.007707383858741342,0
651953,4,0,0.0003892467186010887,0.007707383858741342,0
651976,4,0,0.0023614863218612047,0.007707383858741342,0
652003,4,0,0.002188186312469812,0.007707383858741342,0
652019,4,0,0.001353948428476317,0.007707383858741342,0
652039,4,0,0.00029329205101368715,0.007707383858741342,0
652056,4,0,0.00017381564464988533,0.007707383858741342,0
652109,4,0,0.002661089416764331,0.007707383858741342,0
652119,4,0,0.0032739634943193237,0.007707383858741342,0
652127,4,0,0.0007259466220843327,0.007707383858741342,0
652149,4,0,0.0003990776637378983,0.007707383858741342,0
652151,4,0,0.0008554458301860237,0.007707383858741342,0
652153,4,0,0.0002987754470733535,0.007707383858741342,0
652171,4,0,0.00021491792679212082,0.007707383858741342,0
652229,4,0,0.002961022686239323,0.007707383858741342,0
652231,4,0,0.0005877779880916042,0.007707383858741342,0
652313,4,0,0.00016833740879757477,0.007707383858741342,0
652332,4,0,0.0003437416384296286,0.007707383858741342,0
652349,4,0,0.004813049631427174,0.007707383858741342,0
652388,4,0,0.004099951704103362,0.007707383858741342,0
652392,4,0,0.0026960011103752944,0.007707383858741342,0
652403,4,0,0.00040399919387687955,0.007707383858741342,0
652436,4,0,0.0005831056343485215,0.007707383858741342,0
652474,4,0,0.00036989038282073014,0.007707383858741342,0
652479,4,0,0.0005269273125233826,0.007707383858741342,0
652494,4,0,0.0003450909837786415,0.007707383858741342,0
652522,4,0,0.011783398249493565,0.007707383858741342,1
652547,4,0,0.00028441016621703755,0.007707383858741342,0
652549,4,0,0.0019498662504121584,0.007707383858741342,0
652555,4,0,0.0004072275894054296,0.007707383858741342,0
652567,4,0,0.0010145589853300283,0.007707383858741342,0
652586,4,0,0.0004085162225792653,0.007707383858741342,0
652602,4,0,0.0006718661738096178,0.007707383858741342,0
652675,4,0,0.014454380459821016,0.007707383858741342,1
652676,4,0,0.0004562602259718801,0.007707383858741342,0
652680,4,0,0.0010700119621786163,0.007707383858741342,0
652687,4,0,0.0003436814950575546,0.007707383858741342,0
652689,4,0,0.00026345856415383383,0.007707383858741342,0
652703,4,0,0.00010321305192815088,0.007707383858741342,0
652812,4,0,0.00029808701303980523,0.007707383858741342,0
652818,4,0,0.005852351741515491,0.007707383858741342,0
652823,4,0,0.0006784752214866373,0.007707383858741342,0
652829,4,0,0.0003192287322450755,0.007707383858741342,0
652854,4,0,0.0007814550888891231,0.007707383858741342,0
652899,4,0,0.0002121497255655729,0.007707383858741342,0
652906,4,0,0.0006321512939774939,0.007707383858741342,0
652931,4,0,0.0005092230057326041,0.007707383858741342,0
652942,4,0,0.003928020102788183,0.007707383858741342,0
652981,4,0,0.004466251875550193,0.007707383858741342,0
653003,4,0,0.0008924189655612284,0.007707383858741342,0
653036,4,0,0.002627881994393961,0.007707383858741342,0
653040,4,0,0.0006863178791712293,0.007707383858741342,0
653046,4,0,0.001802194157340604,0.007707383858741342,0
653070,4,0,0.00016224323959431697,0.007707383858741342,0
653159,4,0,0.0027742002421663613,0.007707383858741342,0
653174,4,0,0.00019704418019891927,0.007707383858741342,0
653198,4,0,0.00016907979824839085,0.007707383858741342,0
653201,4,0,0.003911528933176767,0.007707383858741342,0
653223,4,0,0.0017548576501722106,0.007707383858741342,0
653226,4,0,0.00046813784641112005,0.007707383858741342,0
653283,4,0,0.0006619878828870518,0.007707383858741342,0
653288,4,0,0.006415213394196111,0.007707383858741342,0
653319,4,0,0.0003035189130359085,0.007707383858741342,0
653398,4,0,0.0005999971607574975,0.007707383858741342,0
653402,4,0,0.0005083501167339471,0.007707383858741342,0
653437,4,0,0.0006887530261663732,0.007707383858741342,0
653477,4,0,0.0003299762391405706,0.007707383858741342,0
653488,4,0,0.0007509697472208141,0.007707383858741342,0
653536,4,0,0.0006967689722200778,0.007707383858741342,0
653539,4,0,0.0014837501053718187,0.007707383858741342,0
653560,4,0,0.003523721645279355,0.007707383858741342,0
653563,4,0,0.00023354042104909402,0.007707383858741342,0
653567,4,0,0.00023166176850513394,0.007707383858741342,0
653580,4,0,0.0023352636626001065,0.007707383858741342,0
653582,4,0,0.00031817257305947626,0.007707383858741342,0
653603,4,0,0.0007738930378547783,0.007707383858741342,0
653641,4,0,0.0007618096381299164,0.007707383858741342,0
653651,4,0,0.0021692172286808635,0.007707383858741342,0
653667,4,0,0.0015347465906392047,0.007707383858741342,0
653676,4,0,0.00021538928851782378,0.007707383858741342,0
653724,4,0,0.0032703174785427293,0.007707383858741342,0
653761,4,0,0.0036588528026171483,0.007707383858741342,0
653778,4,0,0.00015418241617493208,0.007707383858741342,0
653797,4,0,0.0006422208093527533,0.007707383858741342,0
653801,4,0,0.0001827385332437478,0.007707383858741342,0
653806,4,0,0.0025393024211980797,0.007707383858741342,0
653811,4,0,0.0018539571128724371,0.007707383858741342,0
653903,4,0,0.00018332419060483057,0.007707383858741342,0
653908,4,0,0.0011251160588253268,0.007707383858741342,0
653920,4,0,0.00044143843310569513,0.007707383858741342,0
653921,4,0,0.0006680706774754772,0.007707383858741342,0
653963,4,0,0.0007185800009861455,0.007707383858741342,0
653967,4,0,0.0033811946838876988,0.007707383858741342,0
653988,4,0,0.0005779627124932738,0.007707383858741342,0
654019,4,0,0.0012204191171896876,0.007707383858741342,0
654057,4,0,6.230231188072527e-05,0.007707383858741342,0
654059,4,0,8.516331159368648e-05,0.007707383858741342,0
654097,4,0,0.0004515217255868188,0.007707383858741342,0
654183,4,0,0.00032149879729192175,0.007707383858741342,0
654199,4,0,0.000512520502381767,0.007707383858741342,0
654200,4,0,0.0001429485507419043,0.007707383858741342,0
654217,4,0,0.0004684152752115122,0.007707383858741342,0
654223,4,0,0.001609901361528131,0.007707383858741342,0
654295,4,0,0.003455270327049279,0.007707383858741342,0
654306,4,0,0.0007131267588639669,0.007707383858741342,0
654312,4,0,0.005769780920592467,0.007707383858741342,0
654314,4,0,0.0008396083120720025,0.007707383858741342,0
654325,4,0,0.0006297577660029846,0.007707383858741342,0
654341,4,0,0.0003759559603432059,0.007707383858741342,0
654362,4,0,0.0006219062207966212,0.007707383858741342,0
654420,4,0,0.00012609080694880732,0.007707383858741342,0
654423,4,0,0.00048755386110071206,0.007707383858741342,0
654426,4,0,0.000982889777778903,0.007707383858741342,0
654436,4,0,0.0007020529222465211,0.007707383858741342,0
654477,4,0,0.0008095575132333618,0.007707383858741342,0
654482,4,0,0.0019535557912182316,0.007707383858741342,0
654487,4,0,0.0008292115088315344,0.007707383858741342,0
654491,4,0,0.0004108549001059497,0.007707383858741342,0
654551,4,0,0.0006349206580058868,0.007707383858741342,0
654666,4,0,0.0010424778485434718,0.007707383858741342,0
654700,4,0,0.004490686760430363,0.007707383858741342,0
654706,4,0,0.0007719586101756442,0.007707383858741342,0
654721,4,0,0.003049790394148342,0.007707383858741342,0
654745,4,0,0.00013231780661451508,0.007707383858741342,0
654780,4,0,0.00029339023716529053,0.007707383858741342,0
654791,4,0,0.0005797513722040173,0.007707383858741342,0
654831,4,0,0.002026771312590952,0.007707383858741342,0
654833,4,0,0.00043355899982449437,0.007707383858741342,0
654834,4,0,0.0008704917040622827,0.007707383858741342,0
654892,4,0,0.0005099533494099588,0.007707383858741342,0
654907,4,0,0.007626208030352344,0.007707383858741342,0
654919,4,0,0.0007434858493023721,0.007707383858741342,0
654925,4,0,0.0030988126868175094,0.007707383858741342,0
654933,4,0,0.0007490345836385896,0.007707383858741342,0
654940,4,0,0.0006715204625635632,0.007707383858741342,0
654941,4,0,0.004286717339094559,0.007707383858741342,0
654951,4,0,0.0005781931515774904,0.007707383858741342,0
654962,4,0,0.0006322277074081053,0.007707383858741342,0
654985,4,0,0.0008403765874684778,0.007707383858741342,0
655001,4,0,0.0003419666068693085,0.007707383858741342,0
655004,4,0,0.0007630167524282562,0.007707383858741342,0
655005,4,0,0.0004025512440401462,0.007707383858741342,0
655047,4,0,0.0019752886046862663,0.007707383858741342,0
655050,4,0,0.001252411413474188,0.007707383858741342,0
655080,4,0,0.0014844524156656946,0.007707383858741342,0
655110,4,0,0.002294903733741269,0.007707383858741342,0
655121,4,0,0.00011087424358933984,0.007707383858741342,0
655168,4,0,0.00023404905104312077,0.007707383858741342,0
655222,4,0,0.0002492052231692604,0.007707383858741342,0
655282,4,0,0.00020723880053264202,0.007707383858741342,0
655294,4,0,0.0006477346711869741,0.007707383858741342,0
655300,4,0,0.0004634334055578996,0.007707383858741342,0
655311,4,0,0.0021223560171491494,0.007707383858741342,0
655408,4,0,0.0005015715305787699,0.007707383858741342,0
655423,4,0,9.796524304112309e-05,0.007707383858741342,0
655434,4,0,0.00021719491836101,0.007707383858741342,0
655453,4,0,0.0010334262749678834,0.007707383858741342,0
655513,4,0,0.0028139879823926837,0.007707383858741342,0
655551,4,0,0.00022195235648642402,0.007707383858741342,0
655558,4,0,0.0003552033781378517,0.007707383858741342,0
655569,4,0,8.428847784071578e-05,0.007707383858741342,0
655614,4,0,0.0022394292109857686,0.007707383858741342,0
655615,4,0,0.00045017874219737905,0.007707383858741342,0
655617,4,0,0.008360338433550175,0.007707383858741342,1
655624,4,0,0.005592192112230966,0.007707383858741342,0
655634,4,0,0.0008571305283560444,0.007707383858741342,0
655650,4,0,0.00101023373909795,0.007707383858741342,0
655663,4,0,0.0005795704284874751,0.007707383858741342,0
655702,4,0,0.0005163701708502285,0.007707383858741342,0
655712,4,0,8.358460868951004e-05,0.007707383858741342,0
655749,4,0,0.0005432858054537104,0.007707383858741342,0
655778,4,0,0.0001680177575581468,0.007707383858741342,0
655815,4,0,0.00027753340093039804,0.007707383858741342,0
655819,4,0,0.0008696608891782018,0.007707383858741342,0
655832,4,0,0.0001879711771694492,0.007707383858741342,0
655854,4,0,0.0018486508578581045,0.007707383858741342,0
655860,4,0,0.0003145796064375354,0.007707383858741342,0
655863,4,0,0.0004799286042828239,0.007707383858741342,0
655890,4,0,0.0011989294089262128,0.007707383858741342,0
655914,4,0,0.0006790212874357346,0.007707383858741342,0
656009,4,0,0.0003402430107463987,0.007707383858741342,0
656067,4,0,0.0019482412732516941,0.007707383858741342,0
656076,4,0,0.002659712752023156,0.007707383858741342,0
656090,4,0,0.00024091349993094453,0.007707383858741342,0
656114,4,0,0.0003057943956862467,0.007707383858741342,0
656140,4,0,0.003496591764379376,0.007707383858741342,0
656183,4,0,0.0001796185202795325,0.007707383858741342,0
656184,4,0,0.0019640993705750346,0.007707383858741342,0
656193,4,0,0.0001754066732753241,0.007707383858741342,0
656220,4,0,0.0036375383715345276,0.007707383858741342,0
656233,4,0,0.0002887168169069977,0.007707383858741342,0
656262,4,0,0.00035467229779307974,0.007707383858741342,0
656274,4,0,0.000238721949128307,0.007707383858741342,0
656279,4,0,0.0009305624207293353,0.007707383858741342,0
656312,4,0,0.00039210614046597016,0.007707383858741342,0
656317,4,0,0.001012678430763057,0.007707383858741342,0
656320,4,0,0.0021199722209904355,0.007707383858741342,0
656326,4,0,0.00035932334973926466,0.007707383858741342,0
656334,4,0,0.0021681339823963644,0.007707383858741342,0
656350,4,0,0.0002562578398808601,0.007707383858741342,0
656353,4,0,0.00013498125709093426,0.007707383858741342,0
656381,4,0,0.0002144639143504233,0.007707383858741342,0
657539,4,0,0.0005969914273057254,0.007707383858741342,0
657582,4,0,0.0011141767129756977,0.007707383858741342,0
657594,4,0,0.0002217913517241919,0.007707383858741342,0
657710,4,0,0.00018819964612417497,0.007707383858741342,0
657871,4,0,0.00030252837802647697,0.007707383858741342,0
657901,4,0,0.0015195982576067409,0.007707383858741342,0
657903,4,0,0.001359824410179428,0.007707383858741342,0
657995,4,0,0.00020353969960778395,0.007707383858741342,0
658038,4,0,0.0010067426566290419,0.007707383858741342,0
658090,4,0,0.0010181063587860163,0.007707383858741342,0
658159,4,0,0.0014370217321580145,0.007707383858741342,0
658191,4,0,0.0007608006791433892,0.007707383858741342,0
658240,4,0,0.0002693904096726172,0.007707383858741342,0
658245,4,0,0.00017025996739127892,0.007707383858741342,0
658250,4,0,0.0007113998517202638,0.007707383858741342,0
658307,4,0,0.00022656386372775164,0.007707383858741342,0
658372,4,0,0.004223788361019269,0.007707383858741342,0
658384,4,0,0.0007892401294712098,0.007707383858741342,0
658433,4,0,0.003243971508155586,0.007707383858741342,0
658465,4,0,0.0003800691893550723,0.007707383858741342,0
658564,4,0,0.0015244883542178918,0.007707383858741342,0
658581,4,0,0.004279004767056682,0.007707383858741342,0
658590,4,0,0.0007561054356233888,0.007707383858741342,0
658598,4,0,0.0013808881145478443,0.007707383858741342,0
658615,4,0,0.0007042250482440122,0.007707383858741342,0
658650,4,0,0.0007665698014899357,0.007707383858741342,0
658663,4,0,0.0019023973876494337,0.007707383858741342,0
658683,4,0,0.0003855761595977044,0.007707383858741342,0
658721,4,0,0.0011112679303754856,0.007707383858741342,0
658810,4,0,0.00013848531220168336,0.007707383858741342,0
658813,4,0,0.002465007216940134,0.007707383858741342,0
658868,4,0,0.006518516566045212,0.007707383858741342,0
658952,4,0,0.0005908201219661755,0.007707383858741342,0
658954,4,0,0.00022304775355125845,0.007707383858741342,0
658997,4,0,0.00045526318499660096,0.007707383858741342,0
659084,4,0,0.001272786658570714,0.007707383858741342,0
659191,4,0,0.0035117520912625105,0.007707383858741342,0
659292,4,0,0.00022919601529009957,0.007707383858741342,0
659422,4,0,0.0013173543271373547,0.007707383858741342,0
659423,4,0,0.0005284312272379244,0.007707383858741342,0
659467,4,0,0.000636158229845463,0.007707383858741342,0
659502,4,0,0.000567549462783441,0.007707383858741342,0
659520,4,0,0.00029174460789991533,0.007707383858741342,0
659577,4,0,0.0006680606669270924,0.007707383858741342,0
659634,4,0,0.0007100866089651727,0.007707383858741342,0
659663,4,0,0.0006883975020731504,0.007707383858741342,0
659745,4,0,0.00030548932451377673,0.007707383858741342,0
659773,4,0,0.0007370992337764137,0.007707383858741342,0
659799,4,0,0.0016071314311750006,0.007707383858741342,0
659811,4,0,0.0005544838519272359,0.007707383858741342,0
659819,4,0,0.0002455716315485796,0.007707383858741342,0
659844,4,0,0.0006106638232221515,0.007707383858741342,0
659972,4,0,0.003326576735322762,0.007707383858741342,0
660101,4,0,0.00031576944277769464,0.007707383858741342,0
660147,4,0,0.007894646608080728,0.007707383858741342,1
660157,4,0,0.0010160832920824334,0.007707383858741342,0
660171,4,0,0.0005686213769912403,0.007707383858741342,0
660178,4,0,0.0008831485975410863,0.007707383858741342,0
660241,4,0,0.000711719907832165,0.007707383858741342,0
660257,4,0,0.00042892781854199835,0.007707383858741342,0
660278,4,0,0.0007988297560762381,0.007707383858741342,0
660309,4,0,0.00031488166933481824,0.007707383858741342,0
660363,4,0,0.005959606754709023,0.007707383858741342,0
660372,4,0,0.008248993249176146,0.007707383858741342,1
660379,4,0,0.00024755164924687657,0.007707383858741342,0
660384,4,0,0.0006345652819489685,0.007707383858741342,0
660411,4,0,0.0007962107007556713,0.007707383858741342,0
660431,4,0,0.0020165798563988565,0.007707383858741342,0
660451,4,0,0.0007269828747936246,0.007707383858741342,0
660496,4,0,7.817467026535251e-05,0.007707383858741342,0
660502,4,0,0.00041579166737690373,0.007707383858741342,0
660545,4,0,0.003562116350111596,0.007707383858741342,0
660562,4,0,7.719096718901265e-05,0.007707383858741342,0
660572,4,0,0.0006512047099698224,0.007707383858741342,0
660593,4,0,0.0002513720298294014,0.007707383858741342,0
660673,4,0,0.0002831408652649451,0.007707383858741342,0
660681,4,0,0.00026628140952306086,0.007707383858741342,0
660689,4,0,0.0002123392088768046,0.007707383858741342,0
660706,4,0,0.011211526550146844,0.007707383858741342,1
660756,4,0,0.000869369587336722,0.007707383858741342,0
660778,4,0,0.00016308949180777682,0.007707383858741342,0
660801,4,0,0.0006658613824822891,0.007707383858741342,0
660804,4,0,0.002754245715824021,0.007707383858741342,0
660815,4,0,0.00013537583545384055,0.007707383858741342,0
660845,4,0,0.0011844907085973994,0.007707383858741342,0
660995,4,0,0.0007284570407390981,0.007707383858741342,0
661044,4,0,0.0013215757564447874,0.007707383858741342,0
661076,4,0,0.015507545207970687,0.007707383858741342,1
661114,4,0,0.007148248674195201,0.007707383858741342,0
661199,4,0,0.0008984101596859038,0.007707383858741342,0
661253,4,0,0.0011293630594396043,0.007707383858741342,0
661332,4,0,0.000737439755001675,0.007707383858741342,0
661345,4,0,0.006726407176885742,0.007707383858741342,0
661517,4,0,0.0006591844700540821,0.007707383858741342,0
661521,4,0,0.0018465720335513027,0.007707383858741342,0
661563,4,0,0.001907902729316467,0.007707383858741342,0
661614,4,0,8.762266513300565e-05,0.007707383858741342,0
661695,4,0,0.0025154257043079786,0.007707383858741342,0
661705,4,0,0.0006696396456282093,0.007707383858741342,0
661737,4,0,0.0003381623667211355,0.007707383858741342,0
661740,4,0,0.0005898059407298842,0.007707383858741342,0
661775,4,0,0.0004938651575854881,0.007707383858741342,0
661804,4,0,0.0006958419835584765,0.007707383858741342,0
661836,4,0,0.0015929872538799836,0.007707383858741342,0
661874,4,0,0.0009170980290169772,0.007707383858741342,0
661884,4,0,0.004324825811377111,0.007707383858741342,0
661939,4,0,0.0002150936106051886,0.007707383858741342,0
661949,4,0,0.00019284951085306196,0.007707383858741342,0
661992,4,0,0.0012982261710972989,0.007707383858741342,0
661999,4,0,0.0036442845364305226,0.007707383858741342,0
662022,4,0,0.002381214224110051,0.007707383858741342,0
662097,4,0,0.0010292787277737358,0.007707383858741342,0
662108,4,0,0.0006286106106973314,0.007707383858741342,0
662114,4,0,0.0006407488013616014,0.007707383858741342,0
662194,4,0,0.0013111373289479797,0.007707383858741342,0
662230,4,0,0.0047767677336073445,0.007707383858741342,0
662252,4,0,0.0007018018044263969,0.007707383858741342,0
662269,4,0,0.000722918699598306,0.007707383858741342,0
662280,4,0,0.00029364397835702377,0.007707383858741342,0
662299,4,0,0.000657665122536019,0.007707383858741342,0
662300,4,0,0.0004340456541664625,0.007707383858741342,0
662361,4,0,0.0011265419326494679,0.007707383858741342,0
662382,4,0,0.0007607592890375416,0.007707383858741342,0
662418,4,0,0.001613033923838922,0.007707383858741342,0
662440,4,0,0.0012880588685224698,0.007707383858741342,0
662443,4,0,0.0005825898358751415,0.007707383858741342,0
662467,4,0,0.000974685365632908,0.007707383858741342,0
662507,4,0,0.0009558609886663378,0.007707383858741342,0
662566,4,0,0.0011961381813139428,0.007707383858741342,0
662598,4,0,0.0007010743600792292,0.007707383858741342,0
662604,4,0,0.0016771376807479324,0.007707383858741342,0
662614,4,0,0.0007457865805580194,0.007707383858741342,0
662649,4,0,0.0005523428354109381,0.007707383858741342,0
662662,4,0,0.000566119510884825,0.007707383858741342,0
662735,4,0,0.000509232468255032,0.007707383858741342,0
662803,4,0,0.001863092698730628,0.007707383858741342,0
662845,4,0,0.0025178600431320056,0.007707383858741342,0
662852,4,0,0.0015064689700917929,0.007707383858741342,0
662873,4,0,0.0005585945084801942,0.007707383858741342,0
662878,4,0,0.0005302502068564096,0.007707383858741342,0
662884,4,0,0.002296539071200378,0.007707383858741342,0
662926,4,0,0.0002742143120069626,0.007707383858741342,0
662966,4,0,0.0005502376195909416,0.007707383858741342,0
662995,4,0,0.0040109593887461435,0.007707383858741342,0
663009,4,0,0.017235242184931717,0.007707383858741342,1
663014,4,0,0.0006543502669135134,0.007707383858741342,0
663021,4,0,0.00037248868786918997,0.007707383858741342,0
663025,4,0,0.00036905028116848785,0.007707383858741342,0
663043,4,0,0.007173854704517644,0.007707383858741342,0
663057,4,0,0.00028150011389492,0.007707383858741342,0
663101,4,0,0.001336569073771101,0.007707383858741342,0
663161,4,0,0.0010651672170345508,0.007707383858741342,0
663174,4,0,0.0007622773532520443,0.007707383858741342,0
663262,4,0,0.009473153429948568,0.007707383858741342,1
663274,4,0,0.0009401352626974824,0.007707383858741342,0
663286,4,0,0.00026970643349936486,0.007707383858741342,0
663376,4,0,0.0022129592103080076,0.007707383858741342,0
663395,4,0,0.004651463658518364,0.007707383858741342,0
663404,4,0,0.0011255652105343732,0.007707383858741342,0
663440,4,0,0.0019824646000039777,0.007707383858741342,0
663461,4,0,0.0007438120101377613,0.007707383858741342,0
663500,4,0,0.00011873283993822958,0.007707383858741342,0
663510,4,0,0.0002079194061908661,0.007707383858741342,0
663534,4,0,0.0026000712124360946,0.007707383858741342,0
663576,4,0,0.0005292095265230114,0.007707383858741342,0
663587,4,0,0.0014477150602416943,0.007707383858741342,0
663619,4,0,0.00019725794220605265,0.007707383858741342,0
663635,4,0,0.013115039570122947,0.007707383858741342,1
663643,4,0,0.0007687110267591818,0.007707383858741342,0
663659,4,0,0.0011687232345855038,0.007707383858741342,0
663676,4,0,0.0019746010734459033,0.007707383858741342,0
663678,4,0,0.0007221940121231526,0.007707383858741342,0
663680,4,0,0.00012521378469581223,0.007707383858741342,0
663688,4,0,0.00015199773732541967,0.007707383858741342,0
663757,4,0,0.0006878283642490266,0.007707383858741342,0
663780,4,0,0.0006007191053701436,0.007707383858741342,0
663783,4,0,8.873342531522777e-05,0.007707383858741342,0
663788,4,0,0.0003144317898316394,0.007707383858741342,0
663800,4,0,0.0005465441010749449,0.007707383858741342,0
663839,4,0,0.0010894064499398762,0.007707383858741342,0
663855,4,0,0.0005905134115898987,0.007707383858741342,0
663880,4,0,0.008924595617074529,0.007707383858741342,1
663947,4,0,0.001303854155040237,0.007707383858741342,0
663950,4,0,0.00019575539657450304,0.007707383858741342,0
663994,4,0,0.00043069603535309377,0.007707383858741342,0
664027,4,0,0.0018853780393879797,0.007707383858741342,0
664063,4,0,0.0007295342557566259,0.007707383858741342,0
664137,4,0,0.008803860496164573,0.007707383858741342,1
664146,4,0,0.0006727457051584868,0.007707383858741342,0
664196,4,0,0.00041625505607482494,0.007707383858741342,0
664252,4,0,0.00231280776861545,0.007707383858741342,0
664254,4,0,0.0010236179012821896,0.007707383858741342,0
664256,4,0,0.0017900716896983415,0.007707383858741342,0
664283,4,0,0.0006058003722102288,0.007707383858741342,0
664384,4,0,0.000806152015050444,0.007707383858741342,0
664401,4,0,0.002257933091994923,0.007707383858741342,0
664407,4,0,0.001594473166385123,0.007707383858741342,0
664448,4,0,0.00044406847361975023,0.007707383858741342,0
664449,4,0,0.0006509681503214294,0.007707383858741342,0
664467,4,0,0.010257507081326247,0.007707383858741342,1
664478,4,0,0.0007740871843756203,0.007707383858741342,0
664493,4,0,0.0006664557403399096,0.007707383858741342,0
664555,4,0,0.004456224174031336,0.007707383858741342,0
664629,4,0,0.0028539078874850535,0.007707383858741342,0
664630,4,0,9.628557466476103e-05,0.007707383858741342,0
664648,4,0,0.0005219466684501725,0.007707383858741342,0
664730,4,0,0.000394880137177833,0.007707383858741342,0
664760,4,0,0.0014572937114835716,0.007707383858741342,0
664798,4,0,0.0012101469755990244,0.007707383858741342,0
664803,4,0,0.002830277250249001,0.007707383858741342,0
664805,4,0,0.00027467928165592835,0.007707383858741342,0
664826,4,0,0.0004517663607334398,0.007707383858741342,0
664856,4,0,0.0006000628757883421,0.007707383858741342,0
664877,4,0,0.003939070514252285,0.007707383858741342,0
665030,4,0,0.0005048778128105729,0.007707383858741342,0
665044,4,0,0.0009479526073254655,0.007707383858741342,0
665045,4,0,0.00030179434566637945,0.007707383858741342,0
665054,4,0,0.0006922638546756536,0.007707383858741342,0
665065,4,0,0.0005022664121567005,0.007707383858741342,0
665066,4,0,0.0012682493761198628,0.007707383858741342,0
665106,4,0,0.0011280083365947417,0.007707383858741342,0
665113,4,0,0.0004507880707883892,0.007707383858741342,0
665116,4,0,0.0016309425431184433,0.007707383858741342,0
665118,4,0,0.0005999218908849198,0.007707383858741342,0
665129,4,0,0.0015154689438885592,0.007707383858741342,0
665136,4,0,0.00097338833227117,0.007707383858741342,0
665183,4,0,0.0008261985371136438,0.007707383858741342,0
665187,4,0,0.004002144690421437,0.007707383858741342,0
665232,4,0,0.004801850074805061,0.007707383858741342,0
665256,4,0,0.0004974737237513607,0.007707383858741342,0
665285,4,0,0.0017283412230071425,0.007707383858741342,0
665370,4,0,0.0028250308087523998,0.007707383858741342,0
665399,4,0,0.0014293278111492376,0.007707383858741342,0
665407,4,0,0.0005798914786366184,0.007707383858741342,0
665458,4,0,0.018811267644218813,0.007707383858741342,1
665474,4,0,0.004472580422763137,0.007707383858741342,0
665485,4,0,0.00028468844812297136,0.007707383858741342,0
665498,4,0,0.01501050194178933,0.007707383858741342,1
665520,4,0,0.0003419809769745628,0.007707383858741342,0
665524,4,0,0.002067536514561213,0.007707383858741342,0
665559,4,0,0.0005849655874368765,0.007707383858741342,0
665593,4,0,0.0008178926686114296,0.007707383858741342,0
665598,4,0,0.000741944316847357,0.007707383858741342,0
665605,4,0,0.00246302061725115,0.007707383858741342,0
665608,4,0,0.0008579076175137622,0.007707383858741342,0
665644,4,0,0.01332128602084475,0.007707383858741342,1
665657,4,0,0.0013158196199868225,0.007707383858741342,0
665673,4,0,0.045370343753066,0.007707383858741342,1
665693,4,0,0.0012171370482215026,0.007707383858741342,0
665740,4,0,0.0005278215885250895,0.007707383858741342,0
665744,4,0,0.00441025777057907,0.007707383858741342,0
665792,4,0,0.0011358074664999081,0.007707383858741342,0
665814,4,0,0.002183742039832713,0.007707383858741342,0
665868,4,0,0.001306277850705514,0.007707383858741342,0
665901,4,0,0.0012648465673924093,0.007707383858741342,0
665917,4,0,0.00016406915997369497,0.007707383858741342,0
665934,4,0,0.0024973005106702236,0.007707383858741342,0
665957,4,0,0.0018387420986125892,0.007707383858741342,0
665961,4,0,0.0010860349716702235,0.007707383858741342,0
665974,4,0,0.0011728458408277482,0.007707383858741342,0
665992,4,0,0.004728051312973556,0.007707383858741342,0
666063,4,0,0.005243177746786542,0.007707383858741342,0
666107,4,0,0.002000217771801594,0.007707383858741342,0
666148,4,0,0.0072472450933614005,0.007707383858741342,0
666149,4,0,0.0005112347502108793,0.007707383858741342,0
666201,4,0,0.0005841484071380274,0.007707383858741342,0
666237,4,0,0.0007205089957553267,0.007707383858741342,0
666251,4,0,0.0012258832009726603,0.007707383858741342,0
666259,4,0,0.0015370913050584893,0.007707383858741342,0
666266,4,0,0.0013589153784642817,0.007707383858741342,0
666307,4,0,0.0014853421288074365,0.007707383858741342,0
666310,4,0,0.0002271395267021281,0.007707383858741342,0
666357,4,0,0.000136423391926908,0.007707383858741342,0
666399,4,0,0.0004321046377152122,0.007707383858741342,0
666405,4,0,0.0007077052670970274,0.007707383858741342,0
666470,4,0,0.0013453598223128515,0.007707383858741342,0
666515,4,0,0.0019134502660755164,0.007707383858741342,0
666522,4,0,0.0006546872012108123,0.007707383858741342,0
666548,4,0,0.00012215154863052038,0.007707383858741342,0
666557,4,0,0.00821274995798428,0.007707383858741342,1
666560,4,0,0.0027624187906312605,0.007707383858741342,0
666564,4,0,0.0010474176128722923,0.007707383858741342,0
666568,4,0,0.0003791109971524988,0.007707383858741342,0
666572,4,0,0.002364058315466668,0.007707383858741342,0
666578,4,0,0.005517349056660676,0.007707383858741342,0
666623,4,0,0.0005696970018390684,0.007707383858741342,0
666667,4,0,0.001143256290030136,0.007707383858741342,0
666682,4,0,0.00031717479575551696,0.007707383858741342,0
666685,4,0,0.001637256967262494,0.007707383858741342,0
666692,4,0,0.0001239202475869602,0.007707383858741342,0
666728,4,0,0.001972486007686086,0.007707383858741342,0
666730,4,0,0.00035206639965854714,0.007707383858741342,0
666756,4,0,0.0014793756322566915,0.007707383858741342,0
666819,4,0,0.0008236510507121709,0.007707383858741342,0
666822,4,0,0.0007528683350707246,0.007707383858741342,0
666868,4,0,0.004175386474271757,0.007707383858741342,0
666877,4,0,0.001906870708000576,0.007707383858741342,0
666886,4,0,0.0005319691214407014,0.007707383858741342,0
667011,4,0,0.0020153527412955356,0.007707383858741342,0
667020,4,0,0.0008978739894566299,0.007707383858741342,0
667035,4,0,0.0011540163875936769,0.007707383858741342,0
667039,4,0,0.001666129804064981,0.007707383858741342,0
667043,4,0,0.0005074846792081078,0.007707383858741342,0
667085,4,0,0.001615459696218576,0.007707383858741342,0
667102,4,0,0.00018827565046794804,0.007707383858741342,0
667133,4,0,0.00048075390303119214,0.007707383858741342,0
667160,4,0,0.001283113132415823,0.007707383858741342,0
667165,4,0,0.0023458197614045447,0.007707383858741342,0
667183,4,0,0.00022694981558447173,0.007707383858741342,0
667189,4,0,0.0009705618695849158,0.007707383858741342,0
667218,4,0,0.002907092978500344,0.007707383858741342,0
667244,4,0,0.002210469791905549,0.007707383858741342,0
667258,4,0,0.00034476185518489714,0.007707383858741342,0
667292,4,0,0.0005350696631320602,0.007707383858741342,0
667295,4,0,0.0005408023743954569,0.007707383858741342,0
667307,4,0,0.008921681222464464,0.007707383858741342,1
667309,4,0,0.0006161618001120758,0.007707383858741342,0
667327,4,0,0.000577486802242332,0.007707383858741342,0
667353,4,0,0.0009080537088443296,0.007707383858741342,0
667362,4,0,0.0003477885292156561,0.007707383858741342,0
667371,4,0,0.01001991373856498,0.007707383858741342,1
667377,4,0,0.0017279187390281862,0.007707383858741342,0
668120,4,0,0.0016511840358094448,0.007707383858741342,0
668310,4,0,0.0005691031261800346,0.007707383858741342,0
669400,4,0,0.0013069642178228946,0.007707383858741342,0
669405,4,0,0.0036241958908682158,0.007707383858741342,0
669588,4,0,0.0009675075147698661,0.007707383858741342,0
671759,4,0,0.0002661071824694711,0.007707383858741342,0
672053,4,0,0.0007213142670110459,0.007707383858741342,0
672059,4,0,0.0006533676457866954,0.007707383858741342,0
673607,4,0,0.0004785851232224234,0.007707383858741342,0
674054,4,0,0.0006028466220479521,0.007707383858741342,0
677167,4,0,0.002401707202219068,0.007707383858741342,0
677762,4,0,0.00011741287418791386,0.007707383858741342,0
678688,4,0,0.0010995909073860638,0.007707383858741342,0
681612,4,0,0.011181761365883384,0.007707383858741342,1
681971,4,0,0.0008975918553618625,0.007707383858741342,0
682894,4,0,0.0036992497159610152,0.007707383858741342,0
683777,4,0,0.017044909482237712,0.007707383858741342,1
684352,4,0,0.0012719798896612083,0.007707383858741342,0
684365,4,0,0.00248564457730558,0.007707383858741342,0
684507,4,0,0.0007478226048903246,0.007707383858741342,0
686900,4,0,0.001029483113619221,0.007707383858741342,0
689600,4,0,0.008672692921855477,0.007707383858741342,1
689978,4,0,0.0017089232704974747,0.007707383858741342,0
691702,4,0,0.01895195924675393,0.007707383858741342,1
694064,4,0,0.00014297695040564845,0.007707383858741342,0
695003,4,0,0.0009445110134766466,0.007707383858741342,0
696828,4,0,0.0017225041182620218,0.007707383858741342,0
696847,4,0,0.001091287775641993,0.007707383858741342,0
696873,4,0,0.0036006701416211096,0.007707383858741342,0
698766,4,0,0.000412043460216489,0.007707383858741342,0
698967,4,0,0.0004688922115224474,0.007707383858741342,0
700083,4,0,0.00035035479479112103,0.007707383858741342,0
700087,4,0,0.0005833280717350511,0.007707383858741342,0
700946,4,0,0.016677199227406937,0.007707383858741342,1
702830,4,0,0.0009295594622908911,0.007707383858741342,0
704517,4,0,0.038461596910256156,0.007707383858741342,1
704717,4,0,0.0038918290499629716,0.007707383858741342,0
706106,4,0,0.0105286588233211,0.007707383858741342,1
706865,4,0,0.0016485766142178542,0.007707383858741342,0
707551,4,0,0.0021705896743092093,0.007707383858741342,0
707553,4,0,0.0006989912277042549,0.007707383858741342,0
707572,4,0,0.0017765892793882268,0.007707383858741342,0
707723,4,0,0.0021747591205836378,0.007707383858741342,0
707782,4,0,0.001044433218329466,0.007707383858741342,0
708775,4,0,0.0005972269067075327,0.007707383858741342,0
708862,4,0,0.0003336005258656201,0.007707383858741342,0
709905,4,0,0.0007396548598216332,0.007707383858741342,0
711116,4,0,0.0011671542605368927,0.007707383858741342,0
711236,4,0,0.00052638201013169,0.007707383858741342,0
711239,4,0,0.00025087695670143815,0.007707383858741342,0
711442,4,0,0.0002606628155650633,0.007707383858741342,0
712056,4,0,0.00022824312421468993,0.007707383858741342,0
712285,4,0,0.0015734710610849217,0.007707383858741342,0
712407,4,0,0.004495910267656251,0.007707383858741342,0
712700,4,0,0.0008742397000831065,0.007707383858741342,0
713101,4,0,0.00046660125208806144,0.007707383858741342,0
713198,4,0,0.0010002890632533955,0.007707383858741342,0
714971,4,0,0.0020609214050179773,0.007707383858741342,0
715192,4,0,0.002414170038491772,0.007707383858741342,0
715516,4,0,0.0013455389984728186,0.007707383858741342,0
715668,4,0,0.00042226973427093737,0.007707383858741342,0
715902,4,0,0.0001471446183533616,0.007707383858741342,0
716454,4,0,0.00011472390869754503,0.007707383858741342,0
716459,4,0,0.017199024831521147,0.007707383858741342,1
717559,4,0,0.001001887848234036,0.007707383858741342,0
718139,4,0,0.003873681793739169,0.007707383858741342,0
718621,4,0,0.0013569156446641682,0.007707383858741342,0
718726,4,0,0.00042434127285547905,0.007707383858741342,0
719065,4,0,0.000481437203173235,0.007707383858741342,0
719570,4,0,0.000391650684109246,0.007707383858741342,0
719649,4,0,0.0001445256704384279,0.007707383858741342,0
721377,4,0,0.0009920806959178737,0.007707383858741342,0
721948,4,0,0.0006591706834928571,0.007707383858741342,0
722328,4,0,0.00043392732188441546,0.007707383858741342,0
722750,4,0,0.0005376670216623573,0.007707383858741342,0
722970,4,0,0.012790189411264367,0.007707383858741342,1
723622,4,0,0.00066715042373561,0.007707383858741342,0
725617,4,0,0.001155480823091887,0.007707383858741342,0
725878,4,0,0.00251766540834837,0.007707383858741342,0
726571,4,0,0.00013196789207234468,0.007707383858741342,0
726833,4,0,0.0011854547749663717,0.007707383858741342,0
726949,4,0,0.0008515878069388714,0.007707383858741342,0
727263,4,0,0.004347348690114014,0.007707383858741342,0
727733,4,0,0.0020181864199482168,0.007707383858741342,0
728109,4,0,0.003879089857266073,0.007707383858741342,0
728234,4,0,0.00643534062366017,0.007707383858741342,0
728881,4,0,0.0006799508500680758,0.007707383858741342,0
729097,4,0,0.001589818569020395,0.007707383858741342,0
729581,4,0,0.002017361506765859,0.007707383858741342,0
730700,4,0,0.0021632382162346973,0.007707383858741342,0
731715,4,0,0.0019447345574507633,0.007707383858741342,0
732211,4,0,0.0064636061502478925,0.007707383858741342,0
732522,4,0,0.0011644908063515736,0.007707383858741342,0
734738,4,0,0.0019791918739585266,0.007707383858741342,0
734783,4,0,0.00019539342776570887,0.007707383858741342,0
735033,4,0,0.0032182348113769825,0.007707383858741342,0
735089,4,0,0.002240930816068533,0.007707383858741342,0
735658,4,0,0.0002710977770011022,0.007707383858741342,0
735674,4,0,0.0002851628355229271,0.007707383858741342,0
738257,4,0,0.00020792346474482782,0.007707383858741342,0
738389,4,0,0.0002919110849375808,0.007707383858741342,0
740149,4,0,0.0005551296997115252,0.007707383858741342,0
740366,4,0,0.0006929381781073059,0.007707383858741342,0
741168,4,0,0.015598251628883791,0.007707383858741342,1
741270,4,0,0.0012038348821092548,0.007707383858741342,0
741690,4,0,0.0024875691316080433,0.007707383858741342,0
742647,4,0,0.0004503796300088918,0.007707383858741342,0
743020,4,0,0.0024703568684169477,0.007707383858741342,0
743852,4,0,0.00035956481270037573,0.007707383858741342,0
744022,4,0,0.0013376647787705477,0.007707383858741342,0
744039,4,0,0.0005428194004707875,0.007707383858741342,0
744944,4,0,0.0004965571030640222,0.007707383858741342,0
745019,4,0,0.0005450821299229113,0.007707383858741342,0
745080,4,0,0.0001894617124488641,0.007707383858741342,0
745111,4,0,0.00045135447386107283,0.007707383858741342,0
746094,4,0,0.0008690029081832156,0.007707383858741342,0
747107,4,0,0.001205482967623367,0.007707383858741342,0
747969,4,0,0.000613300552325329,0.007707383858741342,0
748842,4,0,0.0022226515609742106,0.007707383858741342,0
749052,4,0,0.0009792877957142253,0.007707383858741342,0
749148,4,0,0.00013162105239270143,0.007707383858741342,0
750627,4,0,0.002365259429335698,0.007707383858741342,0
750661,4,0,0.0019908687705534746,0.007707383858741342,0
750885,4,0,0.003857283394170396,0.007707383858741342,0
751074,4,0,0.00014536310431382906,0.007707383858741342,0
751264,4,0,0.039248570884727337,0.007707383858741342,1
751279,4,0,0.0002519079210652921,0.007707383858741342,0
751281,4,0,0.0005412986507264379,0.007707383858741342,0
751798,4,0,0.00026891908219818614,0.007707383858741342,0
751867,4,0,0.0008528310356381253,0.007707383858741342,0
751895,4,0,0.009664945446350683,0.007707383858741342,1
752171,4,0,0.016838285134269566,0.007707383858741342,1
752372,4,0,0.0009236746082781486,0.007707383858741342,0
752844,4,0,0.0019381321691065076,0.007707383858741342,0
752847,4,0,0.0027683687236363863,0.007707383858741342,0
753020,4,0,0.005941986293498555,0.007707383858741342,0
753260,4,0,0.0003510466886140062,0.007707383858741342,0
753358,4,0,0.0014328116059985137,0.007707383858741342,0
753886,4,0,0.005683154734274347,0.007707383858741342,0
754113,4,0,0.010954908589119738,0.007707383858741342,1
755735,4,0,0.0037100533639748555,0.007707383858741342,0
755897,4,0,0.004754531982326638,0.007707383858741342,0
755995,4,0,0.0009193337952326381,0.007707383858741342,0
756512,4,0,0.0010332427978636978,0.007707383858741342,0
756681,4,0,0.00045081850649781626,0.007707383858741342,0
756722,4,0,0.0004349662814791442,0.007707383858741342,0
756741,4,0,0.0019551656298043567,0.007707383858741342,0
756751,4,0,0.0010184063856665624,0.007707383858741342,0
757392,4,0,0.00043458788584298393,0.007707383858741342,0
758292,4,0,0.0002186751304831907,0.007707383858741342,0
760119,4,0,0.001241665145280171,0.007707383858741342,0
760469,4,0,0.0006253498835314566,0.007707383858741342,0
760806,4,0,0.0010745097422652792,0.007707383858741342,0
761429,4,0,0.0022163855283368512,0.007707383858741342,0
761836,4,0,0.00044235328986293274,0.007707383858741342,0
762378,4,0,0.0012938573339391672,0.007707383858741342,0
762675,4,0,0.011310628011533529,0.007707383858741342,1
762736,4,0,0.0015038692937377625,0.007707383858741342,0
763045,4,0,0.00029526064853743793,0.007707383858741342,0
763455,4,0,0.0034240636147975386,0.007707383858741342,0
764449,4,0,0.0011472684761039673,0.007707383858741342,0
765292,4,0,0.013642576399191602,0.007707383858741342,1
766535,4,0,0.002421033291985194,0.007707383858741342,0
767774,4,0,0.0015170312656064533,0.007707383858741342,0
768261,4,0,0.00030476107523223165,0.007707383858741342,0
768313,4,0,0.0012030369357892172,0.007707383858741342,0
769153,4,0,0.0018932298908860214,0.007707383858741342,0
770997,4,0,0.008705576351801582,0.007707383858741342,1
772865,4,0,0.0005925127428841254,0.007707383858741342,0
773130,4,0,0.0006669671981730563,0.007707383858741342,0
773470,4,0,0.0032599231559968826,0.007707383858741342,0
774061,4,0,0.0011151665006461909,0.007707383858741342,0
774163,4,0,0.0006992505663604489,0.007707383858741342,0
776233,4,0,0.0080914000221887,0.007707383858741342,1
777911,4,0,0.0006487651726981054,0.007707383858741342,0
778318,4,0,0.0010695971879115653,0.007707383858741342,0
778356,4,0,0.0006037371879906164,0.007707383858741342,0
778503,4,0,0.0008333301996284946,0.007707383858741342,0
779111,4,0,0.0015423730098241325,0.007707383858741342,0
779825,4,0,0.0002839492316573325,0.007707383858741342,0
781537,4,0,0.0032580546262386454,0.007707383858741342,0
782253,4,0,0.00044042397931523997,0.007707383858741342,0
782388,4,0,0.0003592544341569613,0.007707383858741342,0
783405,4,0,0.0005330042210667189,0.007707383858741342,0
783815,4,0,0.000381962532098043,0.007707383858741342,0
784352,4,0,0.0014851679149499165,0.007707383858741342,0
785218,4,0,0.003356829993227538,0.007707383858741342,0
785682,4,0,0.0009594694276486296,0.007707383858741342,0
786092,4,0,0.0007071105370775752,0.007707383858741342,0
786094,4,0,0.0010645052782813419,0.007707383858741342,0
786395,4,0,0.0013734732680083766,0.007707383858741342,0
787512,4,0,0.0011732168994047273,0.007707383858741342,0
788156,4,0,0.0002975264739389937,0.007707383858741342,0
789066,4,0,0.0006036660168182946,0.007707383858741342,0
789790,4,0,0.001452255129765626,0.007707383858741342,0
789874,4,0,0.0003429267153903623,0.007707383858741342,0
791826,4,0,0.0016039508543664598,0.007707383858741342,0
795012,4,0,0.00025783231122106204,0.007707383858741342,0
795356,4,0,0.0011367777021015525,0.007707383858741342,0
795665,4,0,0.0026156604825572235,0.007707383858741342,0
796001,4,0,0.0028700716934017424,0.007707383858741342,0
798678,4,0,9.12887380773698e-05,0.007707383858741342,0
799768,4,0,0.00019620739030339139,0.007707383858741342,0
801986,4,0,0.0024240166460495053,0.007707383858741342,0
802802,4,0,0.0005269052647744124,0.007707383858741342,0
802882,4,0,0.0008001295678733475,0.007707383858741342,0
803187,4,0,0.00047366215322099933,0.007707383858741342,0
804120,4,0,0.0005116938506550645,0.007707383858741342,0
804430,4,0,0.0006389526885055631,0.007707383858741342,0
804599,4,0,0.0017810149812543846,0.007707383858741342,0
804700,4,0,0.0025257552912147877,0.007707383858741342,0
805052,4,0,0.00030926833833193335,0.007707383858741342,0
805566,4,0,0.0009625452985053106,0.007707383858741342,0
806451,4,0,0.0015401591469827074,0.007707383858741342,0
806569,4,0,0.00033213032909352525,0.007707383858741342,0
806798,4,0,0.0002114028627687094,0.007707383858741342,0
806956,4,0,0.0009500061599789632,0.007707383858741342,0
807069,4,0,0.0007802583078729377,0.007707383858741342,0
807803,4,0,0.0002835082278978695,0.007707383858741342,0
807848,4,0,0.00020361529592109224,0.007707383858741342,0
807852,4,0,0.0017140025388557836,0.007707383858741342,0
807933,4,0,0.006224565698139736,0.007707383858741342,0
817953,4,0,0.0002946527989106917,0.007707383858741342,0
818197,4,0,0.0005132592645016814,0.007707383858741342,0
818944,4,0,0.0008944084924733932,0.007707383858741342,0
821825,4,0,0.0004100402810723619,0.007707383858741342,0
821828,4,0,0.0020377224000486223,0.007707383858741342,0
827641,4,0,0.0018542526317765074,0.007707383858741342,0
829467,4,0,0.014455375250129401,0.007707383858741342,1
829832,4,0,0.00037267307340417685,0.007707383858741342,0
829881,4,0,0.004130654011639619,0.007707383858741342,0
829956,4,0,0.0026480004996974637,0.007707383858741342,0
830687,4,0,0.0011521938904348516,0.007707383858741342,0
831035,4,0,0.0023642572818714245,0.007707383858741342,0
831076,4,0,0.0002296015124433329,0.007707383858741342,0
834331,4,0,0.0007730418874954796,0.007707383858741342,0
834465,4,0,0.004402106947165031,0.007707383858741342,0
834799,4,0,0.0007824974342171107,0.007707383858741342,0
838667,4,0,0.0023211720695261577,0.007707383858741342,0
840403,4,0,0.0004359008963192115,0.007707383858741342,0
843845,4,0,0.0011312055329536072,0.007707383858741342,0
844176,4,0,0.00027126116568749814,0.007707383858741342,0
845247,4,0,0.00043396120428560884,0.007707383858741342,0
845559,4,0,0.0003790619741192049,0.007707383858741342,0
846435,4,0,0.0001147345893542119,0.007707383858741342,0
846884,4,0,0.0002148516975006637,0.007707383858741342,0
848725,4,0,0.0005029619904572305,0.007707383858741342,0
849342,4,0,0.0021815539357478444,0.007707383858741342,0
851036,4,0,0.003931197767275324,0.007707383858741342,0
851257,4,0,0.00041075056541220245,0.007707383858741342,0
852322,4,0,0.000997105124067277,0.007707383858741342,0
852899,4,0,0.006245459117239862,0.007707383858741342,0
853565,4,0,0.0005741856766691112,0.007707383858741342,0
855628,4,0,0.0008280315092861314,0.007707383858741342,0
866473,4,0,0.00618999322631195,0.007707383858741342,0
866653,4,0,0.0001790485530540363,0.007707383858741342,0
866852,4,0,0.0021424682465648356,0.007707383858741342,0
866934,4,0,0.0004621011133554074,0.007707383858741342,0
867456,4,0,0.0010482146822946331,0.007707383858741342,0
867647,4,0,0.0001374300713303506,0.007707383858741342,0
867819,4,0,0.001435640656545435,0.007707383858741342,0
868062,4,0,0.00148968358375356,0.007707383858741342,0
868124,4,0,0.00026160898618582764,0.007707383858741342,0
868671,4,0,0.0033419094714349593,0.007707383858741342,0
868798,4,0,0.0009154203140643297,0.007707383858741342,0
869161,4,0,0.0006602537123926432,0.007707383858741342,0
871711,4,0,0.0003533381170206284,0.007707383858741342,0
871907,4,0,0.00526157840904789,0.007707383858741342,0
871987,4,0,0.00052549013821091,0.007707383858741342,0
872966,4,0,0.001961508471918645,0.007707383858741342,0
872988,4,0,0.00016019942922412527,0.007707383858741342,0
873445,4,0,0.00019794011505471328,0.007707383858741342,0
873454,4,0,0.0008540163134900254,0.007707383858741342,0
873730,4,0,0.0008388232421337956,0.007707383858741342,0
874620,4,0,0.0005904746036015981,0.007707383858741342,0
875239,4,0,0.0004163162448040091,0.007707383858741342,0
876196,4,0,0.006498673529260609,0.007707383858741342,0
876336,4,0,0.0010066297394772908,0.007707383858741342,0
877291,4,0,0.0004779521994723954,0.007707383858741342,0
877361,4,0,0.0030966417928460534,0.007707383858741342,0
878012,4,0,0.00020456433231968857,0.007707383858741342,0
878737,4,0,0.0008779217407237072,0.007707383858741342,0
878973,4,0,0.004127410543454504,0.007707383858741342,0
879314,4,0,0.0033297023693843533,0.007707383858741342,0
879683,4,0,0.0018445999297450495,0.007707383858741342,0
879920,4,0,0.0004065341590329627,0.007707383858741342,0
880397,4,0,0.0007277594225941906,0.007707383858741342,0
882091,4,0,0.0004425123681415787,0.007707383858741342,0
882138,4,0,0.0018965529374954813,0.007707383858741342,0
882309,4,0,0.003916285927434629,0.007707383858741342,0
883703,4,0,0.004298367141244155,0.007707383858741342,0
884056,4,0,0.0008923444181729926,0.007707383858741342,0
885902,4,0,0.0004412513730278016,0.007707383858741342,0
886358,4,0,0.0014405449470724456,0.007707383858741342,0
886632,4,0,0.011195684545209379,0.007707383858741342,1
887018,4,0,0.002091516963326515,0.007707383858741342,0
887689,4,0,0.0058073831366655,0.007707383858741342,0
887885,4,0,0.0006800216630090566,0.007707383858741342,0
887918,4,0,0.0008560256405931911,0.007707383858741342,0
888352,4,0,0.00041234093449892754,0.007707383858741342,0
888356,4,0,0.0007737492175643559,0.007707383858741342,0
888381,4,0,0.004169302623538874,0.007707383858741342,0
888389,4,0,0.00022403679681885373,0.007707383858741342,0
888955,4,0,0.00044063558781004373,0.007707383858741342,0
889490,4,0,0.0012134360637492975,0.007707383858741342,0
889783,4,0,0.000619698317322717,0.007707383858741342,0
890981,4,0,0.0015140312806002267,0.007707383858741342,0
891016,4,0,0.0006499518348165987,0.007707383858741342,0
891159,4,0,0.0006684051919086879,0.007707383858741342,0
891614,4,0,0.000983773364579498,0.007707383858741342,0
891719,4,0,0.0011029565419964327,0.007707383858741342,0
891895,4,0,0.0005430095645190267,0.007707383858741342,0
892034,4,0,0.0012944129369287754,0.007707383858741342,0
892370,4,0,0.0008288494816892631,0.007707383858741342,0
892450,4,0,0.0002395356541823411,0.007707383858741342,0
892464,4,0,0.019451323702700172,0.007707383858741342,1
893083,4,0,0.015181841974509237,0.007707383858741342,1
894278,4,0,0.0009079761844841448,0.007707383858741342,0
894444,4,0,0.001497005750925151,0.007707383858741342,0
894506,4,0,0.0002659490689896979,0.007707383858741342,0
895152,4,0,0.00020416116714665205,0.007707383858741342,0
895337,4,0,0.005512391396529624,0.007707383858741342,0
895500,4,0,0.03839308918974555,0.007707383858741342,1
896200,4,0,0.0010606688253103553,0.007707383858741342,0
896784,4,0,0.00799521965584111,0.007707383858741342,1
897854,4,0,0.0003076143658754593,0.007707383858741342,0
898080,4,0,0.0018464844245561004,0.007707383858741342,0
898381,4,0,0.001852011713985634,0.007707383858741342,0
898637,4,0,0.04967900159254385,0.007707383858741342,1
898934,4,0,0.0005427162806694643,0.007707383858741342,0
898987,4,0,0.00018762135611220544,0.007707383858741342,0
899246,4,0,0.0052046147240007315,0.007707383858741342,0
900732,4,0,0.00015634895569218907,0.007707383858741342,0
900747,4,0,0.0011519502439183511,0.007707383858741342,0
913865,4,0,0.0015062511967809244,0.007707383858741342,0
920276,4,0,0.0003096169513575555,0.007707383858741342,0
932628,4,0,0.004771869552902551,0.007707383858741342,0
934649,4,0,0.0025815607011610694,0.007707383858741342,0
934699,4,0,0.0011330574592940308,0.007707383858741342,0
934908,4,0,0.0011213954928757984,0.007707383858741342,0
934925,4,0,0.002912056105539787,0.007707383858741342,0
935141,4,0,0.0002158517880225622,0.007707383858741342,0
936550,4,0,0.0010694077580376902,0.007707383858741342,0
937680,4,0,0.00011625092594342032,0.007707383858741342,0
938026,4,0,0.003443294449765,0.007707383858741342,0
944135,4,0,0.0019869908449285543,0.007707383858741342,0
944882,4,0,0.023734836801449104,0.007707383858741342,1
946220,4,0,0.0005750376121697769,0.007707383858741342,0
952729,4,0,0.0003988141200942873,0.007707383858741342,0
953039,4,0,0.0011419893194710073,0.007707383858741342,0
953045,4,0,0.0048649400321802766,0.007707383858741342,0
955338,4,0,0.00012910925061140693,0.007707383858741342,0
955961,4,0,0.0002566635557048114,0.007707383858741342,0
962573,4,0,0.0008832834751363093,0.007707383858741342,0
963166,4,0,0.002419116520213848,0.007707383858741342,0
964722,4,0,0.001409742975127121,0.007707383858741342,0
965836,4,0,0.0004529882115656496,0.007707383858741342,0
967758,4,0,0.0021749361982339836,0.007707383858741342,0
969221,4,0,0.0004664906988769308,0.007707383858741342,0
970201,4,0,0.0002779555737948095,0.007707383858741342,0
970243,4,0,0.00011572190149706504,0.007707383858741342,0
970768,4,0,0.00024339289094867648,0.007707383858741342,0
970822,4,0,0.021305000155731203,0.007707383858741342,1
970916,4,0,0.0005242243680648711,0.007707383858741342,0
971081,4,0,0.003068288593316036,0.007707383858741342,0
971444,4,0,0.0003072597197235731,0.007707383858741342,0
971446,4,0,0.0005783723512853888,0.007707383858741342,0
971509,4,0,0.000720559829545557,0.007707383858741342,0
972531,4,0,0.001732691680983656,0.007707383858741342,0
973170,4,0,0.011033907848032657,0.007707383858741342,1
973290,4,0,0.0009642304876135852,0.007707383858741342,0
973292,4,0,0.0009240293527677819,0.007707383858741342,0
973463,4,0,0.0008591632890948512,0.007707383858741342,0
973869,4,0,0.010646948415061216,0.007707383858741342,1
974089,4,0,0.0002545532234909098,0.007707383858741342,0
974127,4,0,0.0002089393407151565,0.007707383858741342,0
974197,4,0,0.004405199872829981,0.007707383858741342,0
974764,4,0,0.0003584505373243174,0.007707383858741342,0
974773,4,0,0.0008482386556112098,0.007707383858741342,0
974833,4,0,0.00047485187498864814,0.007707383858741342,0
975175,4,0,0.0009185140822567559,0.007707383858741342,0
975498,4,0,0.00032118252770097817,0.007707383858741342,0
975891,4,0,9.569909619033949e-05,0.007707383858741342,0
976690,4,0,0.0021878023229110577,0.007707383858741342,0
977152,4,0,0.000347326801458343,0.007707383858741342,0
977239,4,0,0.0003370420093029225,0.007707383858741342,0
977348,4,0,0.0006028465904476386,0.007707383858741342,0
977447,4,0,0.0006488989403621459,0.007707383858741342,0
978143,4,0,0.0008184245000388684,0.007707383858741342,0
980267,4,0,0.00012243123320479997,0.007707383858741342,0
982232,4,0,0.00045973262834226084,0.007707383858741342,0
983993,4,0,0.0018230012787976931,0.007707383858741342,0
984602,4,0,0.0007692188661236593,0.007707383858741342,0
987751,4,0,0.0032930619648636364,0.007707383858741342,0
987772,4,0,0.006807912930683328,0.007707383858741342,0
989299,4,0,0.0009558158505760576,0.007707383858741342,0
989400,4,0,0.00031210091103286026,0.007707383858741342,0
998067,4,0,0.000909123485347411,0.007707383858741342,0
1001145,4,0,0.0004412035413141721,0.007707383858741342,0
1001344,4,0,0.0008482511368359167,0.007707383858741342,0
1007761,4,0,0.0005225008933156858,0.007707383858741342,0
1009399,4,0,0.0010551534996326606,0.007707383858741342,0
1010579,4,0,0.0011996270255431507,0.007707383858741342,0
1011581,4,0,0.0008414938626661529,0.007707383858741342,0
1014082,4,0,0.006931836114226616,0.007707383858741342,0
1018416,4,0,0.000105115343812615,0.007707383858741342,0
1033463,4,0,0.0017996225553033442,0.007707383858741342,0
1041177,4,0,0.003532306703779719,0.007707383858741342,0
1067716,4,0,0.003449968877679164,0.007707383858741342,0
1069561,4,0,0.0014638937343977815,0.007707383858741342,0
1071785,4,0,0.00036679969268089757,0.007707383858741342,0
1071837,4,0,0.0005117085686851257,0.007707383858741342,0
1071955,4,0,0.00023199536677424984,0.007707383858741342,0
1072099,4,0,0.0017360744544280984,0.007707383858741342,0
1072554,4,0,0.0007288483621281626,0.007707383858741342,0
1072843,4,0,0.0011748406233124615,0.007707383858741342,0
1073056,4,0,0.0007659601035988167,0.007707383858741342,0
1075523,4,0,0.0005983900187762022,0.007707383858741342,0
1076406,4,0,0.0004965873506941261,0.007707383858741342,0
1079334,4,0,0.0007064910587058566,0.007707383858741342,0
1080239,4,0,0.0026178330224908663,0.007707383858741342,0
1080508,4,0,0.0003861908647124357,0.007707383858741342,0
1080740,4,0,0.001586358923741382,0.007707383858741342,0
1081542,4,0,0.001294014613537841,0.007707383858741342,0
1081942,4,0,0.004152610451650204,0.007707383858741342,0
1081951,4,0,0.009772446815521646,0.007707383858741342,1
1082618,4,0,0.00010734853147942333,0.007707383858741342,0
1082946,4,0,0.0015711236394611533,0.007707383858741342,0
1082993,4,0,0.001380745855465725,0.007707383858741342,0
1083196,4,0,0.0011430611531654136,0.007707383858741342,0
1085027,4,0,0.00022208700114043566,0.007707383858741342,0
1085354,4,0,0.0003675898876330721,0.007707383858741342,0
1085591,4,0,0.005338840390743059,0.007707383858741342,0
1085660,4,0,0.002381517423750889,0.007707383858741342,0
1086737,4,0,0.005382348848218264,0.007707383858741342,0
1088156,4,0,0.0013628983599808144,0.007707383858741342,0
1088486,4,0,0.00048279792758149103,0.007707383858741342,0
1089006,4,0,0.007198147099607146,0.007707383858741342,0
1089316,4,0,0.00017451916827192573,0.007707383858741342,0
1091486,4,0,0.0015907770048546566,0.007707383858741342,0
1091567,4,0,0.0006891994808427834,0.007707383858741342,0
1091589,4,0,0.00014072172400317605,0.007707383858741342,0
1091694,4,0,0.00038029827831972203,0.007707383858741342,0
1091871,4,0,0.007040130170078825,0.007707383858741342,0
1092928,4,0,0.0035633530652975,0.007707383858741342,0
1093318,4,0,0.00034720524335452296,0.007707383858741342,0
1093449,4,0,0.009630082500570748,0.007707383858741342,1
1093786,4,0,0.010893725469494343,0.007707383858741342,1
1094264,4,0,0.00012684227827293082,0.007707383858741342,0
1095869,4,0,0.00046447041547586576,0.007707383858741342,0
1101752,4,0,0.0022764740482888427,0.007707383858741342,0
1108286,4,0,0.0006432138038327894,0.007707383858741342,0
1116206,4,0,0.0004240743624186147,0.007707383858741342,0
1122279,4,0,0.007677252561347651,0.007707383858741342,0
1122589,4,0,0.002543966651111444,0.007707383858741342,0
1124477,4,0,0.0008116634255642012,0.007707383858741342,0
1142615,4,0,0.0028204936882478223,0.007707383858741342,0
1147959,4,0,0.0020035698682466098,0.007707383858741342,0
1147998,4,0,0.0008218177213439949,0.007707383858741342,0
1148054,4,0,0.00047556031311402774,0.007707383858741342,0
1152638,4,0,0.003499474704007924,0.007707383858741342,0
1154993,4,0,0.0011753644743761995,0.007707383858741342,0
1155029,4,0,0.00018858800596251702,0.007707383858741342,0
1158078,4,0,0.0006561793936676646,0.007707383858741342,0
1177169,4,0,0.010753143868764579,0.007707383858741342,1
1179061,4,0,0.016694484720845858,0.007707383858741342,1
1182237,4,0,0.0006669915432402899,0.007707383858741342,0
1187349,4,0,0.01005507917903146,0.007707383858741342,1
1190491,4,0,0.000610180947726502,0.007707383858741342,0
1214066,4,0,0.0010276325605083764,0.007707383858741342,0
1214377,4,0,0.0008730582225560252,0.007707383858741342,0
1219451,4,0,0.0005875632142715759,0.007707383858741342,0
1221347,4,0,0.003370633724199518,0.007707383858741342,0
1223781,4,0,0.0019647635281436525,0.007707383858741342,0
1225794,4,0,0.0019352392079102422,0.007707383858741342,0
1242044,4,0,0.0004142758725854165,0.007707383858741342,0
1242497,4,0,0.0044108534819186935,0.007707383858741342,0
1242603,4,0,0.0006399083113718978,0.007707383858741342,0
1242674,4,0,0.007274280445256502,0.007707383858741342,0
1242717,4,0,0.004572937822786099,0.007707383858741342,0
1243533,4,0,0.003872408110476011,0.007707383858741342,0
1244181,4,0,0.0019208578943749716,0.007707383858741342,0
1244312,4,0,0.005980801902162102,0.007707383858741342,0
1244756,4,0,0.0030478781254754416,0.007707383858741342,0
1245271,4,0,0.0003747154579624406,0.007707383858741342,0
1245842,4,0,0.00033350924050583173,0.007707383858741342,0
1246054,4,0,0.003944447194088166,0.007707383858741342,0
1246150,4,0,0.0005401332409283867,0.007707383858741342,0
1246228,4,0,0.006222282193943462,0.007707383858741342,0
1246498,4,0,0.001328760634881614,0.007707383858741342,0
1246639,4,0,0.0006094706953497026,0.007707383858741342,0
1246640,4,0,0.0027660041067990057,0.007707383858741342,0
1246818,4,0,0.0012675674106633124,0.007707383858741342,0
1246885,4,0,0.00030641771776242633,0.007707383858741342,0
1247133,4,0,0.0003974961356238746,0.007707383858741342,0
1247515,4,0,0.0024679610041984648,0.007707383858741342,0
1247675,4,0,0.0006651321580082747,0.007707383858741342,0
1248098,4,0,0.001510082675851968,0.007707383858741342,0
1248220,4,0,0.00018677748288926317,0.007707383858741342,0
1248271,4,0,0.0024648631864631386,0.007707383858741342,0
1248403,4,0,0.0006971070256757849,0.007707383858741342,0
1248962,4,0,0.0007183773682777947,0.007707383858741342,0
1249414,4,0,0.00220451355414041,0.007707383858741342,0
1249620,4,0,0.0004423270425563152,0.007707383858741342,0
1249773,4,0,0.002757758603662844,0.007707383858741342,0
1249883,4,0,0.0013156471835471981,0.007707383858741342,0
1249965,4,0,0.0009223429311462848,0.007707383858741342,0
1250513,4,0,0.00023983797352779165,0.007707383858741342,0
1251288,4,0,0.0010271149332415491,0.007707383858741342,0
1251504,4,0,0.0010465957384399676,0.007707383858741342,0
1251528,4,0,0.0004763640176855537,0.007707383858741342,0
1251686,4,0,0.0008865752817658248,0.007707383858741342,0
1252314,4,0,0.00020964602324527814,0.007707383858741342,0
1252702,4,0,9.67461009772099e-05,0.007707383858741342,0
1253393,4,0,0.00018883631206799444,0.007707383858741342,0
1253634,4,0,0.0009864792247877853,0.007707383858741342,0
1254488,4,0,0.0008398776286791925,0.007707383858741342,0
1254675,4,0,0.022378999266226884,0.007707383858741342,1
1256340,4,0,0.0007364446399829645,0.007707383858741342,0
1256544,4,0,0.009414791286536783,0.007707383858741342,1
1258480,4,0,0.0024929021428797987,0.007707383858741342,0
1258688,4,0,9.299678565118066e-05,0.007707383858741342,0
1258912,4,0,0.00016713395801145107,0.007707383858741342,0
1259463,4,0,0.0016988858721755844,0.007707383858741342,0
1260040,4,0,0.00021147336547287394,0.007707383858741342,0
1260993,4,0,0.0011445463310268266,0.007707383858741342,0
1261363,4,0,0.0006184195439268991,0.007707383858741342,0
1261934,4,0,0.0009684738933879065,0.007707383858741342,0
1262256,4,0,0.00035601513939371245,0.007707383858741342,0
1263051,4,0,0.0003925729607764228,0.007707383858741342,0
1263066,4,0,0.007069801739620719,0.007707383858741342,0
1263106,4,0,0.0011470593294906578,0.007707383858741342,0
1267183,4,0,0.0011327648649050379,0.007707383858741342,0
1267444,4,0,0.003162331655953074,0.007707383858741342,0
1285074,4,0,0.00020719908422575845,0.007707383858741342,0
1286653,4,0,0.00016418563193402506,0.007707383858741342,0
1288687,4,0,0.0009649557026473412,0.007707383858741342,0
1289307,4,0,0.0033927174270857057,0.007707383858741342,0
1291335,4,0,0.009490730950709753,0.007707383858741342,1
1292700,4,0,0.0018787616525232397,0.007707383858741342,0
1293092,4,0,0.0015066770005011314,0.007707383858741342,0
1293902,4,0,0.0011514504160620963,0.007707383858741342,0
1294862,4,0,0.0002217078823284306,0.007707383858741342,0
1296011,4,0,0.0020212399336434154,0.007707383858741342,0
1297632,4,0,0.0004680747530958035,0.007707383858741342,0
1298184,4,0,0.0017424721196951669,0.007707383858741342,0
1299483,4,0,0.005979979400267855,0.007707383858741342,0
1300699,4,0,0.003343243842315118,0.007707383858741342,0
1301379,4,0,0.0016380182808137438,0.007707383858741342,0
1304554,4,0,0.003430945798890696,0.007707383858741342,0
1305960,4,0,0.0013159658447523775,0.007707383858741342,0
1306381,4,0,0.0004876398311660891,0.007707383858741342,0
1306673,4,0,0.001001613407208208,0.007707383858741342,0
1307216,4,0,0.00024180736147533423,0.007707383858741342,0
1307809,4,0,0.0023491395396397917,0.007707383858741342,0
1307930,4,0,0.009598512228642357,0.007707383858741342,1
1308631,4,0,0.0005916814084105253,0.007707383858741342,0
1309961,4,0,0.0049303956990539004,0.007707383858741342,0
1310128,4,0,0.0012700585541820905,0.007707383858741342,0
1311013,4,0,0.010059559221547394,0.007707383858741342,1
1311354,4,0,0.01390546932868095,0.007707383858741342,1
1312458,4,0,0.00043552803815791446,0.007707383858741342,0
1313317,4,0,0.0011068589319517214,0.007707383858741342,0
1313539,4,0,0.0037384400031911834,0.007707383858741342,0
1313557,4,0,0.0008273977504427357,0.007707383858741342,0
1313782,4,0,0.002402372254812974,0.007707383858741342,0
1314911,4,0,0.008930755054620647,0.007707383858741342,1
1315118,4,0,0.0047926117759874935,0.007707383858741342,0
1315470,4,0,0.0014628386998771124,0.007707383858741342,0
1316457,4,0,0.022877200608263634,0.007707383858741342,1
1316683,4,0,0.00677520408198603,0.007707383858741342,0
1317173,4,0,0.0010416612000545779,0.007707383858741342,0
1318207,4,0,0.0005005406473651481,0.007707383858741342,0
1318439,4,0,0.00018242958567587695,0.007707383858741342,0
1319426,4,0,0.001581792201495795,0.007707383858741342,0
1322134,4,0,0.000298984819768892,0.007707383858741342,0
1325794,4,0,0.0003368422899761467,0.007707383858741342,0
1327590,4,0,0.0008249516908815108,0.007707383858741342,0
1331214,4,0,0.030684668446756064,0.007707383858741342,1
1333953,4,0,0.00031922519370198774,0.007707383858741342,0
1343462,4,0,0.00019499728501225737,0.007707383858741342,0
1347824,4,0,0.0007105761957773456,0.007707383858741342,0
1355631,4,0,0.0005702928062161526,0.007707383858741342,0
1355806,4,0,0.003315191217170802,0.007707383858741342,0
1355914,4,0,0.0031251209556802757,0.007707383858741342,0
1359190,4,0,0.001074904050565463,0.007707383858741342,0
1360786,4,0,0.0012393294008649553,0.007707383858741342,0
1367184,4,0,0.001744202984899559,0.007707383858741342,0
1370292,4,0,0.005111679605350059,0.007707383858741342,0
1370828,4,0,0.001059285242238556,0.007707383858741342,0
1379047,4,0,0.00011659921916279849,0.007707383858741342,0
1379093,4,0,0.0002459744288562293,0.007707383858741342,0
1379312,4,0,0.00034522068463300397,0.007707383858741342,0
1380165,4,0,0.001525283364111173,0.007707383858741342,0
1381789,4,0,0.03389212436106974,0.007707383858741342,1
1384156,4,0,0.002626643279074938,0.007707383858741342,0
1397951,4,0,0.00011496617629131124,0.007707383858741342,0
1503091,4,0,0.004665215169091442,0.007707383858741342,0
1508831,4,0,0.0005472535693914292,0.007707383858741342,0
1518343,4,0,0.0027552219884833646,0.007707383858741342,0
1518884,4,0,0.021495065584094836,0.007707383858741342,1
1518984,4,0,0.000643737817063543,0.007707383858741342,0
1519307,4,0,0.0012876108037752016,0.007707383858741342,0
1522463,4,0,0.0018985123613294347,0.007707383858741342,0
1528128,4,0,0.001248027683761649,0.007707383858741342,0
1547858,4,0,0.0008073255883355877,0.007707383858741342,0
1560367,4,0,0.0004405685024138062,0.007707383858741342,0
1562703,4,0,0.001776771562176767,0.007707383858741342,0
1562746,4,0,0.00023889812548447554,0.007707383858741342,0
1569645,4,0,0.0009546209830177145,0.007707383858741342,0
1576577,4,0,0.0003805304359094468,0.007707383858741342,0
1583751,4,0,0.0050596732142420865,0.007707383858741342,0
1594276,4,0,0.0017574252587758852,0.007707383858741342,0
1603379,4,0,0.0008572586695805771,0.007707383858741342,0
1622624,4,0,0.0002263380850738184,0.007707383858741342,0
1623755,4,0,0.00031499252206028866,0.007707383858741342,0
1626931,4,0,0.0010181387005533406,0.007707383858741342,0
1644659,4,0,0.0005167889446108467,0.007707383858741342,0
1733533,4,0,0.000281571518132489,0.007707383858741342,0
1736507,4,0,0.0016271585786332748,0.007707383858741342,0
1815493,4,0,0.0009066922831414455,0.007707383858741342,0
1815814,4,0,0.00011848875840189738,0.007707383858741342,0
1817779,4,0,0.0008927498395674779,0.007707383858741342,0
1825732,4,0,0.0008636676966082013,0.007707383858741342,0
1831382,4,0,0.012076908899677684,0.007707383858741342,1
1839776,4,0,0.002260228913592253,0.007707383858741342,0
1850575,4,0,0.0005446755707430578,0.007707383858741342,0
1859047,4,0,0.001653662171555879,0.007707383858741342,0
1869428,4,0,0.001042613720263065,0.007707383858741342,0
1889597,4,0,0.00015706244810703945,0.007707383858741342,0
1896583,4,0,0.007512026392298701,0.007707383858741342,0
1900114,4,0,0.0005752156325706414,0.007707383858741342,0
1910104,4,0,0.0014999984789487897,0.007707383858741342,0
1927286,4,0,0.0014355079943549692,0.007707383858741342,0
1942568,4,0,0.001159173171854416,0.007707383858741342,0
1955462,4,0,0.0009764588783051076,0.007707383858741342,0
1958182,4,0,0.00023122936477058614,0.007707383858741342,0
1984010,4,0,0.00494910690166344,0.007707383858741342,0
1987882,4,0,0.0001956537772257181,0.007707383858741342,0
1991436,4,0,0.002370453362087196,0.007707383858741342,0
2024843,4,0,0.000489994266224373,0.007707383858741342,0
2028808,4,0,0.0013663966215268595,0.007707383858741342,0
2029949,4,0,0.0006852793135903697,0.007707383858741342,0
2047114,4,0,0.0007294533094588689,0.007707383858741342,0
2049312,4,0,0.002404347525040126,0.007707383858741342,0
2049979,4,0,0.0007201743845209694,0.007707383858741342,0
2051006,4,0,0.000876486252079892,0.007707383858741342,0
2051211,4,0,0.00157829945970482,0.007707383858741342,0
2052841,4,0,0.0006498606441196484,0.007707383858741342,0
2054543,4,0,0.00033232094635363715,0.007707383858741342,0
2055782,4,0,0.007038053576143574,0.007707383858741342,0
2057726,4,0,0.0021206027384593758,0.007707383858741342,0
2057897,4,0,0.0003511696852575442,0.007707383858741342,0
2058390,4,0,0.0007608364902478611,0.007707383858741342,0
2058422,4,0,0.0006469865844525395,0.007707383858741342,0
2059107,4,0,0.0002610258644333764,0.007707383858741342,0
2062266,4,0,0.00023395633234253016,0.007707383858741342,0
2062280,4,0,0.0005545429717895009,0.007707383858741342,0
2063687,4,0,0.001929190233696225,0.007707383858741342,0
2078698,4,0,0.005776385109249373,0.007707383858741342,0
2080513,4,0,0.00023717045713882788,0.007707383858741342,0
2082094,4,0,0.0028544498087556395,0.007707383858741342,0
2082388,4,0,0.0035738009171396123,0.007707383858741342,0
2082848,4,0,0.016370158648441144,0.007707383858741342,1
2083475,4,0,0.0006398326842396249,0.007707383858741342,0
2083748,4,0,0.009851090528321081,0.007707383858741342,1
2084275,4,0,0.00010880017968266278,0.007707383858741342,0
2084400,4,0,0.004836481931358325,0.007707383858741342,0
2085560,4,0,0.0020997006897427958,0.007707383858741342,0
2085773,4,0,0.015623093452229345,0.007707383858741342,1
2086763,4,0,0.008937561607980092,0.007707383858741342,1
2087463,4,0,0.000519109937232924,0.007707383858741342,0
2088404,4,0,0.000162447193223864,0.007707383858741342,0
2088471,4,0,0.022987382044108766,0.007707383858741342,1
2088481,4,0,0.0002952168334021842,0.007707383858741342,0
2088492,4,0,0.0037864024844752897,0.007707383858741342,0
2088982,4,0,0.0019777212476778847,0.007707383858741342,0
2089454,4,0,0.024667369484130956,0.007707383858741342,1
2090020,4,0,0.0011291440031213668,0.007707383858741342,0
2092993,4,0,0.002489831736013591,0.007707383858741342,0
2093597,4,0,0.0017723868572938292,0.007707383858741342,0
2093698,4,0,0.001181294921733517,0.007707383858741342,0
2093873,4,0,0.0024484879224543612,0.007707383858741342,0
2094121,4,0,0.002324437126867729,0.007707383858741342,0
2095823,4,0,0.005639148672788065,0.007707383858741342,0
2096770,4,0,0.001959452411755864,0.007707383858741342,0
2097136,4,0,0.0008731012295828838,0.007707383858741342,0
2097453,4,0,0.005627683023342937,0.007707383858741342,0
2098213,4,0,0.0017184812533150471,0.007707383858741342,0
2099071,4,0,0.002281036753886795,0.007707383858741342,0
2100927,4,0,0.0002977897727681072,0.007707383858741342,0
2101014,4,0,0.0006337325556631263,0.007707383858741342,0
2102328,4,0,0.000978241574750082,0.007707383858741342,0
2102567,4,0,0.003858326340482959,0.007707383858741342,0
2102658,4,0,0.00023493198891093002,0.007707383858741342,0
2102837,4,0,0.00018895639809835726,0.007707383858741342,0
2103114,4,0,0.0011042186840458817,0.007707383858741342,0
2103175,4,0,0.0009777521276312373,0.007707383858741342,0
2103434,4,0,0.00019178270448138874,0.007707383858741342,0
2104218,4,0,0.013081168292024426,0.007707383858741342,1
2104363,4,0,0.006791254987475413,0.007707383858741342,0
2104794,4,0,0.0003222654617193592,0.007707383858741342,0
2105608,4,0,0.0001993074622760908,0.007707383858741342,0
2106600,4,0,0.0007526974102628484,0.007707383858741342,0
2112279,4,0,0.012708913894691497,0.007707383858741342,1
2114543,4,0,0.0003021508364603112,0.007707383858741342,0
2115012,4,0,0.0007885774523020339,0.007707383858741342,0
2116735,4,0,0.0005777126398247533,0.007707383858741342,0
2116742,4,0,0.001125818323264236,0.007707383858741342,0
2117969,4,0,0.005594379491663073,0.007707383858741342,0
2120139,4,0,0.000617467835238961,0.007707383858741342,0
2121217,4,0,0.0017136333766452085,0.007707383858741342,0
2121562,4,0,0.0016212842218857701,0.007707383858741342,0
2123287,4,0,0.002614710943777824,0.007707383858741342,0
2123310,4,0,0.00013995484714706473,0.007707383858741342,0
2123585,4,0,0.0002168470625333282,0.007707383858741342,0
2124211,4,0,0.002443685745859464,0.007707383858741342,0
2124214,4,0,0.0019890585814704743,0.007707383858741342,0
2124686,4,0,0.0015103679722782257,0.007707383858741342,0
2125096,4,0,0.004190620927845597,0.007707383858741342,0
2125861,4,0,0.0005100926417926714,0.007707383858741342,0
2126247,4,0,0.0070017798628444,0.007707383858741342,0
2127366,4,0,0.0006242431901042558,0.007707383858741342,0
2127840,4,0,0.0014849298182676065,0.007707383858741342,0
2128154,4,0,0.0006387365742506095,0.007707383858741342,0
2128214,4,0,0.002432056533762817,0.007707383858741342,0
2128947,4,0,0.008781185840652567,0.007707383858741342,1
2137833,4,0,0.002111082428172358,0.007707383858741342,0
2138175,4,0,0.002665314268505354,0.007707383858741342,0
2139613,4,0,0.00021477709192166904,0.007707383858741342,0
2139962,4,0,0.00046021397055843766,0.007707383858741342,0
2141449,4,0,0.00011984965034946272,0.007707383858741342,0
2146364,4,0,0.00013035583114555906,0.007707383858741342,0
2147234,4,0,0.0017779536261179644,0.007707383858741342,0
2148446,4,0,0.00043703065863389225,0.007707383858741342,0
2148474,4,0,0.0005339540283596608,0.007707383858741342,0
2150002,4,0,0.00027766403615451347,0.007707383858741342,0
2152945,4,0,0.0003603365756938584,0.007707383858741342,0
2153028,4,0,0.00032978913592699414,0.007707383858741342,0
2153108,4,0,0.00032162172251594585,0.007707383858741342,0
2155040,4,0,0.0006120911979590722,0.007707383858741342,0
2155049,4,0,0.00035029028608247884,0.007707383858741342,0
2155154,4,0,0.002743862795764813,0.007707383858741342,0
2155707,4,0,0.001121636192160894,0.007707383858741342,0
2155761,4,0,0.0006226223595143146,0.007707383858741342,0
2155806,4,0,0.0007853597580830703,0.007707383858741342,0
2157644,4,0,0.001116652594212513,0.007707383858741342,0
2159423,4,0,0.0006303003354074622,0.007707383858741342,0
2160217,4,0,0.00047439806352760343,0.007707383858741342,0
2160380,4,0,0.002092849782441232,0.007707383858741342,0
2160486,4,0,0.0012437414153059357,0.007707383858741342,0
2161358,4,0,0.15267449938350441,0.007707383858741342,1
2161565,4,0,0.004524281418179493,0.007707383858741342,0
2161667,4,0,0.007891822176162425,0.007707383858741342,1
2161776,4,0,0.0022351105237184738,0.007707383858741342,0
2161805,4,0,0.0061393273208533924,0.007707383858741342,0
2163142,4,0,0.0019128861405983272,0.007707383858741342,0
2163945,4,0,0.0037190261320049086,0.007707383858741342,0
2165506,4,0,0.0001873603381715077,0.007707383858741342,0
2167095,4,0,0.00016964643794415506,0.007707383858741342,0
2168362,4,0,0.0005596070399430157,0.007707383858741342,0
2171634,4,0,0.0012866188114900835,0.007707383858741342,0
2171776,4,0,0.0001058142459306641,0.007707383858741342,0
2173039,4,0,0.00014107985381359747,0.007707383858741342,0
2173474,4,0,0.0006162489391033246,0.007707383858741342,0
2173787,4,0,0.00807447738481884,0.007707383858741342,1
2174082,4,0,0.0005422170513048037,0.007707383858741342,0
2184820,4,0,0.003133032077668252,0.007707383858741342,0
2187172,4,0,0.00032097928745101204,0.007707383858741342,0
2187408,4,0,0.0005813482023764708,0.007707383858741342,0
2188733,4,0,0.002379069683000048,0.007707383858741342,0
2192185,4,0,0.0006530799254764293,0.007707383858741342,0
2193118,4,0,0.0013307400318023062,0.007707383858741342,0
2193152,4,0,0.001611272365350872,0.007707383858741342,0
2193273,4,0,0.000633320987178591,0.007707383858741342,0
2193374,4,0,0.0013241691602588793,0.007707383858741342,0
2195465,4,0,0.00029291516807537093,0.007707383858741342,0
2197105,4,0,0.00560148560505114,0.007707383858741342,0
2198258,4,0,0.0006180223994443901,0.007707383858741342,0
2200528,4,0,0.001342288651802288,0.007707383858741342,0
2201055,4,0,0.0005400523350210263,0.007707383858741342,0
2201485,4,0,0.0011881329871019147,0.007707383858741342,0
2201536,4,0,0.0014675130127927238,0.007707383858741342,0
2202367,4,0,0.00020652796627051198,0.007707383858741342,0
2202438,4,0,0.0007372136812243895,0.007707383858741342,0
2202737,4,0,0.0008475794030943118,0.007707383858741342,0
2203342,4,0,0.00044295874374402955,0.007707383858741342,0
2203370,4,0,0.00039122656539115284,0.007707383858741342,0
2206868,4,0,0.012811625870316815,0.007707383858741342,1
2207086,4,0,0.001338806476439575,0.007707383858741342,0
2207997,4,0,0.005112838074783492,0.007707383858741342,0
2208079,4,0,0.0038236796420029044,0.007707383858741342,0
2209150,4,0,0.0093090231762083,0.007707383858741342,1
2213825,4,0,0.004204379145623374,0.007707383858741342,0
2215139,4,0,0.004835961468381193,0.007707383858741342,0
2215722,4,0,0.0012575404766112215,0.007707383858741342,0
2216025,4,0,0.0002854301240585936,0.007707383858741342,0
2216263,4,0,0.0009590304438314302,0.007707383858741342,0
2216723,4,0,0.00040882494536242204,0.007707383858741342,0
2216933,4,0,0.0005809278460844192,0.007707383858741342,0
2217915,4,0,0.00019951413416604768,0.007707383858741342,0
2218678,4,0,0.0008635126498647049,0.007707383858741342,0
2219051,4,0,0.0023842409249847014,0.007707383858741342,0
2219625,4,0,0.000331754130342718,0.007707383858741342,0
2219850,4,0,0.0002028352260073385,0.007707383858741342,0
2220141,4,0,0.0013573943153766758,0.007707383858741342,0
2220255,4,0,0.004194915425021866,0.007707383858741342,0
2221829,4,0,0.006279894625056032,0.007707383858741342,0
2221887,4,0,0.0019359934467946317,0.007707383858741342,0
2222284,4,0,0.000454243139340544,0.007707383858741342,0
2222386,4,0,0.0024204920790405924,0.007707383858741342,0
2222528,4,0,0.0005959209227497211,0.007707383858741342,0
2222600,4,0,0.0020505382772314324,0.007707383858741342,0
2223617,4,0,0.0010223875214416956,0.007707383858741342,0
2224441,4,0,0.004261946865504543,0.007707383858741342,0
2224761,4,0,0.001961474825464328,0.007707383858741342,0
2224815,4,0,0.0002534223019240129,0.007707383858741342,0
2225369,4,0,0.0008229455012737878,0.007707383858741342,0
2225699,4,0,8.778366154284452e-05,0.007707383858741342,0
2226989,4,0,0.0009713474020938549,0.007707383858741342,0
2227640,4,0,0.0009030879733255796,0.007707383858741342,0
2227811,4,0,0.0003756344150705597,0.007707383858741342,0
2228153,4,0,0.0034844992663714508,0.007707383858741342,0
2228185,4,0,0.0008712006442122694,0.007707383858741342,0
2228514,4,0,0.00023380778990698278,0.007707383858741342,0
2228581,4,0,0.0100073531605372,0.007707383858741342,1
2228715,4,0,9.949076454461776e-05,0.007707383858741342,0
2228802,4,0,0.0004139552133444817,0.007707383858741342,0
2229966,4,0,0.0002682784856649908,0.007707383858741342,0
2230978,4,0,0.0012028575629990305,0.007707383858741342,0
2231318,4,0,0.0020311139524412285,0.007707383858741342,0
2231830,4,0,0.0009876799164994416,0.007707383858741342,0
2232362,4,0,0.0020921896537959574,0.007707383858741342,0
2234387,4,0,0.042470900925173805,0.007707383858741342,1
2234685,4,0,0.0036962154995871964,0.007707383858741342,0
2235769,4,0,0.0021382501351231297,0.007707383858741342,0
2237015,4,0,0.0008789627211419835,0.007707383858741342,0
2237155,4,0,0.00042235146874607354,0.007707383858741342,0
2237500,4,0,0.00032083452749430565,0.007707383858741342,0
2238230,4,0,0.000464240415007344,0.007707383858741342,0
2238736,4,0,0.00066002636367808,0.007707383858741342,0
2242822,4,0,0.0009377838774078011,0.007707383858741342,0
2242999,4,0,0.00014628918730588778,0.007707383858741342,0
2243534,4,0,0.0022032618138748865,0.007707383858741342,0
2244178,4,0,0.0002476334309651066,0.007707383858741342,0
2245802,4,0,0.0004993862559792489,0.007707383858741342,0
2251058,4,0,0.00045697235055988607,0.007707383858741342,0
2256070,4,0,0.0037438429057870142,0.007707383858741342,0
2262811,4,0,0.0019468545561119493,0.007707383858741342,0
2265316,4,0,0.00039859441124715596,0.007707383858741342,0
2269434,4,0,0.00067755832051199,0.007707383858741342,0
2271086,4,0,0.00020776153989982666,0.007707383858741342,0
2272440,4,0,0.0011759194242884207,0.007707383858741342,0
2279282,4,0,0.0006180330159348704,0.007707383858741342,0
2280418,4,0,0.0005286912244715126,0.007707383858741342,0
2282473,4,0,0.0017575318010888293,0.007707383858741342,0
2287730,4,0,0.00014146397950622793,0.007707383858741342,0
2287872,4,0,0.0011813982721570193,0.007707383858741342,0
2297776,4,0,0.0054503165053663,0.007707383858741342,0
2300454,4,0,0.00023074590823787027,0.007707383858741342,0
2302000,4,0,0.00030553077905135466,0.007707383858741342,0
2302373,4,0,0.0004433330014063518,0.007707383858741342,0
2304338,4,0,0.0005684617487037619,0.007707383858741342,0
2304667,4,0,0.002366713507097786,0.007707383858741342,0
2307744,4,0,0.0008493905321235843,0.007707383858741342,0
2309802,4,0,0.00027114633567935123,0.007707383858741342,0
2310667,4,0,0.0014829937967990627,0.007707383858741342,0
2314524,4,0,0.0006775519332735645,0.007707383858741342,0
2315252,4,0,0.001720051907568282,0.007707383858741342,0
2315991,4,0,0.0006687568663152707,0.007707383858741342,0
2316531,4,0,0.0006595930843183318,0.007707383858741342,0
2318451,4,0,0.0022360989347592944,0.007707383858741342,0
2322057,4,0,0.0015759944721818599,0.007707383858741342,0
2324308,4,0,0.0012955262408320528,0.007707383858741342,0
2324877,4,0,0.0025525870556284834,0.007707383858741342,0
2324995,4,0,0.0007826859799054201,0.007707383858741342,0
2325026,4,0,0.0008759454209850268,0.007707383858741342,0
2328849,4,0,0.00033433193702935986,0.007707383858741342,0
2329280,4,0,0.00014814506413484275,0.007707383858741342,0
2329950,4,0,0.0011938571308051805,0.007707383858741342,0
2330102,4,0,8.1106298663657e-05,0.007707383858741342,0
2330315,4,0,0.0005024392100894061,0.007707383858741342,0
2332671,4,0,0.0023247262726980244,0.007707383858741342,0
2335673,4,0,0.0025432900934960214,0.007707383858741342,0
2341868,4,0,0.0014109591068079698,0.007707383858741342,0
2343526,4,0,0.0005360224762540734,0.007707383858741342,0
2343552,4,0,0.0008026492848353742,0.007707383858741342,0
2346191,4,0,0.0003130464413169795,0.007707383858741342,0
2347383,4,0,0.0003839060761882898,0.007707383858741342,0
2353476,4,0,0.002876743233721056,0.007707383858741342,0
2353609,4,0,0.0010403894446737515,0.007707383858741342,0
2354135,4,0,0.0025439372029393624,0.007707383858741342,0
2354633,4,0,0.003569544544919176,0.007707383858741342,0
2355186,4,0,0.004300826226242272,0.007707383858741342,0
2355354,4,0,0.0007072014130142516,0.007707383858741342,0
2355446,4,0,0.00296328055837394,0.007707383858741342,0
2357907,4,0,0.006209277257817094,0.007707383858741342,0
2361005,4,0,0.008422477474918704,0.007707383858741342,1
2361864,4,0,0.001805423771690008,0.007707383858741342,0
2362535,4,0,0.0021883087261722477,0.007707383858741342,0
2362738,4,0,0.0010400527587222954,0.007707383858741342,0
2363825,4,0,0.0015114441281381692,0.007707383858741342,0
2365243,4,0,0.038791867316803744,0.007707383858741342,1
2365321,4,0,0.001982189761541898,0.007707383858741342,0
2368254,4,0,0.006038956244446701,0.007707383858741342,0
2368420,4,0,0.0007985121328278287,0.007707383858741342,0
2369828,4,0,0.010845009847042814,0.007707383858741342,1
2370057,4,0,0.0006219787925700889,0.007707383858741342,0
2372730,4,0,0.0003626484250147864,0.007707383858741342,0
2374045,4,0,0.0026648044720338293,0.007707383858741342,0
2374508,4,0,0.0013254951208779325,0.007707383858741342,0
2374635,4,0,0.0005092809306502507,0.007707383858741342,0
2374960,4,0,0.0030330099841078067,0.007707383858741342,0
2376185,4,0,0.0006981057330968785,0.007707383858741342,0
2376685,4,0,0.0032930958891241487,0.007707383858741342,0
2377032,4,0,0.0010053971811847893,0.007707383858741342,0
2378098,4,0,0.0017715614223229508,0.007707383858741342,0
2382010,4,0,0.0011090339212360815,0.007707383858741342,0
2383751,4,0,0.001582246766072691,0.007707383858741342,0
2388429,4,0,0.001444141222443482,0.007707383858741342,0
2388600,4,0,0.0016678886265374352,0.007707383858741342,0
2390784,4,0,0.0023129914119100346,0.007707383858741342,0
2393913,4,0,0.0008172778040097146,0.007707383858741342,0
2395269,4,0,0.0011088457671716311,0.007707383858741342,0
2395685,4,0,0.0019400398172832126,0.007707383858741342,0
2401504,4,0,0.0015317939241671573,0.007707383858741342,0
2404328,4,0,0.0015621238562462101,0.007707383858741342,0
2407516,4,0,0.00039949316224612924,0.007707383858741342,0
2416006,4,0,0.0011397970224797881,0.007707383858741342,0
2417050,4,0,0.007945144584438119,0.007707383858741342,1
2420006,4,0,0.0007008333876667068,0.007707383858741342,0
2421595,4,0,0.011983815397537637,0.007707383858741342,1
2426621,4,0,0.00035404369681746637,0.007707383858741342,0
2429887,4,0,0.0018083869359465316,0.007707383858741342,0
2432411,4,0,0.005570606838251243,0.007707383858741342,0
2434011,4,0,0.0009658980211294769,0.007707383858741342,0
2434526,4,0,0.00882110213601514,0.007707383858741342,1
2434650,4,0,0.008439556497293317,0.007707383858741342,1
2487241,4,0,0.0005983387490086273,0.007707383858741342,0
2488274,4,0,0.0009246654581784074,0.007707383858741342,0
2489851,4,0,0.00039586142029146034,0.007707383858741342,0
2494879,4,0,0.0017826891856884432,0.007707383858741342,0
2496240,4,0,0.0018187549347501925,0.007707383858741342,0
2501747,4,0,0.0016538808285084913,0.007707383858741342,0
2523454,4,0,0.00016125493234870434,0.007707383858741342,0
2524738,4,0,0.002246810792370056,0.007707383858741342,0
2525769,4,0,0.0008066697008125471,0.007707383858741342,0
2529929,4,0,0.0014639004849410513,0.007707383858741342,0
2530535,4,0,0.000879216688350183,0.007707383858741342,0
2532000,4,0,0.01005385363361561,0.007707383858741342,1
2532818,4,0,0.0005706270928579673,0.007707383858741342,0
2537363,4,0,0.0005149962056046354,0.007707383858741342,0
2537876,4,0,0.0004632732939410353,0.007707383858741342,0
2539711,4,0,0.003667019743036997,0.007707383858741342,0
2539948,4,0,0.001313919781100876,0.007707383858741342,0
2544502,4,0,0.0027091335350738995,0.007707383858741342,0
2546429,4,0,0.0005733834265770771,0.007707383858741342,0
2549945,4,0,0.0023908032256556534,0.007707383858741342,0
2553127,4,0,0.00032871353845532856,0.007707383858741342,0
2555145,4,0,0.00015754792125043346,0.007707383858741342,0
2560737,4,0,0.0007685661823639712,0.007707383858741342,0
2562136,4,0,0.002538698861911093,0.007707383858741342,0
2566868,4,0,0.001130309087279312,0.007707383858741342,0
2567904,4,0,0.01289733817921991,0.007707383858741342,1
2568195,4,0,0.0008941998380871376,0.007707383858741342,0
2570052,4,0,0.0007397862589295143,0.007707383858741342,0
2570985,4,0,0.002363510715335998,0.007707383858741342,0
2572847,4,0,0.0007072125597327356,0.007707383858741342,0
2572850,4,0,0.003237686936060469,0.007707383858741342,0
2572923,4,0,0.00015259761832795465,0.007707383858741342,0
2575703,4,0,0.0005807702779561439,0.007707383858741342,0
2576650,4,0,0.00044826769991556645,0.007707383858741342,0
2579812,4,0,0.00024144962193973276,0.007707383858741342,0
2587014,4,0,0.0019641995443296714,0.007707383858741342,0
2587324,4,0,0.0015335772811916118,0.007707383858741342,0
2594362,4,0,0.0019412211767051446,0.007707383858741342,0
2594878,4,0,0.011143708036891697,0.007707383858741342,1
2600150,4,0,0.004211727436693633,0.007707383858741342,0
2601751,4,0,0.00223252216516244,0.007707383858741342,0
2605165,4,0,0.0004925352627995905,0.007707383858741342,0
2608751,4,0,0.002214185278925582,0.007707383858741342,0
2608898,4,0,0.012789351674207798,0.007707383858741342,1
2610084,4,0,0.00030076620147472997,0.007707383858741342,0
2610946,4,0,0.005746730848251683,0.007707383858741342,0
2614027,4,0,0.0003053590504489226,0.007707383858741342,0
2622461,4,0,0.00018736087377303865,0.007707383858741342,0
2622633,4,0,0.0030370610715040156,0.007707383858741342,0
2649806,4,0,0.0020306079974186392,0.007707383858741342,0
2677903,4,0,0.06108392980241267,0.007707383858741342,1
2695467,4,0,0.004172110578573086,0.007707383858741342,0
2712691,4,0,0.00044074530952403036,0.007707383858741342,0
2729567,4,0,0.0002253947569715658,0.007707383858741342,0
2737879,4,0,0.0014039731829092337,0.007707383858741342,0
2738648,4,0,0.0004989255409945936,0.007707383858741342,0
2754497,4,0,0.001259677946202918,0.007707383858741342,0
2770853,4,0,0.0003211198250714998,0.007707383858741342,0
2787068,4,0,0.0006607010993532497,0.007707383858741342,0
2787276,4,0,0.0012250569719455893,0.007707383858741342,0
2789524,4,0,0.0005171041467102001,0.007707383858741342,0
2791996,4,0,0.0005220863221576705,0.007707383858741342,0
2792080,4,0,0.0018071679012718926,0.007707383858741342,0
2815569,4,0,0.0006772223252186633,0.007707383858741342,0
2815883,4,0,0.006008107937114196,0.007707383858741342,0
2817610,4,0,0.0011264591183236454,0.007707383858741342,0
2833465,4,0,0.0011671876874388115,0.007707383858741342,0
2833588,4,0,0.00014293926875141164,0.007707383858741342,0
2833899,4,0,0.0011394734867366371,0.007707383858741342,0
2834692,4,0,0.0009681519649512927,0.007707383858741342,0
2836847,4,0,0.0012493109083644139,0.007707383858741342,0
2837747,4,0,0.0032280863446080593,0.007707383858741342,0
2838041,4,0,0.0001421867938780471,0.007707383858741342,0
2838347,4,0,0.00037861708274838457,0.007707383858741342,0
2838665,4,0,9.772953141788406e-05,0.007707383858741342,0
2838945,4,0,0.00047502213668700917,0.007707383858741342,0
2841450,4,0,8.105399124459281e-05,0.007707383858741342,0
2841540,4,0,0.0009574982330436712,0.007707383858741342,0
2842236,4,0,0.0003781240903326134,0.007707383858741342,0
2843557,4,0,0.0016275803372909428,0.007707383858741342,0
2843634,4,0,0.0015954271397033502,0.007707383858741342,0
2843981,4,0,0.000809122751747321,0.007707383858741342,0
2845380,4,0,0.0005811887571770556,0.007707383858741342,0
2846177,4,0,0.00022217325375793964,0.007707383858741342,0
2846771,4,0,0.0003294885352296113,0.007707383858741342,0
2846811,4,0,0.0004888950744391609,0.007707383858741342,0
2849921,4,0,0.0004558033087862398,0.007707383858741342,0
2850672,4,0,0.000452640626579994,0.007707383858741342,0
2850847,4,0,0.0008570397542236111,0.007707383858741342,0
2853180,4,0,0.0004099003828852032,0.007707383858741342,0
2853308,4,0,0.00021833886887552025,0.007707383858741342,0
2853673,4,0,0.0004344094658229611,0.007707383858741342,0
2857390,4,0,0.00035878460775596736,0.007707383858741342,0
2858178,4,0,0.0004823393595354465,0.007707383858741342,0
2858584,4,0,0.00048758375381057736,0.007707383858741342,0
2859403,4,0,0.0008216514807024755,0.007707383858741342,0
2862827,4,0,0.0005831347078294631,0.007707383858741342,0
2863460,4,0,0.000615034767582808,0.007707383858741342,0
2865441,4,0,0.0005409641166668614,0.007707383858741342,0
2867174,4,0,0.0006544733951723129,0.007707383858741342,0
2868561,4,0,0.0010149257508974936,0.007707383858741342,0
2869084,4,0,0.0006055987051256722,0.007707383858741342,0
2870733,4,0,0.0005532533514310765,0.007707383858741342,0
2872881,4,0,0.0005482065715847638,0.007707383858741342,0
2874832,4,0,0.0002463263563868039,0.007707383858741342,0
2877676,4,0,0.00014508033375699536,0.007707383858741342,0
2879414,4,0,0.00034822997564280263,0.007707383858741342,0
2881528,4,0,0.0002982824457516851,0.007707383858741342,0
2882430,4,0,0.0001301131549888706,0.007707383858741342,0
2888082,4,0,0.000443369348585993,0.007707383858741342,0
2894368,4,0,0.0006468003661562857,0.007707383858741342,0
2896655,4,0,0.0022782282199512996,0.007707383858741342,0
2897350,4,0,0.00040228023701501355,0.007707383858741342,0
2897810,4,0,0.0002831237975628504,0.007707383858741342,0
2897943,4,0,0.0013206863319438816,0.007707383858741342,0
2897994,4,0,0.0008183083696132283,0.007707383858741342,0
2898093,4,0,0.000942915996662632,0.007707383858741342,0
2900629,4,0,0.000313369516321444,0.007707383858741342,0
2902543,4,0,0.0006399706590563771,0.007707383858741342,0
2902662,4,0,0.00037209468114239233,0.007707383858741342,0
2902982,4,0,0.00025776717491804365,0.007707383858741342,0
2905047,4,0,0.0009563850223288513,0.007707383858741342,0
2905134,4,0,0.00047989861870637143,0.007707383858741342,0
2907590,4,0,0.0021445764219430144,0.007707383858741342,0
2909142,4,0,0.002731299936020696,0.007707383858741342,0
2909267,4,0,0.00163023199413694,0.007707383858741342,0
2913510,4,0,0.0009327776352588883,0.007707383858741342,0
2916991,4,0,0.0004581690891705847,0.007707383858741342,0
2918172,4,0,0.0006084712812087652,0.007707383858741342,0
2920226,4,0,0.0005664183039952664,0.007707383858741342,0
2921928,4,0,0.00014877590553021009,0.007707383858741342,0
2925819,4,0,0.0027143343988170047,0.007707383858741342,0
2926676,4,0,0.00017426465055278667,0.007707383858741342,0
2926939,4,0,0.0004193870143007715,0.007707383858741342,0
2927070,4,0,0.0008507982482797596,0.007707383858741342,0
2927588,4,0,0.0006198152819831726,0.007707383858741342,0
2928086,4,0,0.0002040760638543712,0.007707383858741342,0
2928258,4,0,0.00042381695409911914,0.007707383858741342,0
2928755,4,0,0.0009217811570028365,0.007707383858741342,0
2930384,4,0,0.0006089325946668012,0.007707383858741342,0
2930751,4,0,4.792261334270231e-05,0.007707383858741342,0
2931572,4,0,0.00015535651778937344,0.007707383858741342,0
2932254,4,0,0.0007259070868564986,0.007707383858741342,0
2932338,4,0,0.0008468878838032039,0.007707383858741342,0
2933488,4,0,0.00032605531162081347,0.007707383858741342,0
2936743,4,0,0.0009020496868160068,0.007707383858741342,0
2937604,4,0,0.0002567298327998233,0.007707383858741342,0
2937693,4,0,0.0004911035230726502,0.007707383858741342,0
2940044,4,0,0.001027623458631203,0.007707383858741342,0
2941241,4,0,0.0007117854110332854,0.007707383858741342,0
2941295,4,0,0.0006808560953242989,0.007707383858741342,0
2941730,4,0,0.0002354790010844529,0.007707383858741342,0
2942113,4,0,0.0013014394175881222,0.007707383858741342,0
2942221,4,0,0.0009538886429026463,0.007707383858741342,0
2942607,4,0,0.0004076362094550826,0.007707383858741342,0
2942924,4,0,0.00010303175325441527,0.007707383858741342,0
2943076,4,0,0.002858052507562466,0.007707383858741342,0
2943362,4,0,0.0018081239579242484,0.007707383858741342,0
2943430,4,0,0.0001677701128958727,0.007707383858741342,0
2943434,4,0,0.00021321527172954915,0.007707383858741342,0
2943559,4,0,0.0005799879020336328,0.007707383858741342,0
2944268,4,0,0.0007090805750560197,0.007707383858741342,0
2944357,4,0,0.0004939832777094215,0.007707383858741342,0
2945254,4,0,0.0008380533532291426,0.007707383858741342,0
2945445,4,0,0.00018483033095177074,0.007707383858741342,0
2945782,4,0,0.0001600440167649812,0.007707383858741342,0
2946024,4,0,0.0007422645853448033,0.007707383858741342,0
2946368,4,0,0.0035025044147056804,0.007707383858741342,0
2947094,4,0,0.0019762175474880186,0.007707383858741342,0
2947109,4,0,0.0005396697742087134,0.007707383858741342,0
2947960,4,0,0.0027562939308271965,0.007707383858741342,0
2948212,4,0,0.0006752286285090109,0.007707383858741342,0
2949690,4,0,0.00022356617277651274,0.007707383858741342,0
2950288,4,0,0.0009350827846274358,0.007707383858741342,0
2950528,4,0,0.0003362906117874723,0.007707383858741342,0
2950651,4,0,0.0018787376186195344,0.007707383858741342,0
2950653,4,0,0.002263188482068324,0.007707383858741342,0
2950893,4,0,0.002982853630989409,0.007707383858741342,0
2951616,4,0,0.0002687102931933072,0.007707383858741342,0
2951623,4,0,0.0006160164066696865,0.007707383858741342,0
2951775,4,0,0.0006204658379090513,0.007707383858741342,0
2952601,4,0,0.0015826217575575503,0.007707383858741342,0
2953159,4,0,0.0007769167612895019,0.007707383858741342,0
2953184,4,0,0.0006976828473863649,0.007707383858741342,0
2953547,4,0,0.0014831632668673,0.007707383858741342,0
2953553,4,0,0.000584345907349027,0.007707383858741342,0
2953828,4,0,0.0001659566345637946,0.007707383858741342,0
2953834,4,0,0.0020631171512335484,0.007707383858741342,0
2953887,4,0,0.0011678579268155893,0.007707383858741342,0
2955469,4,0,0.0033693206814683374,0.007707383858741342,0
2956109,4,0,0.00026323002714032095,0.007707383858741342,0
2956626,4,0,0.0014682533174588679,0.007707383858741342,0
2956716,4,0,0.00027220047878768745,0.007707383858741342,0
2956779,4,0,0.0008036589265802036,0.007707383858741342,0
2956983,4,0,0.0007783286527656714,0.007707383858741342,0
2960972,4,0,0.0005941645599716455,0.007707383858741342,0
2961555,4,0,0.000604170256297635,0.007707383858741342,0
2961599,4,0,0.0023560460238720034,0.007707383858741342,0
2961794,4,0,0.00039558656800187613,0.007707383858741342,0
2961797,4,0,0.000888740127191863,0.007707383858741342,0
2962907,4,0,0.0014649469023383978,0.007707383858741342,0
2963151,4,0,0.0002045297942514436,0.007707383858741342,0
2963437,4,0,0.0002511406405665381,0.007707383858741342,0
2963440,4,0,0.000811033396830504,0.007707383858741342,0
2963572,4,0,0.0011234624938283187,0.007707383858741342,0
2963971,4,0,0.000594215847893725,0.007707383858741342,0
2964488,4,0,0.0004861623587531469,0.007707383858741342,0
2964527,4,0,0.0010945799042473264,0.007707383858741342,0
2965113,4,0,0.00013396871539851445,0.007707383858741342,0
2965125,4,0,0.0012864355285256701,0.007707383858741342,0
2966212,4,0,0.00245110256869722,0.007707383858741342,0
2966996,4,0,0.001393127182691879,0.007707383858741342,0
2967368,4,0,0.00042812404214584513,0.007707383858741342,0
2967875,4,0,0.0005141740799454857,0.007707383858741342,0
2968266,4,0,0.0009413791676045117,0.007707383858741342,0
2968626,4,0,0.00019487575170216217,0.007707383858741342,0
2968701,4,0,0.0003963296027803227,0.007707383858741342,0
2968841,4,0,0.00040370949420222903,0.007707383858741342,0
2970406,4,0,0.0006917922178803846,0.007707383858741342,0
2970413,4,0,0.002035299410039177,0.007707383858741342,0
2970485,4,0,0.0013032016262527648,0.007707383858741342,0
2970609,4,0,0.0011096382074558923,0.007707383858741342,0
2970772,4,0,0.0018572722329462444,0.007707383858741342,0
2971361,4,0,0.0014561772288144983,0.007707383858741342,0
2971411,4,0,0.003956822923934815,0.007707383858741342,0
2971605,4,0,0.0006601934106157273,0.007707383858741342,0
2972136,4,0,0.000492422177710319,0.007707383858741342,0
2972284,4,0,0.002189405624557286,0.007707383858741342,0
2973202,4,0,0.0004409183140294159,0.007707383858741342,0
2973613,4,0,0.0006251048917633804,0.007707383858741342,0
2973848,4,0,0.0023899163174908402,0.007707383858741342,0
2973864,4,0,0.0015316339650393042,0.007707383858741342,0
2974031,4,0,0.00026130576965019436,0.007707383858741342,0
2974815,4,0,9.899291772917487e-05,0.007707383858741342,0
2976301,4,0,0.0006796262023519095,0.007707383858741342,0
2977461,4,0,0.00396290763301509,0.007707383858741342,0
2978869,4,0,0.001020361444701732,0.007707383858741342,0
2979076,4,0,0.00024095645018342904,0.007707383858741342,0
2979657,4,0,0.00023914732074146048,0.007707383858741342,0
2980101,4,0,0.0006340348485691394,0.007707383858741342,0
2980232,4,0,0.00021079978602564752,0.007707383858741342,0
2980561,4,0,0.00024275017195516074,0.007707383858741342,0
2980747,4,0,0.0011219453689844845,0.007707383858741342,0
2981050,4,0,0.00028317162721248624,0.007707383858741342,0
2981624,4,0,0.0006830798540512247,0.007707383858741342,0
2981897,4,0,0.00123989626027694,0.007707383858741342,0
2983197,4,0,0.0012851958833041612,0.007707383858741342,0
2984703,4,0,0.0012587240826184018,0.007707383858741342,0
2984759,4,0,0.0026180858231280003,0.007707383858741342,0
2989139,4,0,0.0002867179065561654,0.007707383858741342,0
2991757,4,0,0.0004274982380878325,0.007707383858741342,0
2991858,4,0,0.0007405404763181736,0.007707383858741342,0
2997517,4,0,0.0024965822210455896,0.007707383858741342,0
2997524,4,0,0.0005882370174050074,0.007707383858741342,0
2997544,4,0,0.0004941830971678223,0.007707383858741342,0
2997550,4,0,0.00030200795344289795,0.007707383858741342,0
2997576,4,0,0.0007063552749796223,0.007707383858741342,0
2997580,4,0,0.001655450647297679,0.007707383858741342,0
2997617,4,0,0.0012527890010958014,0.007707383858741342,0
2997620,4,0,0.0014126383045665741,0.007707383858741342,0
2997653,4,0,0.0004467747735413638,0.007707383858741342,0
2997676,4,0,0.0010003155764271635,0.007707383858741342,0
2997687,4,0,0.00156203298629794,0.007707383858741342,0
2997696,4,0,0.0006834492876582723,0.007707383858741342,0
2997707,4,0,0.0017757577371600843,0.007707383858741342,0
2997709,4,0,0.000473280058485234,0.007707383858741342,0
2997719,4,0,0.0009585769499129506,0.007707383858741342,0
2997741,4,0,0.0023236644840832666,0.007707383858741342,0
2997769,4,0,0.0001689319950474018,0.007707383858741342,0
2997776,4,0,0.0009087551005121714,0.007707383858741342,0
2997797,4,0,0.00015637421172991228,0.007707383858741342,0
2997819,4,0,0.0022814083793374186,0.007707383858741342,0
2997845,4,0,0.0008234880529415254,0.007707383858741342,0
2997870,4,0,0.0008545772724813199,0.007707383858741342,0
2997958,4,0,0.00025960811753035577,0.007707383858741342,0
2997960,4,0,0.00015995002923935438,0.007707383858741342,0
2997972,4,0,0.0015068694530283235,0.007707383858741342,0
2997975,4,0,0.004731539192085983,0.007707383858741342,0
2998007,4,0,0.00018346477167468034,0.007707383858741342,0
2998012,4,0,0.0008069519744566183,0.007707383858741342,0
2998017,4,0,0.0010986736921183662,0.007707383858741342,0
2998021,4,0,0.001338502361628187,0.007707383858741342,0
2998087,4,0,0.0004219566705154946,0.007707383858741342,0
2998103,4,0,0.0022668709160216373,0.007707383858741342,0
2998142,4,0,0.0015030620734407525,0.007707383858741342,0
2998165,4,0,0.0001312126535267692,0.007707383858741342,0
2998168,4,0,0.00047736004422470026,0.007707383858741342,0
2998228,4,0,0.002879338133963013,0.007707383858741342,0
2998236,4,0,0.0003778765415308573,0.007707383858741342,0
2998291,4,0,0.0006068460741725563,0.007707383858741342,0
2998292,4,0,0.0015113441991169007,0.007707383858741342,0
2998317,4,0,0.0009756354785306698,0.007707383858741342,0
2998324,4,0,0.0005744909102379305,0.007707383858741342,0
2998381,4,0,0.0010432484344867325,0.007707383858741342,0
2998413,4,0,0.0003113532053630803,0.007707383858741342,0
2998416,4,0,0.012828570752202267,0.007707383858741342,1
2998420,4,0,0.002144564486291894,0.007707383858741342,0
2998503,4,0,0.0006835403301344217,0.007707383858741342,0
2998515,4,0,0.0019393187187844007,0.007707383858741342,0
2998517,4,0,0.0022196722482575293,0.007707383858741342,0
2998591,4,0,0.0008994698402455475,0.007707383858741342,0
2998598,4,0,0.00010544243387015954,0.007707383858741342,0
2998601,4,0,0.0006072106859506708,0.007707383858741342,0
2998624,4,0,0.0005921242533168259,0.007707383858741342,0
2998635,4,0,0.009127154625897471,0.007707383858741342,1
2998670,4,0,0.01604135339127875,0.007707383858741342,1
2998701,4,0,0.0004228620018301137,0.007707383858741342,0
2998731,4,0,0.0018408601956650802,0.007707383858741342,0
2998736,4,0,0.002644068026367634,0.007707383858741342,0
2998743,4,0,0.0003949761063400268,0.007707383858741342,0
2998783,4,0,0.0014509648129516996,0.007707383858741342,0
2998784,4,0,0.0058256633003120955,0.007707383858741342,0
2998802,4,0,0.001444573400835303,0.007707383858741342,0
2998809,4,0,0.0008270787093996748,0.007707383858741342,0
2998821,4,0,0.0007629144383498479,0.007707383858741342,0
2998830,4,0,0.0009929039855291063,0.007707383858741342,0
2998873,4,0,0.0002931073679013364,0.007707383858741342,0
2998904,4,0,0.00017029605647657362,0.007707383858741342,0
2998911,4,0,0.004806246283764147,0.007707383858741342,0
2998943,4,0,0.00034778821500428307,0.007707383858741342,0
2998974,4,0,0.0012717943901106037,0.007707383858741342,0
2998987,4,0,0.000851537024487673,0.007707383858741342,0
2998988,4,0,0.000966029169956918,0.007707383858741342,0
2999015,4,0,0.002264632846906491,0.007707383858741342,0
2999017,4,0,0.0005195091039934212,0.007707383858741342,0
2999074,4,0,0.001641132989317235,0.007707383858741342,0
2999076,4,0,0.0015935670971448028,0.007707383858741342,0
2999084,4,0,0.0007581925031247143,0.007707383858741342,0
2999088,4,0,0.0009045300934149633,0.007707383858741342,0
2999128,4,0,0.001185648184102204,0.007707383858741342,0
2999168,4,0,0.0027271508006712682,0.007707383858741342,0
2999191,4,0,0.000429529840883742,0.007707383858741342,0
2999202,4,0,0.00047047080116151507,0.007707383858741342,0
2999219,4,0,0.0014971021272320432,0.007707383858741342,0
2999238,4,0,0.0019340315459100113,0.007707383858741342,0
2999254,4,0,0.0008664434965829555,0.007707383858741342,0
2999261,4,0,0.0011606535804240391,0.007707383858741342,0
2999266,4,0,0.00013485505866686555,0.007707383858741342,0
2999279,4,0,0.0003781015299866605,0.007707383858741342,0
2999290,4,0,0.0021729626625001794,0.007707383858741342,0
2999352,4,0,0.0008899062697874829,0.007707383858741342,0
2999379,4,0,0.00033469379788138623,0.007707383858741342,0
2999438,4,0,0.0015514884788591548,0.007707383858741342,0
2999478,4,0,0.00041492786421681947,0.007707383858741342,0
2999525,4,0,0.0004390514668366672,0.007707383858741342,0
2999552,4,0,0.0005925855169204301,0.007707383858741342,0
2999565,4,0,0.0007850804480575455,0.007707383858741342,0
2999583,4,0,0.00326331934574959,0.007707383858741342,0
2999611,4,0,0.0013338582541556033,0.007707383858741342,0
2999616,4,0,0.002389859981746346,0.007707383858741342,0
2999618,4,0,0.0006499974531991667,0.007707383858741342,0
2999646,4,0,0.0005257562334010793,0.007707383858741342,0
2999652,4,0,0.0007821615580467412,0.007707383858741342,0
2999658,4,0,0.0006125157326065207,0.007707383858741342,0
2999684,4,0,0.0005123873008590395,0.007707383858741342,0
2999691,4,0,0.0031522913943742995,0.007707383858741342,0
2999702,4,0,0.00024921890655542394,0.007707383858741342,0
2999703,4,0,0.004301138931561098,0.007707383858741342,0
2999707,4,0,0.0012959153735182375,0.007707383858741342,0
2999730,4,0,0.0009045919884797975,0.007707383858741342,0
2999731,4,0,0.00040185465376344474,0.007707383858741342,0
2999736,4,0,0.006366958199334046,0.007707383858741342,0
2999738,4,0,0.0015859097962666146,0.007707383858741342,0
2999741,4,0,0.002011515481842684,0.007707383858741342,0
2999757,4,0,0.0010673294753475568,0.007707383858741342,0
2999763,4,0,0.0004022658814344237,0.007707383858741342,0
2999767,4,0,0.0004282917194064208,0.007707383858741342,0
2999784,4,0,0.0027629123514465977,0.007707383858741342,0
2999793,4,0,0.007287146641427715,0.007707383858741342,0
2999798,4,0,0.002056227422394488,0.007707383858741342,0
2999818,4,0,0.01032288675342487,0.007707383858741342,1
2999829,4,0,0.0017769599458379052,0.007707383858741342,0
2999855,4,0,0.00021345345643069183,0.007707383858741342,0
2999870,4,0,0.0023823246974008262,0.007707383858741342,0
2999877,4,0,0.001152921269829377,0.007707383858741342,0
2999879,4,0,0.00046219407572463313,0.007707383858741342,0
2999904,4,0,0.000734380994671164,0.007707383858741342,0
2999917,4,0,0.0009264169898462384,0.007707383858741342,0
2999927,4,0,0.0008621892896882628,0.007707383858741342,0
2999961,4,0,0.00025381719556544495,0.007707383858741342,0
2999977,4,0,0.005205667684376551,0.007707383858741342,0
3000037,4,0,0.00031284111864476015,0.007707383858741342,0
3000116,4,0,0.0013914767354425974,0.007707383858741342,0
3000133,4,0,0.001342452896417276,0.007707383858741342,0
3000157,4,0,0.0011121553184854525,0.007707383858741342,0
3000160,4,0,0.0017717633860008786,0.007707383858741342,0
3064844,4,0,0.0005884253645641197,0.007707383858741342,0
3104488,4,0,0.0007699047667476457,0.007707383858741342,0
3109123,4,0,0.00021039099946500403,0.007707383858741342,0
3111693,4,0,0.00021497283853744094,0.007707383858741342,0
3113043,4,0,0.0004990241555160817,0.007707383858741342,0
3114297,4,0,0.00035698004972192516,0.007707383858741342,0
3116051,4,0,0.0008121675651300223,0.007707383858741342,0
3120913,4,0,0.00010926904870171551,0.007707383858741342,0
3125194,4,0,0.0009078960068910268,0.007707383858741342,0
3151625,4,0,0.0006568803719350714,0.007707383858741342,0
3152331,4,0,0.0009240967912244816,0.007707383858741342,0
3154606,4,0,0.000436239787761686,0.007707383858741342,0
3155094,4,0,0.002109489593649469,0.007707383858741342,0
3160168,4,0,0.0010878505177150278,0.007707383858741342,0
3162357,4,0,5.618783772141577e-05,0.007707383858741342,0
3162371,4,0,6.595947473679554e-05,0.007707383858741342,0
3162372,4,0,0.00046379137423985256,0.007707383858741342,0
3163761,4,0,0.002627591321375191,0.007707383858741342,0
3163770,4,0,0.001221720720193246,0.007707383858741342,0
3235608,4,0,0.0007963036840519618,0.007707383858741342,0
3235611,4,0,0.0005068254646609371,0.007707383858741342,0
3235615,4,0,0.0007233657225686203,0.007707383858741342,0
3235620,4,0,0.0004802485675611558,0.007707383858741342,0
3235654,4,0,0.0006192671762400103,0.007707383858741342,0
3235669,4,0,0.000768753989503333,0.007707383858741342,0
3235729,4,0,0.0009534684699835788,0.007707383858741342,0
3235754,4,0,0.006153539049056647,0.007707383858741342,0
3235799,4,0,0.003699649161747496,0.007707383858741342,0
3235803,4,0,0.0013273220213231695,0.007707383858741342,0
3235810,4,0,0.0016114371663964084,0.007707383858741342,0
3235836,4,0,0.00029793903672038356,0.007707383858741342,0
3235840,4,0,0.00047778167183639894,0.007707383858741342,0
3235863,4,0,0.000847878085461928,0.007707383858741342,0
3235866,4,0,0.0006801795329041801,0.007707383858741342,0
3235894,4,0,0.007247636320492078,0.007707383858741342,0
3235906,4,0,0.0008068656741195891,0.007707383858741342,0
3235911,4,0,0.013179823110689435,0.007707383858741342,1
3235924,4,0,0.0011877007874800125,0.007707383858741342,0
3235941,4,0,0.014583573912000242,0.007707383858741342,1
3235972,4,0,0.00039525628372256456,0.007707383858741342,0
3235983,4,0,0.00017363450821942578,0.007707383858741342,0
3235989,4,0,0.003695955158611594,0.007707383858741342,0
3235992,4,0,0.0007044897574009321,0.007707383858741342,0
3236029,4,0,0.0004624247292451408,0.007707383858741342,0
3236110,4,0,0.0001880510778569309,0.007707383858741342,0
3236142,4,0,0.0005783970723348009,0.007707383858741342,0
3236177,4,0,0.002137155662991387,0.007707383858741342,0
3236182,4,0,0.0003959753400683664,0.007707383858741342,0
3236255,4,0,0.0006240806049744388,0.007707383858741342,0
3236310,4,0,0.0003200037200170264,0.007707383858741342,0
3236338,4,0,0.0019153153839787315,0.007707383858741342,0
3236347,4,0,0.0005951527923991885,0.007707383858741342,0
3236353,4,0,0.0022406860793670875,0.007707383858741342,0
3236371,4,0,0.00041853115222890725,0.007707383858741342,0
3236372,4,0,0.0008539713778806208,0.007707383858741342,0
3236394,4,0,0.0051238797747128265,0.007707383858741342,0
3236399,4,0,0.000467756124543935,0.007707383858741342,0
3236407,4,0,0.0015636585515977715,0.007707383858741342,0
3236427,4,0,0.0012972554468079788,0.007707383858741342,0
3236432,4,0,0.00013919821303448783,0.007707383858741342,0
3236444,4,0,0.0007333386109625056,0.007707383858741342,0
3236458,4,0,0.0007384633033032735,0.007707383858741342,0
3236481,4,0,0.0007946146908988051,0.007707383858741342,0
3236482,4,0,0.0008974123059555919,0.007707383858741342,0
3236490,4,0,0.0004401691687827413,0.007707383858741342,0
3236491,4,0,0.00022225540685977212,0.007707383858741342,0
3236512,4,0,0.0003162666685756753,0.007707383858741342,0
3236517,4,0,0.000368142974137744,0.007707383858741342,0
3236556,4,0,0.0020928527945355793,0.007707383858741342,0
3236606,4,0,0.002960157513598554,0.007707383858741342,0
3236609,4,0,0.00042664703374346863,0.007707383858741342,0
3236617,4,0,0.00021363879288741769,0.007707383858741342,0
3236625,4,0,0.00034788456884634407,0.007707383858741342,0
3236631,4,0,0.0022839323879575604,0.007707383858741342,0
3236687,4,0,0.00037612349967274314,0.007707383858741342,0
3236695,4,0,0.0002067417610740225,0.007707383858741342,0
3236700,4,0,0.002240459680885869,0.007707383858741342,0
3236702,4,0,0.0010472148424859951,0.007707383858741342,0
3236703,4,0,0.0021535508807048165,0.007707383858741342,0
3236718,4,0,0.00017527083349434087,0.007707383858741342,0
3236724,4,0,0.0013216865502659676,0.007707383858741342,0
3236748,4,0,0.0048176069647796116,0.007707383858741342,0
3236773,4,0,0.0008840128755726055,0.007707383858741342,0
3236792,4,0,0.0010460711685073185,0.007707383858741342,0
3236801,4,0,0.0012331006952808492,0.007707383858741342,0
3236811,4,0,0.006504445385106317,0.007707383858741342,0
3236830,4,0,0.022306570736326373,0.007707383858741342,1
3236913,4,0,0.0005166624073369034,0.007707383858741342,0
3236976,4,0,0.0008668665306521877,0.007707383858741342,0
3237013,4,0,0.0006053013398602619,0.007707383858741342,0
3237037,4,0,0.00025154976814400885,0.007707383858741342,0
3237042,4,0,0.000463256778001595,0.007707383858741342,0
3237097,4,0,0.0004643605755028382,0.007707383858741342,0
3237100,4,0,0.0008705531359719091,0.007707383858741342,0
3237106,4,0,0.00038139735273160104,0.007707383858741342,0
3237142,4,0,0.0006498508051457941,0.007707383858741342,0
3237163,4,0,0.000608870436284625,0.007707383858741342,0
3237166,4,0,0.0007444315903430211,0.007707383858741342,0
3237169,4,0,0.0009417618659905518,0.007707383858741342,0
3237171,4,0,0.0007161399273100483,0.007707383858741342,0
3237191,4,0,0.0011705480666337892,0.007707383858741342,0
3237226,4,0,0.0005334357498453547,0.007707383858741342,0
3237233,4,0,0.0004287360301014165,0.007707383858741342,0
3237254,4,0,0.0003826878390829733,0.007707383858741342,0
3237256,4,0,0.0008297315969725343,0.007707383858741342,0
3237276,4,0,0.001232376977330058,0.007707383858741342,0
3237295,4,0,0.0005009443313726925,0.007707383858741342,0
3237316,4,0,0.00041589432222794917,0.007707383858741342,0
3237326,4,0,0.00021515530011183506,0.007707383858741342,0
3237355,4,0,0.005408395785636013,0.007707383858741342,0
3237374,4,0,0.0013735265547838156,0.007707383858741342,0
3237375,4,0,0.0007319556342409297,0.007707383858741342,0
3237440,4,0,0.0011450100979816884,0.007707383858741342,0
3237452,4,0,0.00036400560647801905,0.007707383858741342,0
3237533,4,0,0.00016994510881499045,0.007707383858741342,0
3237557,4,0,0.0005845750550094572,0.007707383858741342,0
3237580,4,0,0.00036742957520597195,0.007707383858741342,0
3237603,4,0,0.00027194186634385325,0.007707383858741342,0
3237632,4,0,0.0015332306138097788,0.007707383858741342,0
3237665,4,0,0.0006490440514777382,0.007707383858741342,0
3237681,4,0,0.0003537267997632088,0.007707383858741342,0
3237713,4,0,0.0013546697302567108,0.007707383858741342,0
3237764,4,0,0.0011557489102639895,0.007707383858741342,0
3237793,4,0,0.0032799881798403104,0.007707383858741342,0
3237822,4,0,0.027837217257631847,0.007707383858741342,1
3237827,4,0,0.0004994066979589339,0.007707383858741342,0
3237828,4,0,0.0017299806025795038,0.007707383858741342,0
3237839,4,0,0.0005817258023295379,0.007707383858741342,0
3237842,4,0,0.0003396294711485474,0.007707383858741342,0
3237845,4,0,0.0009677274171698152,0.007707383858741342,0
3237853,4,0,0.0004453277651865273,0.007707383858741342,0
3237888,4,0,0.0013348334486972607,0.007707383858741342,0
3237891,4,0,0.00014806781406945588,0.007707383858741342,0
3237900,4,0,0.0005737247604663207,0.007707383858741342,0
3237911,4,0,0.0006735741935897098,0.007707383858741342,0
3237928,4,0,0.00035174445142899203,0.007707383858741342,0
3237956,4,0,0.0020433010748522953,0.007707383858741342,0
3237962,4,0,0.003996572063007879,0.007707383858741342,0
3237989,4,0,0.0005150142770879681,0.007707383858741342,0
3238000,4,0,0.005528790178448491,0.007707383858741342,0
3238006,4,0,0.0009480371209136301,0.007707383858741342,0
3238051,4,0,0.0016724329324522304,0.007707383858741342,0
3238052,4,0,0.0005788483637744268,0.007707383858741342,0
3238057,4,0,0.0007474466291981908,0.007707383858741342,0
3238062,4,0,0.00041751894564686623,0.007707383858741342,0
3238069,4,0,0.0003004592215627056,0.007707383858741342,0
3238085,4,0,0.0011081919362940298,0.007707383858741342,0
3238091,4,0,0.0004457079296511407,0.007707383858741342,0
3238146,4,0,0.0001325811924367141,0.007707383858741342,0
3238147,4,0,0.005788435737208722,0.007707383858741342,0
3238154,4,0,0.00024788030796530876,0.007707383858741342,0
3238189,4,0,0.0008754317689544347,0.007707383858741342,0
3238190,4,0,0.006439956271354197,0.007707383858741342,0
3238201,4,0,0.0011556723440989617,0.007707383858741342,0
3238240,4,0,0.006462346245435787,0.007707383858741342,0
3238250,4,0,0.02558676502703016,0.007707383858741342,1
3238265,4,0,0.00012005786407344719,0.007707383858741342,0
3238278,4,0,0.0013379394882705327,0.007707383858741342,0
3238291,4,0,0.0002293223011551281,0.007707383858741342,0
3238294,4,0,0.0008462571976489337,0.007707383858741342,0
3238297,4,0,0.00010551801393338498,0.007707383858741342,0
3238360,4,0,0.002581711716272249,0.007707383858741342,0
3238369,4,0,0.0004982525286539938,0.007707383858741342,0
3238377,4,0,0.0001189346155407883,0.007707383858741342,0
3238381,4,0,0.0004097531222608288,0.007707383858741342,0
3238383,4,0,0.0012087944607703839,0.007707383858741342,0
3238388,4,0,0.0005132640880268491,0.007707383858741342,0
3238396,4,0,0.001398153610655798,0.007707383858741342,0
3238408,4,0,0.0003166112871078645,0.007707383858741342,0
3238410,4,0,0.0017489459324252538,0.007707383858741342,0
3238413,4,0,9.987136981457747e-05,0.007707383858741342,0
3238416,4,0,0.0021579147986765974,0.007707383858741342,0
3238435,4,0,0.0007667060022283001,0.007707383858741342,0
3238436,4,0,0.00019249620299867858,0.007707383858741342,0
3238462,4,0,0.0005666525128494059,0.007707383858741342,0
3238482,4,0,0.0007151709567902038,0.007707383858741342,0
3238484,4,0,8.737167498695029e-05,0.007707383858741342,0
3238489,4,0,0.0017667950905778536,0.007707383858741342,0
3238492,4,0,0.0005934824489452099,0.007707383858741342,0
3238498,4,0,0.0005749485589822245,0.007707383858741342,0
3238521,4,0,0.0008217837464683935,0.007707383858741342,0
3238543,4,0,0.0009078327994514975,0.007707383858741342,0
3238559,4,0,0.00122583739708294,0.007707383858741342,0
3238568,4,0,0.0006564713233824512,0.007707383858741342,0
3238591,4,0,0.0005735364713829875,0.007707383858741342,0
3238607,4,0,0.0007907318837415718,0.007707383858741342,0
3238618,4,0,0.0005152965830344453,0.007707383858741342,0
3238646,4,0,0.0019076272865566756,0.007707383858741342,0
3238668,4,0,0.002972475501212427,0.007707383858741342,0
3238723,4,0,0.0007254109402286894,0.007707383858741342,0
3238728,4,0,0.0004149567884679417,0.007707383858741342,0
3238739,4,0,0.0001618668347695358,0.007707383858741342,0
3238800,4,0,0.0005256504258963681,0.007707383858741342,0
3238802,4,0,0.00130431074707928,0.007707383858741342,0
3238814,4,0,0.00022524297191192047,0.007707383858741342,0
3238823,4,0,0.000656644900466327,0.007707383858741342,0
3238827,4,0,0.00039913013006868036,0.007707383858741342,0
3238833,4,0,0.0007034706073437235,0.007707383858741342,0
3238837,4,0,0.0014521526931834873,0.007707383858741342,0
3238861,4,0,0.0008812126133984609,0.007707383858741342,0
3238942,4,0,0.05993488036674921,0.007707383858741342,1
3238991,4,0,0.0012781480132908639,0.007707383858741342,0
3239052,4,0,0.0026752286720416883,0.007707383858741342,0
3239063,4,0,0.022689060923222405,0.007707383858741342,1
3239077,4,0,0.0004375243301316128,0.007707383858741342,0
3239112,4,0,0.0005105300039882807,0.007707383858741342,0
3239121,4,0,0.00015386029959470348,0.007707383858741342,0
3239122,4,0,0.0012025382367227215,0.007707383858741342,0
3239139,4,0,0.0007150864490459492,0.007707383858741342,0
3239197,4,0,0.0010430963460610673,0.007707383858741342,0
3239207,4,0,0.0004692617263119484,0.007707383858741342,0
3239230,4,0,0.00038400477762043746,0.007707383858741342,0
3239265,4,0,0.00018119246931890722,0.007707383858741342,0
3239305,4,0,0.001609247885428473,0.007707383858741342,0
3239344,4,0,0.0026510880805064277,0.007707383858741342,0
3239369,4,0,0.00021065131616371333,0.007707383858741342,0
3239374,4,0,0.00020760732535401584,0.007707383858741342,0
3239425,4,0,0.004259411540933416,0.007707383858741342,0
3239426,4,0,0.0005100829600274364,0.007707383858741342,0
3239446,4,0,0.0006781526356585557,0.007707383858741342,0
3239539,4,0,0.0002607901843660982,0.007707383858741342,0
3239572,4,0,0.0003209529110400853,0.007707383858741342,0
3239640,4,0,0.00040686220117396125,0.007707383858741342,0
3239654,4,0,0.0015134521466705628,0.007707383858741342,0
3239680,4,0,0.0006437481871793065,0.007707383858741342,0
3239697,4,0,0.0003372391085867598,0.007707383858741342,0
3239711,4,0,0.0019344449873016658,0.007707383858741342,0
3239732,4,0,0.0009384433140525816,0.007707383858741342,0
3239762,4,0,0.0005528145305794161,0.007707383858741342,0
3239782,4,0,0.00022854302472981615,0.007707383858741342,0
3239785,4,0,0.0036700028987949915,0.007707383858741342,0
3239796,4,0,0.0009570834983123097,0.007707383858741342,0
3239798,4,0,0.00027770470583890066,0.007707383858741342,0
3239826,4,0,0.0023060450719577658,0.007707383858741342,0
3239879,4,0,0.00017363787399225685,0.007707383858741342,0
3239961,4,0,0.002716418222816867,0.007707383858741342,0
3239993,4,0,0.00019099109695248955,0.007707383858741342,0
3240037,4,0,0.0011084131344785318,0.007707383858741342,0
3240051,4,0,0.0004000576444599911,0.007707383858741342,0
3240105,4,0,0.002996097808343752,0.007707383858741342,0
3240135,4,0,0.0006181693322286423,0.007707383858741342,0
3240157,4,0,0.0018801487739989588,0.007707383858741342,0
3240161,4,0,0.0007830145078617868,0.007707383858741342,0
3240212,4,0,0.00034812488672229314,0.007707383858741342,0
3240221,4,0,0.011488527291346806,0.007707383858741342,1
3240310,4,0,0.0006271906455043339,0.007707383858741342,0
3240335,4,0,0.00021232193221434715,0.007707383858741342,0
3240348,4,0,0.04818494585119215,0.007707383858741342,1
3240352,4,0,0.0003493817641927246,0.007707383858741342,0
3240417,4,0,0.0012849627693703007,0.007707383858741342,0
3240432,4,0,0.0016717133738056934,0.007707383858741342,0
3240526,4,0,0.0004350042665224698,0.007707383858741342,0
3240546,4,0,0.00038573795565364604,0.007707383858741342,0
3240572,4,0,0.0021946489866860315,0.007707383858741342,0
3240600,4,0,0.00018915192216515633,0.007707383858741342,0
3240670,4,0,0.0005233578857749423,0.007707383858741342,0
3240685,4,0,0.002236062452160436,0.007707383858741342,0
3240691,4,0,0.00012679582163413605,0.007707383858741342,0
3240757,4,0,0.003068273710549921,0.007707383858741342,0
3240769,4,0,0.0007090726610702083,0.007707383858741342,0
3240781,4,0,0.0034816584536340343,0.007707383858741342,0
3240817,4,0,0.0010091805077498735,0.007707383858741342,0
3240926,4,0,0.0017840289326667735,0.007707383858741342,0
3240932,4,0,0.0004957561904775431,0.007707383858741342,0
3241138,4,0,0.002356515888847134,0.007707383858741342,0
3241160,4,0,7.138932722943962e-05,0.007707383858741342,0
3241195,4,0,0.0011890186539499368,0.007707383858741342,0
3241257,4,0,0.0006937835825478752,0.007707383858741342,0
3241258,4,0,0.0003244156987118448,0.007707383858741342,0
3241269,4,0,0.0003979274968873548,0.007707383858741342,0
3241293,4,0,0.0004351771915621649,0.007707383858741342,0
3241309,4,0,0.0014114954009057938,0.007707383858741342,0
3241316,4,0,0.000837201450808857,0.007707383858741342,0
3241361,4,0,0.000615401321050766,0.007707383858741342,0
3241370,4,0,0.00045110665662621006,0.007707383858741342,0
3241374,4,0,0.002192042608908251,0.007707383858741342,0
3241379,4,0,0.0006317407454400247,0.007707383858741342,0
3241380,4,0,0.0006990534380395766,0.007707383858741342,0
3241404,4,0,0.0003215188619646893,0.007707383858741342,0
3241412,4,0,0.02277279483984411,0.007707383858741342,1
3241445,4,0,0.0003403374665935053,0.007707383858741342,0
3241524,4,0,0.00020323492759979697,0.007707383858741342,0
3241532,4,0,0.0029162157039325795,0.007707383858741342,0
3241611,4,0,0.0007094507347135655,0.007707383858741342,0
3241615,4,0,0.0008873035883050898,0.007707383858741342,0
3241655,4,0,0.002292096160890035,0.007707383858741342,0
3241679,4,0,0.00052881377651968,0.007707383858741342,0
3241688,4,0,0.0021500456671473015,0.007707383858741342,0
3241753,4,0,0.0006945514824166112,0.007707383858741342,0
3241766,4,0,0.0016299361384914772,0.007707383858741342,0
3241781,4,0,0.015093283772054485,0.007707383858741342,1
3241784,4,0,0.010207690665383658,0.007707383858741342,1
3241797,4,0,0.004906540112266824,0.007707383858741342,0
3241803,4,0,0.0005391437354740185,0.007707383858741342,0
3241835,4,0,0.0014615691258264766,0.007707383858741342,0
3241886,4,0,0.0007925470823253648,0.007707383858741342,0
3241962,4,0,0.0003362331723736715,0.007707383858741342,0
3242024,4,0,0.06017762366984746,0.007707383858741342,1
3242089,4,0,0.0011999480433509753,0.007707383858741342,0
3242096,4,0,9.97626094309757e-05,0.007707383858741342,0
3242122,4,0,0.0006197430071475834,0.007707383858741342,0
3242143,4,0,0.0005937010926562796,0.007707383858741342,0
3242152,4,0,0.007626755259154289,0.007707383858741342,0
3242204,4,0,0.0001797429759454472,0.007707383858741342,0
3242234,4,0,0.01040502812858852,0.007707383858741342,1
3242237,4,0,0.004427226134903655,0.007707383858741342,0
3242279,4,0,0.0014953963558764533,0.007707383858741342,0
3242286,4,0,0.003328144456311337,0.007707383858741342,0
3242296,4,0,0.00020235756998872605,0.007707383858741342,0
3242324,4,0,0.002075477709382199,0.007707383858741342,0
3242364,4,0,0.0005949064501967823,0.007707383858741342,0
3242369,4,0,0.0002924448349421413,0.007707383858741342,0
3242420,4,0,0.00033903119634352504,0.007707383858741342,0
3242422,4,0,0.00041669142413990366,0.007707383858741342,0
3242425,4,0,0.013409386312444305,0.007707383858741342,1
3242437,4,0,0.001725639001478119,0.007707383858741342,0
3242445,4,0,0.0001651638006042891,0.007707383858741342,0
3242447,4,0,0.0025029471794465476,0.007707383858741342,0
3242487,4,0,0.000194177690078092,0.007707383858741342,0
3242493,4,0,0.001023486278475161,0.007707383858741342,0
3242543,4,0,0.00037563779477216584,0.007707383858741342,0
3242574,4,0,0.00022241692431207964,0.007707383858741342,0
3242654,4,0,0.0010021088450072823,0.007707383858741342,0
3242667,4,0,0.007527267194194988,0.007707383858741342,0
3242693,4,0,0.0005794493992574876,0.007707383858741342,0
3242713,4,0,0.0012093828893650436,0.007707383858741342,0
3242716,4,0,0.002972383160287667,0.007707383858741342,0
3242830,4,0,0.002773223756802214,0.007707383858741342,0
3242876,4,0,0.002101579375085791,0.007707383858741342,0
3242907,4,0,0.0004007216754351161,0.007707383858741342,0
3242946,4,0,0.010519099196641261,0.007707383858741342,1
3243037,4,0,0.0006623274911607051,0.007707383858741342,0
3243063,4,0,0.00048109477835642055,0.007707383858741342,0
3243078,4,0,0.0010465814789095283,0.007707383858741342,0
3243117,4,0,0.003940818690667611,0.007707383858741342,0
3243118,4,0,0.0006616365008129091,0.007707383858741342,0
3243139,4,0,0.00019624094868489852,0.007707383858741342,0
3243171,4,0,0.00046392508623949386,0.007707383858741342,0
3243244,4,0,0.0004288592090678255,0.007707383858741342,0
3243299,4,0,0.0006644410843374201,0.007707383858741342,0
3243352,4,0,0.0005086520964396233,0.007707383858741342,0
3243388,4,0,0.001858796160651728,0.007707383858741342,0
3243492,4,0,0.0003245362790793289,0.007707383858741342,0
3243523,4,0,0.010753431753200449,0.007707383858741342,1
3243535,4,0,0.0006829124833254114,0.007707383858741342,0
3243640,4,0,0.008159439771226325,0.007707383858741342,1
3243697,4,0,0.00233632388408152,0.007707383858741342,0
3243712,4,0,0.0010942339514375147,0.007707383858741342,0
3243763,4,0,0.0005823226639824333,0.007707383858741342,0
3243785,4,0,0.034835929133883885,0.007707383858741342,1
3243855,4,0,0.0008376434348980215,0.007707383858741342,0
3243982,4,0,0.00043705998800526663,0.007707383858741342,0
3244069,4,0,0.00018239387648357605,0.007707383858741342,0
3244078,4,0,0.0003849359609852699,0.007707383858741342,0
3244091,4,0,0.00113995444462403,0.007707383858741342,0
3244141,4,0,0.000673089016110029,0.007707383858741342,0
3244160,4,0,0.0003725361018690249,0.007707383858741342,0
3244229,4,0,0.0014204673997556668,0.007707383858741342,0
3244231,4,0,0.00341158408227446,0.007707383858741342,0
3244244,4,0,0.0010774447470862823,0.007707383858741342,0
3244344,4,0,0.0004923100367932178,0.007707383858741342,0
3244356,4,0,0.0004877527477975068,0.007707383858741342,0
3244382,4,0,0.003936995664189292,0.007707383858741342,0
3244385,4,0,0.003008267581732772,0.007707383858741342,0
3244398,4,0,0.00025904340126119396,0.007707383858741342,0
3244474,4,0,0.00047346020076076097,0.007707383858741342,0
3244520,4,0,0.0025264632291185926,0.007707383858741342,0
3244601,4,0,0.0004644584906686912,0.007707383858741342,0
3244689,4,0,0.0007014808201539787,0.007707383858741342,0
3244756,4,0,0.0006934298293215345,0.007707383858741342,0
3244793,4,0,0.09845501512028385,0.007707383858741342,1
3244822,4,0,0.0029396679414772807,0.007707383858741342,0
3244906,4,0,0.0010965385491599876,0.007707383858741342,0
3244963,4,0,0.0003395036064546349,0.007707383858741342,0
3244968,4,0,0.0013382358150892059,0.007707383858741342,0
3244985,4,0,0.001221581663288051,0.007707383858741342,0
3245056,4,0,0.0007234585555989798,0.007707383858741342,0
3245118,4,0,0.0025642743582486023,0.007707383858741342,0
3245127,4,0,0.008383974416391717,0.007707383858741342,1
3245132,4,0,0.0005037989881966817,0.007707383858741342,0
3245158,4,0,0.0007739249797417965,0.007707383858741342,0
3245174,4,0,0.0006501676709451707,0.007707383858741342,0
3245213,4,0,0.00032670837476205986,0.007707383858741342,0
3245223,4,0,0.002920373669487701,0.007707383858741342,0
3245226,4,0,0.0011653430135013495,0.007707383858741342,0
3245253,4,0,0.0006029234776754102,0.007707383858741342,0
3245262,4,0,0.00015145214162795074,0.007707383858741342,0
3245271,4,0,0.0003577034086439358,0.007707383858741342,0
3245273,4,0,0.003237506511866534,0.007707383858741342,0
3245292,4,0,0.0006842715454189395,0.007707383858741342,0
3245367,4,0,0.0007293719870211754,0.007707383858741342,0
3245697,4,0,0.0003345317802334799,0.007707383858741342,0
3245700,4,0,0.00040848476149828357,0.007707383858741342,0
3245758,4,0,0.0008779814082164918,0.007707383858741342,0
3245786,4,0,0.007678476474262552,0.007707383858741342,0
3245793,4,0,0.0013556843948658351,0.007707383858741342,0
3245794,4,0,0.00039134224800721154,0.007707383858741342,0
3245815,4,0,0.0010030989352597431,0.007707383858741342,0
3245826,4,0,0.009422886295941001,0.007707383858741342,1
3245868,4,0,0.0007081657347834427,0.007707383858741342,0
3245893,4,0,0.00014256001724224462,0.007707383858741342,0
3245897,4,0,0.0006690994776300112,0.007707383858741342,0
3245935,4,0,0.0003065464423113845,0.007707383858741342,0
3245937,4,0,0.0013984344670790287,0.007707383858741342,0
3245946,4,0,0.0004697204550076006,0.007707383858741342,0
3245968,4,0,0.00022173787762828987,0.007707383858741342,0
3246741,4,0,0.0006947046774927109,0.007707383858741342,0
3246753,4,0,0.00041322751123502107,0.007707383858741342,0
3246793,4,0,0.001597688425695258,0.007707383858741342,0
3319136,4,0,0.0001891093854580787,0.007707383858741342,0
3385813,4,0,0.0007959099423633879,0.007707383858741342,0
3398598,4,0,0.00018620794347731459,0.007707383858741342,0
3430741,4,0,0.00032037101888090873,0.007707383858741342,0
3441827,4,0,0.0015270683220417296,0.007707383858741342,0
3467855,4,0,0.0006273816910248075,0.007707383858741342,0
3540339,4,0,0.0007353271298016038,0.007707383858741342,0
3551006,4,0,0.00034595481782542396,0.007707383858741342,0
3593872,4,0,0.0018370455260983353,0.007707383858741342,0
3604219,4,0,0.0006274945770836416,0.007707383858741342,0
3613031,4,0,0.00010421615380383336,0.007707383858741342,0
3636451,4,0,0.0006836520844275546,0.007707383858741342,0
3654990,4,0,0.0012619449749802947,0.007707383858741342,0
3712377,4,0,0.00012256399540151478,0.007707383858741342,0
3742911,4,0,0.0003553179946702821,0.007707383858741342,0
3745781,4,0,0.0009530115650738104,0.007707383858741342,0
3767185,4,0,0.00023892379687573295,0.007707383858741342,0
3776906,4,0,0.000128125283792821,0.007707383858741342,0
3788105,4,0,0.00043773558924604694,0.007707383858741342,0
3800152,4,0,0.00039665860909873,0.007707383858741342,0
3875356,4,0,0.0004571619851653291,0.007707383858741342,0
3974873,4,0,0.009996449258959678,0.007707383858741342,1
4001839,4,0,0.0006471767071595418,0.007707383858741342,0
4085155,4,0,0.001931881067851887,0.007707383858741342,0
4119256,4,0,0.000902547368216117,0.007707383858741342,0
4119265,4,0,0.002158807664637649,0.007707383858741342,0
4122065,4,0,0.0005204681815621407,0.007707383858741342,0
4143164,4,0,0.0012581045824056553,0.007707383858741342,0
4155588,4,0,0.0019244484500801975,0.007707383858741342,0
4168898,4,0,0.0017459520120829313,0.007707383858741342,0
4179698,4,0,0.0010789159950850113,0.007707383858741342,0
4190893,4,0,0.00042440795564634067,0.007707383858741342,0
4248268,4,0,0.0006751149363189286,0.007707383858741342,0
4296541,4,0,0.00015134098717833124,0.007707383858741342,0
4299391,4,0,0.0006103811218206612,0.007707383858741342,0
4343614,4,0,0.0009848868801734568,0.007707383858741342,0
4360312,4,0,0.00011667313331541387,0.007707383858741342,0
4406324,4,0,0.0004553866135456796,0.007707383858741342,0
4413991,4,0,0.004529852971221967,0.007707383858741342,0
4443991,4,0,0.015304043472476011,0.007707383858741342,1
4448844,4,0,0.0004893860604007512,0.007707383858741342,0
4457143,4,0,0.00046614012919649425,0.007707383858741342,0
4459714,4,0,0.0007952514251372315,0.007707383858741342,0
4462601,4,0,0.0004517962169613886,0.007707383858741342,0
4531049,4,0,0.0008859185751148183,0.007707383858741342,0
4551247,4,0,0.0003002893274244911,0.007707383858741342,0
4564556,4,0,0.0003602402437247701,0.007707383858741342,0
4572066,4,0,0.0014222102637232075,0.007707383858741342,0
4581082,4,0,0.00145351766525263,0.007707383858741342,0
4583251,4,0,0.00017948049363884758,0.007707383858741342,0
4588141,4,0,0.0015859829968773536,0.007707383858741342,0
4621417,4,0,0.0020628186803569033,0.007707383858741342,0
4637181,4,0,0.0006190657388482226,0.007707383858741342,0
4644536,4,0,0.0002592696129764747,0.007707383858741342,0
4657558,4,0,0.00011503497754675932,0.007707383858741342,0
4668363,4,0,0.0005428759967008147,0.007707383858741342,0
4671810,4,0,0.00018635211092758548,0.007707383858741342,0
4972490,4,0,0.0009232731786083087,0.007707383858741342,0
5141879,4,0,0.0011716036877591676,0.007707383858741342,0
5204342,4,0,0.0008655185070201748,0.007707383858741342,0
5228460,4,0,0.0009328089877344035,0.007707383858741342,0
5307100,4,0,0.0007360037532356487,0.007707383858741342,0
5307104,4,0,0.0043377409392029685,0.007707383858741342,0
5307113,4,0,0.0006306633038683776,0.007707383858741342,0
5307123,4,0,0.0005600811877720584,0.007707383858741342,0
5307138,4,0,0.000886027332072841,0.007707383858741342,0
5307146,4,0,0.006058518660002466,0.007707383858741342,0
5307245,4,0,0.0006750865356734582,0.007707383858741342,0
5307278,4,0,0.00022778995973140535,0.007707383858741342,0
5307337,4,0,0.00010409413673169904,0.007707383858741342,0
5307380,4,0,0.0098020443750203,0.007707383858741342,1
5307392,4,0,0.00021096359426444065,0.007707383858741342,0
5307413,4,0,0.0005352602533777305,0.007707383858741342,0
5307554,4,0,0.00026098579779293906,0.007707383858741342,0
5307563,4,0,0.002247477262588076,0.007707383858741342,0
5307597,4,0,0.0009884528440078336,0.007707383858741342,0
5307647,4,0,0.00033806931986421593,0.007707383858741342,0
5307656,4,0,0.000809360052528134,0.007707383858741342,0
5307669,4,0,0.002482217263850706,0.007707383858741342,0
5307700,4,0,0.016134739464503257,0.007707383858741342,1
5307718,4,0,0.0005154718876031024,0.007707383858741342,0
5307729,4,0,0.00018504755793540285,0.007707383858741342,0
5307757,4,0,0.0034648940454248232,0.007707383858741342,0
5307782,4,0,0.0014517582371401186,0.007707383858741342,0
5307811,4,0,0.0023280050579487775,0.007707383858741342,0
5307819,4,0,0.0005249596395344938,0.007707383858741342,0
5307844,4,0,0.0002515271716449678,0.007707383858741342,0
5307863,4,0,0.0007053142557714589,0.007707383858741342,0
5307874,4,0,0.00099141002876109,0.007707383858741342,0
5307875,4,0,0.0023941074773289953,0.007707383858741342,0
5307941,4,0,0.0006841596399043114,0.007707383858741342,0
5307980,4,0,0.0001788686335911946,0.007707383858741342,0
5307982,4,0,0.0011010015252705624,0.007707383858741342,0
5308058,4,0,0.0008905771491811033,0.007707383858741342,0
5308171,4,0,0.002989812624038916,0.007707383858741342,0
5308198,4,0,0.00032873476525474554,0.007707383858741342,0
5308258,4,0,0.00047000082887549416,0.007707383858741342,0
5308316,4,0,0.0007037476125246653,0.007707383858741342,0
5308357,4,0,0.0008031934099437396,0.007707383858741342,0
5308415,4,0,0.00044887512820265184,0.007707383858741342,0
5308464,4,0,0.0008613176782213558,0.007707383858741342,0
5308476,4,0,0.00024599714612408676,0.007707383858741342,0
5308483,4,0,0.00163591398508009,0.007707383858741342,0
5308484,4,0,0.0005728714664655228,0.007707383858741342,0
5308525,4,0,0.015722745537574908,0.007707383858741342,1
5308536,4,0,0.00015971294161153102,0.007707383858741342,0
5308584,4,0,0.0007556467577215373,0.007707383858741342,0
5308619,4,0,0.0005854002928115665,0.007707383858741342,0
5308630,4,0,0.003547043470519071,0.007707383858741342,0
5308637,4,0,0.0010779046682837547,0.007707383858741342,0
5308642,4,0,0.0009984965220663628,0.007707383858741342,0
5308746,4,0,0.0012910361885031336,0.007707383858741342,0
5308787,4,0,0.009476308179635235,0.007707383858741342,1
5308809,4,0,0.00033822833657599205,0.007707383858741342,0
5308813,4,0,0.00019581223034371916,0.007707383858741342,0
5308835,4,0,0.001283456213815795,0.007707383858741342,0
5308863,4,0,0.00017818559046488988,0.007707383858741342,0
5308911,4,0,0.00030702257305547986,0.007707383858741342,0
5308922,4,0,0.0003193645000976395,0.007707383858741342,0
5308971,4,0,0.0018745410984341879,0.007707383858741342,0
5309006,4,0,0.0011300954517076032,0.007707383858741342,0
5309018,4,0,0.0005123808258198044,0.007707383858741342,0
5309042,4,0,0.0005715843158480523,0.007707383858741342,0
5309062,4,0,0.0008952991854451426,0.007707383858741342,0
5309073,4,0,0.0007237553724181823,0.007707383858741342,0
5309087,4,0,0.00192149817364713,0.007707383858741342,0
5309095,4,0,0.0006810649446709185,0.007707383858741342,0
5309108,4,0,0.000804245147448052,0.007707383858741342,0
5309122,4,0,0.0005277519898015399,0.007707383858741342,0
5309163,4,0,0.001507813758881098,0.007707383858741342,0
5309192,4,0,0.0012203450131373283,0.007707383858741342,0
5309196,4,0,0.0007741602785659617,0.007707383858741342,0
5309265,4,0,0.0005091340337530554,0.007707383858741342,0
5309276,4,0,0.0007944189937958317,0.007707383858741342,0
5309287,4,0,0.0016451335427390373,0.007707383858741342,0
5309332,4,0,0.0003598511469233222,0.007707383858741342,0
5309345,4,0,0.0014230363677795192,0.007707383858741342,0
5309379,4,0,0.0008803118773819418,0.007707383858741342,0
5309404,4,0,0.0007546097552930342,0.007707383858741342,0
5309434,4,0,0.0009412390141210125,0.007707383858741342,0
5309458,4,0,0.00020976605774248046,0.007707383858741342,0
5309587,4,0,0.0002708880625736222,0.007707383858741342,0
5309635,4,0,0.000500800679810659,0.007707383858741342,0
5309696,4,0,0.00029038614786968943,0.007707383858741342,0
5309698,4,0,0.0005143510423258895,0.007707383858741342,0
5309713,4,0,0.00041780589750877367,0.007707383858741342,0
5309764,4,0,0.00019939571868596336,0.007707383858741342,0
5309767,4,0,0.0004890444341555908,0.007707383858741342,0
5309818,4,0,0.001462144299556247,0.007707383858741342,0
5309822,4,0,0.00039215180562750804,0.007707383858741342,0
5309830,4,0,0.001269092398988849,0.007707383858741342,0
5309856,4,0,0.00020013999183454738,0.007707383858741342,0
5309869,4,0,0.0010444862539743045,0.007707383858741342,0
5309933,4,0,0.0002462143341439168,0.007707383858741342,0
5309962,4,0,0.000722261297290838,0.007707383858741342,0
5309968,4,0,0.0008473182030127683,0.007707383858741342,0
5309974,4,0,0.0012237781490954767,0.007707383858741342,0
5309991,4,0,0.0005381105372699592,0.007707383858741342,0
5310007,4,0,0.0002245278154840146,0.007707383858741342,0
5310018,4,0,0.001251980303970506,0.007707383858741342,0
5310042,4,0,0.004866597482307956,0.007707383858741342,0
5310045,4,0,0.0005560683209208649,0.007707383858741342,0
5310050,4,0,0.000526485246876637,0.007707383858741342,0
5310051,4,0,0.00021767090174746768,0.007707383858741342,0
5310065,4,0,0.0011850096872044996,0.007707383858741342,0
5310104,4,0,0.0024788304549147417,0.007707383858741342,0
5310177,4,0,0.0019681810019942713,0.007707383858741342,0
5310186,4,0,0.002568010804024408,0.007707383858741342,0
5310192,4,0,0.00031243232418516024,0.007707383858741342,0
5310225,4,0,0.0001818632862017272,0.007707383858741342,0
5310227,4,0,0.0003261628370187348,0.007707383858741342,0
5310248,4,0,0.0024376371753522196,0.007707383858741342,0
5310303,4,0,0.001738993951845269,0.007707383858741342,0
5310344,4,0,0.0010715078734676153,0.007707383858741342,0
5310403,4,0,0.0011748413863905106,0.007707383858741342,0
5310426,4,0,0.0009342386204217223,0.007707383858741342,0
5310528,4,0,0.000593296676878337,0.007707383858741342,0
5310563,4,0,0.0004848330156355761,0.007707383858741342,0
5310654,4,0,0.0007159055898102078,0.007707383858741342,0
5310853,4,0,0.00020578819055018312,0.007707383858741342,0
5322374,4,0,0.002423532414642101,0.007707383858741342,0
5377140,4,0,0.00030382639304202323,0.007707383858741342,0
5389017,4,0,0.00033864246377472815,0.007707383858741342,0
5389054,4,0,0.0016094299550720801,0.007707383858741342,0
5389070,4,0,0.0012603752502299544,0.007707383858741342,0
5389087,4,0,0.00048600670998080373,0.007707383858741342,0
5389143,4,0,0.0011871520029735757,0.007707383858741342,0
5389184,4,0,0.0018041189856782994,0.007707383858741342,0
5389199,4,0,0.0004346801446216192,0.007707383858741342,0
5389268,4,0,0.0014572057014223716,0.007707383858741342,0
5389461,4,0,0.0008215348281112223,0.007707383858741342,0
5389501,4,0,0.0005125711850102856,0.007707383858741342,0
5389520,4,0,0.00044607302884395485,0.007707383858741342,0
5389636,4,0,0.00032834662271256937,0.007707383858741342,0
5389686,4,0,0.0008368622119853589,0.007707383858741342,0
5389691,4,0,0.0005222263686286219,0.007707383858741342,0
5389751,4,0,0.0009697082720591373,0.007707383858741342,0
5389777,4,0,0.00023437573444922712,0.007707383858741342,0
5389786,4,0,0.0011184793130185212,0.007707383858741342,0
5389795,4,0,0.0012817346493042522,0.007707383858741342,0
5389830,4,0,0.0004879266350953141,0.007707383858741342,0
5389836,4,0,0.0004840150700861112,0.007707383858741342,0
5389853,4,0,0.000614536767992914,0.007707383858741342,0
5389882,4,0,0.00058539202222271,0.007707383858741342,0
5389958,4,0,0.001647819410980051,0.007707383858741342,0
5389967,4,0,0.0006888249092430996,0.007707383858741342,0
5389968,4,0,0.0010911217806615137,0.007707383858741342,0
5389996,4,0,0.0010223441588332414,0.007707383858741342,0
5390013,4,0,0.0015190549823315988,0.007707383858741342,0
5390053,4,0,0.0006969693472943228,0.007707383858741342,0
5390054,4,0,0.0014415654550485849,0.007707383858741342,0
5390064,4,0,0.00045377096108586214,0.007707383858741342,0
5390092,4,0,0.000817695645766939,0.007707383858741342,0
5396615,4,0,0.0037712907895811015,0.007707383858741342,0
5411262,4,0,0.0010627952010796439,0.007707383858741342,0
5413115,4,0,0.00216320278711023,0.007707383858741342,0
5448673,4,0,0.002021951860092974,0.007707383858741342,0
5586822,4,0,0.0005254581526168925,0.007707383858741342,0
5665479,4,0,0.0015110388214740142,0.007707383858741342,0
5702144,4,0,0.0005405389486939199,0.007707383858741342,0
5702162,4,0,0.000462042450759057,0.007707383858741342,0
5711745,4,0,0.0006902580881809966,0.007707383858741342,0
5739850,4,0,0.0013174732361759668,0.007707383858741342,0
5742467,4,0,0.0007829404806751948,0.007707383858741342,0
5742486,4,0,0.0029006071027664945,0.007707383858741342,0
5742538,4,0,0.0004490213484282575,0.007707383858741342,0
5742573,4,0,0.0010846465412479517,0.007707383858741342,0
5761203,4,0,0.0003806462131495708,0.007707383858741342,0
5766036,4,0,0.0003843651794385749,0.007707383858741342,0
5768893,4,0,0.0012619079066128543,0.007707383858741342,0
5770870,4,0,0.0017665749432072277,0.007707383858741342,0
5771319,4,0,0.00028149474329335045,0.007707383858741342,0
5771333,4,0,0.004239525590999747,0.007707383858741342,0
5771359,4,0,0.0007157674517069386,0.007707383858741342,0
5771493,4,0,0.0013833015102513793,0.007707383858741342,0
5771497,4,0,0.0017193145680624144,0.007707383858741342,0
5771712,4,0,0.001991616764851269,0.007707383858741342,0
5771723,4,0,0.0008124099559561859,0.007707383858741342,0
6323818,4,0,0.0011617219565748678,0.007707383858741342,0
6324543,4,0,0.0005893829892219346,0.007707383858741342,0
6398944,4,0,0.0013310079967787068,0.007707383858741342,0
6400215,4,0,0.002250956501186678,0.007707383858741342,0
6411266,4,0,0.0012222458406961716,0.007707383858741342,0
6411267,4,0,0.0014060886884341072,0.007707383858741342,0
6461550,4,0,0.0009146818689611281,0.007707383858741342,0
6463401,4,0,0.0007644870667602613,0.007707383858741342,0
6602620,4,0,0.000763943887587567,0.007707383858741342,0
6602628,4,0,0.0008487898939654445,0.007707383858741342,0
6602634,4,0,0.0003940025677913478,0.007707383858741342,0
6602640,4,0,0.0004968806320643464,0.007707383858741342,0
6602663,4,0,0.0006178122378944146,0.007707383858741342,0
6602670,4,0,0.00026781873008961525,0.007707383858741342,0
6602828,4,0,0.0007599229274771545,0.007707383858741342,0
6602879,4,0,0.0006002926434430154,0.007707383858741342,0
6602907,4,0,0.00037231251910437756,0.007707383858741342,0
6602920,4,0,0.00024226929471526823,0.007707383858741342,0
6602975,4,0,0.0004595928378145357,0.007707383858741342,0
6603058,4,0,0.001344892509102841,0.007707383858741342,0
6603113,4,0,0.0007254801741004349,0.007707383858741342,0
6603213,4,0,0.0004990841587226481,0.007707383858741342,0
6603242,4,0,0.004620468737614914,0.007707383858741342,0
6603244,4,0,0.0006470233541827349,0.007707383858741342,0
6603257,4,0,0.005062372225950643,0.007707383858741342,0
6603264,4,0,0.0005991367085271325,0.007707383858741342,0
6603343,4,0,0.0003495268218891793,0.007707383858741342,0
6603383,4,0,0.0019379966676920405,0.007707383858741342,0
6603393,4,0,0.0011525876157144918,0.007707383858741342,0
6603427,4,0,0.0007914599279272188,0.007707383858741342,0
6603469,4,0,0.0015359576730868151,0.007707383858741342,0
6603471,4,0,0.0005676371039230791,0.007707383858741342,0
6603490,4,0,0.0006217683088679758,0.007707383858741342,0
6603511,4,0,4.428299514672715e-05,0.007707383858741342,0
6603516,4,0,0.0008880089210254653,0.007707383858741342,0
6603553,4,0,0.0006427431512074309,0.007707383858741342,0
6603560,4,0,0.0026909061381628695,0.007707383858741342,0
6603567,4,0,0.00018664971920941633,0.007707383858741342,0
6603571,4,0,0.0005073356692909662,0.007707383858741342,0
6603632,4,0,0.0004199892810118494,0.007707383858741342,0
6603681,4,0,0.0004918047751465259,0.007707383858741342,0
6603682,4,0,0.0005544510632842018,0.007707383858741342,0
296003,5,1,0.000277235835723182,0.0018334673212791117,0
664366,5,1,0.5164789573820809,0.0018334673212791117,1
665561,5,1,0.8167577129428274,0.0018334673212791117,1
3236902,5,1,0.0027087047448278445,0.0018334673212791117,1
3240114,5,1,0.011504138516666287,0.0018334673212791117,1
3241352,5,1,0.30315128267714864,0.0018334673212791117,1
1329,5,0,0.0002896117592121737,0.0018334673212791117,0
1967,5,0,0.0015257309184929096,0.0018334673212791117,0
2082,5,0,0.0018342895747431916,0.0018334673212791117,1
2576,5,0,0.00024056174598082185,0.0018334673212791117,0
2754,5,0,0.0003922731185553479,0.0018334673212791117,0
4463,5,0,0.0013128205079710239,0.0018334673212791117,0
4632,5,0,0.001848524816533291,0.0018334673212791117,1
5332,5,0,0.0007233364631144513,0.0018334673212791117,0
5336,5,0,0.0009304126454604039,0.0018334673212791117,0
6872,5,0,0.0008004775253143293,0.0018334673212791117,0
26880,5,0,0.000716887980252338,0.0018334673212791117,0
64137,5,0,0.0006174380985519675,0.0018334673212791117,0
66007,5,0,0.00028293937424324735,0.0018334673212791117,0
70557,5,0,0.0003119574705158458,0.0018334673212791117,0
71399,5,0,0.0009517846950160048,0.0018334673212791117,0
75526,5,0,0.0003640874955012825,0.0018334673212791117,0
81146,5,0,0.001811791870182354,0.0018334673212791117,0
81857,5,0,0.001527375194748749,0.0018334673212791117,0
92913,5,0,0.0013527894908610244,0.0018334673212791117,0
100617,5,0,0.0002692489089798524,0.0018334673212791117,0
101172,5,0,0.0006239053917525292,0.0018334673212791117,0
120035,5,0,0.002138036535983899,0.0018334673212791117,1
148769,5,0,0.0002476377553784109,0.0018334673212791117,0
156525,5,0,0.00020781639940344333,0.0018334673212791117,0
163751,5,0,0.0013515253668011037,0.0018334673212791117,0
178054,5,0,0.00046781155630597616,0.0018334673212791117,0
206650,5,0,0.0006323300518110934,0.0018334673212791117,0
219756,5,0,0.0006105842430984539,0.0018334673212791117,0
223706,5,0,0.0006046108045568533,0.0018334673212791117,0
225738,5,0,0.003601647825630074,0.0018334673212791117,1
232613,5,0,0.00036764904533366163,0.0018334673212791117,0
232919,5,0,0.0016284669900056856,0.0018334673212791117,0
237591,5,0,0.0063293012989854725,0.0018334673212791117,1
242586,5,0,0.00021256605071158993,0.0018334673212791117,0
251365,5,0,0.0006159352087753842,0.0018334673212791117,0
258849,5,0,0.0009298704226893402,0.0018334673212791117,0
277163,5,0,0.0014402870015520202,0.0018334673212791117,0
296188,5,0,0.0004997450130206848,0.0018334673212791117,0
304273,5,0,0.00038233985184719357,0.0018334673212791117,0
306464,5,0,0.0002600915129932833,0.0018334673212791117,0
310138,5,0,0.0011024414380629496,0.0018334673212791117,0
310173,5,0,0.0009538227532743336,0.0018334673212791117,0
344572,5,0,0.0008144507986836292,0.0018334673212791117,0
379086,5,0,0.000421646714017233,0.0018334673212791117,0
403057,5,0,0.000357807712236821,0.0018334673212791117,0
404502,5,0,0.009117112986632234,0.0018334673212791117,1
443084,5,0,0.0015147657158114307,0.0018334673212791117,0
489554,5,0,0.0007846959784613163,0.0018334673212791117,0
510567,5,0,0.0014263721120087334,0.0018334673212791117,0
531922,5,0,0.0007416513177652922,0.0018334673212791117,0
533807,5,0,0.0003139157968680858,0.0018334673212791117,0
545057,5,0,0.0012077918249218448,0.0018334673212791117,0
547407,5,0,0.0015825020576118553,0.0018334673212791117,0
549453,5,0,0.0013699867071750378,0.0018334673212791117,0
557217,5,0,0.0010563450263732423,0.0018334673212791117,0
562625,5,0,0.001733691037234267,0.0018334673212791117,0
563336,5,0,0.007206202549458736,0.0018334673212791117,1
563446,5,0,0.0010371631487492848,0.0018334673212791117,0
564890,5,0,0.0020152432696164315,0.0018334673212791117,1
565200,5,0,0.00020743419945810045,0.0018334673212791117,0
565713,5,0,0.0010248614055908712,0.0018334673212791117,0
569077,5,0,0.001972047496839849,0.0018334673212791117,1
571251,5,0,0.00048316623500655695,0.0018334673212791117,0
571564,5,0,0.0014723137982772417,0.0018334673212791117,0
572406,5,0,0.0003246735047110551,0.0018334673212791117,0
572680,5,0,0.000585345661545717,0.0018334673212791117,0
573249,5,0,0.0011833251553626958,0.0018334673212791117,0
573344,5,0,0.000892198628301381,0.0018334673212791117,0
573775,5,0,0.0011915302799896095,0.0018334673212791117,0
574469,5,0,0.0005480127926652065,0.0018334673212791117,0
585128,5,0,2.0613256502132093e-05,0.0018334673212791117,0
586799,5,0,0.00048338084060362045,0.0018334673212791117,0
587357,5,0,0.0026733329443034783,0.0018334673212791117,1
597406,5,0,0.0003063659082752542,0.0018334673212791117,0
597837,5,0,0.00033502239858172197,0.0018334673212791117,0
599987,5,0,0.0014535704334627281,0.0018334673212791117,0
602122,5,0,0.0014415771953930016,0.0018334673212791117,0
603778,5,0,0.0025213177568164796,0.0018334673212791117,1
603799,5,0,4.3295697351446456e-05,0.0018334673212791117,0
609104,5,0,0.0005835724913485233,0.0018334673212791117,0
614848,5,0,0.001470611022107523,0.0018334673212791117,0
615208,5,0,0.00031769178701290926,0.0018334673212791117,0
615939,5,0,0.0018228385967878971,0.0018334673212791117,0
616884,5,0,0.005453914091583165,0.0018334673212791117,1
616915,5,0,0.0012614931553939597,0.0018334673212791117,0
618598,5,0,0.00042483665920861255,0.0018334673212791117,0
619926,5,0,0.0006540966132345646,0.0018334673212791117,0
620910,5,0,0.0003075688117796255,0.0018334673212791117,0
621309,5,0,0.001860900060117873,0.0018334673212791117,1
622720,5,0,0.005411650072903622,0.0018334673212791117,1
624533,5,0,0.0012734138500606488,0.0018334673212791117,0
625794,5,0,0.00045594397878717446,0.0018334673212791117,0
639578,5,0,0.0005119322531536174,0.0018334673212791117,0
644473,5,0,0.0022740222281761786,0.0018334673212791117,1
644480,5,0,3.432534918905116e-05,0.0018334673212791117,0
644504,5,0,0.0004475303122824563,0.0018334673212791117,0
644522,5,0,0.0006813727796881489,0.0018334673212791117,0
644533,5,0,0.0013059620799228074,0.0018334673212791117,0
644537,5,0,0.0008613592473092321,0.0018334673212791117,0
644584,5,0,0.0004913280939582978,0.0018334673212791117,0
644604,5,0,0.00012775708855976704,0.0018334673212791117,0
644607,5,0,0.00045233527083000013,0.0018334673212791117,0
644724,5,0,0.0038603386290601647,0.0018334673212791117,1
644736,5,0,9.997610819460564e-05,0.0018334673212791117,0
644741,5,0,0.0013171990406533102,0.0018334673212791117,0
644746,5,0,0.0012841341103900763,0.0018334673212791117,0
644765,5,0,0.0019474806109004877,0.0018334673212791117,1
644796,5,0,0.00027538333919940194,0.0018334673212791117,0
644799,5,0,0.0014093656191534255,0.0018334673212791117,0
644818,5,0,0.022918330328757498,0.0018334673212791117,1
644852,5,0,0.0002026909940641549,0.0018334673212791117,0
644909,5,0,0.00011835138365412303,0.0018334673212791117,0
644940,5,0,0.00012152519567767643,0.0018334673212791117,0
644954,5,0,0.0002881054827335558,0.0018334673212791117,0
644978,5,0,0.005708434588709377,0.0018334673212791117,1
644994,5,0,0.0003756133734047177,0.0018334673212791117,0
644997,5,0,0.00033197160557781085,0.0018334673212791117,0
645013,5,0,0.00022435699824634576,0.0018334673212791117,0
645022,5,0,0.0006005951784688073,0.0018334673212791117,0
645061,5,0,4.489054725039984e-05,0.0018334673212791117,0
645071,5,0,0.0015372986734293005,0.0018334673212791117,0
645084,5,0,0.0005082880498135681,0.0018334673212791117,0
645103,5,0,0.0006028984684309802,0.0018334673212791117,0
645122,5,0,0.0001505637188266801,0.0018334673212791117,0
645126,5,0,0.0003377144841958399,0.0018334673212791117,0
645128,5,0,0.00019112285305007844,0.0018334673212791117,0
645135,5,0,0.0006398246209548138,0.0018334673212791117,0
645238,5,0,0.0010032587190891297,0.0018334673212791117,0
645241,5,0,0.0060432338102215264,0.0018334673212791117,1
645272,5,0,0.0010995918121973459,0.0018334673212791117,0
645281,5,0,0.0012961829130755634,0.0018334673212791117,0
645293,5,0,0.0005276091814131525,0.0018334673212791117,0
645360,5,0,0.00040344088644880425,0.0018334673212791117,0
645375,5,0,0.0008172757723671686,0.0018334673212791117,0
645377,5,0,0.002830814300523735,0.0018334673212791117,1
645448,5,0,0.0004341939582613093,0.0018334673212791117,0
645454,5,0,0.00026208219721080657,0.0018334673212791117,0
645615,5,0,0.0010265429465984293,0.0018334673212791117,0
645630,5,0,7.94997324473152e-05,0.0018334673212791117,0
645632,5,0,0.00030806036128947964,0.0018334673212791117,0
645635,5,0,0.001887171116759413,0.0018334673212791117,1
645654,5,0,0.0008124231736740021,0.0018334673212791117,0
645791,5,0,0.0012683780324493734,0.0018334673212791117,0
645798,5,0,0.0004775245966949645,0.0018334673212791117,0
645812,5,0,0.00682790558746103,0.0018334673212791117,1
645879,5,0,0.002693853281056839,0.0018334673212791117,1
645886,5,0,0.00029792371058180516,0.0018334673212791117,0
645897,5,0,7.001030656913751e-05,0.0018334673212791117,0
645959,5,0,0.0036110155710468487,0.0018334673212791117,1
645989,5,0,0.0003221867433839522,0.0018334673212791117,0
645992,5,0,0.0018438577698290737,0.0018334673212791117,1
645996,5,0,0.0031581813375307272,0.0018334673212791117,1
646036,5,0,0.0010873555271773232,0.0018334673212791117,0
646064,5,0,0.000242731000496905,0.0018334673212791117,0
646088,5,0,0.0014917710901155973,0.0018334673212791117,0
646091,5,0,0.0006847748179859725,0.0018334673212791117,0
646107,5,0,0.0009071549057541506,0.0018334673212791117,0
646150,5,0,0.000100829627400091,0.0018334673212791117,0
646212,5,0,0.006440883485873786,0.0018334673212791117,1
646255,5,0,0.00018769035433561005,0.0018334673212791117,0
646269,5,0,0.0005136686457322206,0.0018334673212791117,0
646285,5,0,0.0023748326026984605,0.0018334673212791117,1
646293,5,0,0.0007715383905521611,0.0018334673212791117,0
646329,5,0,0.000819371710714147,0.0018334673212791117,0
646396,5,0,4.490477584242646e-05,0.0018334673212791117,0
646401,5,0,0.00021400153123907529,0.0018334673212791117,0
646483,5,0,0.0016668534949431147,0.0018334673212791117,0
646485,5,0,0.001801891728077881,0.0018334673212791117,0
646534,5,0,0.0007120042218126643,0.0018334673212791117,0
646585,5,0,0.0010305133032241158,0.0018334673212791117,0
646664,5,0,0.001081840827006007,0.0018334673212791117,0
646686,5,0,0.0006327852659269574,0.0018334673212791117,0
646687,5,0,0.00011903500697503162,0.0018334673212791117,0
646703,5,0,0.00025744799123383395,0.0018334673212791117,0
646714,5,0,0.004955961672520166,0.0018334673212791117,1
646719,5,0,0.001211972762435588,0.0018334673212791117,0
646742,5,0,0.00024024264363245869,0.0018334673212791117,0
646752,5,0,3.955125913174545e-05,0.0018334673212791117,0
646754,5,0,0.00205915913404289,0.0018334673212791117,1
646760,5,0,0.0009205139495055922,0.0018334673212791117,0
646772,5,0,0.0007073897294479479,0.0018334673212791117,0
646833,5,0,0.00013678659684973073,0.0018334673212791117,0
646849,5,0,0.0017149507196439675,0.0018334673212791117,0
646891,5,0,0.00019308048845780902,0.0018334673212791117,0
646899,5,0,0.0006835602780684737,0.0018334673212791117,0
646952,5,0,0.00037119771244462503,0.0018334673212791117,0
646990,5,0,0.00010333287781070269,0.0018334673212791117,0
647017,5,0,0.00019014445272657623,0.0018334673212791117,0
647024,5,0,0.0004886753910024553,0.0018334673212791117,0
647037,5,0,0.006095591409573556,0.0018334673212791117,1
647076,5,0,8.139231467147301e-05,0.0018334673212791117,0
647095,5,0,0.0011269650414620002,0.0018334673212791117,0
647119,5,0,0.0014707225436763674,0.0018334673212791117,0
647131,5,0,0.0011809439671608666,0.0018334673212791117,0
647162,5,0,0.0008186678513447777,0.0018334673212791117,0
647214,5,0,0.0005096442217795881,0.0018334673212791117,0
647219,5,0,0.002079475193506471,0.0018334673212791117,1
647262,5,0,0.0001229485604962578,0.0018334673212791117,0
647268,5,0,0.0006359416759063003,0.0018334673212791117,0
647331,5,0,0.0004893488796101869,0.0018334673212791117,0
647333,5,0,0.0001018235790210723,0.0018334673212791117,0
647374,5,0,0.00011026833561979572,0.0018334673212791117,0
647385,5,0,0.00010009613502792005,0.0018334673212791117,0
647414,5,0,0.0022665982103893785,0.0018334673212791117,1
647434,5,0,0.0004525195910696119,0.0018334673212791117,0
647461,5,0,0.002598680649176759,0.0018334673212791117,1
647468,5,0,0.00015471009625501683,0.0018334673212791117,0
647483,5,0,0.0005654089706949367,0.0018334673212791117,0
647485,5,0,0.0001950097492020844,0.0018334673212791117,0
647496,5,0,7.160825337356092e-05,0.0018334673212791117,0
647565,5,0,0.00033135119613168903,0.0018334673212791117,0
647588,5,0,6.441697802392469e-05,0.0018334673212791117,0
647594,5,0,0.0005140917006179252,0.0018334673212791117,0
647612,5,0,0.000130153057593533,0.0018334673212791117,0
647625,5,0,0.0011990373617672442,0.0018334673212791117,0
647668,5,0,0.0006002229738321276,0.0018334673212791117,0
647676,5,0,0.002907807287764194,0.0018334673212791117,1
647686,5,0,0.00038185250037720773,0.0018334673212791117,0
647719,5,0,0.003187571411180351,0.0018334673212791117,1
647782,5,0,9.576953926951364e-05,0.0018334673212791117,0
647792,5,0,0.00041202300405932815,0.0018334673212791117,0
647804,5,0,0.00033382695852587804,0.0018334673212791117,0
647858,5,0,0.0001592554137647559,0.0018334673212791117,0
647871,5,0,6.175802881375691e-05,0.0018334673212791117,0
647873,5,0,0.00010377122208613043,0.0018334673212791117,0
647936,5,0,0.0017627033801783088,0.0018334673212791117,0
648040,5,0,0.00651753466962346,0.0018334673212791117,1
648050,5,0,0.0017940550463835235,0.0018334673212791117,0
648062,5,0,0.0007436418646487396,0.0018334673212791117,0
648080,5,0,0.0004963316388314693,0.0018334673212791117,0
648085,5,0,0.0003912944594105683,0.0018334673212791117,0
648120,5,0,0.00035155646038539354,0.0018334673212791117,0
648145,5,0,0.008457733674068489,0.0018334673212791117,1
648161,5,0,0.00024159836893673973,0.0018334673212791117,0
648192,5,0,0.0014573592253886705,0.0018334673212791117,0
648223,5,0,4.7167575267902674e-05,0.0018334673212791117,0
648225,5,0,0.0004333905828751806,0.0018334673212791117,0
648228,5,0,0.001335693383589076,0.0018334673212791117,0
648230,5,0,0.001037417546159528,0.0018334673212791117,0
648239,5,0,2.0034204422330732e-05,0.0018334673212791117,0
648314,5,0,0.00023563384776483382,0.0018334673212791117,0
648318,5,0,0.0023079793847570053,0.0018334673212791117,1
648373,5,0,0.00037533947290701127,0.0018334673212791117,0
648375,5,0,0.002071446021556601,0.0018334673212791117,1
648420,5,0,0.00014517203671730075,0.0018334673212791117,0
648426,5,0,0.0006547681692765738,0.0018334673212791117,0
648458,5,0,0.0008754665386041886,0.0018334673212791117,0
648469,5,0,0.00014434922809808523,0.0018334673212791117,0
648471,5,0,0.001124212512666292,0.0018334673212791117,0
648488,5,0,0.0015458251082090394,0.0018334673212791117,0
648530,5,0,0.0009780537317619364,0.0018334673212791117,0
648554,5,0,0.0015336314396745267,0.0018334673212791117,0
648558,5,0,0.0009054384056261644,0.0018334673212791117,0
648587,5,0,6.639533819962631e-05,0.0018334673212791117,0
648594,5,0,0.00023738249462076805,0.0018334673212791117,0
648620,5,0,0.0037499343949438926,0.0018334673212791117,1
648638,5,0,5.158637417765059e-05,0.0018334673212791117,0
648656,5,0,0.0003663753634997581,0.0018334673212791117,0
648668,5,0,0.0024894710479399116,0.0018334673212791117,1
648669,5,0,0.0024312364671956023,0.0018334673212791117,1
648698,5,0,0.0011204770660546853,0.0018334673212791117,0
648712,5,0,0.0003136385006419777,0.0018334673212791117,0
648724,5,0,0.0006724176309304658,0.0018334673212791117,0
648734,5,0,0.020841693172080338,0.0018334673212791117,1
648738,5,0,0.0006411819606484162,0.0018334673212791117,0
648767,5,0,0.0005913802761218354,0.0018334673212791117,0
648771,5,0,0.0005484308653422448,0.0018334673212791117,0
648831,5,0,0.002200428284239763,0.0018334673212791117,1
648834,5,0,0.0010329621079256798,0.0018334673212791117,0
648851,5,0,0.0003408316402214501,0.0018334673212791117,0
648873,5,0,0.0005400713062220764,0.0018334673212791117,0
648903,5,0,0.0004398373756211081,0.0018334673212791117,0
648927,5,0,0.00030094375537197024,0.0018334673212791117,0
648940,5,0,0.0005684634824946862,0.0018334673212791117,0
648960,5,0,0.0006097239549787167,0.0018334673212791117,0
648989,5,0,0.003921889001525344,0.0018334673212791117,1
649044,5,0,5.92569956248798e-05,0.0018334673212791117,0
649076,5,0,0.0008620130761012101,0.0018334673212791117,0
649148,5,0,0.0002551361738009089,0.0018334673212791117,0
649156,5,0,9.452072089385695e-05,0.0018334673212791117,0
649163,5,0,0.006417437126128793,0.0018334673212791117,1
649191,5,0,0.0003558075711128676,0.0018334673212791117,0
649262,5,0,5.827029945120524e-05,0.0018334673212791117,0
649279,5,0,0.0007672807205919125,0.0018334673212791117,0
649281,5,0,0.0005051877260108161,0.0018334673212791117,0
649329,5,0,0.0001095838377188513,0.0018334673212791117,0
649421,5,0,8.640301027957661e-05,0.0018334673212791117,0
649450,5,0,0.00010818474491594386,0.0018334673212791117,0
649452,5,0,6.540282250623469e-05,0.0018334673212791117,0
649507,5,0,0.00025438784773887645,0.0018334673212791117,0
649556,5,0,0.0010101047203644133,0.0018334673212791117,0
649565,5,0,0.00047145286663232376,0.0018334673212791117,0
649574,5,0,0.020857730093400723,0.0018334673212791117,1
649578,5,0,0.00015919882623318806,0.0018334673212791117,0
649589,5,0,0.0002430423706784755,0.0018334673212791117,0
649590,5,0,0.0004632955760847735,0.0018334673212791117,0
649609,5,0,0.0036285022155856054,0.0018334673212791117,1
649615,5,0,0.0003541490481875251,0.0018334673212791117,0
649646,5,0,0.0007787483883061061,0.0018334673212791117,0
649657,5,0,0.00115516891178004,0.0018334673212791117,0
649664,5,0,0.002023824683562905,0.0018334673212791117,1
649706,5,0,0.016013074247920776,0.0018334673212791117,1
649742,5,0,0.001167075683561309,0.0018334673212791117,0
649749,5,0,0.002693175886726892,0.0018334673212791117,1
649800,5,0,0.0003073583279219762,0.0018334673212791117,0
649859,5,0,0.001576999871482275,0.0018334673212791117,0
649914,5,0,0.004812529421772712,0.0018334673212791117,1
649916,5,0,0.0008421758382696773,0.0018334673212791117,0
649921,5,0,0.0002933211354228378,0.0018334673212791117,0
649925,5,0,0.004126003670828323,0.0018334673212791117,1
649931,5,0,0.0035749376854761865,0.0018334673212791117,1
649938,5,0,0.0006002076767351756,0.0018334673212791117,0
649977,5,0,0.00044355829973582057,0.0018334673212791117,0
650039,5,0,0.0035732490008085114,0.0018334673212791117,1
650048,5,0,0.0009621916467541046,0.0018334673212791117,0
650080,5,0,0.0008733868246014659,0.0018334673212791117,0
650105,5,0,9.00117325026888e-05,0.0018334673212791117,0
650107,5,0,0.0011096340151346576,0.0018334673212791117,0
650134,5,0,0.002594224441472223,0.0018334673212791117,1
650143,5,0,0.0003646310986608515,0.0018334673212791117,0
650155,5,0,0.0013774230899141128,0.0018334673212791117,0
650206,5,0,0.0003827535769330577,0.0018334673212791117,0
650210,5,0,0.010448363679565045,0.0018334673212791117,1
650227,5,0,0.0003779701148184058,0.0018334673212791117,0
650266,5,0,0.001323198851629705,0.0018334673212791117,0
650268,5,0,0.0008851526568882453,0.0018334673212791117,0
650274,5,0,0.002348599324697539,0.0018334673212791117,1
650330,5,0,0.000349492744021475,0.0018334673212791117,0
650343,5,0,0.0007177017190976893,0.0018334673212791117,0
650345,5,0,0.0009406416528877108,0.0018334673212791117,0
650348,5,0,0.0002528738676725196,0.0018334673212791117,0
650384,5,0,0.000266249406032324,0.0018334673212791117,0
650436,5,0,6.956251447007506e-05,0.0018334673212791117,0
650485,5,0,6.479895026043025e-05,0.0018334673212791117,0
650528,5,0,0.0005047361856116452,0.0018334673212791117,0
650567,5,0,0.0003698404392748448,0.0018334673212791117,0
650570,5,0,6.287190473835195e-05,0.0018334673212791117,0
650599,5,0,0.0015655831559708451,0.0018334673212791117,0
650610,5,0,0.0017547814824381968,0.0018334673212791117,0
650616,5,0,0.0013106106009454666,0.0018334673212791117,0
650637,5,0,0.00020750701520466213,0.0018334673212791117,0
650687,5,0,0.0003075703175630129,0.0018334673212791117,0
650704,5,0,0.000681835286663368,0.0018334673212791117,0
650706,5,0,0.0004116693224360984,0.0018334673212791117,0
650745,5,0,0.0003201213198778065,0.0018334673212791117,0
650801,5,0,0.00039070010114244225,0.0018334673212791117,0
650841,5,0,0.0013285923336708288,0.0018334673212791117,0
650943,5,0,0.005678006412836575,0.0018334673212791117,1
650966,5,0,0.00184261598552844,0.0018334673212791117,1
650983,5,0,0.0007954204445954434,0.0018334673212791117,0
650987,5,0,0.00041880163909205164,0.0018334673212791117,0
650988,5,0,0.003183874889300951,0.0018334673212791117,1
650999,5,0,0.00033028785086190374,0.0018334673212791117,0
651002,5,0,0.0004706443363932473,0.0018334673212791117,0
651022,5,0,0.00010587621812295748,0.0018334673212791117,0
651051,5,0,0.0011351210969653752,0.0018334673212791117,0
651085,5,0,0.0030313524059085344,0.0018334673212791117,1
651088,5,0,0.0066327660761070426,0.0018334673212791117,1
651178,5,0,0.0013669217440526878,0.0018334673212791117,0
651188,5,0,0.0013658199923258824,0.0018334673212791117,0
651243,5,0,0.0010708211571443232,0.0018334673212791117,0
651285,5,0,0.0006937033946568847,0.0018334673212791117,0
651293,5,0,2.188968739042135e-05,0.0018334673212791117,0
651314,5,0,0.0011919225071298036,0.0018334673212791117,0
651337,5,0,0.0013615549600842342,0.0018334673212791117,0
651350,5,0,0.00014982619405703301,0.0018334673212791117,0
651392,5,0,0.0010523557739842327,0.0018334673212791117,0
651436,5,0,0.011028439189114763,0.0018334673212791117,1
651472,5,0,0.00026520015029405855,0.0018334673212791117,0
651473,5,0,0.00014008946439796014,0.0018334673212791117,0
651481,5,0,0.00018548070790196455,0.0018334673212791117,0
651495,5,0,0.00021265772186984154,0.0018334673212791117,0
651499,5,0,5.558871400515031e-05,0.0018334673212791117,0
651518,5,0,0.0012360780193148592,0.0018334673212791117,0
651575,5,0,0.0011242415857815125,0.0018334673212791117,0
651628,5,0,0.0022633873611123544,0.0018334673212791117,1
651683,5,0,2.99311246168687e-05,0.0018334673212791117,0
651688,5,0,0.001204317378952287,0.0018334673212791117,0
651734,5,0,0.0010418987975872583,0.0018334673212791117,0
651754,5,0,0.0006463901359717135,0.0018334673212791117,0
651758,5,0,0.0006018632795232447,0.0018334673212791117,0
651775,5,0,0.0004977430616059623,0.0018334673212791117,0
651813,5,0,0.0002701267101350728,0.0018334673212791117,0
651815,5,0,0.005763674189615832,0.0018334673212791117,1
651849,5,0,0.0008431714402896503,0.0018334673212791117,0
651887,5,0,9.693526319077413e-05,0.0018334673212791117,0
651904,5,0,0.0019376437462545167,0.0018334673212791117,1
651913,5,0,0.0001616373639468834,0.0018334673212791117,0
651955,5,0,0.00010934124265241275,0.0018334673212791117,0
651956,5,0,6.807585834794764e-05,0.0018334673212791117,0
651963,5,0,0.0004319217481435077,0.0018334673212791117,0
652014,5,0,0.002145141716552128,0.0018334673212791117,1
652025,5,0,0.009676575042994186,0.0018334673212791117,1
652034,5,0,0.00043822754319590543,0.0018334673212791117,0
652058,5,0,0.000333042869716287,0.0018334673212791117,0
652060,5,0,0.0001361480047976356,0.0018334673212791117,0
652067,5,0,0.00011427232765871478,0.0018334673212791117,0
652131,5,0,0.0003120074278344363,0.0018334673212791117,0
652147,5,0,0.0032881609845811168,0.0018334673212791117,1
652148,5,0,0.0011119671580500428,0.0018334673212791117,0
652184,5,0,0.002163078357752771,0.0018334673212791117,1
652188,5,0,0.0008885670764556369,0.0018334673212791117,0
652199,5,0,0.00042676837869896656,0.0018334673212791117,0
652227,5,0,0.008239858160127437,0.0018334673212791117,1
652234,5,0,0.00035922534363658844,0.0018334673212791117,0
652270,5,0,0.0005791492133168984,0.0018334673212791117,0
652282,5,0,0.0003308026649234576,0.0018334673212791117,0
652302,5,0,0.00010244118964639007,0.0018334673212791117,0
652311,5,0,0.00017052208968075573,0.0018334673212791117,0
652346,5,0,0.00016810895875605419,0.0018334673212791117,0
652382,5,0,8.755734154572812e-05,0.0018334673212791117,0
652383,5,0,3.723625469533598e-05,0.0018334673212791117,0
652397,5,0,0.00032663615601066803,0.0018334673212791117,0
652417,5,0,0.000527284640308859,0.0018334673212791117,0
652423,5,0,0.0006022016647283211,0.0018334673212791117,0
652441,5,0,0.00031644414753284936,0.0018334673212791117,0
652551,5,0,0.00044208421995932563,0.0018334673212791117,0
652554,5,0,0.001128654509607856,0.0018334673212791117,0
652581,5,0,0.00015437242195395667,0.0018334673212791117,0
652600,5,0,0.00018903200586351999,0.0018334673212791117,0
652625,5,0,0.0017582581533001692,0.0018334673212791117,0
652632,5,0,0.00040047432257540085,0.0018334673212791117,0
652652,5,0,0.001853670616736275,0.0018334673212791117,1
652685,5,0,0.0008544958310163207,0.0018334673212791117,0
652722,5,0,0.0032703394782434623,0.0018334673212791117,1
652725,5,0,0.0003530514896864628,0.0018334673212791117,0
652750,5,0,1.4827188390765745e-05,0.0018334673212791117,0
652785,5,0,0.0002841843419070699,0.0018334673212791117,0
652830,5,0,0.00030535911228892664,0.0018334673212791117,0
652836,5,0,0.004005660861780821,0.0018334673212791117,1
652916,5,0,0.005077668478145489,0.0018334673212791117,1
652919,5,0,0.00014197584503569444,0.0018334673212791117,0
652925,5,0,0.0009111599202948167,0.0018334673212791117,0
652929,5,0,0.0005713908357093089,0.0018334673212791117,0
652932,5,0,0.00012024704614292043,0.0018334673212791117,0
652938,5,0,0.00024718457617257846,0.0018334673212791117,0
652956,5,0,0.00015244386476217126,0.0018334673212791117,0
652961,5,0,0.000523975161492193,0.0018334673212791117,0
652964,5,0,0.001445438097364354,0.0018334673212791117,0
652965,5,0,0.0001610635440674098,0.0018334673212791117,0
653031,5,0,0.00013018926401839562,0.0018334673212791117,0
653050,5,0,5.981144752730145e-05,0.0018334673212791117,0
653062,5,0,0.0011726137715471342,0.0018334673212791117,0
653078,5,0,0.004391169516113523,0.0018334673212791117,1
653090,5,0,0.00021078735676475753,0.0018334673212791117,0
653138,5,0,0.0015695669688470357,0.0018334673212791117,0
653176,5,0,0.00019794163301781268,0.0018334673212791117,0
653222,5,0,0.0014045687502225513,0.0018334673212791117,0
653228,5,0,0.000714857320633281,0.0018334673212791117,0
653254,5,0,0.000173240860273981,0.0018334673212791117,0
653269,5,0,4.6124095258199475e-05,0.0018334673212791117,0
653306,5,0,0.0007902404891201023,0.0018334673212791117,0
653322,5,0,0.0004762005453352869,0.0018334673212791117,0
653348,5,0,0.0011319328500571319,0.0018334673212791117,0
653410,5,0,0.0005117943064048976,0.0018334673212791117,0
653418,5,0,0.000410493486485482,0.0018334673212791117,0
653458,5,0,0.0004079033865071807,0.0018334673212791117,0
653483,5,0,0.00015824021487661786,0.0018334673212791117,0
653490,5,0,0.0007469696866610923,0.0018334673212791117,0
653520,5,0,0.0012928084783948735,0.0018334673212791117,0
653530,5,0,0.0005596918305717341,0.0018334673212791117,0
653533,5,0,0.0001647178061130627,0.0018334673212791117,0
653559,5,0,0.0003568513815955952,0.0018334673212791117,0
653566,5,0,0.00025526143484363886,0.0018334673212791117,0
653631,5,0,4.6800146310504184e-05,0.0018334673212791117,0
653642,5,0,0.00021373836254972984,0.0018334673212791117,0
653710,5,0,0.000334703362468423,0.0018334673212791117,0
653760,5,0,0.0010374845310460895,0.0018334673212791117,0
653783,5,0,0.00012613193993291072,0.0018334673212791117,0
653787,5,0,0.0002958851547315133,0.0018334673212791117,0
653798,5,0,0.0006050533014018083,0.0018334673212791117,0
653825,5,0,0.0018300088317282424,0.0018334673212791117,0
653890,5,0,0.001548659569963211,0.0018334673212791117,0
653923,5,0,4.880634842263124e-05,0.0018334673212791117,0
653931,5,0,0.0003473322015293374,0.0018334673212791117,0
653933,5,0,0.0004625568686599435,0.0018334673212791117,0
653938,5,0,0.0007132308549254649,0.0018334673212791117,0
653948,5,0,0.0005093548148588952,0.0018334673212791117,0
653960,5,0,0.0009999967647038473,0.0018334673212791117,0
653964,5,0,0.0005144815469615842,0.0018334673212791117,0
653976,5,0,0.0044602141616269094,0.0018334673212791117,1
653983,5,0,0.0037862123149730773,0.0018334673212791117,1
653984,5,0,0.001886049982294739,0.0018334673212791117,1
654020,5,0,0.0003807631824398616,0.0018334673212791117,0
654022,5,0,7.337552051218074e-05,0.0018334673212791117,0
654045,5,0,0.00126946867552168,0.0018334673212791117,0
654066,5,0,0.0003905589344526595,0.0018334673212791117,0
654077,5,0,0.0007258978108310955,0.0018334673212791117,0
654095,5,0,0.0023312801517514975,0.0018334673212791117,1
654170,5,0,0.000561721324403856,0.0018334673212791117,0
654182,5,0,0.0008621212704943762,0.0018334673212791117,0
654213,5,0,0.000544016453272377,0.0018334673212791117,0
654287,5,0,0.001598637887271154,0.0018334673212791117,0
654307,5,0,0.0007393015706786913,0.0018334673212791117,0
654344,5,0,0.0001490548949023161,0.0018334673212791117,0
654351,5,0,0.00012662148980639842,0.0018334673212791117,0
654357,5,0,0.0022810959429657544,0.0018334673212791117,1
654371,5,0,0.00018127478018223044,0.0018334673212791117,0
654375,5,0,0.0012111273562869138,0.0018334673212791117,0
654413,5,0,0.0007872394181907232,0.0018334673212791117,0
654430,5,0,0.0002529662986764811,0.0018334673212791117,0
654435,5,0,0.0003243271456741959,0.0018334673212791117,0
654451,5,0,0.00021235815536054813,0.0018334673212791117,0
654486,5,0,0.006620410119420856,0.0018334673212791117,1
654488,5,0,0.0013758514149880782,0.0018334673212791117,0
654521,5,0,0.00046822744891965626,0.0018334673212791117,0
654531,5,0,0.00020693131892653567,0.0018334673212791117,0
654562,5,0,0.0006812466269414911,0.0018334673212791117,0
654575,5,0,0.00019840054059999166,0.0018334673212791117,0
654621,5,0,0.001219679342473026,0.0018334673212791117,0
654627,5,0,0.0008895257497808657,0.0018334673212791117,0
654658,5,0,0.0010208738110452178,0.0018334673212791117,0
654664,5,0,7.942453949478946e-05,0.0018334673212791117,0
654668,5,0,0.0018492617285487585,0.0018334673212791117,1
654679,5,0,0.0019472745644862838,0.0018334673212791117,1
654698,5,0,0.000603298938109421,0.0018334673212791117,0
654714,5,0,0.0003656713709987136,0.0018334673212791117,0
654715,5,0,0.016210687026144872,0.0018334673212791117,1
654754,5,0,0.0009846558671325438,0.0018334673212791117,0
654756,5,0,0.0011968791949572594,0.0018334673212791117,0
654762,5,0,9.173009290902821e-05,0.0018334673212791117,0
654768,5,0,0.000541710857166022,0.0018334673212791117,0
654798,5,0,0.001239416886056308,0.0018334673212791117,0
654801,5,0,0.0004680560779806615,0.0018334673212791117,0
654811,5,0,0.0037078548100716187,0.0018334673212791117,1
654813,5,0,0.0004308058624082301,0.0018334673212791117,0
654823,5,0,0.0006611257610238029,0.0018334673212791117,0
654852,5,0,0.004396997137048942,0.0018334673212791117,1
654879,5,0,0.0006689227595908701,0.0018334673212791117,0
654947,5,0,0.0030758675965858627,0.0018334673212791117,1
654995,5,0,0.0003377171581989251,0.0018334673212791117,0
655015,5,0,0.00037259559000802646,0.0018334673212791117,0
655035,5,0,0.00046845660394265117,0.0018334673212791117,0
655036,5,0,0.00018061979952450178,0.0018334673212791117,0
655056,5,0,0.001228536919447108,0.0018334673212791117,0
655061,5,0,4.3963368987430494e-05,0.0018334673212791117,0
655072,5,0,0.0008974347135213763,0.0018334673212791117,0
655077,5,0,0.0007266354433166912,0.0018334673212791117,0
655090,5,0,0.0003772038871422217,0.0018334673212791117,0
655096,5,0,0.0012785376554831965,0.0018334673212791117,0
655111,5,0,0.0034237197183620964,0.0018334673212791117,1
655128,5,0,0.008328474646332674,0.0018334673212791117,1
655130,5,0,0.0009667346585527245,0.0018334673212791117,0
655156,5,0,0.006373594647058097,0.0018334673212791117,1
655171,5,0,0.0026917410655242563,0.0018334673212791117,1
655304,5,0,0.001432727484312243,0.0018334673212791117,0
655310,5,0,4.5170949932918475e-05,0.0018334673212791117,0
655322,5,0,0.001843370155314285,0.0018334673212791117,1
655329,5,0,1.2253472266051457e-05,0.0018334673212791117,0
655336,5,0,0.00100405906235625,0.0018334673212791117,0
655371,5,0,0.000901900099805839,0.0018334673212791117,0
655426,5,0,0.0012784226830438407,0.0018334673212791117,0
655450,5,0,0.000337200906607201,0.0018334673212791117,0
655486,5,0,0.0027164457086601697,0.0018334673212791117,1
655500,5,0,0.0020068377419814112,0.0018334673212791117,1
655506,5,0,0.0006884104975280726,0.0018334673212791117,0
655515,5,0,0.0056902680053073085,0.0018334673212791117,1
655534,5,0,0.0006010934236601454,0.0018334673212791117,0
655544,5,0,0.00018050111786537416,0.0018334673212791117,0
655554,5,0,0.0006822679818013858,0.0018334673212791117,0
655592,5,0,4.877988804897317e-05,0.0018334673212791117,0
655608,5,0,0.0016774566813548663,0.0018334673212791117,0
655740,5,0,0.002159712045683508,0.0018334673212791117,1
655742,5,0,0.0003111722755095173,0.0018334673212791117,0
655754,5,0,0.005161182900680001,0.0018334673212791117,1
655757,5,0,0.0010449369478819236,0.0018334673212791117,0
655803,5,0,0.0006363743587276563,0.0018334673212791117,0
655853,5,0,0.0003838063137921613,0.0018334673212791117,0
655901,5,0,0.0005743143766854558,0.0018334673212791117,0
655930,5,0,0.000335112229349469,0.0018334673212791117,0
656003,5,0,0.0005440074515393914,0.0018334673212791117,0
656013,5,0,0.0006668051152110934,0.0018334673212791117,0
656033,5,0,0.0012022401286309477,0.0018334673212791117,0
656037,5,0,0.0002349938244463314,0.0018334673212791117,0
656065,5,0,0.0003752492760668926,0.0018334673212791117,0
656078,5,0,0.0009845392667557193,0.0018334673212791117,0
656093,5,0,0.0004604084305443858,0.0018334673212791117,0
656111,5,0,0.0017586594993129932,0.0018334673212791117,0
656113,5,0,0.00016864424556396073,0.0018334673212791117,0
656115,5,0,0.00011672261614954409,0.0018334673212791117,0
656170,5,0,7.61938881092639e-05,0.0018334673212791117,0
656180,5,0,0.002480910742610866,0.0018334673212791117,1
656207,5,0,0.00015625229196008185,0.0018334673212791117,0
656210,5,0,2.4519772611636483e-05,0.0018334673212791117,0
656264,5,0,0.00040082520511124363,0.0018334673212791117,0
656268,5,0,0.0012717030873227305,0.0018334673212791117,0
656275,5,0,0.0008442725403449887,0.0018334673212791117,0
656285,5,0,0.008168967989475286,0.0018334673212791117,1
656295,5,0,0.0004139861820518973,0.0018334673212791117,0
656314,5,0,0.00019957108150299487,0.0018334673212791117,0
656324,5,0,0.0005182396483885756,0.0018334673212791117,0
656337,5,0,0.00015401584102866782,0.0018334673212791117,0
656339,5,0,0.0004478241651542836,0.0018334673212791117,0
656347,5,0,8.467172305789991e-05,0.0018334673212791117,0
657308,5,0,0.0014039504088368755,0.0018334673212791117,0
657381,5,0,0.0014184204051358629,0.0018334673212791117,0
657443,5,0,0.00015496920181779061,0.0018334673212791117,0
657469,5,0,0.001240306167375834,0.0018334673212791117,0
657495,5,0,0.0017851283407832891,0.0018334673212791117,0
657548,5,0,0.0004689788605061074,0.0018334673212791117,0
657553,5,0,0.00013314031654874603,0.0018334673212791117,0
657556,5,0,0.00237583339494313,0.0018334673212791117,1
657682,5,0,0.020957541862679133,0.0018334673212791117,1
657722,5,0,0.000741285167119334,0.0018334673212791117,0
657825,5,0,3.5793255659256705e-05,0.0018334673212791117,0
657957,5,0,0.004538719306259614,0.0018334673212791117,1
657977,5,0,0.00016155927018563719,0.0018334673212791117,0
658112,5,0,0.0008372981891291137,0.0018334673212791117,0
658119,5,0,0.00017605114257577618,0.0018334673212791117,0
658131,5,0,0.0015420309466991358,0.0018334673212791117,0
658147,5,0,0.0012502114117983066,0.0018334673212791117,0
658162,5,0,0.0015411305097171775,0.0018334673212791117,0
658168,5,0,0.0006709200569349313,0.0018334673212791117,0
658171,5,0,0.0004077371450381553,0.0018334673212791117,0
658248,5,0,0.0009992386446893236,0.0018334673212791117,0
658313,5,0,0.003046210532502873,0.0018334673212791117,1
658332,5,0,0.0009078253325423543,0.0018334673212791117,0
658342,5,0,9.567925730341763e-05,0.0018334673212791117,0
658374,5,0,9.639469914437484e-05,0.0018334673212791117,0
658489,5,0,0.0002987753834814052,0.0018334673212791117,0
658599,5,0,0.001558372393607325,0.0018334673212791117,0
658705,5,0,8.628910931922767e-05,0.0018334673212791117,0
658846,5,0,0.0006724181562970478,0.0018334673212791117,0
658847,5,0,0.00047214406608791376,0.0018334673212791117,0
658854,5,0,0.00019519056325730663,0.0018334673212791117,0
658864,5,0,0.000407139214333194,0.0018334673212791117,0
658878,5,0,0.000855215726209662,0.0018334673212791117,0
658909,5,0,0.0003291814426278396,0.0018334673212791117,0
658920,5,0,0.0019161825368815052,0.0018334673212791117,1
658950,5,0,0.0027722870552490224,0.0018334673212791117,1
658959,5,0,0.00011550554566812233,0.0018334673212791117,0
659001,5,0,0.00018646425101743734,0.0018334673212791117,0
659044,5,0,0.00027730117908560695,0.0018334673212791117,0
659045,5,0,0.0004901395091908877,0.0018334673212791117,0
659081,5,0,0.0005972483848225883,0.0018334673212791117,0
659111,5,0,0.0013366605239594311,0.0018334673212791117,0
659216,5,0,4.001584375793801e-05,0.0018334673212791117,0
659232,5,0,0.00037720155171974305,0.0018334673212791117,0
659294,5,0,0.000187860488984222,0.0018334673212791117,0
659337,5,0,0.00028104535699749656,0.0018334673212791117,0
659405,5,0,0.0007594001382484551,0.0018334673212791117,0
659409,5,0,0.0066307485736558005,0.0018334673212791117,1
659416,5,0,0.00045274504876477976,0.0018334673212791117,0
659514,5,0,0.0013448571685890126,0.0018334673212791117,0
659530,5,0,0.0011004875900293236,0.0018334673212791117,0
659550,5,0,0.001805768158499891,0.0018334673212791117,0
659610,5,0,0.0008736311196844913,0.0018334673212791117,0
659623,5,0,0.0001291975135405713,0.0018334673212791117,0
659701,5,0,0.0005579546822685209,0.0018334673212791117,0
659817,5,0,0.0033402322331049926,0.0018334673212791117,1
659852,5,0,9.638926540989116e-05,0.0018334673212791117,0
659927,5,0,0.0025948675656502843,0.0018334673212791117,1
659948,5,0,0.0005710709815210434,0.0018334673212791117,0
659952,5,0,0.00018707316217513435,0.0018334673212791117,0
660000,5,0,0.00010782116367211708,0.0018334673212791117,0
660012,5,0,0.004926962713446875,0.0018334673212791117,1
660044,5,0,0.0002066052242479012,0.0018334673212791117,0
660048,5,0,0.0014085162956969516,0.0018334673212791117,0
660063,5,0,0.0008242304372550743,0.0018334673212791117,0
660069,5,0,0.0005912815412646792,0.0018334673212791117,0
660079,5,0,0.0007618755531673769,0.0018334673212791117,0
660115,5,0,0.0021774558185834506,0.0018334673212791117,1
660126,5,0,0.002089816962382447,0.0018334673212791117,1
660139,5,0,0.0036258848534661647,0.0018334673212791117,1
660149,5,0,0.0009884403413492851,0.0018334673212791117,0
660156,5,0,0.001057661689870427,0.0018334673212791117,0
660259,5,0,0.0013643255500627235,0.0018334673212791117,0
660271,5,0,0.00046999362869152905,0.0018334673212791117,0
660298,5,0,0.0004866806893771142,0.0018334673212791117,0
660358,5,0,0.0015012377008641546,0.0018334673212791117,0
660386,5,0,0.0020378054934465316,0.0018334673212791117,1
660399,5,0,0.0011525005119893586,0.0018334673212791117,0
660484,5,0,0.0005570572146096736,0.0018334673212791117,0
660532,5,0,0.0016124513754062722,0.0018334673212791117,0
660559,5,0,0.00030581434944109456,0.0018334673212791117,0
660564,5,0,0.00045506871373290957,0.0018334673212791117,0
660575,5,0,0.0012915047877768498,0.0018334673212791117,0
660588,5,0,0.001987291483046113,0.0018334673212791117,1
660622,5,0,0.0003712640987468449,0.0018334673212791117,0
660628,5,0,0.0014088691591471673,0.0018334673212791117,0
660658,5,0,0.0004469078231492949,0.0018334673212791117,0
660688,5,0,0.0015148359254607,0.0018334673212791117,0
660718,5,0,0.0007966299751485503,0.0018334673212791117,0
660816,5,0,0.0018641166822295947,0.0018334673212791117,1
660823,5,0,0.00021461803876101114,0.0018334673212791117,0
660826,5,0,0.008083535456675568,0.0018334673212791117,1
660832,5,0,0.001419207371386981,0.0018334673212791117,0
660848,5,0,5.7817762148275635e-05,0.0018334673212791117,0
660877,5,0,0.00024242286599489873,0.0018334673212791117,0
660890,5,0,0.0005265497486665611,0.0018334673212791117,0
660933,5,0,0.000997766088438443,0.0018334673212791117,0
660938,5,0,0.0018737573681838514,0.0018334673212791117,1
660950,5,0,0.0013050912229631442,0.0018334673212791117,0
660971,5,0,0.00012146047498118082,0.0018334673212791117,0
660997,5,0,0.0010604848694720256,0.0018334673212791117,0
661012,5,0,0.0006412438645710245,0.0018334673212791117,0
661089,5,0,0.0006137748828103122,0.0018334673212791117,0
661099,5,0,0.000260576841880547,0.0018334673212791117,0
661179,5,0,0.0024457707319250287,0.0018334673212791117,1
661185,5,0,0.0014404888474749142,0.0018334673212791117,0
661217,5,0,0.0015089720754825073,0.0018334673212791117,0
661236,5,0,0.001002669023854462,0.0018334673212791117,0
661240,5,0,0.0006716312487391897,0.0018334673212791117,0
661243,5,0,0.00012202149226996897,0.0018334673212791117,0
661308,5,0,0.00024344484057716023,0.0018334673212791117,0
661324,5,0,0.00021973952926611633,0.0018334673212791117,0
661525,5,0,8.456755120678209e-05,0.0018334673212791117,0
661528,5,0,0.00017995654565062524,0.0018334673212791117,0
661531,5,0,0.0008502305988138002,0.0018334673212791117,0
661541,5,0,0.011967862346524456,0.0018334673212791117,1
661582,5,0,0.001611740257698086,0.0018334673212791117,0
661602,5,0,0.0013105874452488363,0.0018334673212791117,0
661634,5,0,0.0003618613996658674,0.0018334673212791117,0
661638,5,0,0.000546503473084926,0.0018334673212791117,0
661669,5,0,0.0017473861159463637,0.0018334673212791117,0
661715,5,0,0.002252549208486607,0.0018334673212791117,1
661735,5,0,0.00187582809956535,0.0018334673212791117,1
661750,5,0,0.001005402669567285,0.0018334673212791117,0
661754,5,0,0.0006063386062188802,0.0018334673212791117,0
661824,5,0,0.000916292286562366,0.0018334673212791117,0
661906,5,0,0.0003882544485742301,0.0018334673212791117,0
662081,5,0,0.0010117323684765939,0.0018334673212791117,0
662096,5,0,0.0009124137496529786,0.0018334673212791117,0
662162,5,0,0.00045247158294980716,0.0018334673212791117,0
662173,5,0,0.004308790580100398,0.0018334673212791117,1
662197,5,0,0.0016941270731408045,0.0018334673212791117,0
662235,5,0,0.0013327523420079762,0.0018334673212791117,0
662262,5,0,0.0005973112480169924,0.0018334673212791117,0
662264,5,0,0.0004689211033656851,0.0018334673212791117,0
662316,5,0,0.0002094793993425565,0.0018334673212791117,0
662320,5,0,0.0032033414698382353,0.0018334673212791117,1
662322,5,0,0.00029715192625897843,0.0018334673212791117,0
662348,5,0,0.0018819815819072097,0.0018334673212791117,1
662352,5,0,0.0004663160899550647,0.0018334673212791117,0
662413,5,0,0.002571709325258146,0.0018334673212791117,1
662474,5,0,0.0030591824635293743,0.0018334673212791117,1
662555,5,0,0.0012478084984783267,0.0018334673212791117,0
662607,5,0,0.00043921386071508827,0.0018334673212791117,0
662678,5,0,0.008535789612248663,0.0018334673212791117,1
662696,5,0,0.0003449156597981246,0.0018334673212791117,0
662699,5,0,0.0015771665233108197,0.0018334673212791117,0
662722,5,0,0.0014725020573488924,0.0018334673212791117,0
662727,5,0,0.00015253756850936185,0.0018334673212791117,0
662762,5,0,0.003391995038863631,0.0018334673212791117,1
662765,5,0,0.000896397379797204,0.0018334673212791117,0
662806,5,0,0.0009077848754473551,0.0018334673212791117,0
662823,5,0,0.018570316815009903,0.0018334673212791117,1
662831,5,0,0.00010618884478001408,0.0018334673212791117,0
662869,5,0,0.001866348986173696,0.0018334673212791117,1
662872,5,0,0.011713899328353108,0.0018334673212791117,1
662881,5,0,0.002562442347832194,0.0018334673212791117,1
662908,5,0,0.0010605879895329278,0.0018334673212791117,0
662954,5,0,0.0011688976199117462,0.0018334673212791117,0
662977,5,0,0.0025846923270065347,0.0018334673212791117,1
662982,5,0,0.01065902264299887,0.0018334673212791117,1
662988,5,0,0.000765103156581948,0.0018334673212791117,0
663023,5,0,0.0008972945511305094,0.0018334673212791117,0
663046,5,0,0.01076690681579877,0.0018334673212791117,1
663179,5,0,0.00024762767426332507,0.0018334673212791117,0
663182,5,0,0.0009929250510969333,0.0018334673212791117,0
663256,5,0,0.007969999558522201,0.0018334673212791117,1
663265,5,0,0.0006438238515061542,0.0018334673212791117,0
663281,5,0,0.00032719260604551837,0.0018334673212791117,0
663318,5,0,0.00026568318588572116,0.0018334673212791117,0
663342,5,0,0.00039227324585989657,0.0018334673212791117,0
663380,5,0,0.00046849808423869466,0.0018334673212791117,0
663451,5,0,0.0005042437787271133,0.0018334673212791117,0
663452,5,0,0.00018487502907272828,0.0018334673212791117,0
663456,5,0,0.000803445629001565,0.0018334673212791117,0
663490,5,0,0.0005673559140531384,0.0018334673212791117,0
663539,5,0,0.001183345219986989,0.0018334673212791117,0
663589,5,0,0.0008034912317246628,0.0018334673212791117,0
663591,5,0,0.00021473284736247197,0.0018334673212791117,0
663592,5,0,0.0009900212946788813,0.0018334673212791117,0
663637,5,0,0.0005891395695917281,0.0018334673212791117,0
663645,5,0,0.0006517606051337581,0.0018334673212791117,0
663650,5,0,0.0002271662547636128,0.0018334673212791117,0
663692,5,0,9.418605816566439e-05,0.0018334673212791117,0
663696,5,0,0.00015518952310363533,0.0018334673212791117,0
663703,5,0,0.003351022069619457,0.0018334673212791117,1
663752,5,0,0.002112217650178101,0.0018334673212791117,1
663762,5,0,0.000797227064310962,0.0018334673212791117,0
663773,5,0,0.0008345021967221992,0.0018334673212791117,0
663803,5,0,0.0006951382540773947,0.0018334673212791117,0
663819,5,0,0.00011013726518740443,0.0018334673212791117,0
663841,5,0,0.0014191208285662935,0.0018334673212791117,0
663849,5,0,0.00015792273202381603,0.0018334673212791117,0
663850,5,0,0.00016638778574634314,0.0018334673212791117,0
663867,5,0,0.0010383744394705378,0.0018334673212791117,0
663884,5,0,0.0006317111394067559,0.0018334673212791117,0
663891,5,0,0.0003956439542851039,0.0018334673212791117,0
663903,5,0,0.0005677813003584663,0.0018334673212791117,0
663912,5,0,0.00012900161122071714,0.0018334673212791117,0
663922,5,0,0.0013377109423826214,0.0018334673212791117,0
663964,5,0,0.00012051369185148043,0.0018334673212791117,0
663977,5,0,0.0003814634672088038,0.0018334673212791117,0
663980,5,0,0.0009953545021396427,0.0018334673212791117,0
664013,5,0,0.001372106280505141,0.0018334673212791117,0
664038,5,0,0.0003161021775049028,0.0018334673212791117,0
664056,5,0,4.0806501128156836e-05,0.0018334673212791117,0
664093,5,0,3.3765281499095565e-05,0.0018334673212791117,0
664141,5,0,0.0033711588756298975,0.0018334673212791117,1
664166,5,0,0.0005742835028627963,0.0018334673212791117,0
664206,5,0,0.00019857685600114074,0.0018334673212791117,0
664229,5,0,0.007700979472498335,0.0018334673212791117,1
664255,5,0,0.0009863948669453916,0.0018334673212791117,0
664263,5,0,0.004110620622345112,0.0018334673212791117,1
664320,5,0,0.0019238455425058512,0.0018334673212791117,1
664340,5,0,7.659788633255043e-05,0.0018334673212791117,0
664344,5,0,0.0013182319086211443,0.0018334673212791117,0
664346,5,0,0.00016010037273724666,0.0018334673212791117,0
664354,5,0,0.00015683351513557262,0.0018334673212791117,0
664371,5,0,0.00024438584046354984,0.0018334673212791117,0
664377,5,0,0.0002829373206998874,0.0018334673212791117,0
664587,5,0,0.0011727601557681329,0.0018334673212791117,0
664702,5,0,0.00010285828908848153,0.0018334673212791117,0
664712,5,0,0.00020598401997919908,0.0018334673212791117,0
664736,5,0,5.685961115810533e-05,0.0018334673212791117,0
664746,5,0,0.0010576537677418696,0.0018334673212791117,0
664750,5,0,0.0007851165514087808,0.0018334673212791117,0
664770,5,0,0.0006161730232091199,0.0018334673212791117,0
664778,5,0,8.105663435938245e-05,0.0018334673212791117,0
664784,5,0,0.004162289016147461,0.0018334673212791117,1
664788,5,0,0.0020400655083492735,0.0018334673212791117,1
664791,5,0,0.0008890916879028671,0.0018334673212791117,0
664795,5,0,0.00049944564683255,0.0018334673212791117,0
664836,5,0,0.00013476894780058434,0.0018334673212791117,0
664837,5,0,0.002852961839483702,0.0018334673212791117,1
664847,5,0,0.0003417504581285688,0.0018334673212791117,0
664884,5,0,5.492640159435109e-05,0.0018334673212791117,0
664897,5,0,0.0025230489355189635,0.0018334673212791117,1
664913,5,0,0.0011631265139405381,0.0018334673212791117,0
664916,5,0,0.00018050672129464216,0.0018334673212791117,0
664937,5,0,0.0005832743863842181,0.0018334673212791117,0
664953,5,0,0.002199853846012977,0.0018334673212791117,1
664962,5,0,0.0006773868905629234,0.0018334673212791117,0
664984,5,0,0.01149942478975491,0.0018334673212791117,1
665029,5,0,0.0002888336986262816,0.0018334673212791117,0
665056,5,0,0.0007552121731261323,0.0018334673212791117,0
665058,5,0,0.0006205946173093607,0.0018334673212791117,0
665097,5,0,0.0002747937588888641,0.0018334673212791117,0
665142,5,0,0.0009324902843283875,0.0018334673212791117,0
665144,5,0,0.00042250019012109733,0.0018334673212791117,0
665177,5,0,0.0015057407851111935,0.0018334673212791117,0
665180,5,0,0.0033255644951155796,0.0018334673212791117,1
665197,5,0,6.110823962809392e-05,0.0018334673212791117,0
665216,5,0,0.00018351899588704273,0.0018334673212791117,0
665219,5,0,0.0003621541440030815,0.0018334673212791117,0
665224,5,0,0.001904230732138517,0.0018334673212791117,1
665235,5,0,0.0037831144028995234,0.0018334673212791117,1
665246,5,0,0.00013189547918406828,0.0018334673212791117,0
665250,5,0,0.0013060774986035175,0.0018334673212791117,0
665259,5,0,8.979286995492847e-05,0.0018334673212791117,0
665267,5,0,0.0002661131345621765,0.0018334673212791117,0
665269,5,0,0.002167158185427521,0.0018334673212791117,1
665278,5,0,0.001081625914417012,0.0018334673212791117,0
665279,5,0,0.0017916543589548506,0.0018334673212791117,0
665288,5,0,0.0001128177668372062,0.0018334673212791117,0
665295,5,0,0.0023023022517814446,0.0018334673212791117,1
665325,5,0,0.002282743878876026,0.0018334673212791117,1
665335,5,0,0.000720550565792919,0.0018334673212791117,0
665337,5,0,0.0003841717408490691,0.0018334673212791117,0
665412,5,0,0.0007968892513595823,0.0018334673212791117,0
665446,5,0,0.00038591264360629275,0.0018334673212791117,0
665508,5,0,4.291129851295053e-05,0.0018334673212791117,0
665510,5,0,0.0012201555665030497,0.0018334673212791117,0
665588,5,0,0.0010125689293059915,0.0018334673212791117,0
665626,5,0,0.00013096930750530425,0.0018334673212791117,0
665641,5,0,0.0005471576439893823,0.0018334673212791117,0
665665,5,0,0.0008551233286693773,0.0018334673212791117,0
665674,5,0,0.0009309474338918061,0.0018334673212791117,0
665685,5,0,0.000172584948476192,0.0018334673212791117,0
665691,5,0,0.0010416364250017262,0.0018334673212791117,0
665694,5,0,0.0008372731205351524,0.0018334673212791117,0
665698,5,0,0.0010830786286780492,0.0018334673212791117,0
665765,5,0,0.00021306968261849217,0.0018334673212791117,0
665772,5,0,0.00011290292086079903,0.0018334673212791117,0
665774,5,0,0.00027111986119616907,0.0018334673212791117,0
665822,5,0,0.0008817808361906501,0.0018334673212791117,0
665840,5,0,0.004042213262968115,0.0018334673212791117,1
665848,5,0,0.0017590544471594981,0.0018334673212791117,0
665871,5,0,0.0004233147510861594,0.0018334673212791117,0
665908,5,0,0.00047707734722222196,0.0018334673212791117,0
665913,5,0,0.00012572064994717473,0.0018334673212791117,0
665945,5,0,0.00019436083249850912,0.0018334673212791117,0
665954,5,0,0.006868910909872969,0.0018334673212791117,1
665956,5,0,0.00078148099846995,0.0018334673212791117,0
665972,5,0,3.3268376168130005e-05,0.0018334673212791117,0
665995,5,0,0.006882265598417444,0.0018334673212791117,1
666003,5,0,0.0008468496957954791,0.0018334673212791117,0
666074,5,0,0.00020773343619511368,0.0018334673212791117,0
666115,5,0,0.0009417525917061541,0.0018334673212791117,0
666135,5,0,0.0005239549209684959,0.0018334673212791117,0
666142,5,0,0.0008247408765702036,0.0018334673212791117,0
666180,5,0,7.178918505945027e-05,0.0018334673212791117,0
666204,5,0,0.007050728178665573,0.0018334673212791117,1
666260,5,0,0.0008647339048191658,0.0018334673212791117,0
666276,5,0,0.0002701212624465781,0.0018334673212791117,0
666295,5,0,0.001290385852463591,0.0018334673212791117,0
666298,5,0,0.0008296032446957912,0.0018334673212791117,0
666347,5,0,0.0010030319698563048,0.0018334673212791117,0
666351,5,0,0.00013947230958054555,0.0018334673212791117,0
666368,5,0,0.0008000950494416712,0.0018334673212791117,0
666380,5,0,4.2476686941195426e-05,0.0018334673212791117,0
666388,5,0,0.00016849408862172486,0.0018334673212791117,0
666420,5,0,0.0003519408449010059,0.0018334673212791117,0
666427,5,0,0.005901181251625026,0.0018334673212791117,1
666430,5,0,5.063759431421418e-05,0.0018334673212791117,0
666505,5,0,0.0003002474313761207,0.0018334673212791117,0
666506,5,0,0.0009449888493945239,0.0018334673212791117,0
666528,5,0,0.00026637596958291066,0.0018334673212791117,0
666542,5,0,0.0009713217907947158,0.0018334673212791117,0
666544,5,0,0.0007719896333279022,0.0018334673212791117,0
666563,5,0,0.0010153077812878795,0.0018334673212791117,0
666597,5,0,6.143149914877036e-05,0.0018334673212791117,0
666618,5,0,0.0008045943917815249,0.0018334673212791117,0
666646,5,0,0.002648880580967968,0.0018334673212791117,1
666647,5,0,0.0010880422235955037,0.0018334673212791117,0
666652,5,0,6.118257345124538e-05,0.0018334673212791117,0
666675,5,0,9.244671466821937e-05,0.0018334673212791117,0
666678,5,0,0.005707950008714171,0.0018334673212791117,1
666681,5,0,0.00047665902380305126,0.0018334673212791117,0
666683,5,0,0.0009387738486621587,0.0018334673212791117,0
666738,5,0,0.0003107678748151123,0.0018334673212791117,0
666739,5,0,0.002676592590034878,0.0018334673212791117,1
666783,5,0,0.000682189661877857,0.0018334673212791117,0
666795,5,0,0.0004969292775688413,0.0018334673212791117,0
666807,5,0,0.0002938126964801855,0.0018334673212791117,0
666869,5,0,0.0003392635614658956,0.0018334673212791117,0
666893,5,0,0.000651369949576059,0.0018334673212791117,0
666916,5,0,0.0005442238477410002,0.0018334673212791117,0
666927,5,0,0.001873174792910192,0.0018334673212791117,1
666965,5,0,0.004087627809306502,0.0018334673212791117,1
666980,5,0,0.013798610931795022,0.0018334673212791117,1
666995,5,0,0.0014691869156065961,0.0018334673212791117,0
667001,5,0,0.001208448953142417,0.0018334673212791117,0
667008,5,0,0.0028672291150902917,0.0018334673212791117,1
667029,5,0,0.0006975018889652645,0.0018334673212791117,0
667038,5,0,0.00010297643479888487,0.0018334673212791117,0
667040,5,0,0.002273698103793911,0.0018334673212791117,1
667108,5,0,0.000586901298326017,0.0018334673212791117,0
667120,5,0,0.00034283766519279643,0.0018334673212791117,0
667122,5,0,0.00017613687374695486,0.0018334673212791117,0
667146,5,0,0.00024747967199356295,0.0018334673212791117,0
667149,5,0,0.0001854468061727186,0.0018334673212791117,0
667151,5,0,0.00324809148325146,0.0018334673212791117,1
667196,5,0,0.001869295977381002,0.0018334673212791117,1
667198,5,0,0.00016310248583556927,0.0018334673212791117,0
667208,5,0,0.003212223918561866,0.0018334673212791117,1
667262,5,0,0.00014197711569357462,0.0018334673212791117,0
667285,5,0,0.003077554709231376,0.0018334673212791117,1
667332,5,0,0.00014107844208105505,0.0018334673212791117,0
667374,5,0,0.0022297094800290047,0.0018334673212791117,1
667404,5,0,0.0019563310138210554,0.0018334673212791117,1
668002,5,0,0.0012071173569170993,0.0018334673212791117,0
668656,5,0,0.001441942062855372,0.0018334673212791117,0
668938,5,0,0.0006391560317632689,0.0018334673212791117,0
669283,5,0,0.000452252589756025,0.0018334673212791117,0
669633,5,0,0.00013952845740341645,0.0018334673212791117,0
669817,5,0,0.0009545336475060398,0.0018334673212791117,0
669941,5,0,0.0003478814452670618,0.0018334673212791117,0
670282,5,0,0.0013589315747865422,0.0018334673212791117,0
670767,5,0,0.0013106063993847613,0.0018334673212791117,0
672420,5,0,0.0008575932376252882,0.0018334673212791117,0
672426,5,0,0.0008569799858469582,0.0018334673212791117,0
672470,5,0,0.002295274601546202,0.0018334673212791117,1
672502,5,0,0.0008451584662411387,0.0018334673212791117,0
673338,5,0,3.0267011027205076e-05,0.0018334673212791117,0
673500,5,0,0.0005087099208187554,0.0018334673212791117,0
675342,5,0,0.00026367674329194347,0.0018334673212791117,0
676486,5,0,0.0017568183031426282,0.0018334673212791117,0
676911,5,0,0.0008308031686295694,0.0018334673212791117,0
677170,5,0,3.4837307422101656e-05,0.0018334673212791117,0
677846,5,0,0.0004734474164401875,0.0018334673212791117,0
678654,5,0,0.0016197902881905021,0.0018334673212791117,0
679960,5,0,9.942025047745786e-05,0.0018334673212791117,0
682457,5,0,0.011622271261541996,0.0018334673212791117,1
683952,5,0,0.000217182151553747,0.0018334673212791117,0
684366,5,0,0.001501842431938914,0.0018334673212791117,0
685176,5,0,5.7795349328624544e-05,0.0018334673212791117,0
686268,5,0,0.0009501269365591709,0.0018334673212791117,0
693917,5,0,0.006585382029141512,0.0018334673212791117,1
697331,5,0,0.0013750454225365954,0.0018334673212791117,0
697564,5,0,0.0005736154683430959,0.0018334673212791117,0
700317,5,0,0.004083877408602375,0.0018334673212791117,1
700581,5,0,0.0002450939617808667,0.0018334673212791117,0
700590,5,0,0.0015706552445561364,0.0018334673212791117,0
700610,5,0,0.0019725578136059376,0.0018334673212791117,1
700683,5,0,0.00025498080604608304,0.0018334673212791117,0
700868,5,0,0.0012626913654979308,0.0018334673212791117,0
701261,5,0,0.003958398723722689,0.0018334673212791117,1
701437,5,0,0.0003056765402340668,0.0018334673212791117,0
701750,5,0,0.000699262014383384,0.0018334673212791117,0
702091,5,0,0.0005122319520682996,0.0018334673212791117,0
702337,5,0,0.006955780094664523,0.0018334673212791117,1
703762,5,0,0.0010799453013986616,0.0018334673212791117,0
704084,5,0,0.000533641852284869,0.0018334673212791117,0
705847,5,0,0.0013053388075361324,0.0018334673212791117,0
705884,5,0,0.003935253858769944,0.0018334673212791117,1
706057,5,0,0.0004259853372911926,0.0018334673212791117,0
707719,5,0,0.0006108795210945755,0.0018334673212791117,0
710911,5,0,0.031211220599165763,0.0018334673212791117,1
711266,5,0,0.00013926166079484658,0.0018334673212791117,0
711452,5,0,0.0023913318897169277,0.0018334673212791117,1
711914,5,0,0.00026411778647981223,0.0018334673212791117,0
711930,5,0,0.0013526888189180162,0.0018334673212791117,0
712665,5,0,0.0006349749684917051,0.0018334673212791117,0
712743,5,0,0.0048084385540137446,0.0018334673212791117,1
712921,5,0,0.0014389899572657089,0.0018334673212791117,0
712995,5,0,0.005010706405933551,0.0018334673212791117,1
713220,5,0,0.0005135365853785032,0.0018334673212791117,0
713311,5,0,0.0038246240339018236,0.0018334673212791117,1
713384,5,0,0.000833347369451025,0.0018334673212791117,0
713644,5,0,0.0005418241187218983,0.0018334673212791117,0
713796,5,0,0.0002953831349063375,0.0018334673212791117,0
714021,5,0,0.00025018135052370813,0.0018334673212791117,0
714041,5,0,0.0006122362531314962,0.0018334673212791117,0
714196,5,0,0.0008129975644937933,0.0018334673212791117,0
714288,5,0,0.0005146291242813732,0.0018334673212791117,0
714386,5,0,0.001140178066552322,0.0018334673212791117,0
714668,5,0,0.001594891142963823,0.0018334673212791117,0
714973,5,0,0.001989464314845938,0.0018334673212791117,1
715101,5,0,0.00027662884447110335,0.0018334673212791117,0
715241,5,0,0.0005920312087289542,0.0018334673212791117,0
715527,5,0,0.0018645075447718859,0.0018334673212791117,1
715566,5,0,0.00023533625765827958,0.0018334673212791117,0
716574,5,0,0.00018197951683489633,0.0018334673212791117,0
716696,5,0,0.00010027422961789921,0.0018334673212791117,0
717126,5,0,0.0005930978836696597,0.0018334673212791117,0
717178,5,0,0.00119630436455061,0.0018334673212791117,0
717236,5,0,0.0001469102015587456,0.0018334673212791117,0
717564,5,0,8.111315106097611e-05,0.0018334673212791117,0
717800,5,0,0.00011802753566929102,0.0018334673212791117,0
717851,5,0,0.0009370331947537137,0.0018334673212791117,0
717865,5,0,0.008186802491867068,0.0018334673212791117,1
717930,5,0,0.00028131084385766956,0.0018334673212791117,0
717987,5,0,0.0008305232387170397,0.0018334673212791117,0
718044,5,0,0.00010340883755608088,0.0018334673212791117,0
718054,5,0,0.00013803849055966596,0.0018334673212791117,0
718473,5,0,0.00010997925130282249,0.0018334673212791117,0
718532,5,0,0.0009257510978587576,0.0018334673212791117,0
718677,5,0,0.0002689645311095701,0.0018334673212791117,0
718720,5,0,0.00033514212055756135,0.0018334673212791117,0
718860,5,0,0.003208623972446915,0.0018334673212791117,1
719638,5,0,3.498682320961994e-05,0.0018334673212791117,0
719677,5,0,0.00016066363445110758,0.0018334673212791117,0
720055,5,0,0.00022448401155126814,0.0018334673212791117,0
720097,5,0,0.008064852306726981,0.0018334673212791117,1
722169,5,0,0.0005484017354604251,0.0018334673212791117,0
722193,5,0,0.0005499969992930841,0.0018334673212791117,0
722533,5,0,0.0003328760884613797,0.0018334673212791117,0
722997,5,0,0.0016475029496179846,0.0018334673212791117,0
723219,5,0,0.0003743218765822153,0.0018334673212791117,0
723436,5,0,0.0002538063214140789,0.0018334673212791117,0
723997,5,0,0.00745775840518083,0.0018334673212791117,1
724088,5,0,0.00029988712459254015,0.0018334673212791117,0
725089,5,0,0.002250506934219185,0.0018334673212791117,1
726154,5,0,9.322589283361112e-05,0.0018334673212791117,0
727628,5,0,0.0014875607945310071,0.0018334673212791117,0
727692,5,0,0.0007234784272670794,0.0018334673212791117,0
727946,5,0,0.00045442336698114905,0.0018334673212791117,0
728166,5,0,0.0005970111315190992,0.0018334673212791117,0
729884,5,0,0.0007477825667613594,0.0018334673212791117,0
729992,5,0,0.0003554127551636037,0.0018334673212791117,0
730726,5,0,0.0009577932515925258,0.0018334673212791117,0
730934,5,0,0.0002439853636702497,0.0018334673212791117,0
732222,5,0,0.00011633884488698665,0.0018334673212791117,0
732237,5,0,0.00302120492493771,0.0018334673212791117,1
733623,5,0,0.008824806922852629,0.0018334673212791117,1
733747,5,0,0.0009042530538254899,0.0018334673212791117,0
734979,5,0,0.0003644122718245357,0.0018334673212791117,0
735026,5,0,0.0005833260018613388,0.0018334673212791117,0
737529,5,0,0.003076933452704921,0.0018334673212791117,1
737592,5,0,0.0002537060441151121,0.0018334673212791117,0
738368,5,0,0.0001350032572910654,0.0018334673212791117,0
738765,5,0,0.00033820110017164935,0.0018334673212791117,0
738906,5,0,0.0005289865616475664,0.0018334673212791117,0
739071,5,0,0.0001376159404155241,0.0018334673212791117,0
739909,5,0,0.00019033682792442028,0.0018334673212791117,0
739944,5,0,0.00040653364284337244,0.0018334673212791117,0
740612,5,0,0.0032681031815962303,0.0018334673212791117,1
740743,5,0,0.0007579460612558444,0.0018334673212791117,0
741666,5,0,0.0007268165597167643,0.0018334673212791117,0
741701,5,0,0.00797516344335713,0.0018334673212791117,1
742302,5,0,0.0004913720275027423,0.0018334673212791117,0
742378,5,0,0.0007482585975565928,0.0018334673212791117,0
742979,5,0,0.00025144243195832414,0.0018334673212791117,0
743396,5,0,0.00019680194936114908,0.0018334673212791117,0
743438,5,0,0.0010982021750435818,0.0018334673212791117,0
743724,5,0,0.003981993522716851,0.0018334673212791117,1
744688,5,0,0.009059470335630374,0.0018334673212791117,1
744955,5,0,0.00015879860816761252,0.0018334673212791117,0
745328,5,0,0.0026137719382840173,0.0018334673212791117,1
745404,5,0,0.03192151616892183,0.0018334673212791117,1
745548,5,0,0.00019444032640183556,0.0018334673212791117,0
746659,5,0,0.0003709546341326853,0.0018334673212791117,0
746912,5,0,0.0005838336365869958,0.0018334673212791117,0
747469,5,0,0.003716480735136959,0.0018334673212791117,1
747646,5,0,0.0005946531573633123,0.0018334673212791117,0
748291,5,0,0.008436973696704132,0.0018334673212791117,1
749183,5,0,0.0008285771858181395,0.0018334673212791117,0
749961,5,0,0.0008462057770183277,0.0018334673212791117,0
749966,5,0,0.016968034408911932,0.0018334673212791117,1
750538,5,0,0.00033554796944956203,0.0018334673212791117,0
750584,5,0,0.0003996485871772551,0.0018334673212791117,0
750773,5,0,0.0032853098018956477,0.0018334673212791117,1
750947,5,0,0.0032867211650569584,0.0018334673212791117,1
751478,5,0,0.0017760237524965874,0.0018334673212791117,0
751748,5,0,0.0006667217801449291,0.0018334673212791117,0
752042,5,0,0.00107536426786267,0.0018334673212791117,0
752432,5,0,0.00045122682332030716,0.0018334673212791117,0
753067,5,0,0.0001270495188899204,0.0018334673212791117,0
753179,5,0,0.00021277969200512566,0.0018334673212791117,0
753611,5,0,0.002954084704697658,0.0018334673212791117,1
753624,5,0,0.002902387396843776,0.0018334673212791117,1
754039,5,0,0.00015079965452659212,0.0018334673212791117,0
755061,5,0,0.0011622520643602583,0.0018334673212791117,0
755172,5,0,9.081842793905665e-05,0.0018334673212791117,0
756973,5,0,0.0003660708972206304,0.0018334673212791117,0
757063,5,0,0.0003707765612723504,0.0018334673212791117,0
757837,5,0,0.00021573974178916737,0.0018334673212791117,0
758009,5,0,0.0006098302320723262,0.0018334673212791117,0
758311,5,0,0.0004767749814606516,0.0018334673212791117,0
759944,5,0,0.014662529402984468,0.0018334673212791117,1
760888,5,0,0.0004988636072262232,0.0018334673212791117,0
761910,5,0,0.00024211585796274693,0.0018334673212791117,0
762359,5,0,8.496651448776696e-05,0.0018334673212791117,0
762507,5,0,0.002124275877464038,0.0018334673212791117,1
763579,5,0,0.0002707996789046779,0.0018334673212791117,0
763655,5,0,0.00047784762954503724,0.0018334673212791117,0
764226,5,0,0.0005759668623676275,0.0018334673212791117,0
765038,5,0,0.0001278727870643906,0.0018334673212791117,0
765967,5,0,0.0008319398968211685,0.0018334673212791117,0
766644,5,0,0.0006506829278959467,0.0018334673212791117,0
767119,5,0,0.00044489786622436105,0.0018334673212791117,0
767229,5,0,0.0005013004530495597,0.0018334673212791117,0
767618,5,0,0.00015439246025722764,0.0018334673212791117,0
767637,5,0,0.0005662000829999838,0.0018334673212791117,0
767662,5,0,0.00020245499999384025,0.0018334673212791117,0
767828,5,0,0.00010886913341735296,0.0018334673212791117,0
767904,5,0,0.001513476497038214,0.0018334673212791117,0
768122,5,0,0.0007440666155393718,0.0018334673212791117,0
768370,5,0,0.00024383963637295336,0.0018334673212791117,0
771150,5,0,0.0017626517869534734,0.0018334673212791117,0
771491,5,0,0.00030514458627628656,0.0018334673212791117,0
771667,5,0,0.0018606614234051833,0.0018334673212791117,1
772856,5,0,6.999205190456133e-05,0.0018334673212791117,0
773263,5,0,0.0001370069907699775,0.0018334673212791117,0
773925,5,0,0.0003150619620142962,0.0018334673212791117,0
774975,5,0,0.001730280507758737,0.0018334673212791117,0
775250,5,0,0.0002819048554900766,0.0018334673212791117,0
776645,5,0,0.01263748307217473,0.0018334673212791117,1
776717,5,0,2.2091677806642267e-05,0.0018334673212791117,0
776896,5,0,0.0006934781426245957,0.0018334673212791117,0
777095,5,0,0.00022700795366226978,0.0018334673212791117,0
777101,5,0,0.0037956439458026936,0.0018334673212791117,1
777756,5,0,0.0012321140934573426,0.0018334673212791117,0
778231,5,0,0.00015552289934018845,0.0018334673212791117,0
778342,5,0,0.0003808258067147889,0.0018334673212791117,0
778683,5,0,0.0013474109996207179,0.0018334673212791117,0
779426,5,0,0.00015854746208530298,0.0018334673212791117,0
779564,5,0,0.00014707030274050756,0.0018334673212791117,0
779612,5,0,0.0005282063693605381,0.0018334673212791117,0
779642,5,0,0.0009716795959400262,0.0018334673212791117,0
779651,5,0,0.0011503746954250262,0.0018334673212791117,0
779803,5,0,6.155682898573645e-05,0.0018334673212791117,0
781047,5,0,0.0003896405779936083,0.0018334673212791117,0
782097,5,0,0.0012501809779827504,0.0018334673212791117,0
783344,5,0,0.0006514125166988309,0.0018334673212791117,0
784284,5,0,3.0382065510214635e-05,0.0018334673212791117,0
784353,5,0,0.0004108651497758305,0.0018334673212791117,0
785027,5,0,0.00042368461152317234,0.0018334673212791117,0
785308,5,0,0.00035750414825989007,0.0018334673212791117,0
785868,5,0,0.002144784626920399,0.0018334673212791117,1
786020,5,0,0.006992769086783251,0.0018334673212791117,1
786039,5,0,0.0019951945311938446,0.0018334673212791117,1
786051,5,0,0.000780318071785951,0.0018334673212791117,0
786192,5,0,0.0007467134722962237,0.0018334673212791117,0
787430,5,0,0.000645601530896599,0.0018334673212791117,0
788046,5,0,0.0010398067876237586,0.0018334673212791117,0
788071,5,0,0.0004771894922265206,0.0018334673212791117,0
788269,5,0,0.0002452281143143251,0.0018334673212791117,0
788466,5,0,0.0010622943297606891,0.0018334673212791117,0
789333,5,0,0.000262309192294375,0.0018334673212791117,0
790407,5,0,0.0026353147353392076,0.0018334673212791117,1
790421,5,0,0.0002897747528421077,0.0018334673212791117,0
792699,5,0,4.923121844550642e-05,0.0018334673212791117,0
796371,5,0,0.000361092143523516,0.0018334673212791117,0
797507,5,0,0.00040337813900982706,0.0018334673212791117,0
797776,5,0,0.00012766052483218916,0.0018334673212791117,0
798606,5,0,0.0005325712244244997,0.0018334673212791117,0
798734,5,0,0.0006919325903868276,0.0018334673212791117,0
798936,5,0,0.000724671481067324,0.0018334673212791117,0
800904,5,0,0.00013983695021618095,0.0018334673212791117,0
801874,5,0,0.00030745899700031194,0.0018334673212791117,0
802154,5,0,0.0007672304795349342,0.0018334673212791117,0
803002,5,0,0.0010057110057001106,0.0018334673212791117,0
803400,5,0,0.0003353978531022165,0.0018334673212791117,0
803493,5,0,0.0002708980435091589,0.0018334673212791117,0
803952,5,0,0.0004381403163761585,0.0018334673212791117,0
803966,5,0,0.0005990417201597074,0.0018334673212791117,0
804847,5,0,0.0012915914509987311,0.0018334673212791117,0
805223,5,0,0.0040890229134795415,0.0018334673212791117,1
807924,5,0,0.004154695711411936,0.0018334673212791117,1
809046,5,0,2.8991253663989747e-05,0.0018334673212791117,0
815932,5,0,0.00023200064840199545,0.0018334673212791117,0
821625,5,0,0.0031647161082962506,0.0018334673212791117,1
821865,5,0,0.0014170527528897959,0.0018334673212791117,0
823830,5,0,0.00047581540342046103,0.0018334673212791117,0
826843,5,0,0.0035356134500461886,0.0018334673212791117,1
829127,5,0,0.004138629014132816,0.0018334673212791117,1
829354,5,0,0.00035234822062235247,0.0018334673212791117,0
829486,5,0,0.00030010031559984165,0.0018334673212791117,0
829752,5,0,0.001651128658382398,0.0018334673212791117,0
830436,5,0,0.0027559772659054875,0.0018334673212791117,1
831034,5,0,0.003016014348516081,0.0018334673212791117,1
831684,5,0,0.0005156143539697904,0.0018334673212791117,0
832830,5,0,0.0006503301026230909,0.0018334673212791117,0
834436,5,0,0.0019052076877194735,0.0018334673212791117,1
835353,5,0,0.00016518156711216322,0.0018334673212791117,0
836449,5,0,8.255160923409949e-05,0.0018334673212791117,0
839484,5,0,0.002677103062591137,0.0018334673212791117,1
839901,5,0,0.0006700465754057223,0.0018334673212791117,0
841759,5,0,0.00014579302066845896,0.0018334673212791117,0
843236,5,0,0.0005201390802421085,0.0018334673212791117,0
844614,5,0,0.0001987395251179193,0.0018334673212791117,0
844907,5,0,0.0002977226248774487,0.0018334673212791117,0
846189,5,0,0.001215842394952357,0.0018334673212791117,0
846571,5,0,0.002642837859117909,0.0018334673212791117,1
847290,5,0,0.0013955485903956973,0.0018334673212791117,0
847775,5,0,0.002078309745456514,0.0018334673212791117,1
847892,5,0,0.0005773131533354497,0.0018334673212791117,0
847942,5,0,0.0069340339442165826,0.0018334673212791117,1
848268,5,0,0.0002667310557156245,0.0018334673212791117,0
849151,5,0,0.0017567701294803686,0.0018334673212791117,0
849618,5,0,0.0003422699603773352,0.0018334673212791117,0
851455,5,0,0.001315478962185633,0.0018334673212791117,0
852350,5,0,0.0003193184493745335,0.0018334673212791117,0
859858,5,0,0.0029578591670428285,0.0018334673212791117,1
864617,5,0,0.0003473097051706186,0.0018334673212791117,0
866373,5,0,0.0002962857710967396,0.0018334673212791117,0
866806,5,0,0.00039102335546677076,0.0018334673212791117,0
866878,5,0,0.00102378839729163,0.0018334673212791117,0
868243,5,0,0.00046992524791069056,0.0018334673212791117,0
869171,5,0,0.001265789109155084,0.0018334673212791117,0
869220,5,0,0.0002378115353244784,0.0018334673212791117,0
869785,5,0,0.000823618966227533,0.0018334673212791117,0
870163,5,0,0.00025781039778799376,0.0018334673212791117,0
870804,5,0,0.014596511530923667,0.0018334673212791117,1
871142,5,0,0.000706881070261202,0.0018334673212791117,0
871509,5,0,0.000526709890052732,0.0018334673212791117,0
873464,5,0,7.707642120429805e-05,0.0018334673212791117,0
873878,5,0,0.0009482854288297954,0.0018334673212791117,0
873995,5,0,0.0020322882403547124,0.0018334673212791117,1
874940,5,0,0.0008387050124540852,0.0018334673212791117,0
875060,5,0,0.0031747127960553997,0.0018334673212791117,1
875112,5,0,0.0009011362941167693,0.0018334673212791117,0
876225,5,0,0.04473381473846829,0.0018334673212791117,1
877404,5,0,0.0001935105551911155,0.0018334673212791117,0
878309,5,0,0.0018480548322581422,0.0018334673212791117,1
878489,5,0,0.00026072861290801915,0.0018334673212791117,0
878991,5,0,0.0030793019440551422,0.0018334673212791117,1
879133,5,0,0.00019933495052830433,0.0018334673212791117,0
880829,5,0,0.00010764294179408075,0.0018334673212791117,0
880956,5,0,0.0015192453007441488,0.0018334673212791117,0
881181,5,0,0.00029441304402183033,0.0018334673212791117,0
881644,5,0,0.001515091973467195,0.0018334673212791117,0
882525,5,0,0.0013134894610703951,0.0018334673212791117,0
883266,5,0,0.0002259422918983475,0.0018334673212791117,0
883452,5,0,0.00029259520500407436,0.0018334673212791117,0
884438,5,0,0.0009342075705247868,0.0018334673212791117,0
885226,5,0,0.00010335852117381784,0.0018334673212791117,0
886264,5,0,0.0002709817909623309,0.0018334673212791117,0
886683,5,0,0.0003676853137881805,0.0018334673212791117,0
887275,5,0,0.0002343344031113632,0.0018334673212791117,0
887859,5,0,0.0006279181623580495,0.0018334673212791117,0
888278,5,0,0.0003685052594577942,0.0018334673212791117,0
888314,5,0,0.001341775042991382,0.0018334673212791117,0
888971,5,0,0.003049162939679255,0.0018334673212791117,1
889544,5,0,0.002824104859672017,0.0018334673212791117,1
889672,5,0,0.00046508315349147954,0.0018334673212791117,0
889945,5,0,0.001474642922933673,0.0018334673212791117,0
891301,5,0,0.006650782811132196,0.0018334673212791117,1
891796,5,0,0.001114678536542661,0.0018334673212791117,0
891850,5,0,0.0008246229903913704,0.0018334673212791117,0
891856,5,0,0.001203944331397363,0.0018334673212791117,0
891880,5,0,0.0007004613354510271,0.0018334673212791117,0
891889,5,0,0.0003028718510160509,0.0018334673212791117,0
891975,5,0,0.0006014613237795078,0.0018334673212791117,0
892116,5,0,0.0005091941887493324,0.0018334673212791117,0
892286,5,0,0.0005665781115712452,0.0018334673212791117,0
892402,5,0,0.0004965047022786326,0.0018334673212791117,0
892466,5,0,0.0007712296184935577,0.0018334673212791117,0
892984,5,0,0.000537068522253397,0.0018334673212791117,0
893152,5,0,0.003938410139187644,0.0018334673212791117,1
893318,5,0,0.0006392819653457081,0.0018334673212791117,0
893329,5,0,0.0001303684629413543,0.0018334673212791117,0
893436,5,0,0.0007465824161623003,0.0018334673212791117,0
893444,5,0,0.00014102361720591381,0.0018334673212791117,0
893800,5,0,0.0018884356808703683,0.0018334673212791117,1
893838,5,0,0.0001666830818985702,0.0018334673212791117,0
893856,5,0,0.001095084841547597,0.0018334673212791117,0
894147,5,0,0.0019192299839918988,0.0018334673212791117,1
894234,5,0,0.00860406572365833,0.0018334673212791117,1
894880,5,0,0.00016624631015917923,0.0018334673212791117,0
895859,5,0,8.527711983456557e-05,0.0018334673212791117,0
896853,5,0,8.837520011434059e-05,0.0018334673212791117,0
897065,5,0,0.00014790584472492197,0.0018334673212791117,0
897621,5,0,7.927397864273273e-05,0.0018334673212791117,0
897946,5,0,0.0004975815750877947,0.0018334673212791117,0
900718,5,0,0.00010796856363363256,0.0018334673212791117,0
912581,5,0,0.0013381811151375025,0.0018334673212791117,0
914513,5,0,0.00023560055782359234,0.0018334673212791117,0
914556,5,0,0.00032880894265010553,0.0018334673212791117,0
918469,5,0,0.0005659762955933224,0.0018334673212791117,0
925199,5,0,0.000489377487814205,0.0018334673212791117,0
926662,5,0,2.6717006441321636e-05,0.0018334673212791117,0
927111,5,0,0.0003509893092900605,0.0018334673212791117,0
930473,5,0,0.001854179830525689,0.0018334673212791117,1
934490,5,0,0.0005612149366777741,0.0018334673212791117,0
934568,5,0,0.00022399673230905456,0.0018334673212791117,0
935206,5,0,0.000295677511173176,0.0018334673212791117,0
935388,5,0,0.0005349286752358307,0.0018334673212791117,0
935627,5,0,0.00034164577072177515,0.0018334673212791117,0
937824,5,0,0.00040040434708758706,0.0018334673212791117,0
938219,5,0,0.0031268047605366852,0.0018334673212791117,1
940717,5,0,6.35961113000412e-05,0.0018334673212791117,0
941856,5,0,0.00012196342229561212,0.0018334673212791117,0
945317,5,0,0.0010746447943516995,0.0018334673212791117,0
951653,5,0,0.0003131465980284632,0.0018334673212791117,0
951671,5,0,0.0012366536688895187,0.0018334673212791117,0
951845,5,0,0.0009922539626774092,0.0018334673212791117,0
951980,5,0,0.0002115010002747961,0.0018334673212791117,0
953023,5,0,0.00044017040800762615,0.0018334673212791117,0
953585,5,0,0.0007949624664869287,0.0018334673212791117,0
955247,5,0,0.019150338648379346,0.0018334673212791117,1
956146,5,0,0.0008717587785835038,0.0018334673212791117,0
962498,5,0,0.0009686037454133612,0.0018334673212791117,0
966864,5,0,0.0008589396981045079,0.0018334673212791117,0
969581,5,0,0.0011557220017237135,0.0018334673212791117,0
969796,5,0,0.00031526019953732057,0.0018334673212791117,0
970324,5,0,0.0004089217758201699,0.0018334673212791117,0
970527,5,0,0.001059728553749669,0.0018334673212791117,0
971726,5,0,0.00016312071989345385,0.0018334673212791117,0
972077,5,0,0.0008288582866260895,0.0018334673212791117,0
972118,5,0,0.0006569084077121991,0.0018334673212791117,0
972295,5,0,0.002830028854774387,0.0018334673212791117,1
972346,5,0,0.0012345488179790203,0.0018334673212791117,0
972417,5,0,8.113470852735065e-05,0.0018334673212791117,0
972750,5,0,0.0013188691557829086,0.0018334673212791117,0
972766,5,0,0.04437102090454085,0.0018334673212791117,1
972893,5,0,0.004284206188133922,0.0018334673212791117,1
973111,5,0,0.0013395983698447028,0.0018334673212791117,0
973122,5,0,0.0013466294146967561,0.0018334673212791117,0
973285,5,0,1.5002191044273806e-05,0.0018334673212791117,0
973374,5,0,0.0048073205374140945,0.0018334673212791117,1
973405,5,0,4.5674490997498034e-05,0.0018334673212791117,0
973570,5,0,0.00022684260035128024,0.0018334673212791117,0
973892,5,0,0.00019059584780424516,0.0018334673212791117,0
974003,5,0,0.000573410990836196,0.0018334673212791117,0
974101,5,0,0.0002241796559557416,0.0018334673212791117,0
974365,5,0,7.569985318687866e-05,0.0018334673212791117,0
974449,5,0,4.8194749380563855e-05,0.0018334673212791117,0
974498,5,0,0.0009772242629326887,0.0018334673212791117,0
974802,5,0,0.0005529383443156448,0.0018334673212791117,0
975169,5,0,0.0004323078929563422,0.0018334673212791117,0
975807,5,0,0.00012041885460143687,0.0018334673212791117,0
976135,5,0,0.0020851280539655086,0.0018334673212791117,1
976233,5,0,0.02074315356780938,0.0018334673212791117,1
976269,5,0,0.00027469125682859623,0.0018334673212791117,0
976454,5,0,0.0010636627409373026,0.0018334673212791117,0
976859,5,0,7.133891741830051e-05,0.0018334673212791117,0
976913,5,0,0.0004441946347684408,0.0018334673212791117,0
977079,5,0,0.001467049635099203,0.0018334673212791117,0
977187,5,0,0.0017600101629059875,0.0018334673212791117,0
977848,5,0,0.0064566694440651926,0.0018334673212791117,1
978050,5,0,0.00028117456093372615,0.0018334673212791117,0
978533,5,0,0.0030121206143504746,0.0018334673212791117,1
980133,5,0,0.0014882316415395717,0.0018334673212791117,0
982241,5,0,0.00024370536965200823,0.0018334673212791117,0
983212,5,0,0.0003204954133654671,0.0018334673212791117,0
984185,5,0,0.0006527596048204664,0.0018334673212791117,0
987053,5,0,0.00031614440750373456,0.0018334673212791117,0
987473,5,0,0.0006424665027953686,0.0018334673212791117,0
988004,5,0,0.00023361046979241957,0.0018334673212791117,0
989525,5,0,0.00041655904530147345,0.0018334673212791117,0
990860,5,0,0.0005458704573369934,0.0018334673212791117,0
992505,5,0,0.0013534532078883735,0.0018334673212791117,0
994221,5,0,0.0025993243936819604,0.0018334673212791117,1
998772,5,0,0.0024215626255954495,0.0018334673212791117,1
1005075,5,0,0.0002886270345488372,0.0018334673212791117,0
1016562,5,0,0.0023866062324465484,0.0018334673212791117,1
1017311,5,0,0.00010607502102068295,0.0018334673212791117,0
1021210,5,0,0.00041029637507411954,0.0018334673212791117,0
1021267,5,0,0.00012946910781653373,0.0018334673212791117,0
1021983,5,0,0.00012632871884352224,0.0018334673212791117,0
1025592,5,0,0.003200941350844613,0.0018334673212791117,1
1026398,5,0,0.0020328509801043923,0.0018334673212791117,1
1033156,5,0,0.001041312805354013,0.0018334673212791117,0
1035368,5,0,0.0004702930748444852,0.0018334673212791117,0
1053503,5,0,0.0008934689277145975,0.0018334673212791117,0
1067684,5,0,0.0010489444731758895,0.0018334673212791117,0
1068594,5,0,0.003934555999644636,0.0018334673212791117,1
1069526,5,0,0.00045713112788045194,0.0018334673212791117,0
1072091,5,0,1.9530865796208762e-05,0.0018334673212791117,0
1072359,5,0,0.00021774750310782058,0.0018334673212791117,0
1075818,5,0,0.0012307593678344694,0.0018334673212791117,0
1078318,5,0,0.00028089665918200194,0.0018334673212791117,0
1078336,5,0,0.0035829098294793424,0.0018334673212791117,1
1080842,5,0,0.00010550778118413129,0.0018334673212791117,0
1080913,5,0,0.00039123393990629456,0.0018334673212791117,0
1081777,5,0,0.0004244288808942213,0.0018334673212791117,0
1082588,5,0,0.0045077557318325,0.0018334673212791117,1
1085710,5,0,0.00020004477661639492,0.0018334673212791117,0
1086722,5,0,0.004767978061517287,0.0018334673212791117,1
1086921,5,0,0.005106989585410727,0.0018334673212791117,1
1086994,5,0,0.0011257402015150734,0.0018334673212791117,0
1089008,5,0,0.0008708356431342912,0.0018334673212791117,0
1091396,5,0,0.00012839449061559483,0.0018334673212791117,0
1091399,5,0,7.60382813811416e-05,0.0018334673212791117,0
1091576,5,0,9.934429262693014e-05,0.0018334673212791117,0
1091991,5,0,0.00014443638420915503,0.0018334673212791117,0
1093424,5,0,0.0011242285338176842,0.0018334673212791117,0
1093774,5,0,0.0020566585995548557,0.0018334673212791117,1
1095473,5,0,0.000622128648811468,0.0018334673212791117,0
1096301,5,0,0.016736727805194425,0.0018334673212791117,1
1104093,5,0,0.0024601135121624725,0.0018334673212791117,1
1104178,5,0,0.0026833890986339903,0.0018334673212791117,1
1106122,5,0,0.0007238963163378455,0.0018334673212791117,0
1106331,5,0,0.004930460842134062,0.0018334673212791117,1
1112833,5,0,0.00018734849159537096,0.0018334673212791117,0
1116265,5,0,0.0038185593000750317,0.0018334673212791117,1
1120541,5,0,0.001812415091874212,0.0018334673212791117,0
1121183,5,0,0.0002927787886010762,0.0018334673212791117,0
1121610,5,0,8.119716339130257e-05,0.0018334673212791117,0
1124495,5,0,0.00047061569190201715,0.0018334673212791117,0
1125110,5,0,0.0009262667640115408,0.0018334673212791117,0
1130514,5,0,0.0001459274414159382,0.0018334673212791117,0
1146881,5,0,0.0060854190875070675,0.0018334673212791117,1
1147586,5,0,0.00011630855897623311,0.0018334673212791117,0
1148607,5,0,0.0005992395466886645,0.0018334673212791117,0
1148854,5,0,0.00015069462636000438,0.0018334673212791117,0
1150894,5,0,0.000953524930185148,0.0018334673212791117,0
1151669,5,0,0.00014847541193356998,0.0018334673212791117,0
1151697,5,0,0.0005611059779983439,0.0018334673212791117,0
1156035,5,0,0.0010207046950845,0.0018334673212791117,0
1157606,5,0,0.0010841955548701622,0.0018334673212791117,0
1164109,5,0,0.001089416897207596,0.0018334673212791117,0
1164173,5,0,0.0012783811475081568,0.0018334673212791117,0
1164702,5,0,0.0008448037259705383,0.0018334673212791117,0
1184791,5,0,0.00011705703435034043,0.0018334673212791117,0
1186420,5,0,0.0033839087097727277,0.0018334673212791117,1
1186776,5,0,0.00037491948395715737,0.0018334673212791117,0
1188159,5,0,0.003687400805131963,0.0018334673212791117,1
1191328,5,0,0.0002249372968967039,0.0018334673212791117,0
1201903,5,0,0.0008933852846482211,0.0018334673212791117,0
1204232,5,0,0.0024104395342287636,0.0018334673212791117,1
1205156,5,0,0.0009588803556963601,0.0018334673212791117,0
1212190,5,0,0.0015423151505166977,0.0018334673212791117,0
1218140,5,0,0.017561464133030648,0.0018334673212791117,1
1226363,5,0,3.588309753414036e-05,0.0018334673212791117,0
1233967,5,0,0.00022358440041997727,0.0018334673212791117,0
1236843,5,0,0.0016461666963803725,0.0018334673212791117,0
1240016,5,0,0.02891283774663064,0.0018334673212791117,1
1240313,5,0,0.00016883835457493496,0.0018334673212791117,0
1241181,5,0,9.365551339606791e-05,0.0018334673212791117,0
1241915,5,0,0.00017692227474437418,0.0018334673212791117,0
1242030,5,0,0.006096713429901335,0.0018334673212791117,1
1242993,5,0,0.0015866142181935954,0.0018334673212791117,0
1243559,5,0,0.00015583250672733645,0.0018334673212791117,0
1244041,5,0,0.0003201881729747527,0.0018334673212791117,0
1244099,5,0,0.0007361039628411922,0.0018334673212791117,0
1244119,5,0,0.001969227316326074,0.0018334673212791117,1
1244346,5,0,0.0005730182957170379,0.0018334673212791117,0
1244999,5,0,0.007827224887992925,0.0018334673212791117,1
1245183,5,0,0.0009509708669258504,0.0018334673212791117,0
1245366,5,0,0.008646156412318097,0.0018334673212791117,1
1245402,5,0,0.023495089782461485,0.0018334673212791117,1
1245404,5,0,0.00018964571112690156,0.0018334673212791117,0
1245585,5,0,8.964948591187724e-05,0.0018334673212791117,0
1245713,5,0,0.00042154989679721793,0.0018334673212791117,0
1245926,5,0,0.0005301780260754502,0.0018334673212791117,0
1245929,5,0,0.004491333769836951,0.0018334673212791117,1
1246414,5,0,0.006284796237091618,0.0018334673212791117,1
1246755,5,0,0.00011115721095000453,0.0018334673212791117,0
1246991,5,0,0.0020157859915143524,0.0018334673212791117,1
1247025,5,0,0.008799520480317565,0.0018334673212791117,1
1247100,5,0,0.0005608094070601137,0.0018334673212791117,0
1247566,5,0,0.00029139279330189896,0.0018334673212791117,0
1247778,5,0,0.0002707769762556953,0.0018334673212791117,0
1248135,5,0,0.001399204322458841,0.0018334673212791117,0
1248856,5,0,0.0012040493624555794,0.0018334673212791117,0
1248971,5,0,0.00126809888032128,0.0018334673212791117,0
1250965,5,0,0.0015103444305476592,0.0018334673212791117,0
1251601,5,0,0.0030842657601125715,0.0018334673212791117,1
1251717,5,0,0.009653216213432413,0.0018334673212791117,1
1251870,5,0,0.00026600993300822937,0.0018334673212791117,0
1251920,5,0,0.00023849701259216503,0.0018334673212791117,0
1252494,5,0,0.0007275724909292252,0.0018334673212791117,0
1252622,5,0,0.0002289364054574343,0.0018334673212791117,0
1253133,5,0,0.003380606451895797,0.0018334673212791117,1
1253646,5,0,0.0007396930268063552,0.0018334673212791117,0
1255139,5,0,0.00038271770942505725,0.0018334673212791117,0
1255636,5,0,0.0022430322460426266,0.0018334673212791117,1
1256265,5,0,0.0006270296739273052,0.0018334673212791117,0
1256693,5,0,0.0007717741982859264,0.0018334673212791117,0
1256741,5,0,0.0011526933032617002,0.0018334673212791117,0
1257445,5,0,0.00673560592589335,0.0018334673212791117,1
1259261,5,0,0.00030368235653891953,0.0018334673212791117,0
1259349,5,0,0.005195523874930202,0.0018334673212791117,1
1259535,5,0,0.0005216036204326864,0.0018334673212791117,0
1259711,5,0,0.0008328439371011389,0.0018334673212791117,0
1260713,5,0,0.0010496579792771987,0.0018334673212791117,0
1261048,5,0,0.0003568882342796922,0.0018334673212791117,0
1261330,5,0,0.00022734359154352488,0.0018334673212791117,0
1263064,5,0,0.0025314959221079602,0.0018334673212791117,1
1263319,5,0,3.41455386433136e-05,0.0018334673212791117,0
1263476,5,0,0.0004546703943540991,0.0018334673212791117,0
1263850,5,0,0.00011992374039331107,0.0018334673212791117,0
1263872,5,0,3.818855561818697e-05,0.0018334673212791117,0
1264955,5,0,0.0028908239435419883,0.0018334673212791117,1
1265263,5,0,0.0005017461248291853,0.0018334673212791117,0
1265528,5,0,5.5013530454783875e-05,0.0018334673212791117,0
1265630,5,0,0.0004595856664493336,0.0018334673212791117,0
1265644,5,0,0.00027226952332768935,0.0018334673212791117,0
1265885,5,0,0.00011826212380467928,0.0018334673212791117,0
1266303,5,0,0.0010178531521174191,0.0018334673212791117,0
1266750,5,0,0.00039001388998808706,0.0018334673212791117,0
1266769,5,0,0.011521951473849542,0.0018334673212791117,1
1271291,5,0,0.000501001164012612,0.0018334673212791117,0
1271328,5,0,0.0005106354585279348,0.0018334673212791117,0
1272394,5,0,0.0016444783102173186,0.0018334673212791117,0
1279138,5,0,0.001374129412068218,0.0018334673212791117,0
1284169,5,0,0.0010595552519455404,0.0018334673212791117,0
1285300,5,0,0.0025050121942821364,0.0018334673212791117,1
1287840,5,0,0.005699122777424613,0.0018334673212791117,1
1288488,5,0,0.0004870143267035661,0.0018334673212791117,0
1288538,5,0,0.0004283005865106892,0.0018334673212791117,0
1288984,5,0,0.0009214019684068845,0.0018334673212791117,0
1289627,5,0,0.0018102963111403486,0.0018334673212791117,0
1293145,5,0,5.7338592815473284e-05,0.0018334673212791117,0
1293763,5,0,0.0018498679654369828,0.0018334673212791117,1
1295468,5,0,0.00019873640402920034,0.0018334673212791117,0
1295953,5,0,0.0002728141200728719,0.0018334673212791117,0
1298178,5,0,2.56248250964886e-05,0.0018334673212791117,0
1299185,5,0,0.0006570471120549723,0.0018334673212791117,0
1299465,5,0,0.0008751136172716094,0.0018334673212791117,0
1300454,5,0,0.002488989893194658,0.0018334673212791117,1
1300916,5,0,0.0007272063932196564,0.0018334673212791117,0
1301415,5,0,0.000839506707734858,0.0018334673212791117,0
1301470,5,0,0.002196135822253458,0.0018334673212791117,1
1301910,5,0,0.002100092530023455,0.0018334673212791117,1
1302021,5,0,7.424449475009704e-05,0.0018334673212791117,0
1303003,5,0,0.0022281661762507373,0.0018334673212791117,1
1303882,5,0,0.0014748964854431775,0.0018334673212791117,0
1305064,5,0,0.008305793187122134,0.0018334673212791117,1
1305820,5,0,0.0015607414562758153,0.0018334673212791117,0
1307924,5,0,0.00024046887987861333,0.0018334673212791117,0
1308992,5,0,0.002076412672066152,0.0018334673212791117,1
1310640,5,0,0.0003270632640100139,0.0018334673212791117,0
1311459,5,0,0.00690426473400214,0.0018334673212791117,1
1312921,5,0,0.026813181783094244,0.0018334673212791117,1
1315034,5,0,0.002910137805188979,0.0018334673212791117,1
1316898,5,0,0.0015155413314278223,0.0018334673212791117,0
1326327,5,0,0.0002238395130226101,0.0018334673212791117,0
1327311,5,0,0.00014421304441743506,0.0018334673212791117,0
1327416,5,0,0.0006044951222635945,0.0018334673212791117,0
1331320,5,0,4.8117303683133816e-05,0.0018334673212791117,0
1333629,5,0,0.0008126982142597615,0.0018334673212791117,0
1339266,5,0,0.002150261239490921,0.0018334673212791117,1
1339819,5,0,0.0009816367417961915,0.0018334673212791117,0
1348125,5,0,0.004982226918202278,0.0018334673212791117,1
1354533,5,0,0.0003193506236279205,0.0018334673212791117,0
1365020,5,0,8.8261955715885e-05,0.0018334673212791117,0
1366369,5,0,0.0010446338561595316,0.0018334673212791117,0
1366454,5,0,0.0002687998402114542,0.0018334673212791117,0
1377910,5,0,0.0007281629791952449,0.0018334673212791117,0
1378785,5,0,0.0003243154307665595,0.0018334673212791117,0
1379075,5,0,0.0013816119574343165,0.0018334673212791117,0
1379247,5,0,0.000605971491157179,0.0018334673212791117,0
1380790,5,0,0.000475530317225763,0.0018334673212791117,0
1382525,5,0,0.00781617413294045,0.0018334673212791117,1
1390051,5,0,0.005007057344390087,0.0018334673212791117,1
1485419,5,0,0.0007908446712096205,0.0018334673212791117,0
1488927,5,0,0.0005083037849604945,0.0018334673212791117,0
1505218,5,0,0.003657301870104232,0.0018334673212791117,1
1507282,5,0,0.0002985650075668458,0.0018334673212791117,0
1517107,5,0,0.00044039701262366484,0.0018334673212791117,0
1517499,5,0,0.00023856030792222024,0.0018334673212791117,0
1520373,5,0,0.00028532019325884327,0.0018334673212791117,0
1528681,5,0,0.000575526038405357,0.0018334673212791117,0
1528686,5,0,0.0008670021810045518,0.0018334673212791117,0
1528922,5,0,0.0012839384722914647,0.0018334673212791117,0
1530469,5,0,4.7034675939129326e-05,0.0018334673212791117,0
1535225,5,0,0.0011080730088072542,0.0018334673212791117,0
1535318,5,0,0.0002616053587069541,0.0018334673212791117,0
1536964,5,0,0.0016523363468579847,0.0018334673212791117,0
1538539,5,0,8.295463725914448e-05,0.0018334673212791117,0
1548752,5,0,0.0022805482160475326,0.0018334673212791117,1
1551584,5,0,0.007421442448444165,0.0018334673212791117,1
1563227,5,0,0.0024168497673399936,0.0018334673212791117,1
1565314,5,0,7.89197665545739e-05,0.0018334673212791117,0
1575611,5,0,0.0011186073561928295,0.0018334673212791117,0
1575795,5,0,3.099633310006304e-05,0.0018334673212791117,0
1581526,5,0,0.0010402775658146482,0.0018334673212791117,0
1606660,5,0,0.0012305492067801822,0.0018334673212791117,0
1631471,5,0,0.00027060430127700397,0.0018334673212791117,0
1636776,5,0,0.007147178534470947,0.0018334673212791117,1
1643828,5,0,0.00023759409010423762,0.0018334673212791117,0
1646798,5,0,4.8445962142836744e-05,0.0018334673212791117,0
1652909,5,0,0.00335856566672211,0.0018334673212791117,1
1713558,5,0,0.00043124269312967353,0.0018334673212791117,0
1728524,5,0,0.0010360908605808908,0.0018334673212791117,0
1736387,5,0,0.00331884448864847,0.0018334673212791117,1
1765449,5,0,0.006325432071636548,0.0018334673212791117,1
1784115,5,0,0.005749352905241309,0.0018334673212791117,1
1803647,5,0,0.020744597243836746,0.0018334673212791117,1
1811256,5,0,0.004276184875854486,0.0018334673212791117,1
1811597,5,0,0.00030239836341467937,0.0018334673212791117,0
1817890,5,0,0.004007613694697741,0.0018334673212791117,1
1819021,5,0,0.001311324940133297,0.0018334673212791117,0
1819219,5,0,0.0008118703133708662,0.0018334673212791117,0
1825735,5,0,0.0003243102519679554,0.0018334673212791117,0
1825745,5,0,0.030115609716230823,0.0018334673212791117,1
1826320,5,0,0.005943715852842949,0.0018334673212791117,1
1833878,5,0,0.002291480582606492,0.0018334673212791117,1
1845524,5,0,0.001471095894632649,0.0018334673212791117,0
1863801,5,0,0.0002136860941067678,0.0018334673212791117,0
1868418,5,0,0.0010795122792832356,0.0018334673212791117,0
1910909,5,0,0.000219951771797248,0.0018334673212791117,0
1965826,5,0,0.0004192162512592463,0.0018334673212791117,0
1970489,5,0,0.0017658129083191615,0.0018334673212791117,0
1982375,5,0,0.0005608635542397827,0.0018334673212791117,0
1987212,5,0,0.001885039343132661,0.0018334673212791117,1
1990994,5,0,0.000781128912177596,0.0018334673212791117,0
2028588,5,0,0.001362468892747063,0.0018334673212791117,0
2029829,5,0,0.0005816179150670939,0.0018334673212791117,0
2043591,5,0,0.00382001383715303,0.0018334673212791117,1
2049499,5,0,0.00032974376935787663,0.0018334673212791117,0
2051214,5,0,0.0029286958819341427,0.0018334673212791117,1
2051278,5,0,0.0017910786301608694,0.0018334673212791117,0
2052844,5,0,0.0006639988697508262,0.0018334673212791117,0
2054748,5,0,0.003588533688827383,0.0018334673212791117,1
2054987,5,0,0.000586203992708004,0.0018334673212791117,0
2055851,5,0,0.00015465304011836827,0.0018334673212791117,0
2056050,5,0,0.0009264819513108534,0.0018334673212791117,0
2056291,5,0,0.00021618155353598495,0.0018334673212791117,0
2056466,5,0,0.00014473460228338187,0.0018334673212791117,0
2056866,5,0,0.00017745993361411842,0.0018334673212791117,0
2057307,5,0,0.0037204384603729875,0.0018334673212791117,1
2059429,5,0,0.0019608905636452193,0.0018334673212791117,1
2059760,5,0,0.0029515371620318894,0.0018334673212791117,1
2059938,5,0,0.0009218888934738833,0.0018334673212791117,0
2077990,5,0,0.004527120291741511,0.0018334673212791117,1
2078305,5,0,0.0008478591520464934,0.0018334673212791117,0
2078665,5,0,0.00020456220894649824,0.0018334673212791117,0
2078706,5,0,0.006399783592235248,0.0018334673212791117,1
2079291,5,0,0.002813869837904692,0.0018334673212791117,1
2081288,5,0,0.0012700604207533002,0.0018334673212791117,0
2082035,5,0,0.002582090250826935,0.0018334673212791117,1
2082651,5,0,0.0024625043018648555,0.0018334673212791117,1
2083034,5,0,0.0009609883228279631,0.0018334673212791117,0
2084085,5,0,0.028260788305007004,0.0018334673212791117,1
2084184,5,0,0.005207059780801953,0.0018334673212791117,1
2085812,5,0,0.008171593748198452,0.0018334673212791117,1
2087459,5,0,0.000828343946030884,0.0018334673212791117,0
2088073,5,0,0.0018322069798830008,0.0018334673212791117,0
2088608,5,0,0.017553906318056187,0.0018334673212791117,1
2089180,5,0,0.001145177898111896,0.0018334673212791117,0
2089189,5,0,0.006176619967757148,0.0018334673212791117,1
2089640,5,0,0.0017399711463578632,0.0018334673212791117,0
2090232,5,0,0.0012175281357810353,0.0018334673212791117,0
2090620,5,0,0.0004065639822567259,0.0018334673212791117,0
2091082,5,0,0.0013082552268334079,0.0018334673212791117,0
2091613,5,0,0.0002755641023358467,0.0018334673212791117,0
2091642,5,0,0.0017966963342122577,0.0018334673212791117,0
2091869,5,0,0.0003375924690895558,0.0018334673212791117,0
2092924,5,0,0.004538080830148952,0.0018334673212791117,1
2095287,5,0,5.975330790380641e-05,0.0018334673212791117,0
2097025,5,0,0.0009065519447165851,0.0018334673212791117,0
2097372,5,0,2.398605329656539e-05,0.0018334673212791117,0
2099054,5,0,0.0009786718347444413,0.0018334673212791117,0
2102480,5,0,0.0005537872400982383,0.0018334673212791117,0
2102674,5,0,0.00043762957903594894,0.0018334673212791117,0
2105146,5,0,0.0007424474084560336,0.0018334673212791117,0
2106397,5,0,0.00016193567506601024,0.0018334673212791117,0
2106450,5,0,0.0003980552853897979,0.0018334673212791117,0
2106749,5,0,0.0006130168276267154,0.0018334673212791117,0
2106961,5,0,0.002123981735639448,0.0018334673212791117,1
2107276,5,0,0.004775710117225297,0.0018334673212791117,1
2107368,5,0,0.00012554695513998298,0.0018334673212791117,0
2107624,5,0,0.0008399773934447791,0.0018334673212791117,0
2108046,5,0,0.0006101211474298443,0.0018334673212791117,0
2108255,5,0,0.0010666103378939393,0.0018334673212791117,0
2108414,5,0,0.0002529321406310868,0.0018334673212791117,0
2108987,5,0,8.312532189501513e-05,0.0018334673212791117,0
2109473,5,0,0.0001537553271498963,0.0018334673212791117,0
2109800,5,0,0.00017524053548380908,0.0018334673212791117,0
2109809,5,0,0.0003677606481557547,0.0018334673212791117,0
2110254,5,0,0.0016867585841065281,0.0018334673212791117,0
2113030,5,0,0.0007137800201543895,0.0018334673212791117,0
2113884,5,0,0.0013646629896240264,0.0018334673212791117,0
2115030,5,0,0.0007545028415967025,0.0018334673212791117,0
2115978,5,0,0.001268197050052951,0.0018334673212791117,0
2116787,5,0,0.0016268760200114773,0.0018334673212791117,0
2117110,5,0,0.0032130410021428074,0.0018334673212791117,1
2118091,5,0,0.0004024928091354846,0.0018334673212791117,0
2118554,5,0,0.0008515559408522792,0.0018334673212791117,0
2119832,5,0,0.0029098843835809072,0.0018334673212791117,1
2121635,5,0,0.008366961800454223,0.0018334673212791117,1
2123150,5,0,0.00028327373720659846,0.0018334673212791117,0
2123527,5,0,0.0003163073296856161,0.0018334673212791117,0
2123759,5,0,0.0008057857373065523,0.0018334673212791117,0
2123807,5,0,0.003105800818989822,0.0018334673212791117,1
2123972,5,0,0.0013350747589231569,0.0018334673212791117,0
2124528,5,0,9.799574450452818e-05,0.0018334673212791117,0
2124942,5,0,0.0015686540547677232,0.0018334673212791117,0
2125372,5,0,0.002907809401577471,0.0018334673212791117,1
2125848,5,0,0.0003866905670303263,0.0018334673212791117,0
2126119,5,0,0.005403692943802659,0.0018334673212791117,1
2127774,5,0,0.005765157608248891,0.0018334673212791117,1
2127907,5,0,0.001020617533814224,0.0018334673212791117,0
2128446,5,0,0.0008339313511717044,0.0018334673212791117,0
2128733,5,0,0.0003647041468802333,0.0018334673212791117,0
2138715,5,0,5.585643764524933e-05,0.0018334673212791117,0
2142785,5,0,0.00019263964275500347,0.0018334673212791117,0
2145342,5,0,0.0001132605827293425,0.0018334673212791117,0
2147354,5,0,0.0004700862068818614,0.0018334673212791117,0
2148464,5,0,0.0004936455767723513,0.0018334673212791117,0
2148473,5,0,0.001758655676327856,0.0018334673212791117,0
2148476,5,0,0.0008142611242783764,0.0018334673212791117,0
2148509,5,0,0.0003928637756581314,0.0018334673212791117,0
2149365,5,0,0.00010414466971353528,0.0018334673212791117,0
2153022,5,0,0.0013635568396363706,0.0018334673212791117,0
2155035,5,0,0.0016099702723268124,0.0018334673212791117,0
2155046,5,0,0.00024196435752677409,0.0018334673212791117,0
2155307,5,0,0.0007750617699811629,0.0018334673212791117,0
2155600,5,0,0.0019009937386104642,0.0018334673212791117,1
2155832,5,0,0.00061882554644095,0.0018334673212791117,0
2155866,5,0,0.0007298258676585111,0.0018334673212791117,0
2155956,5,0,0.01729849870705205,0.0018334673212791117,1
2156387,5,0,0.004316730277685099,0.0018334673212791117,1
2157574,5,0,0.0013820985231020452,0.0018334673212791117,0
2158939,5,0,0.004700771694991266,0.0018334673212791117,1
2159359,5,0,0.0011881239837354051,0.0018334673212791117,0
2159367,5,0,0.0008303212080848177,0.0018334673212791117,0
2159398,5,0,0.0012890270946599434,0.0018334673212791117,0
2159436,5,0,0.0006179534889472395,0.0018334673212791117,0
2160221,5,0,0.00207392859300874,0.0018334673212791117,1
2161090,5,0,0.0005405674431350756,0.0018334673212791117,0
2162790,5,0,0.0019518276485517624,0.0018334673212791117,1
2162949,5,0,0.0031979875498586137,0.0018334673212791117,1
2163924,5,0,0.007886703572372648,0.0018334673212791117,1
2165724,5,0,0.00020709248111197575,0.0018334673212791117,0
2166675,5,0,0.0007792302710433938,0.0018334673212791117,0
2174397,5,0,0.0018628854423495109,0.0018334673212791117,1
2174924,5,0,0.00024318799194244297,0.0018334673212791117,0
2175702,5,0,0.0005409217518359299,0.0018334673212791117,0
2177226,5,0,0.006200589350534384,0.0018334673212791117,1
2188953,5,0,0.0008628937616559508,0.0018334673212791117,0
2190853,5,0,0.00012108138463483624,0.0018334673212791117,0
2192547,5,0,0.0034310221817475135,0.0018334673212791117,1
2193481,5,0,0.0007832122255073157,0.0018334673212791117,0
2194134,5,0,9.562624542846337e-05,0.0018334673212791117,0
2196772,5,0,0.00038782275288739236,0.0018334673212791117,0
2197444,5,0,0.0011726852979539637,0.0018334673212791117,0
2199345,5,0,0.010157987654404774,0.0018334673212791117,1
2199894,5,0,0.0003323625879654875,0.0018334673212791117,0
2199993,5,0,0.00022222757138984904,0.0018334673212791117,0
2200375,5,0,0.006694070151140688,0.0018334673212791117,1
2200385,5,0,0.0003817647289933151,0.0018334673212791117,0
2201335,5,0,0.0004319554382679492,0.0018334673212791117,0
2202529,5,0,0.001020675265316067,0.0018334673212791117,0
2204707,5,0,0.001284610766831491,0.0018334673212791117,0
2206159,5,0,0.0041270484160470895,0.0018334673212791117,1
2206372,5,0,0.0031822210426463615,0.0018334673212791117,1
2206437,5,0,0.0004491868585236151,0.0018334673212791117,0
2207151,5,0,0.00011941300957458662,0.0018334673212791117,0
2207757,5,0,0.000731525861486431,0.0018334673212791117,0
2208130,5,0,0.00046983594271681346,0.0018334673212791117,0
2208446,5,0,0.0007776059518773369,0.0018334673212791117,0
2208966,5,0,0.003584751061322939,0.0018334673212791117,1
2209472,5,0,0.0027352454513897553,0.0018334673212791117,1
2213117,5,0,0.0005002490188135599,0.0018334673212791117,0
2216008,5,0,0.03449227821763167,0.0018334673212791117,1
2216210,5,0,0.00015998198282523261,0.0018334673212791117,0
2217458,5,0,0.0005157488045293934,0.0018334673212791117,0
2217799,5,0,0.00022192819669269886,0.0018334673212791117,0
2218150,5,0,0.001753180698393691,0.0018334673212791117,0
2219830,5,0,0.0006518913519845111,0.0018334673212791117,0
2219848,5,0,0.00041044808715169536,0.0018334673212791117,0
2220297,5,0,0.004178500478377315,0.0018334673212791117,1
2220408,5,0,0.0001578368576968088,0.0018334673212791117,0
2220861,5,0,0.0014678961150065234,0.0018334673212791117,0
2221501,5,0,0.0005712541907844165,0.0018334673212791117,0
2221556,5,0,0.0005086052282854813,0.0018334673212791117,0
2222257,5,0,0.006172525523790345,0.0018334673212791117,1
2223306,5,0,0.0024192360616540976,0.0018334673212791117,1
2224678,5,0,0.003436069468474324,0.0018334673212791117,1
2225426,5,0,5.4817535320843555e-05,0.0018334673212791117,0
2225853,5,0,0.000641745995232291,0.0018334673212791117,0
2227641,5,0,0.0018293103892081093,0.0018334673212791117,0
2228009,5,0,0.0001958362167172376,0.0018334673212791117,0
2231322,5,0,0.0007296314800988154,0.0018334673212791117,0
2231443,5,0,0.00036134219151010797,0.0018334673212791117,0
2231689,5,0,0.004929653527142419,0.0018334673212791117,1
2232323,5,0,0.00026332390867435927,0.0018334673212791117,0
2232537,5,0,6.348672512098781e-05,0.0018334673212791117,0
2233111,5,0,0.005121356388780463,0.0018334673212791117,1
2233682,5,0,0.00035773948625737495,0.0018334673212791117,0
2234530,5,0,5.001797827330766e-05,0.0018334673212791117,0
2235691,5,0,0.0015357987587440432,0.0018334673212791117,0
2236435,5,0,0.001493046274102287,0.0018334673212791117,0
2236463,5,0,0.00012767678735205315,0.0018334673212791117,0
2237509,5,0,0.0023744105929723765,0.0018334673212791117,1
2237836,5,0,0.000362646823762355,0.0018334673212791117,0
2239877,5,0,0.0001444772232082658,0.0018334673212791117,0
2242362,5,0,0.0007720909664073528,0.0018334673212791117,0
2243148,5,0,0.0004601615174153952,0.0018334673212791117,0
2243363,5,0,0.0013540669231432401,0.0018334673212791117,0
2243436,5,0,4.385447308914963e-05,0.0018334673212791117,0
2245988,5,0,0.0007551081497464085,0.0018334673212791117,0
2247907,5,0,0.0003706819201407153,0.0018334673212791117,0
2251566,5,0,0.0003615737946039542,0.0018334673212791117,0
2253990,5,0,0.00020990610686820563,0.0018334673212791117,0
2255011,5,0,0.0034171837511875703,0.0018334673212791117,1
2258798,5,0,0.008608040249764455,0.0018334673212791117,1
2259955,5,0,0.002364558430245498,0.0018334673212791117,1
2264774,5,0,0.0019097909755494177,0.0018334673212791117,1
2265207,5,0,0.0004900296752630767,0.0018334673212791117,0
2265867,5,0,0.00035482465020245514,0.0018334673212791117,0
2266566,5,0,0.002782955368642463,0.0018334673212791117,1
2273260,5,0,0.0016452112319395055,0.0018334673212791117,0
2275219,5,0,0.00012714072650415545,0.0018334673212791117,0
2277124,5,0,0.0020277274851033507,0.0018334673212791117,1
2281855,5,0,0.0006709911143525227,0.0018334673212791117,0
2288823,5,0,0.04628853456997521,0.0018334673212791117,1
2291818,5,0,0.00021604411166941317,0.0018334673212791117,0
2295722,5,0,0.001133234710666695,0.0018334673212791117,0
2302075,5,0,0.0011432430546322108,0.0018334673212791117,0
2303250,5,0,0.0003232874844699883,0.0018334673212791117,0
2306374,5,0,0.0008263376407493297,0.0018334673212791117,0
2308583,5,0,0.00017185422368781728,0.0018334673212791117,0
2310450,5,0,0.0014310245670797318,0.0018334673212791117,0
2310632,5,0,0.0003484230817174582,0.0018334673212791117,0
2311475,5,0,0.003057172447535074,0.0018334673212791117,1
2312493,5,0,0.001132338004397987,0.0018334673212791117,0
2313384,5,0,0.0003107548207237427,0.0018334673212791117,0
2314714,5,0,0.0006540710299432838,0.0018334673212791117,0
2316882,5,0,0.0009795443628470228,0.0018334673212791117,0
2317132,5,0,4.125976757487309e-05,0.0018334673212791117,0
2318659,5,0,0.00671296467656009,0.0018334673212791117,1
2321979,5,0,0.003850258763538294,0.0018334673212791117,1
2322800,5,0,0.0005259527725145001,0.0018334673212791117,0
2324605,5,0,0.0011197999157630003,0.0018334673212791117,0
2329112,5,0,0.0009106784676012996,0.0018334673212791117,0
2333021,5,0,0.0005746588053166407,0.0018334673212791117,0
2336193,5,0,0.0009274980107129557,0.0018334673212791117,0
2336421,5,0,0.002249608166873074,0.0018334673212791117,1
2336955,5,0,0.0008915712448736705,0.0018334673212791117,0
2342919,5,0,0.0020080047967874666,0.0018334673212791117,1
2343342,5,0,0.0026092806829259695,0.0018334673212791117,1
2349173,5,0,0.0003742238101587749,0.0018334673212791117,0
2351114,5,0,0.0001615464150795942,0.0018334673212791117,0
2351711,5,0,0.000348514717428731,0.0018334673212791117,0
2353955,5,0,0.0011992492759728911,0.0018334673212791117,0
2354153,5,0,0.0005781955047493741,0.0018334673212791117,0
2354159,5,0,0.0032031844637450775,0.0018334673212791117,1
2354193,5,0,0.004676951006484353,0.0018334673212791117,1
2354389,5,0,0.0019970674228157784,0.0018334673212791117,1
2356467,5,0,0.0018624700114622653,0.0018334673212791117,1
2357242,5,0,0.00040247935629488896,0.0018334673212791117,0
2357360,5,0,0.0008792397682877506,0.0018334673212791117,0
2357852,5,0,0.0012633404599040597,0.0018334673212791117,0
2359676,5,0,0.0014199408450013165,0.0018334673212791117,0
2361684,5,0,0.0001659696076359714,0.0018334673212791117,0
2362094,5,0,0.0008186353350932119,0.0018334673212791117,0
2366016,5,0,0.0011151231308856502,0.0018334673212791117,0
2367926,5,0,0.0016555355719099184,0.0018334673212791117,0
2370229,5,0,0.0033255800218471936,0.0018334673212791117,1
2370267,5,0,0.0007031658178123248,0.0018334673212791117,0
2372982,5,0,0.0011802774845783442,0.0018334673212791117,0
2376140,5,0,0.0007452603574320678,0.0018334673212791117,0
2376768,5,0,0.0014731478408604047,0.0018334673212791117,0
2377913,5,0,0.00011765064911988912,0.0018334673212791117,0
2377942,5,0,0.011131303125342051,0.0018334673212791117,1
2380799,5,0,0.0015950765973878655,0.0018334673212791117,0
2382395,5,0,0.009578420854559025,0.0018334673212791117,1
2387667,5,0,0.0012150974180877166,0.0018334673212791117,0
2388289,5,0,0.0035231499818499175,0.0018334673212791117,1
2396013,5,0,0.0005282254870171436,0.0018334673212791117,0
2403995,5,0,0.0007849761746272557,0.0018334673212791117,0
2405160,5,0,0.00013356050738346422,0.0018334673212791117,0
2406214,5,0,0.0011136205171902575,0.0018334673212791117,0
2408437,5,0,0.0016595679884351185,0.0018334673212791117,0
2408586,5,0,0.0017708223568894516,0.0018334673212791117,0
2411866,5,0,4.559936484914216e-05,0.0018334673212791117,0
2414862,5,0,0.0012363921493460366,0.0018334673212791117,0
2416925,5,0,0.00031050931131118586,0.0018334673212791117,0
2420689,5,0,0.0010416420502373602,0.0018334673212791117,0
2421508,5,0,0.0013995943428016717,0.0018334673212791117,0
2422366,5,0,8.140043219557745e-05,0.0018334673212791117,0
2423140,5,0,0.004395192840957121,0.0018334673212791117,1
2431072,5,0,0.00037217596335852347,0.0018334673212791117,0
2431540,5,0,0.00011627894731028904,0.0018334673212791117,0
2432301,5,0,0.00015389109119902944,0.0018334673212791117,0
2434436,5,0,0.0031010882880998314,0.0018334673212791117,1
2435778,5,0,0.003048851932938268,0.0018334673212791117,1
2481711,5,0,0.0016242088122185561,0.0018334673212791117,0
2482444,5,0,0.0009833634092557817,0.0018334673212791117,0
2493161,5,0,0.0017286071334149924,0.0018334673212791117,0
2501418,5,0,0.005795664418279686,0.0018334673212791117,1
2524355,5,0,0.0006260498073473953,0.0018334673212791117,0
2524581,5,0,0.0017702302130361788,0.0018334673212791117,0
2524758,5,0,0.00014264449969351406,0.0018334673212791117,0
2525240,5,0,0.00021206494096812206,0.0018334673212791117,0
2525677,5,0,0.003730212711511656,0.0018334673212791117,1
2526829,5,0,0.0004821913484616367,0.0018334673212791117,0
2527188,5,0,0.0016241226085939487,0.0018334673212791117,0
2527506,5,0,0.0009948927006287716,0.0018334673212791117,0
2529544,5,0,0.0010537205026208397,0.0018334673212791117,0
2531502,5,0,0.00020121202820474023,0.0018334673212791117,0
2531869,5,0,0.00018220376853943533,0.0018334673212791117,0
2532534,5,0,0.00014349096057422316,0.0018334673212791117,0
2536348,5,0,0.0004128557702439892,0.0018334673212791117,0
2539416,5,0,0.0018452047089612725,0.0018334673212791117,1
2539963,5,0,0.0026226820433478894,0.0018334673212791117,1
2540221,5,0,0.0029675590006971175,0.0018334673212791117,1
2545997,5,0,0.0014107421111189615,0.0018334673212791117,0
2546266,5,0,0.00033597848641708566,0.0018334673212791117,0
2548027,5,0,0.0002507287068858103,0.0018334673212791117,0
2549628,5,0,0.0009044971069639677,0.0018334673212791117,0
2552412,5,0,0.0031993191371841273,0.0018334673212791117,1
2552718,5,0,6.202666041704336e-05,0.0018334673212791117,0
2558285,5,0,0.0007588549211283207,0.0018334673212791117,0
2559955,5,0,0.0007612319595850921,0.0018334673212791117,0
2560024,5,0,0.00021588490907014705,0.0018334673212791117,0
2560825,5,0,0.000882757087479312,0.0018334673212791117,0
2562186,5,0,0.0005694876939632165,0.0018334673212791117,0
2562743,5,0,0.004831059422309318,0.0018334673212791117,1
2565935,5,0,0.000446301084104369,0.0018334673212791117,0
2566986,5,0,0.00037856505805389983,0.0018334673212791117,0
2570486,5,0,0.0043274151720650595,0.0018334673212791117,1
2571370,5,0,0.0004393644909337341,0.0018334673212791117,0
2572574,5,0,0.00020024916416847268,0.0018334673212791117,0
2575423,5,0,0.00031982280904183547,0.0018334673212791117,0
2576673,5,0,0.0024147345620642137,0.0018334673212791117,1
2586514,5,0,0.00014413773014161093,0.0018334673212791117,0
2591248,5,0,0.0002146263835474408,0.0018334673212791117,0
2594234,5,0,0.0009527139015159629,0.0018334673212791117,0
2594934,5,0,0.0011223811527848395,0.0018334673212791117,0
2601734,5,0,0.0005750370203235085,0.0018334673212791117,0
2601875,5,0,0.0004903563878944578,0.0018334673212791117,0
2608253,5,0,0.00028900007276908414,0.0018334673212791117,0
2609049,5,0,0.003893343271529165,0.0018334673212791117,1
2610765,5,0,5.61159260091649e-05,0.0018334673212791117,0
2612432,5,0,0.0011353739130242411,0.0018334673212791117,0
2616112,5,0,0.0002580559202711025,0.0018334673212791117,0
2620910,5,0,0.0009835865561252958,0.0018334673212791117,0
2620914,5,0,0.001475884726918355,0.0018334673212791117,0
2630224,5,0,0.0028534676276323985,0.0018334673212791117,1
2666755,5,0,0.0013490235744235575,0.0018334673212791117,0
2681244,5,0,0.0011115126916013084,0.0018334673212791117,0
2695552,5,0,0.007326741653478386,0.0018334673212791117,1
2696932,5,0,0.0017240229021375014,0.0018334673212791117,0
2724741,5,0,0.00043891050460515577,0.0018334673212791117,0
2737129,5,0,0.010594885294302423,0.0018334673212791117,1
2741140,5,0,0.0008860783622267232,0.0018334673212791117,0
2741834,5,0,0.0002236037598790649,0.0018334673212791117,0
2767330,5,0,0.00950950748855456,0.0018334673212791117,1
2775652,5,0,0.00033443152777322513,0.0018334673212791117,0
2788215,5,0,0.0012761474773868465,0.0018334673212791117,0
2788419,5,0,0.00013868657346933623,0.0018334673212791117,0
2821755,5,0,0.0007082625717371608,0.0018334673212791117,0
2827442,5,0,0.0021404251494867984,0.0018334673212791117,1
2827739,5,0,5.4356672859951356e-05,0.0018334673212791117,0
2828838,5,0,0.0004904004770603596,0.0018334673212791117,0
2828846,5,0,0.00011538682816400045,0.0018334673212791117,0
2831734,5,0,0.0008059518564215792,0.0018334673212791117,0
2832666,5,0,0.00015117757025999768,0.0018334673212791117,0
2833543,5,0,0.00015708743140615189,0.0018334673212791117,0
2833784,5,0,0.00019171973233327383,0.0018334673212791117,0
2833958,5,0,0.00019923916005629575,0.0018334673212791117,0
2835708,5,0,0.0023018163370196105,0.0018334673212791117,1
2836318,5,0,0.0002881320149301177,0.0018334673212791117,0
2837057,5,0,0.00021896225660309013,0.0018334673212791117,0
2837949,5,0,0.004249082321210753,0.0018334673212791117,1
2839057,5,0,0.00018177058627090684,0.0018334673212791117,0
2841581,5,0,0.00041539578296143314,0.0018334673212791117,0
2841616,5,0,0.0004589021360076548,0.0018334673212791117,0
2843346,5,0,0.0005831681684197612,0.0018334673212791117,0
2843434,5,0,0.00015591413293670258,0.0018334673212791117,0
2843865,5,0,9.991647052253421e-05,0.0018334673212791117,0
2847225,5,0,0.00033479173695032956,0.0018334673212791117,0
2849314,5,0,0.0002274696127072522,0.0018334673212791117,0
2850792,5,0,5.589887448035553e-05,0.0018334673212791117,0
2851058,5,0,0.001810171274773435,0.0018334673212791117,0
2852202,5,0,0.0010297667401213888,0.0018334673212791117,0
2853236,5,0,0.00022054759948665124,0.0018334673212791117,0
2853672,5,0,0.0017780365120143478,0.0018334673212791117,0
2854500,5,0,0.0002597374190559751,0.0018334673212791117,0
2855826,5,0,0.0002002352804626505,0.0018334673212791117,0
2855874,5,0,0.00015345637854846385,0.0018334673212791117,0
2855880,5,0,0.0005482911725323198,0.0018334673212791117,0
2859981,5,0,0.0003889112405648122,0.0018334673212791117,0
2860604,5,0,0.0013619981669190353,0.0018334673212791117,0
2863237,5,0,0.00011132400831250712,0.0018334673212791117,0
2869173,5,0,0.0004892586838344381,0.0018334673212791117,0
2870346,5,0,0.0009992885010167507,0.0018334673212791117,0
2870946,5,0,0.0009513340023404959,0.0018334673212791117,0
2873615,5,0,0.0037029238444904293,0.0018334673212791117,1
2873894,5,0,0.0003814529039138458,0.0018334673212791117,0
2876123,5,0,0.001953448788457714,0.0018334673212791117,1
2876639,5,0,0.00018260560395089132,0.0018334673212791117,0
2880275,5,0,8.707536889736475e-05,0.0018334673212791117,0
2881154,5,0,0.0009032980722699467,0.0018334673212791117,0
2881568,5,0,0.0006716661793483905,0.0018334673212791117,0
2882495,5,0,0.0003015117698821704,0.0018334673212791117,0
2883470,5,0,0.000649566312295219,0.0018334673212791117,0
2885117,5,0,5.2668802779149747e-05,0.0018334673212791117,0
2885975,5,0,0.000315959259712292,0.0018334673212791117,0
2887439,5,0,0.0004868428874368231,0.0018334673212791117,0
2888135,5,0,0.0018051825120200423,0.0018334673212791117,0
2888583,5,0,0.0004346107365167476,0.0018334673212791117,0
2888976,5,0,0.0018206932089371132,0.0018334673212791117,0
2889858,5,0,0.006047090447865818,0.0018334673212791117,1
2891286,5,0,0.0001280363650851243,0.0018334673212791117,0
2896870,5,0,0.0001369870856644509,0.0018334673212791117,0
2898129,5,0,0.0015633542444764151,0.0018334673212791117,0
2898343,5,0,0.0067106282370085965,0.0018334673212791117,1
2898863,5,0,0.0065204073527960855,0.0018334673212791117,1
2899706,5,0,0.0006562555833017167,0.0018334673212791117,0
2899772,5,0,0.0003150816496497375,0.0018334673212791117,0
2900521,5,0,0.0005806059173516273,0.0018334673212791117,0
2901644,5,0,0.0009196004177876605,0.0018334673212791117,0
2904561,5,0,0.0001769827828131805,0.0018334673212791117,0
2904821,5,0,0.000703307765923401,0.0018334673212791117,0
2904929,5,0,0.0006387165049793419,0.0018334673212791117,0
2906421,5,0,0.00018568297504333693,0.0018334673212791117,0
2906693,5,0,0.00032748784305189176,0.0018334673212791117,0
2907394,5,0,0.0001694486966802587,0.0018334673212791117,0
2909291,5,0,8.495051990315157e-05,0.0018334673212791117,0
2911959,5,0,0.0004921316807495025,0.0018334673212791117,0
2915266,5,0,0.0007374553309477581,0.0018334673212791117,0
2917778,5,0,0.0005978489932306932,0.0018334673212791117,0
2917822,5,0,0.002184206535055436,0.0018334673212791117,1
2919065,5,0,0.0016815603630777282,0.0018334673212791117,0
2920929,5,0,0.0017520376922452953,0.0018334673212791117,0
2922819,5,0,0.0019188514356295024,0.0018334673212791117,1
2923922,5,0,0.0017593342152021963,0.0018334673212791117,0
2924875,5,0,0.0010671138269026741,0.0018334673212791117,0
2925009,5,0,9.178872020375453e-05,0.0018334673212791117,0
2928499,5,0,0.0003087371099559242,0.0018334673212791117,0
2928644,5,0,0.0006600797730840782,0.0018334673212791117,0
2928885,5,0,0.0001433337366499996,0.0018334673212791117,0
2928994,5,0,0.00033976065733943927,0.0018334673212791117,0
2929353,5,0,0.0014363056228458332,0.0018334673212791117,0
2930263,5,0,0.0003819510245229573,0.0018334673212791117,0
2931007,5,0,0.0004409820477919366,0.0018334673212791117,0
2931318,5,0,6.413335657534681e-05,0.0018334673212791117,0
2931812,5,0,0.001699417283889104,0.0018334673212791117,0
2932695,5,0,0.00015711854642778915,0.0018334673212791117,0
2933107,5,0,0.00010172472871632568,0.0018334673212791117,0
2936597,5,0,0.000828038091153631,0.0018334673212791117,0
2937784,5,0,0.0005438655410506438,0.0018334673212791117,0
2938621,5,0,0.004005337122223546,0.0018334673212791117,1
2938756,5,0,1.9142804272139414e-05,0.0018334673212791117,0
2938841,5,0,0.0006357211471911844,0.0018334673212791117,0
2939254,5,0,0.0003998486115077062,0.0018334673212791117,0
2939973,5,0,0.025942246081259817,0.0018334673212791117,1
2940115,5,0,0.0015593664650000367,0.0018334673212791117,0
2941034,5,0,0.0012836563071752397,0.0018334673212791117,0
2941060,5,0,1.8701542425743288e-05,0.0018334673212791117,0
2941207,5,0,0.00033370126971561675,0.0018334673212791117,0
2941550,5,0,0.0005355695572161873,0.0018334673212791117,0
2942525,5,0,0.00011651426854761515,0.0018334673212791117,0
2942729,5,0,0.0018376518139083854,0.0018334673212791117,1
2943275,5,0,0.00014356631577858403,0.0018334673212791117,0
2943592,5,0,0.0028902579370561083,0.0018334673212791117,1
2944643,5,0,0.0002480651697449233,0.0018334673212791117,0
2945791,5,0,0.002877418430268938,0.0018334673212791117,1
2946417,5,0,0.0018308685313628158,0.0018334673212791117,0
2946621,5,0,0.0005577630884009335,0.0018334673212791117,0
2947616,5,0,0.00035489858318547135,0.0018334673212791117,0
2947653,5,0,0.0012612706404081968,0.0018334673212791117,0
2948282,5,0,6.485417082550615e-05,0.0018334673212791117,0
2948316,5,0,0.0013480335124509278,0.0018334673212791117,0
2948564,5,0,0.0008245173742060936,0.0018334673212791117,0
2950114,5,0,0.0006138705508075425,0.0018334673212791117,0
2950466,5,0,4.704149663271215e-05,0.0018334673212791117,0
2950471,5,0,0.00011036655728975615,0.0018334673212791117,0
2950577,5,0,8.587069080075224e-05,0.0018334673212791117,0
2950644,5,0,0.0046781887571069455,0.0018334673212791117,1
2950779,5,0,2.7947563495363047e-05,0.0018334673212791117,0
2950925,5,0,7.898120409942636e-05,0.0018334673212791117,0
2950951,5,0,0.000953412904088317,0.0018334673212791117,0
2951125,5,0,0.0005351914156431186,0.0018334673212791117,0
2951509,5,0,0.0002135322656037693,0.0018334673212791117,0
2951764,5,0,0.0015022646769253143,0.0018334673212791117,0
2952322,5,0,0.0017287144771141755,0.0018334673212791117,0
2952513,5,0,0.00044548123658822987,0.0018334673212791117,0
2952755,5,0,0.0002969093456684554,0.0018334673212791117,0
2952839,5,0,0.001401907999389471,0.0018334673212791117,0
2952870,5,0,0.00015999296835134274,0.0018334673212791117,0
2952929,5,0,0.0004326563412830372,0.0018334673212791117,0
2952944,5,0,0.0009263226371663955,0.0018334673212791117,0
2954536,5,0,0.0009070256657371692,0.0018334673212791117,0
2954650,5,0,0.0007876131426947012,0.0018334673212791117,0
2955240,5,0,0.0014330655750752425,0.0018334673212791117,0
2955407,5,0,0.0005305192305441147,0.0018334673212791117,0
2955868,5,0,7.772619176775031e-05,0.0018334673212791117,0
2956237,5,0,0.00035257375108113805,0.0018334673212791117,0
2956344,5,0,0.0006241369308434464,0.0018334673212791117,0
2956720,5,0,0.001352015856441424,0.0018334673212791117,0
2956922,5,0,0.0012647356374146988,0.0018334673212791117,0
2957284,5,0,0.0003026012094640271,0.0018334673212791117,0
2957405,5,0,0.0006139763663353335,0.0018334673212791117,0
2957948,5,0,0.00029390261077047214,0.0018334673212791117,0
2957949,5,0,0.0008386157634345859,0.0018334673212791117,0
2958055,5,0,0.0013642704706957115,0.0018334673212791117,0
2959660,5,0,0.0011201507964868885,0.0018334673212791117,0
2960269,5,0,0.00016720378730447345,0.0018334673212791117,0
2961566,5,0,2.847404732362121e-05,0.0018334673212791117,0
2961595,5,0,0.0017186201115000342,0.0018334673212791117,0
2962177,5,0,0.0011779483569953004,0.0018334673212791117,0
2962554,5,0,0.0003968935322053739,0.0018334673212791117,0
2963203,5,0,0.0007528034394961406,0.0018334673212791117,0
2963217,5,0,0.006645468671209067,0.0018334673212791117,1
2963304,5,0,0.0010039452527454266,0.0018334673212791117,0
2964189,5,0,0.0002634553495924123,0.0018334673212791117,0
2964204,5,0,0.00010066411352893335,0.0018334673212791117,0
2964243,5,0,0.00024021158576338888,0.0018334673212791117,0
2964392,5,0,0.0001468767109622667,0.0018334673212791117,0
2965126,5,0,5.978480148954803e-05,0.0018334673212791117,0
2965348,5,0,4.01512742008544e-05,0.0018334673212791117,0
2965943,5,0,0.0009641805214205409,0.0018334673212791117,0
2966489,5,0,0.0017413391294472955,0.0018334673212791117,0
2966650,5,0,0.0006380009473174412,0.0018334673212791117,0
2966718,5,0,0.0015952209517607902,0.0018334673212791117,0
2968193,5,0,2.8948545435862428e-05,0.0018334673212791117,0
2968658,5,0,0.0038890338433608786,0.0018334673212791117,1
2968760,5,0,0.0015134290455168491,0.0018334673212791117,0
2969544,5,0,0.000895346519752618,0.0018334673212791117,0
2970353,5,0,0.0011669354683839113,0.0018334673212791117,0
2970366,5,0,0.00015069593582897964,0.0018334673212791117,0
2970668,5,0,7.77074701055951e-05,0.0018334673212791117,0
2970818,5,0,0.00019129871906386288,0.0018334673212791117,0
2970959,5,0,0.004641122025920247,0.0018334673212791117,1
2971106,5,0,0.0003208618826779831,0.0018334673212791117,0
2971120,5,0,0.007804417140685471,0.0018334673212791117,1
2971659,5,0,0.005779558494283285,0.0018334673212791117,1
2971711,5,0,0.001280292991095252,0.0018334673212791117,0
2971915,5,0,0.005193904429945064,0.0018334673212791117,1
2971923,5,0,0.00030015066354732126,0.0018334673212791117,0
2972127,5,0,0.0012584937293660275,0.0018334673212791117,0
2972134,5,0,0.000661175168921582,0.0018334673212791117,0
2972431,5,0,0.0007424054688300956,0.0018334673212791117,0
2972851,5,0,0.000142715130011499,0.0018334673212791117,0
2973094,5,0,0.0011343547669774173,0.0018334673212791117,0
2974073,5,0,0.001776286627063409,0.0018334673212791117,0
2974892,5,0,0.0013113131856925936,0.0018334673212791117,0
2975362,5,0,0.00041895885627477297,0.0018334673212791117,0
2976988,5,0,0.000747159350401544,0.0018334673212791117,0
2977752,5,0,0.004387642293196739,0.0018334673212791117,1
2978623,5,0,0.0003985751224880622,0.0018334673212791117,0
2978940,5,0,0.001789940059796221,0.0018334673212791117,0
2980944,5,0,0.00023090268282076386,0.0018334673212791117,0
2981499,5,0,0.0016931560502503175,0.0018334673212791117,0
2981691,5,0,0.000549464298186044,0.0018334673212791117,0
2982956,5,0,0.002300471775028734,0.0018334673212791117,1
2983928,5,0,3.9133272143402255e-05,0.0018334673212791117,0
2984340,5,0,0.0004329673604967082,0.0018334673212791117,0
2986656,5,0,0.000313345313159658,0.0018334673212791117,0
2990652,5,0,4.0121498494172005e-05,0.0018334673212791117,0
2991558,5,0,0.00012365560159825807,0.0018334673212791117,0
2996925,5,0,0.0007060685786614691,0.0018334673212791117,0
2997341,5,0,0.0003952069470242504,0.0018334673212791117,0
2997510,5,0,0.0006047546934310179,0.0018334673212791117,0
2997523,5,0,0.001502810212281357,0.0018334673212791117,0
2997526,5,0,8.760547760050229e-05,0.0018334673212791117,0
2997560,5,0,0.0006034638034698826,0.0018334673212791117,0
2997567,5,0,0.0013733011591777632,0.0018334673212791117,0
2997571,5,0,0.0020743263143927285,0.0018334673212791117,1
2997597,5,0,0.00040325209540431275,0.0018334673212791117,0
2997607,5,0,0.00031740204705868035,0.0018334673212791117,0
2997668,5,0,0.00035764143775973223,0.0018334673212791117,0
2997693,5,0,0.00019764336140614067,0.0018334673212791117,0
2997705,5,0,0.00030346970562306053,0.0018334673212791117,0
2997737,5,0,0.000736570861949377,0.0018334673212791117,0
2997755,5,0,9.397055763619049e-05,0.0018334673212791117,0
2997785,5,0,0.0011185121218331038,0.0018334673212791117,0
2997807,5,0,0.0007570288238962287,0.0018334673212791117,0
2997849,5,0,0.0006345170440050217,0.0018334673212791117,0
2997857,5,0,0.00048393279651014957,0.0018334673212791117,0
2997863,5,0,0.0003780303889856227,0.0018334673212791117,0
2997886,5,0,0.00029491617638255206,0.0018334673212791117,0
2997983,5,0,0.0022478547735488175,0.0018334673212791117,1
2998010,5,0,0.002336636690762511,0.0018334673212791117,1
2998034,5,0,0.0013141091260339222,0.0018334673212791117,0
2998072,5,0,0.009921367043918383,0.0018334673212791117,1
2998073,5,0,0.0013450408622004153,0.0018334673212791117,0
2998074,5,0,0.000616341153167605,0.0018334673212791117,0
2998084,5,0,0.00023262798416675437,0.0018334673212791117,0
2998121,5,0,7.949161715917117e-05,0.0018334673212791117,0
2998184,5,0,0.0014749337630299774,0.0018334673212791117,0
2998223,5,0,0.0014523676731865406,0.0018334673212791117,0
2998246,5,0,0.00489698364406273,0.0018334673212791117,1
2998274,5,0,0.0006526269197981785,0.0018334673212791117,0
2998284,5,0,6.614037894184505e-05,0.0018334673212791117,0
2998297,5,0,0.00039584578711139747,0.0018334673212791117,0
2998343,5,0,9.579498566504901e-05,0.0018334673212791117,0
2998350,5,0,0.004739540029842597,0.0018334673212791117,1
2998362,5,0,0.0005341120200175697,0.0018334673212791117,0
2998368,5,0,0.0018232705894193216,0.0018334673212791117,0
2998370,5,0,0.006921404899629033,0.0018334673212791117,1
2998396,5,0,0.00028800511066138704,0.0018334673212791117,0
2998408,5,0,0.0018762480190538252,0.0018334673212791117,1
2998410,5,0,0.002175495064117879,0.0018334673212791117,1
2998415,5,0,0.002554168989633846,0.0018334673212791117,1
2998417,5,0,0.00038101113960167386,0.0018334673212791117,0
2998442,5,0,0.0006410971886480082,0.0018334673212791117,0
2998518,5,0,0.0005362491817677272,0.0018334673212791117,0
2998530,5,0,0.006257517187252533,0.0018334673212791117,1
2998535,5,0,0.0017581870867980757,0.0018334673212791117,0
2998545,5,0,0.00017567328390788263,0.0018334673212791117,0
2998546,5,0,0.0005312430134843968,0.0018334673212791117,0
2998558,5,0,0.001948091234377716,0.0018334673212791117,1
2998617,5,0,0.00026978734683485767,0.0018334673212791117,0
2998634,5,0,0.007019387671346071,0.0018334673212791117,1
2998644,5,0,0.0005698117719301234,0.0018334673212791117,0
2998650,5,0,0.0005452907864287861,0.0018334673212791117,0
2998669,5,0,0.00014940917391310994,0.0018334673212791117,0
2998687,5,0,0.0029780616436391864,0.0018334673212791117,1
2998692,5,0,0.006865223402336458,0.0018334673212791117,1
2998695,5,0,0.0002414897873553435,0.0018334673212791117,0
2998705,5,0,0.000432210066619175,0.0018334673212791117,0
2998709,5,0,0.0011868296928314287,0.0018334673212791117,0
2998710,5,0,0.00018668662225782646,0.0018334673212791117,0
2998757,5,0,0.0006776289478682445,0.0018334673212791117,0
2998770,5,0,0.0017068856629121956,0.0018334673212791117,0
2998787,5,0,0.00026493289102564823,0.0018334673212791117,0
2998822,5,0,0.002003640636271674,0.0018334673212791117,1
2998851,5,0,0.0004852380785328614,0.0018334673212791117,0
2998884,5,0,0.001372842941082258,0.0018334673212791117,0
2998903,5,0,0.00258887120577689,0.0018334673212791117,1
2998925,5,0,0.00030461737140952095,0.0018334673212791117,0
2998968,5,0,0.0005544193014182867,0.0018334673212791117,0
2999002,5,0,7.641510157045321e-05,0.0018334673212791117,0
2999003,5,0,0.0003870085568325093,0.0018334673212791117,0
2999059,5,0,0.0001285550852660758,0.0018334673212791117,0
2999064,5,0,0.008075242168032843,0.0018334673212791117,1
2999080,5,0,0.0013463108206679074,0.0018334673212791117,0
2999099,5,0,0.00013728123266758241,0.0018334673212791117,0
2999136,5,0,5.366229980924396e-05,0.0018334673212791117,0
2999137,5,0,0.0009507662178386289,0.0018334673212791117,0
2999158,5,0,0.0009071548721476185,0.0018334673212791117,0
2999176,5,0,0.0001365926848741119,0.0018334673212791117,0
2999197,5,0,0.00047612967909603125,0.0018334673212791117,0
2999206,5,0,0.00262851988479893,0.0018334673212791117,1
2999212,5,0,0.001502406346583904,0.0018334673212791117,0
2999229,5,0,2.6334045334496762e-05,0.0018334673212791117,0
2999237,5,0,0.0009654220642548768,0.0018334673212791117,0
2999241,5,0,0.0005427932202492955,0.0018334673212791117,0
2999258,5,0,0.00040249610524416805,0.0018334673212791117,0
2999306,5,0,0.0008503306678082293,0.0018334673212791117,0
2999308,5,0,0.0010307969958955874,0.0018334673212791117,0
2999321,5,0,0.002007817658841232,0.0018334673212791117,1
2999322,5,0,0.003671349053220539,0.0018334673212791117,1
2999326,5,0,0.00045368672443635326,0.0018334673212791117,0
2999347,5,0,0.0005295163202976565,0.0018334673212791117,0
2999353,5,0,0.0009158643068494077,0.0018334673212791117,0
2999355,5,0,0.00614479881707637,0.0018334673212791117,1
2999441,5,0,0.001148119027933077,0.0018334673212791117,0
2999457,5,0,0.00012623598067321376,0.0018334673212791117,0
2999504,5,0,0.0007476133101029888,0.0018334673212791117,0
2999589,5,0,0.00021473943169436028,0.0018334673212791117,0
2999597,5,0,0.004176666454929223,0.0018334673212791117,1
2999605,5,0,0.0002642354791204818,0.0018334673212791117,0
2999648,5,0,0.0027415409272769477,0.0018334673212791117,1
2999673,5,0,0.002194236234707563,0.0018334673212791117,1
2999683,5,0,0.0007234333420491519,0.0018334673212791117,0
2999690,5,0,0.0014209559082340778,0.0018334673212791117,0
2999697,5,0,0.0001327625276157649,0.0018334673212791117,0
2999724,5,0,0.00023451927682416508,0.0018334673212791117,0
2999740,5,0,0.001810992192735755,0.0018334673212791117,0
2999754,5,0,0.0004905884802764387,0.0018334673212791117,0
2999761,5,0,0.0018528965932531655,0.0018334673212791117,1
2999779,5,0,0.00045065008078522034,0.0018334673212791117,0
2999783,5,0,0.00044801319161282444,0.0018334673212791117,0
2999802,5,0,0.0006262385052116822,0.0018334673212791117,0
2999806,5,0,0.0007977697082859288,0.0018334673212791117,0
2999822,5,0,0.0004296077515369604,0.0018334673212791117,0
2999857,5,0,0.0005951788853654195,0.0018334673212791117,0
2999963,5,0,0.0005677128833488827,0.0018334673212791117,0
2999988,5,0,0.011316747976638565,0.0018334673212791117,1
3000022,5,0,0.0017314774880083509,0.0018334673212791117,0
3000101,5,0,0.001150785835548833,0.0018334673212791117,0
3000106,5,0,0.00028836656879478154,0.0018334673212791117,0
3000127,5,0,0.002016508941793342,0.0018334673212791117,1
3000183,5,0,0.0004274371718155757,0.0018334673212791117,0
3000184,5,0,3.7380954353685154e-05,0.0018334673212791117,0
3000189,5,0,0.000626757987442129,0.0018334673212791117,0
3076954,5,0,0.0003798580820111596,0.0018334673212791117,0
3115287,5,0,0.0002178403932792857,0.0018334673212791117,0
3128172,5,0,0.00016187963488221893,0.0018334673212791117,0
3129049,5,0,0.0003543430262780118,0.0018334673212791117,0
3133599,5,0,0.0010857750427525474,0.0018334673212791117,0
3138773,5,0,0.0003494032407768288,0.0018334673212791117,0
3144344,5,0,9.775284787801677e-05,0.0018334673212791117,0
3145105,5,0,0.00045041807147041396,0.0018334673212791117,0
3146349,5,0,0.0003259245857793912,0.0018334673212791117,0
3147403,5,0,0.000271463189830182,0.0018334673212791117,0
3148623,5,0,0.0001616097254806076,0.0018334673212791117,0
3150902,5,0,0.0020048713209897587,0.0018334673212791117,1
3151923,5,0,0.0013021288774906561,0.0018334673212791117,0
3152380,5,0,0.0011169475933955914,0.0018334673212791117,0
3153881,5,0,0.0002345336679841347,0.0018334673212791117,0
3154605,5,0,0.00019743249617610185,0.0018334673212791117,0
3155707,5,0,0.0004204149000146368,0.0018334673212791117,0
3156038,5,0,0.00019185581178728754,0.0018334673212791117,0
3156106,5,0,0.00026363165849904437,0.0018334673212791117,0
3158615,5,0,0.0028055886584024033,0.0018334673212791117,1
3158993,5,0,0.0004650321790353717,0.0018334673212791117,0
3162305,5,0,0.0011050913862126273,0.0018334673212791117,0
3162447,5,0,0.000454341594461969,0.0018334673212791117,0
3163753,5,0,0.0003483620309513193,0.0018334673212791117,0
3163763,5,0,0.0010014158031687137,0.0018334673212791117,0
3235580,5,0,0.0003554815533813537,0.0018334673212791117,0
3235639,5,0,0.0007120635609857637,0.0018334673212791117,0
3235643,5,0,0.0006595885837837738,0.0018334673212791117,0
3235647,5,0,0.0006846461781203257,0.0018334673212791117,0
3235651,5,0,7.860903375183349e-05,0.0018334673212791117,0
3235672,5,0,0.00021024972603139497,0.0018334673212791117,0
3235735,5,0,0.001724714730954076,0.0018334673212791117,0
3235751,5,0,0.0006403381447244596,0.0018334673212791117,0
3235761,5,0,0.002116191576344384,0.0018334673212791117,1
3235766,5,0,0.0015540035693761918,0.0018334673212791117,0
3235779,5,0,0.000947018627803809,0.0018334673212791117,0
3235797,5,0,0.0016861448789706282,0.0018334673212791117,0
3235801,5,0,0.010601307200752115,0.0018334673212791117,1
3235824,5,0,0.0003211558468462178,0.0018334673212791117,0
3235829,5,0,0.0014258283616114542,0.0018334673212791117,0
3235855,5,0,0.0009488086717617738,0.0018334673212791117,0
3235897,5,0,0.0004677025702521649,0.0018334673212791117,0
3235900,5,0,0.0013884719176066374,0.0018334673212791117,0
3235917,5,0,0.000326054697102165,0.0018334673212791117,0
3235919,5,0,0.0023961230608676542,0.0018334673212791117,1
3235959,5,0,0.0013168719083035492,0.0018334673212791117,0
3235967,5,0,0.0012636433818227892,0.0018334673212791117,0
3235969,5,0,0.0003689017468217275,0.0018334673212791117,0
3235978,5,0,0.00021805032179028202,0.0018334673212791117,0
3236005,5,0,0.0003443726430002507,0.0018334673212791117,0
3236007,5,0,0.0007130474394380803,0.0018334673212791117,0
3236020,5,0,8.080893848194938e-05,0.0018334673212791117,0
3236049,5,0,6.832599482589742e-05,0.0018334673212791117,0
3236069,5,0,0.0032135117156915295,0.0018334673212791117,1
3236113,5,0,0.0004385275543822614,0.0018334673212791117,0
3236124,5,0,0.003189177653145311,0.0018334673212791117,1
3236190,5,0,0.00014945963072469703,0.0018334673212791117,0
3236195,5,0,0.0014822569286291128,0.0018334673212791117,0
3236233,5,0,0.00274078552558915,0.0018334673212791117,1
3236244,5,0,0.0007765737376737023,0.0018334673212791117,0
3236245,5,0,0.0014449615358389193,0.0018334673212791117,0
3236248,5,0,0.00015843741287836714,0.0018334673212791117,0
3236261,5,0,0.00022686287107001634,0.0018334673212791117,0
3236289,5,0,0.00023837462353314148,0.0018334673212791117,0
3236400,5,0,0.0001193293653870831,0.0018334673212791117,0
3236401,5,0,0.007955781077934003,0.0018334673212791117,1
3236422,5,0,0.0009318818119960027,0.0018334673212791117,0
3236424,5,0,0.0002846472432411348,0.0018334673212791117,0
3236445,5,0,0.00043482625070789024,0.0018334673212791117,0
3236460,5,0,0.00011337670723903282,0.0018334673212791117,0
3236466,5,0,0.000368355085759316,0.0018334673212791117,0
3236514,5,0,0.0006274671462344819,0.0018334673212791117,0
3236524,5,0,0.004047015297252344,0.0018334673212791117,1
3236526,5,0,0.0003198000135722039,0.0018334673212791117,0
3236539,5,0,0.0019232403090988137,0.0018334673212791117,1
3236548,5,0,0.0009856794071024522,0.0018334673212791117,0
3236566,5,0,0.00015885008484618256,0.0018334673212791117,0
3236595,5,0,0.0004375700307466363,0.0018334673212791117,0
3236634,5,0,0.0006123159510699257,0.0018334673212791117,0
3236649,5,0,0.0008423235149157874,0.0018334673212791117,0
3236678,5,0,0.0007957229807062014,0.0018334673212791117,0
3236696,5,0,0.0006031357587866236,0.0018334673212791117,0
3236710,5,0,0.0007501584965193997,0.0018334673212791117,0
3236728,5,0,0.0001917992652494533,0.0018334673212791117,0
3236734,5,0,0.00010746441512825091,0.0018334673212791117,0
3236758,5,0,0.0003299011539988534,0.0018334673212791117,0
3236785,5,0,0.0001148264231246672,0.0018334673212791117,0
3236815,5,0,0.0001273306253551477,0.0018334673212791117,0
3236818,5,0,0.0007824399807383838,0.0018334673212791117,0
3236819,5,0,0.00031504841249579144,0.0018334673212791117,0
3236842,5,0,0.00041465394109272536,0.0018334673212791117,0
3236859,5,0,0.030582484520656955,0.0018334673212791117,1
3236862,5,0,0.002496613398526104,0.0018334673212791117,1
3236863,5,0,0.00021001263140165514,0.0018334673212791117,0
3236867,5,0,0.0002581200588725113,0.0018334673212791117,0
3236905,5,0,0.005094324302069266,0.0018334673212791117,1
3236916,5,0,0.035935371892663645,0.0018334673212791117,1
3236926,5,0,0.002095522957277654,0.0018334673212791117,1
3236957,5,0,0.007167238141150695,0.0018334673212791117,1
3236973,5,0,0.0003514695299533555,0.0018334673212791117,0
3236985,5,0,0.0008425594141548638,0.0018334673212791117,0
3236997,5,0,0.00040892667030142146,0.0018334673212791117,0
3237003,5,0,0.0007708799790409961,0.0018334673212791117,0
3237038,5,0,0.0008585331514725182,0.0018334673212791117,0
3237055,5,0,0.00027054990515736164,0.0018334673212791117,0
3237062,5,0,0.004284155827623925,0.0018334673212791117,1
3237067,5,0,0.0004119460111449251,0.0018334673212791117,0
3237086,5,0,0.002693716633965035,0.0018334673212791117,1
3237212,5,0,0.0021905825355995772,0.0018334673212791117,1
3237216,5,0,8.721232895947606e-05,0.0018334673212791117,0
3237244,5,0,0.00037793142092786697,0.0018334673212791117,0
3237299,5,0,0.0013158092660110698,0.0018334673212791117,0
3237306,5,0,0.00074499872275605,0.0018334673212791117,0
3237318,5,0,0.0023566000898519856,0.0018334673212791117,1
3237328,5,0,0.0006922930142090939,0.0018334673212791117,0
3237331,5,0,0.005291294643646127,0.0018334673212791117,1
3237340,5,0,0.005467818526523838,0.0018334673212791117,1
3237382,5,0,0.00019222410082923278,0.0018334673212791117,0
3237396,5,0,0.00019970467674360637,0.0018334673212791117,0
3237400,5,0,0.0006209320045801661,0.0018334673212791117,0
3237478,5,0,0.00012523656589109994,0.0018334673212791117,0
3237484,5,0,0.00010783936252953177,0.0018334673212791117,0
3237501,5,0,0.0003263549704587216,0.0018334673212791117,0
3237511,5,0,0.00028914318982894847,0.0018334673212791117,0
3237523,5,0,0.00015181530653064873,0.0018334673212791117,0
3237524,5,0,0.001414278314557716,0.0018334673212791117,0
3237528,5,0,0.001928351986254481,0.0018334673212791117,1
3237530,5,0,0.0005122813007917992,0.0018334673212791117,0
3237564,5,0,0.0019338212365064133,0.0018334673212791117,1
3237589,5,0,0.0011262624073808411,0.0018334673212791117,0
3237592,5,0,0.0012234413555007751,0.0018334673212791117,0
3237610,5,0,0.00016853827002948264,0.0018334673212791117,0
3237622,5,0,0.00021891314976541976,0.0018334673212791117,0
3237637,5,0,0.0018659393930135324,0.0018334673212791117,1
3237651,5,0,0.010385288656438257,0.0018334673212791117,1
3237668,5,0,0.0007044642626457701,0.0018334673212791117,0
3237669,5,0,0.00042069890520218356,0.0018334673212791117,0
3237705,5,0,0.00010712178205532407,0.0018334673212791117,0
3237708,5,0,0.00023766842061877702,0.0018334673212791117,0
3237711,5,0,0.00046198599210945057,0.0018334673212791117,0
3237754,5,0,0.0011933028178997718,0.0018334673212791117,0
3237772,5,0,0.0006987695079408628,0.0018334673212791117,0
3237777,5,0,0.00047871540501403647,0.0018334673212791117,0
3237790,5,0,0.001808001851756886,0.0018334673212791117,0
3237807,5,0,0.011539610745242571,0.0018334673212791117,1
3237813,5,0,0.0007638076541359468,0.0018334673212791117,0
3237817,5,0,0.003962236502403432,0.0018334673212791117,1
3237834,5,0,0.0013726299170498174,0.0018334673212791117,0
3237835,5,0,0.003260286736656012,0.0018334673212791117,1
3237868,5,0,0.0009161462163509553,0.0018334673212791117,0
3237869,5,0,0.0001809592868909524,0.0018334673212791117,0
3237870,5,0,0.00046160820104091695,0.0018334673212791117,0
3237873,5,0,0.0019271262237906825,0.0018334673212791117,1
3237884,5,0,0.00026397230349161624,0.0018334673212791117,0
3237885,5,0,0.0035015259149540085,0.0018334673212791117,1
3237890,5,0,0.0010563989683705355,0.0018334673212791117,0
3237904,5,0,0.0006264250851038286,0.0018334673212791117,0
3237920,5,0,0.00016484030766310254,0.0018334673212791117,0
3237931,5,0,0.0002278395574365063,0.0018334673212791117,0
3237934,5,0,0.0018762683307736241,0.0018334673212791117,1
3237981,5,0,0.00014498638061049508,0.0018334673212791117,0
3237984,5,0,0.0008670729780972591,0.0018334673212791117,0
3237996,5,0,0.0007692416083438056,0.0018334673212791117,0
3238004,5,0,0.00031072582289918513,0.0018334673212791117,0
3238022,5,0,0.013833408666050049,0.0018334673212791117,1
3238029,5,0,0.0031705595677104666,0.0018334673212791117,1
3238105,5,0,0.0013414068482162948,0.0018334673212791117,0
3238124,5,0,0.00014029736752937477,0.0018334673212791117,0
3238127,5,0,0.0008032792659654018,0.0018334673212791117,0
3238141,5,0,0.0007857758067828215,0.0018334673212791117,0
3238161,5,0,5.154937654130329e-05,0.0018334673212791117,0
3238172,5,0,0.00012917966775900528,0.0018334673212791117,0
3238173,5,0,0.0007958615910290953,0.0018334673212791117,0
3238185,5,0,0.0003381165939796478,0.0018334673212791117,0
3238186,5,0,0.00010898056333101412,0.0018334673212791117,0
3238194,5,0,0.001417173018487753,0.0018334673212791117,0
3238229,5,0,0.0003639874142182323,0.0018334673212791117,0
3238247,5,0,0.0005791942308300292,0.0018334673212791117,0
3238266,5,0,0.00085562389206688,0.0018334673212791117,0
3238276,5,0,0.00250090139259161,0.0018334673212791117,1
3238281,5,0,0.00244471803047472,0.0018334673212791117,1
3238282,5,0,0.00021641261554723504,0.0018334673212791117,0
3238289,5,0,0.0006525932680795407,0.0018334673212791117,0
3238292,5,0,0.0008038903698906873,0.0018334673212791117,0
3238334,5,0,0.0017769269642224585,0.0018334673212791117,0
3238349,5,0,0.0002768101356020852,0.0018334673212791117,0
3238372,5,0,0.00023354296433994394,0.0018334673212791117,0
3238379,5,0,5.698827174978626e-05,0.0018334673212791117,0
3238384,5,0,0.00041855073377564925,0.0018334673212791117,0
3238449,5,0,0.0027368685612350076,0.0018334673212791117,1
3238464,5,0,0.00019390365727802434,0.0018334673212791117,0
3238493,5,0,0.0037712618080881807,0.0018334673212791117,1
3238511,5,0,0.00015683127216876202,0.0018334673212791117,0
3238518,5,0,7.470926051841686e-05,0.0018334673212791117,0
3238522,5,0,8.976568830289755e-05,0.0018334673212791117,0
3238536,5,0,0.000353607956272664,0.0018334673212791117,0
3238540,5,0,0.0007793574916462223,0.0018334673212791117,0
3238584,5,0,0.00033462332344412986,0.0018334673212791117,0
3238611,5,0,0.0005997982533188117,0.0018334673212791117,0
3238619,5,0,0.0010487600578133263,0.0018334673212791117,0
3238652,5,0,0.001255378493443028,0.0018334673212791117,0
3238680,5,0,0.0012447750464913507,0.0018334673212791117,0
3238704,5,0,0.0005245669253738338,0.0018334673212791117,0
3238743,5,0,0.0008669000641166295,0.0018334673212791117,0
3238750,5,0,0.0001456416402985279,0.0018334673212791117,0
3238762,5,0,0.000265771606484711,0.0018334673212791117,0
3238766,5,0,0.0003817601259276382,0.0018334673212791117,0
3238779,5,0,0.0006013321100790266,0.0018334673212791117,0
3238782,5,0,0.0006555277322267088,0.0018334673212791117,0
3238790,5,0,0.0047379574778188575,0.0018334673212791117,1
3238805,5,0,0.002846339174599957,0.0018334673212791117,1
3238813,5,0,0.021783800182523384,0.0018334673212791117,1
3238816,5,0,0.00023085005623935286,0.0018334673212791117,0
3238915,5,0,0.0006354797166854702,0.0018334673212791117,0
3238981,5,0,0.00023907001074825453,0.0018334673212791117,0
3239001,5,0,0.00109760608318228,0.0018334673212791117,0
3239014,5,0,0.00043108604869090944,0.0018334673212791117,0
3239017,5,0,0.0010633883933423606,0.0018334673212791117,0
3239026,5,0,0.00030974072097159197,0.0018334673212791117,0
3239028,5,0,0.003534327668859063,0.0018334673212791117,1
3239076,5,0,0.0014017932747193297,0.0018334673212791117,0
3239164,5,0,0.0015946159717480216,0.0018334673212791117,0
3239186,5,0,0.0008070996872733961,0.0018334673212791117,0
3239272,5,0,0.001472205873626429,0.0018334673212791117,0
3239359,5,0,0.0005879777594827763,0.0018334673212791117,0
3239371,5,0,0.0006876920492437871,0.0018334673212791117,0
3239500,5,0,0.00023940426787081757,0.0018334673212791117,0
3239514,5,0,0.0035311768381599083,0.0018334673212791117,1
3239515,5,0,0.0018021693706744074,0.0018334673212791117,0
3239526,5,0,0.0018950174377647627,0.0018334673212791117,1
3239565,5,0,0.03802079502269414,0.0018334673212791117,1
3239575,5,0,0.0005392258643322949,0.0018334673212791117,0
3239584,5,0,4.562404183292651e-05,0.0018334673212791117,0
3239612,5,0,0.01304355312228225,0.0018334673212791117,1
3239619,5,0,0.005278027516322602,0.0018334673212791117,1
3239650,5,0,0.0006909141092481187,0.0018334673212791117,0
3239657,5,0,6.870889213320336e-05,0.0018334673212791117,0
3239690,5,0,0.0009624073254378604,0.0018334673212791117,0
3239765,5,0,0.0011959332453881173,0.0018334673212791117,0
3239779,5,0,0.0002778939756152503,0.0018334673212791117,0
3239780,5,0,0.001118697672290461,0.0018334673212791117,0
3239805,5,0,0.011170391362678878,0.0018334673212791117,1
3239814,5,0,0.0007863679183291792,0.0018334673212791117,0
3239850,5,0,0.002573684385821797,0.0018334673212791117,1
3239890,5,0,0.0008624064333236015,0.0018334673212791117,0
3239960,5,0,0.004093116731346303,0.0018334673212791117,1
3239986,5,0,0.00048818922754367513,0.0018334673212791117,0
3240030,5,0,0.000486020886995656,0.0018334673212791117,0
3240168,5,0,0.0010896548492834465,0.0018334673212791117,0
3240181,5,0,0.0008042835757727183,0.0018334673212791117,0
3240203,5,0,0.0012931399199440532,0.0018334673212791117,0
3240321,5,0,0.0009579221106445883,0.0018334673212791117,0
3240347,5,0,0.0003292570197302106,0.0018334673212791117,0
3240481,5,0,0.00030796842440330557,0.0018334673212791117,0
3240487,5,0,0.004279788698669955,0.0018334673212791117,1
3240507,5,0,5.8495067363347513e-05,0.0018334673212791117,0
3240522,5,0,0.0006766515352202466,0.0018334673212791117,0
3240564,5,0,0.0012223074919673793,0.0018334673212791117,0
3240589,5,0,0.002174951899324879,0.0018334673212791117,1
3240606,5,0,0.0014604085931895752,0.0018334673212791117,0
3240625,5,0,0.00029323043053714663,0.0018334673212791117,0
3240675,5,0,0.002803949034329844,0.0018334673212791117,1
3240722,5,0,0.0005529842877566256,0.0018334673212791117,0
3240779,5,0,0.0008865156323510053,0.0018334673212791117,0
3240780,5,0,0.0011815067856341083,0.0018334673212791117,0
3240805,5,0,0.0001335066815668861,0.0018334673212791117,0
3240846,5,0,0.00019154752928057296,0.0018334673212791117,0
3240885,5,0,0.0005135740149375068,0.0018334673212791117,0
3240895,5,0,0.0006447240603163307,0.0018334673212791117,0
3240896,5,0,0.00040258113334463096,0.0018334673212791117,0
3240901,5,0,0.0002070853461735674,0.0018334673212791117,0
3240922,5,0,0.0003493810917162932,0.0018334673212791117,0
3240997,5,0,0.00015788665860709395,0.0018334673212791117,0
3241008,5,0,0.0006512099233529316,0.0018334673212791117,0
3241060,5,0,0.002807917775830042,0.0018334673212791117,1
3241115,5,0,0.0018142402282817361,0.0018334673212791117,0
3241208,5,0,0.002360029085038342,0.0018334673212791117,1
3241219,5,0,0.0018682410641657776,0.0018334673212791117,1
3241240,5,0,0.0002952058722098337,0.0018334673212791117,0
3241299,5,0,0.00024044355554057973,0.0018334673212791117,0
3241351,5,0,0.0003387503805956765,0.0018334673212791117,0
3241375,5,0,0.0005806618042119417,0.0018334673212791117,0
3241390,5,0,0.0311223439376744,0.0018334673212791117,1
3241399,5,0,0.000414552932488257,0.0018334673212791117,0
3241411,5,0,0.0004477346076842625,0.0018334673212791117,0
3241476,5,0,0.0005022924278474429,0.0018334673212791117,0
3241588,5,0,0.0003430898116568774,0.0018334673212791117,0
3241591,5,0,0.0015395219258438789,0.0018334673212791117,0
3241646,5,0,0.0006556849907233498,0.0018334673212791117,0
3241673,5,0,0.014353219475564559,0.0018334673212791117,1
3241706,5,0,3.987941007194275e-05,0.0018334673212791117,0
3241718,5,0,0.0002721870676577755,0.0018334673212791117,0
3241721,5,0,0.0019502811088409132,0.0018334673212791117,1
3241755,5,0,0.002578596906234603,0.0018334673212791117,1
3241826,5,0,0.00015996261172934907,0.0018334673212791117,0
3241848,5,0,0.0008111275267003397,0.0018334673212791117,0
3241858,5,0,7.70712722878938e-05,0.0018334673212791117,0
3241870,5,0,0.00023543593049807048,0.0018334673212791117,0
3241897,5,0,0.0005901997478944235,0.0018334673212791117,0
3241954,5,0,0.0008551232599902191,0.0018334673212791117,0
3242026,5,0,8.494032369485957e-05,0.0018334673212791117,0
3242034,5,0,0.0001004502499143811,0.0018334673212791117,0
3242060,5,0,0.0005641159078853261,0.0018334673212791117,0
3242098,5,0,0.0012320023422922432,0.0018334673212791117,0
3242148,5,0,0.00028142147582134724,0.0018334673212791117,0
3242242,5,0,0.00016037813109208492,0.0018334673212791117,0
3242264,5,0,0.0005957223131109588,0.0018334673212791117,0
3242268,5,0,0.00040862143752134773,0.0018334673212791117,0
3242283,5,0,0.00022286833669474165,0.0018334673212791117,0
3242285,5,0,0.0001959476523616016,0.0018334673212791117,0
3242358,5,0,0.0008929371851500031,0.0018334673212791117,0
3242391,5,0,0.0001984770719311182,0.0018334673212791117,0
3242402,5,0,0.02087059833428283,0.0018334673212791117,1
3242415,5,0,0.0010725694312069128,0.0018334673212791117,0
3242513,5,0,0.0005908613128350204,0.0018334673212791117,0
3242623,5,0,0.0019419907753188603,0.0018334673212791117,1
3242682,5,0,0.0008331589619710743,0.0018334673212791117,0
3242692,5,0,0.00045816978277222624,0.0018334673212791117,0
3242701,5,0,0.0011132413271729583,0.0018334673212791117,0
3242706,5,0,6.096946270455505e-05,0.0018334673212791117,0
3242756,5,0,0.005229579084428567,0.0018334673212791117,1
3242817,5,0,0.000557390864349963,0.0018334673212791117,0
3242877,5,0,0.0016451838374476782,0.0018334673212791117,0
3242883,5,0,0.009315528664665482,0.0018334673212791117,1
3242966,5,0,0.00021196356445757998,0.0018334673212791117,0
3242983,5,0,0.00038592497166061324,0.0018334673212791117,0
3243002,5,0,0.000777924139870736,0.0018334673212791117,0
3243023,5,0,0.00014634155906714599,0.0018334673212791117,0
3243029,5,0,0.0008150755097969766,0.0018334673212791117,0
3243039,5,0,0.0007627225906218075,0.0018334673212791117,0
3243053,5,0,0.00029679121475860963,0.0018334673212791117,0
3243064,5,0,0.0011800778139502259,0.0018334673212791117,0
3243123,5,0,2.451179705169887e-05,0.0018334673212791117,0
3243124,5,0,0.0002046612089158656,0.0018334673212791117,0
3243150,5,0,0.0013458227764567758,0.0018334673212791117,0
3243182,5,0,0.0025583447696462458,0.0018334673212791117,1
3243194,5,0,0.0005619643871385443,0.0018334673212791117,0
3243272,5,0,0.0014034478401412456,0.0018334673212791117,0
3243344,5,0,0.00016187094693653197,0.0018334673212791117,0
3243373,5,0,0.00011649825784986071,0.0018334673212791117,0
3243407,5,0,0.0008963378450050165,0.0018334673212791117,0
3243409,5,0,0.0005148469092733062,0.0018334673212791117,0
3243416,5,0,0.00025349164233324167,0.0018334673212791117,0
3243446,5,0,0.0036938139261801168,0.0018334673212791117,1
3243470,5,0,0.0003357809279422001,0.0018334673212791117,0
3243515,5,0,0.0002110296326273448,0.0018334673212791117,0
3243556,5,0,7.005608119191256e-05,0.0018334673212791117,0
3243587,5,0,0.0005979159159361016,0.0018334673212791117,0
3243603,5,0,0.00017597189227872915,0.0018334673212791117,0
3243610,5,0,0.0008958428076695834,0.0018334673212791117,0
3243613,5,0,0.0003704349676485144,0.0018334673212791117,0
3243614,5,0,0.0012146265521309299,0.0018334673212791117,0
3243649,5,0,0.00015361510304363405,0.0018334673212791117,0
3243668,5,0,0.012935965604163185,0.0018334673212791117,1
3243681,5,0,0.0011166303826458549,0.0018334673212791117,0
3243784,5,0,0.0001983181055718887,0.0018334673212791117,0
3243822,5,0,0.001265898475191903,0.0018334673212791117,0
3243828,5,0,0.0019553168718668824,0.0018334673212791117,1
3243830,5,0,0.0015835189929543554,0.0018334673212791117,0
3243939,5,0,0.000941909015992755,0.0018334673212791117,0
3243959,5,0,0.0005691031866890961,0.0018334673212791117,0
3243984,5,0,0.0018306271368763968,0.0018334673212791117,0
3244003,5,0,0.0003332463958179573,0.0018334673212791117,0
3244058,5,0,0.001195348363979037,0.0018334673212791117,0
3244065,5,0,0.0003316766730375465,0.0018334673212791117,0
3244083,5,0,0.00033375851443624845,0.0018334673212791117,0
3244084,5,0,0.0001670131169551306,0.0018334673212791117,0
3244095,5,0,0.0008331448724517922,0.0018334673212791117,0
3244127,5,0,0.000470691072737727,0.0018334673212791117,0
3244137,5,0,0.0002984114679228207,0.0018334673212791117,0
3244183,5,0,0.0005104201610770201,0.0018334673212791117,0
3244188,5,0,0.005686911113483106,0.0018334673212791117,1
3244206,5,0,0.0003681138058725095,0.0018334673212791117,0
3244215,5,0,0.00017557291290707064,0.0018334673212791117,0
3244294,5,0,8.235266645633402e-05,0.0018334673212791117,0
3244303,5,0,0.000998219868970023,0.0018334673212791117,0
3244307,5,0,0.0015723553339825628,0.0018334673212791117,0
3244321,5,0,9.056255505491511e-05,0.0018334673212791117,0
3244333,5,0,0.0014216648438196216,0.0018334673212791117,0
3244354,5,0,0.0024398210137556173,0.0018334673212791117,1
3244368,5,0,0.0033636443055000487,0.0018334673212791117,1
3244371,5,0,0.0003464558167972101,0.0018334673212791117,0
3244377,5,0,0.000100254675379106,0.0018334673212791117,0
3244430,5,0,1.8424920888367445e-05,0.0018334673212791117,0
3244491,5,0,0.002797674844133493,0.0018334673212791117,1
3244493,5,0,0.0009737054044635175,0.0018334673212791117,0
3244548,5,0,0.0007787878840767482,0.0018334673212791117,0
3244575,5,0,0.00039846610018629604,0.0018334673212791117,0
3244602,5,0,0.021680942989709615,0.0018334673212791117,1
3244609,5,0,0.00025131267721307843,0.0018334673212791117,0
3244613,5,0,0.0024582366991923107,0.0018334673212791117,1
3244626,5,0,0.0004292878939292725,0.0018334673212791117,0
3244631,5,0,0.0009307181824571575,0.0018334673212791117,0
3244662,5,0,0.0017985820957715137,0.0018334673212791117,0
3244663,5,0,0.0003816669416565058,0.0018334673212791117,0
3244672,5,0,0.0010531039797584934,0.0018334673212791117,0
3244688,5,0,0.008164668208304604,0.0018334673212791117,1
3244715,5,0,0.000862076692712393,0.0018334673212791117,0
3244721,5,0,0.00048199731998131804,0.0018334673212791117,0
3244863,5,0,0.0004978154004619217,0.0018334673212791117,0
3244889,5,0,0.001085034809684447,0.0018334673212791117,0
3244898,5,0,0.0008340059893379205,0.0018334673212791117,0
3244912,5,0,0.0025667502929119417,0.0018334673212791117,1
3244916,5,0,0.000681302755651522,0.0018334673212791117,0
3244973,5,0,0.0007614288083362276,0.0018334673212791117,0
3245007,5,0,0.00046156945467834765,0.0018334673212791117,0
3245026,5,0,0.001012950870394068,0.0018334673212791117,0
3245072,5,0,0.00025233873888920374,0.0018334673212791117,0
3245089,5,0,0.006686876091997025,0.0018334673212791117,1
3245137,5,0,0.0011204473915936203,0.0018334673212791117,0
3245157,5,0,0.00036585548906828663,0.0018334673212791117,0
3245172,5,0,0.0005444658478168218,0.0018334673212791117,0
3245201,5,0,0.00022859567836259364,0.0018334673212791117,0
3245349,5,0,0.0008366698632890094,0.0018334673212791117,0
3245360,5,0,0.01273758415710817,0.0018334673212791117,1
3245362,5,0,0.00039725734490628857,0.0018334673212791117,0
3245419,5,0,0.0019549895894757623,0.0018334673212791117,1
3245426,5,0,0.0002929057132568855,0.0018334673212791117,0
3245427,5,0,0.0011570911896142163,0.0018334673212791117,0
3245457,5,0,0.0008183292683905855,0.0018334673212791117,0
3245469,5,0,9.287479960390039e-05,0.0018334673212791117,0
3245485,5,0,0.0003420658475582429,0.0018334673212791117,0
3245490,5,0,0.007588369945427337,0.0018334673212791117,1
3245518,5,0,2.1084710234215058e-05,0.0018334673212791117,0
3245521,5,0,0.0020386271347263237,0.0018334673212791117,1
3245540,5,0,0.0012399923589170724,0.0018334673212791117,0
3245552,5,0,0.0006721638737873077,0.0018334673212791117,0
3245594,5,0,0.00040665308311564884,0.0018334673212791117,0
3245611,5,0,0.00037183806273343887,0.0018334673212791117,0
3245642,5,0,0.0025667696085378226,0.0018334673212791117,1
3245746,5,0,0.001414932357766048,0.0018334673212791117,0
3245781,5,0,0.0001296919379196206,0.0018334673212791117,0
3245802,5,0,0.00024924972549138805,0.0018334673212791117,0
3245834,5,0,0.00015941218855438375,0.0018334673212791117,0
3245957,5,0,0.0007995234883771641,0.0018334673212791117,0
3245998,5,0,0.0005192197179471753,0.0018334673212791117,0
3246744,5,0,0.0012664320421358758,0.0018334673212791117,0
3246745,5,0,0.0004343342190583614,0.0018334673212791117,0
3246762,5,0,0.0040085441980890766,0.0018334673212791117,1
3246798,5,0,0.004492932843554382,0.0018334673212791117,1
3321377,5,0,0.003378387127660544,0.0018334673212791117,1
3345159,5,0,0.0009494313470353058,0.0018334673212791117,0
3346917,5,0,0.00014489538639752373,0.0018334673212791117,0
3387581,5,0,0.0002613317948452884,0.0018334673212791117,0
3618799,5,0,1.8881510406828355e-05,0.0018334673212791117,0
3635174,5,0,0.0003973772624232368,0.0018334673212791117,0
3743979,5,0,0.000681342474112471,0.0018334673212791117,0
3937248,5,0,0.001300939526936212,0.0018334673212791117,0
4068080,5,0,0.00021316607901191597,0.0018334673212791117,0
4082051,5,0,0.0021701065617285974,0.0018334673212791117,1
4097145,5,0,0.0015702538520917235,0.0018334673212791117,0
4110364,5,0,0.0006598025426689695,0.0018334673212791117,0
4112244,5,0,7.488196914089387e-05,0.0018334673212791117,0
4114340,5,0,0.000664993863343877,0.0018334673212791117,0
4121127,5,0,0.0010058990414107199,0.0018334673212791117,0
4139196,5,0,0.001142943615161176,0.0018334673212791117,0
4164429,5,0,5.567586860613923e-05,0.0018334673212791117,0
4176470,5,0,0.0001744763618086866,0.0018334673212791117,0
4190320,5,0,0.0015211206783229386,0.0018334673212791117,0
4249720,5,0,0.0005747908421225098,0.0018334673212791117,0
4250213,5,0,0.0020553409060501348,0.0018334673212791117,1
4252621,5,0,0.00037177222816675825,0.0018334673212791117,0
4265250,5,0,0.001611251818550531,0.0018334673212791117,0
4287474,5,0,0.0011132604301110891,0.0018334673212791117,0
4303182,5,0,0.0014242834743589667,0.0018334673212791117,0
4321359,5,0,0.0011094491439201776,0.0018334673212791117,0
4338757,5,0,0.00023248204968949395,0.0018334673212791117,0
4339188,5,0,0.0006323313740811201,0.0018334673212791117,0
4348050,5,0,0.00015407903230303533,0.0018334673212791117,0
4384144,5,0,0.0010066908096415482,0.0018334673212791117,0
4442688,5,0,0.00012493428446064633,0.0018334673212791117,0
4557441,5,0,0.0006008448061040991,0.0018334673212791117,0
4580960,5,0,0.00029702082778670024,0.0018334673212791117,0
4595224,5,0,0.06459469014992408,0.0018334673212791117,1
4613971,5,0,0.0003383424382114375,0.0018334673212791117,0
4618046,5,0,0.0008470463672780614,0.0018334673212791117,0
4620051,5,0,0.0031925325876615614,0.0018334673212791117,1
4892691,5,0,0.0004719361757183607,0.0018334673212791117,0
4900691,5,0,0.0010664096800918955,0.0018334673212791117,0
4911362,5,0,6.972928699481392e-05,0.0018334673212791117,0
4983647,5,0,0.0003016793977794569,0.0018334673212791117,0
5007390,5,0,0.0009321460439929402,0.0018334673212791117,0
5031850,5,0,0.0015891480702498618,0.0018334673212791117,0
5051072,5,0,0.0002404040449712088,0.0018334673212791117,0
5055528,5,0,0.0015198432900142861,0.0018334673212791117,0
5086679,5,0,0.00021620107997667346,0.0018334673212791117,0
5095140,5,0,0.0009771399268826211,0.0018334673212791117,0
5147586,5,0,0.0005059078910891783,0.0018334673212791117,0
5153272,5,0,0.0003463520556454096,0.0018334673212791117,0
5163063,5,0,0.0008000597988179161,0.0018334673212791117,0
5223232,5,0,0.0007366779674661618,0.0018334673212791117,0
5284594,5,0,0.0015146927750224201,0.0018334673212791117,0
5285943,5,0,0.0004149800778054427,0.0018334673212791117,0
5307093,5,0,0.0011719700514487789,0.0018334673212791117,0
5307099,5,0,0.0011468894205001582,0.0018334673212791117,0
5307107,5,0,0.0005066606661138299,0.0018334673212791117,0
5307125,5,0,0.0008932624243148262,0.0018334673212791117,0
5307176,5,0,0.0005612730508004543,0.0018334673212791117,0
5307204,5,0,0.0010511265130143841,0.0018334673212791117,0
5307217,5,0,0.0005290211284768252,0.0018334673212791117,0
5307225,5,0,0.000936728734431815,0.0018334673212791117,0
5307272,5,0,0.0006449749147760558,0.0018334673212791117,0
5307399,5,0,0.004364625401358746,0.0018334673212791117,1
5307453,5,0,0.00016234916791213163,0.0018334673212791117,0
5307508,5,0,0.0008903134175352658,0.0018334673212791117,0
5307513,5,0,0.0013946952371906613,0.0018334673212791117,0
5307514,5,0,6.03057949573288e-05,0.0018334673212791117,0
5307617,5,0,0.00021020617807592515,0.0018334673212791117,0
5307635,5,0,0.0005969785228180707,0.0018334673212791117,0
5307653,5,0,0.004816498698443565,0.0018334673212791117,1
5307717,5,0,0.002139449391405844,0.0018334673212791117,1
5307737,5,0,0.00045461755322415793,0.0018334673212791117,0
5307835,5,0,8.814822213489918e-05,0.0018334673212791117,0
5307851,5,0,0.0011047898210025003,0.0018334673212791117,0
5307876,5,0,4.646556299599817e-05,0.0018334673212791117,0
5307911,5,0,0.0015858101071876368,0.0018334673212791117,0
5307914,5,0,8.241710114842271e-05,0.0018334673212791117,0
5307934,5,0,9.432492007269068e-05,0.0018334673212791117,0
5307953,5,0,0.004236913951256636,0.0018334673212791117,1
5307996,5,0,0.000888820787137624,0.0018334673212791117,0
5308000,5,0,0.005328763766808968,0.0018334673212791117,1
5308047,5,0,0.001840320591326272,0.0018334673212791117,1
5308053,5,0,0.0007318918393081922,0.0018334673212791117,0
5308061,5,0,0.003738633836658467,0.0018334673212791117,1
5308067,5,0,0.0008598050281569278,0.0018334673212791117,0
5308080,5,0,0.00028861079715851424,0.0018334673212791117,0
5308109,5,0,0.004482017986064594,0.0018334673212791117,1
5308117,5,0,0.0002413062429192891,0.0018334673212791117,0
5308129,5,0,0.00022353949061229602,0.0018334673212791117,0
5308183,5,0,0.0024237387731324885,0.0018334673212791117,1
5308224,5,0,0.0008933086573884599,0.0018334673212791117,0
5308297,5,0,0.0002036089660135741,0.0018334673212791117,0
5308372,5,0,0.0002031205197119502,0.0018334673212791117,0
5308396,5,0,0.0002599011996953757,0.0018334673212791117,0
5308437,5,0,0.001792869680069507,0.0018334673212791117,0
5308454,5,0,0.0006265810984184601,0.0018334673212791117,0
5308465,5,0,0.00024374593907790408,0.0018334673212791117,0
5308499,5,0,0.0007662554966801888,0.0018334673212791117,0
5308511,5,0,0.0003638160441057994,0.0018334673212791117,0
5308540,5,0,0.0005556487285550439,0.0018334673212791117,0
5308543,5,0,0.001023980113991565,0.0018334673212791117,0
5308600,5,0,0.003754870637574591,0.0018334673212791117,1
5308601,5,0,0.00044721501975825904,0.0018334673212791117,0
5308623,5,0,0.00098348813126775,0.0018334673212791117,0
5308631,5,0,0.00035835911584178234,0.0018334673212791117,0
5308655,5,0,0.000391240148585906,0.0018334673212791117,0
5308677,5,0,0.0007899389490990995,0.0018334673212791117,0
5308685,5,0,0.0005667712253818553,0.0018334673212791117,0
5308701,5,0,0.00036132974216979336,0.0018334673212791117,0
5308786,5,0,0.0001088038186280702,0.0018334673212791117,0
5308838,5,0,0.0020891893372587582,0.0018334673212791117,1
5308851,5,0,0.0006661265204714083,0.0018334673212791117,0
5308889,5,0,0.00016807779117721243,0.0018334673212791117,0
5308918,5,0,0.00022777332703529567,0.0018334673212791117,0
5308927,5,0,0.001051110728836787,0.0018334673212791117,0
5309049,5,0,0.0028168677419187853,0.0018334673212791117,1
5309084,5,0,0.00022060326151212176,0.0018334673212791117,0
5309158,5,0,0.0002605907488142469,0.0018334673212791117,0
5309164,5,0,0.00045576389330827,0.0018334673212791117,0
5309173,5,0,0.000747475217461114,0.0018334673212791117,0
5309433,5,0,0.0005567745925381321,0.0018334673212791117,0
5309502,5,0,0.0011349675921542022,0.0018334673212791117,0
5309515,5,0,0.0013197568271683694,0.0018334673212791117,0
5309529,5,0,0.0008217364157390766,0.0018334673212791117,0
5309545,5,0,0.0008438867531964524,0.0018334673212791117,0
5309551,5,0,0.0020452468181793282,0.0018334673212791117,1
5309556,5,0,0.00022671017827607622,0.0018334673212791117,0
5309573,5,0,0.0016374946568346177,0.0018334673212791117,0
5309607,5,0,0.0008462863895846575,0.0018334673212791117,0
5309616,5,0,0.0011984964770149957,0.0018334673212791117,0
5309829,5,0,0.005314174074793103,0.0018334673212791117,1
5309841,5,0,0.010084139220448032,0.0018334673212791117,1
5309860,5,0,0.00024334094924519434,0.0018334673212791117,0
5309900,5,0,0.0018318677678185148,0.0018334673212791117,0
5310010,5,0,0.0009816907794769998,0.0018334673212791117,0
5310109,5,0,0.0014736738365610368,0.0018334673212791117,0
5310189,5,0,0.000642373798875212,0.0018334673212791117,0
5310209,5,0,0.00030942940487956413,0.0018334673212791117,0
5310238,5,0,0.0001235592882736348,0.0018334673212791117,0
5310239,5,0,0.0002282714628640152,0.0018334673212791117,0
5310252,5,0,0.00964090400774339,0.0018334673212791117,1
5310257,5,0,0.0011720462626239724,0.0018334673212791117,0
5310280,5,0,0.0018802845189548542,0.0018334673212791117,1
5310323,5,0,0.0006324762247484271,0.0018334673212791117,0
5310341,5,0,0.0004037592414199072,0.0018334673212791117,0
5310375,5,0,0.00032125636141113395,0.0018334673212791117,0
5310428,5,0,0.00043326367583427936,0.0018334673212791117,0
5310444,5,0,0.0025956388827381885,0.0018334673212791117,1
5310459,5,0,0.0003553140213776893,0.0018334673212791117,0
5310487,5,0,0.0003476714905482463,0.0018334673212791117,0
5310523,5,0,0.0005624067583020792,0.0018334673212791117,0
5310531,5,0,0.0032330072232192673,0.0018334673212791117,1
5310566,5,0,0.0006535056411573845,0.0018334673212791117,0
5310593,5,0,0.0014786235373707413,0.0018334673212791117,0
5310604,5,0,0.0020862870683194,0.0018334673212791117,1
5310655,5,0,0.0001757700458297809,0.0018334673212791117,0
5310702,5,0,0.0013942756286382857,0.0018334673212791117,0
5310709,5,0,0.0008094288344476715,0.0018334673212791117,0
5310732,5,0,0.005591500704654549,0.0018334673212791117,1
5310761,5,0,0.0003414613072285254,0.0018334673212791117,0
5337466,5,0,6.169398646413528e-05,0.0018334673212791117,0
5356192,5,0,0.0009767939727813287,0.0018334673212791117,0
5389124,5,0,0.000501863541223743,0.0018334673212791117,0
5389130,5,0,0.0013622261870366574,0.0018334673212791117,0
5389221,5,0,0.01857415933642937,0.0018334673212791117,1
5389230,5,0,0.0003495150627578666,0.0018334673212791117,0
5389234,5,0,0.0007843590241209306,0.0018334673212791117,0
5389285,5,0,0.0025417336037304155,0.0018334673212791117,1
5389421,5,0,0.0011283883771465257,0.0018334673212791117,0
5389473,5,0,0.0005296028460656253,0.0018334673212791117,0
5389570,5,0,0.00042111893032135934,0.0018334673212791117,0
5389701,5,0,0.0002993000951974672,0.0018334673212791117,0
5389710,5,0,0.00020307369947136439,0.0018334673212791117,0
5389726,5,0,0.03785467444463936,0.0018334673212791117,1
5389744,5,0,0.0007594604495636403,0.0018334673212791117,0
5389747,5,0,0.00011877515723910796,0.0018334673212791117,0
5389802,5,0,0.0001900459067835186,0.0018334673212791117,0
5389828,5,0,0.0009175638232388082,0.0018334673212791117,0
5389841,5,0,0.0021986082773564784,0.0018334673212791117,1
5389868,5,0,0.0009525467954989603,0.0018334673212791117,0
5389899,5,0,0.0025746857470307387,0.0018334673212791117,1
5389903,5,0,0.0010251810036402537,0.0018334673212791117,0
5389948,5,0,0.000835714177634754,0.0018334673212791117,0
5389988,5,0,0.00034078354672513564,0.0018334673212791117,0
5389989,5,0,0.0005126648894563799,0.0018334673212791117,0
5390044,5,0,0.00476567950705467,0.0018334673212791117,1
5390045,5,0,0.0007994660411732373,0.0018334673212791117,0
5390070,5,0,0.00026333977072722425,0.0018334673212791117,0
5390078,5,0,0.00033145154141655983,0.0018334673212791117,0
5390086,5,0,0.00018381790198050452,0.0018334673212791117,0
5391770,5,0,0.0006328947168417305,0.0018334673212791117,0
5405417,5,0,0.009203823337197015,0.0018334673212791117,1
5405681,5,0,0.00016823281339758254,0.0018334673212791117,0
5406370,5,0,0.0001566456866240155,0.0018334673212791117,0
5636299,5,0,0.0017172022547601166,0.0018334673212791117,0
5643743,5,0,0.00280919045310943,0.0018334673212791117,1
5677299,5,0,0.0005292184150998222,0.0018334673212791117,0
5697333,5,0,0.0044339533449890695,0.0018334673212791117,1
5707702,5,0,0.0008533320268487025,0.0018334673212791117,0
5710052,5,0,0.0007267157248060217,0.0018334673212791117,0
5711539,5,0,0.0011114646451087775,0.0018334673212791117,0
5711619,5,0,0.0006909533591560346,0.0018334673212791117,0
5722276,5,0,8.727995396039707e-05,0.0018334673212791117,0
5738747,5,0,0.00016663068853693826,0.0018334673212791117,0
5742480,5,0,0.00843099054285445,0.0018334673212791117,1
5742521,5,0,0.002673052477360809,0.0018334673212791117,1
5770818,5,0,0.0005719216416629001,0.0018334673212791117,0
5771301,5,0,0.013273491999006381,0.0018334673212791117,1
5771352,5,0,0.0007180216033997091,0.0018334673212791117,0
5771362,5,0,0.0011113542283716826,0.0018334673212791117,0
5771406,5,0,0.00635331526235274,0.0018334673212791117,1
5771447,5,0,0.0005504483134846454,0.0018334673212791117,0
5771468,5,0,0.0018578990396490708,0.0018334673212791117,1
5771737,5,0,0.0006255991618774743,0.0018334673212791117,0
5806166,5,0,0.003253484639505725,0.0018334673212791117,1
6138846,5,0,0.00041867033948204583,0.0018334673212791117,0
6324575,5,0,0.0011104569808451775,0.0018334673212791117,0
6324582,5,0,0.0010289887381451288,0.0018334673212791117,0
6398903,5,0,0.0009525066297293366,0.0018334673212791117,0
6399197,5,0,0.001280220781796878,0.0018334673212791117,0
6400906,5,0,0.0006977153010281588,0.0018334673212791117,0
6400962,5,0,0.001097334998538554,0.0018334673212791117,0
6411257,5,0,0.00020840795374638327,0.0018334673212791117,0
6602555,5,0,0.001283060464359913,0.0018334673212791117,0
6602574,5,0,0.0001659834205390684,0.0018334673212791117,0
6602581,5,0,0.00028869251401479677,0.0018334673212791117,0
6602592,5,0,0.00016284938894362238,0.0018334673212791117,0
6602609,5,0,0.00045360779475133426,0.0018334673212791117,0
6602680,5,0,0.00014328222757312804,0.0018334673212791117,0
6602730,5,0,0.0009172073177283769,0.0018334673212791117,0
6602747,5,0,0.0037166635353674464,0.0018334673212791117,1
6602835,5,0,0.0012224278099309143,0.0018334673212791117,0
6602886,5,0,0.0005447598529938903,0.0018334673212791117,0
6602926,5,0,0.000909671714940693,0.0018334673212791117,0
6602949,5,0,0.002574854379437287,0.0018334673212791117,1
6602961,5,0,0.001445180886498176,0.0018334673212791117,0
6602992,5,0,0.002381865771930674,0.0018334673212791117,1
6603032,5,0,0.0003482069815444583,0.0018334673212791117,0
6603039,5,0,0.001592310358584109,0.0018334673212791117,0
6603068,5,0,0.0001469219096328889,0.0018334673212791117,0
6603072,5,0,0.00010079669900445317,0.0018334673212791117,0
6603077,5,0,0.000416371002700481,0.0018334673212791117,0
6603092,5,0,0.00039290797191229686,0.0018334673212791117,0
6603133,5,0,0.00020142214430393332,0.0018334673212791117,0
6603149,5,0,0.0016261607081071764,0.0018334673212791117,0
6603188,5,0,0.00041256711494286357,0.0018334673212791117,0
6603189,5,0,9.677104623828093e-05,0.0018334673212791117,0
6603256,5,0,0.0005230165327877874,0.0018334673212791117,0
6603258,5,0,0.0008567867684124626,0.0018334673212791117,0
6603261,5,0,0.00020117560517866862,0.0018334673212791117,0
6603317,5,0,0.00013954290373493293,0.0018334673212791117,0
6603333,5,0,0.0007789622484674667,0.0018334673212791117,0
6603357,5,0,0.00019613873277088647,0.0018334673212791117,0
6603456,5,0,0.00034546849178703897,0.0018334673212791117,0
6603462,5,0,0.00025466779907759314,0.0018334673212791117,0
6603570,5,0,0.0005467582644786844,0.0018334673212791117,0
6603582,5,0,0.00022971214074259648,0.0018334673212791117,0
